ISO-10303-21;
HEADER;
/* Generated by software containing ST-Developer
 * from STEP Tools, Inc. (www.steptools.com) 
 */
/* OPTION: using custom renumber hook */

FILE_DESCRIPTION(
/* description */ ('STEP AP242 Edition 2',
'CAx-IF Rec.Pracs.---Representation and Presentation of Product Manufa
cturing Information (PMI)---4.0---2014-10-13',
'CAx-IF Rec.Pracs.---3D Tessellated Geometry---0.4---2014-09-14','2;1',
'CAx-IF Rec.Pracs.---User Defined Attributes---1.5---2016-08-15'),
/* implementation_level */ '2;1');

FILE_NAME(
/* name */ 'frame - Base-Bot',
/* time_stamp */ '2026-07-05T17:28:24Z',
/* author */ (''),
/* organization */ (''),
/* preprocessor_version */ 'ST-DEVELOPER v20',
/* originating_system */ 'ONSHAPE BY PTC INC, 1.217',
/* authorisation */ '  ');

FILE_SCHEMA (('AP242_MANAGED_MODEL_BASED_3D_ENGINEERING_MIM_LF { 1 0 10303 442 3 1 4 }'));
ENDSEC;

DATA;
#10=SHAPE_REPRESENTATION_RELATIONSHIP('','',#4299,#11);
#11=ADVANCED_BREP_SHAPE_REPRESENTATION('',(#4297),#7297);
#12=CONICAL_SURFACE('',#4583,0.0145,0.785398163397448);
#13=CONICAL_SURFACE('',#4589,0.0005,0.785398163397448);
#14=CONICAL_SURFACE('',#4590,0.00155,0.785398163397448);
#15=CONICAL_SURFACE('',#4593,0.0005,0.785398163397449);
#16=CONICAL_SURFACE('',#4594,0.00155,0.785398163397448);
#17=CONICAL_SURFACE('',#4597,0.00155,0.785398163397448);
#18=CONICAL_SURFACE('',#4598,0.0005,0.785398163397448);
#19=CONICAL_SURFACE('',#4601,0.0095,0.785398163397447);
#20=CONICAL_SURFACE('',#4602,0.00155,0.785398163397448);
#21=CONICAL_SURFACE('',#4603,0.015,0.785398163397449);
#22=CONICAL_SURFACE('',#4604,0.0047,0.785398163397449);
#23=CONICAL_SURFACE('',#4605,0.0095,0.785398163397447);
#24=CONICAL_SURFACE('',#4606,0.00155,0.785398163397448);
#25=CONICAL_SURFACE('',#4609,0.00155,0.785398163397449);
#26=CONICAL_SURFACE('',#4610,0.0005,0.78539816339745);
#27=CONICAL_SURFACE('',#4613,0.0005,0.785398163397448);
#28=CONICAL_SURFACE('',#4614,0.0005,0.785398163397448);
#29=CONICAL_SURFACE('',#4617,0.0005,0.785398163397448);
#30=CONICAL_SURFACE('',#4618,0.0005,0.785398163397449);
#31=CONICAL_SURFACE('',#4621,0.00155,0.785398163397448);
#32=CONICAL_SURFACE('',#4622,0.00155,0.78539816339745);
#33=CONICAL_SURFACE('',#4625,0.00155,0.785398163397448);
#34=CONICAL_SURFACE('',#4626,0.00155,0.78539816339745);
#35=CONICAL_SURFACE('',#4629,0.0005,0.785398163397448);
#36=CONICAL_SURFACE('',#4630,0.0005,0.785398163397448);
#37=CONICAL_SURFACE('',#4633,0.00155,0.785398163397448);
#38=CONICAL_SURFACE('',#4634,0.0005,0.785398163397449);
#39=CONICAL_SURFACE('',#4635,0.0052,0.785398163397447);
#40=CONICAL_SURFACE('',#4637,0.00155,0.785398163397448);
#41=CONICAL_SURFACE('',#4638,0.0005,0.785398163397448);
#42=CONICAL_SURFACE('',#4641,0.00155,0.785398163397448);
#43=CONICAL_SURFACE('',#4643,0.0005,0.785398163397449);
#44=CONICAL_SURFACE('',#4645,0.0005,0.785398163397448);
#45=CONICAL_SURFACE('',#4647,0.00155,0.785398163397448);
#46=CONICAL_SURFACE('',#4649,0.00155,0.785398163397448);
#47=CONICAL_SURFACE('',#4651,0.0005,0.785398163397448);
#48=CONICAL_SURFACE('',#4653,0.00155,0.785398163397448);
#49=CONICAL_SURFACE('',#4654,0.0047,0.785398163397449);
#50=CONICAL_SURFACE('',#4655,0.00155,0.785398163397448);
#51=CONICAL_SURFACE('',#4658,0.00155,0.78539816339745);
#52=CONICAL_SURFACE('',#4659,0.0005,0.78539816339745);
#53=CONICAL_SURFACE('',#4662,0.0005,0.785398163397449);
#54=CONICAL_SURFACE('',#4663,0.0005,0.785398163397448);
#55=CONICAL_SURFACE('',#4666,0.0005,0.785398163397448);
#56=CONICAL_SURFACE('',#4667,0.0005,0.785398163397449);
#57=CONICAL_SURFACE('',#4670,0.00155,0.78539816339745);
#58=CONICAL_SURFACE('',#4671,0.00155,0.78539816339745);
#59=CONICAL_SURFACE('',#4674,0.00155,0.78539816339745);
#60=CONICAL_SURFACE('',#4675,0.00155,0.78539816339745);
#61=CONICAL_SURFACE('',#4678,0.0005,0.785398163397449);
#62=CONICAL_SURFACE('',#4679,0.0005,0.785398163397448);
#63=CONICAL_SURFACE('',#4682,0.00155,0.785398163397451);
#64=CONICAL_SURFACE('',#4683,0.0005,0.785398163397449);
#65=CONICAL_SURFACE('',#4684,0.0052,0.78539816339745);
#66=CONICAL_SURFACE('',#4686,0.00155,0.78539816339745);
#67=CONICAL_SURFACE('',#4687,0.0005,0.785398163397448);
#68=CONICAL_SURFACE('',#4690,0.00155,0.785398163397448);
#69=CONICAL_SURFACE('',#4691,0.00155,0.785398163397449);
#70=CONICAL_SURFACE('',#4694,0.00155,0.785398163397449);
#71=CONICAL_SURFACE('',#4695,0.00155,0.78539816339745);
#72=CONICAL_SURFACE('',#4698,0.00155,0.785398163397449);
#73=CONICAL_SURFACE('',#4699,0.00155,0.785398163397449);
#74=CONICAL_SURFACE('',#4702,0.00155,0.785398163397449);
#75=CONICAL_SURFACE('',#4703,0.00155,0.785398163397451);
#76=CONICAL_SURFACE('',#4706,0.00155,0.785398163397446);
#77=CONICAL_SURFACE('',#4707,0.00155,0.785398163397446);
#78=CONICAL_SURFACE('',#4710,0.00155,0.785398163397446);
#79=CONICAL_SURFACE('',#4711,0.00155,0.785398163397444);
#80=CONICAL_SURFACE('',#4714,0.00155,0.785398163397447);
#81=CONICAL_SURFACE('',#4715,0.00155,0.785398163397446);
#82=CONICAL_SURFACE('',#4718,0.00155,0.785398163397447);
#83=CONICAL_SURFACE('',#4719,0.00155,0.785398163397444);
#84=CONICAL_SURFACE('',#4722,0.0024,0.785398163397449);
#85=CONICAL_SURFACE('',#4723,0.0024,0.785398163397449);
#86=CONICAL_SURFACE('',#4726,0.0019,0.785398163397449);
#87=CONICAL_SURFACE('',#4727,0.0019,0.785398163397446);
#88=CONICAL_SURFACE('',#4729,0.0019,0.785398163397448);
#89=CONICAL_SURFACE('',#4732,0.0019,0.785398163397448);
#90=CONICAL_SURFACE('',#4734,0.0024,0.785398163397449);
#91=CONICAL_SURFACE('',#4735,0.0024,0.785398163397448);
#92=CONICAL_SURFACE('',#4738,0.0024,0.785398163397449);
#93=CONICAL_SURFACE('',#4739,0.0024,0.785398163397449);
#94=CONICAL_SURFACE('',#4742,0.0019,0.785398163397446);
#95=CONICAL_SURFACE('',#4743,0.0019,0.785398163397449);
#96=CONICAL_SURFACE('',#4745,0.0019,0.785398163397448);
#97=CONICAL_SURFACE('',#4748,0.0019,0.785398163397448);
#98=CONICAL_SURFACE('',#4750,0.0024,0.785398163397449);
#99=CONICAL_SURFACE('',#4751,0.0024,0.785398163397449);
#100=CYLINDRICAL_SURFACE('',#4429,0.0145);
#101=CYLINDRICAL_SURFACE('',#4439,0.0013);
#102=CYLINDRICAL_SURFACE('',#4440,0.0013);
#103=CYLINDRICAL_SURFACE('',#4441,0.0013);
#104=CYLINDRICAL_SURFACE('',#4442,0.0013);
#105=CYLINDRICAL_SURFACE('',#4443,0.0013);
#106=CYLINDRICAL_SURFACE('',#4444,0.0013);
#107=CYLINDRICAL_SURFACE('',#4445,0.0013);
#108=CYLINDRICAL_SURFACE('',#4448,0.0013);
#109=CYLINDRICAL_SURFACE('',#4449,0.0019);
#110=CYLINDRICAL_SURFACE('',#4453,0.0019);
#111=CYLINDRICAL_SURFACE('',#4457,0.0019);
#112=CYLINDRICAL_SURFACE('',#4462,0.0019);
#113=CYLINDRICAL_SURFACE('',#4465,0.0019);
#114=CYLINDRICAL_SURFACE('',#4469,0.0019);
#115=CYLINDRICAL_SURFACE('',#4474,0.0019);
#116=CYLINDRICAL_SURFACE('',#4477,0.0019);
#117=CYLINDRICAL_SURFACE('',#4481,0.0052);
#118=CYLINDRICAL_SURFACE('',#4484,0.0052);
#119=CYLINDRICAL_SURFACE('',#4487,0.00105);
#120=CYLINDRICAL_SURFACE('',#4490,0.00105);
#121=CYLINDRICAL_SURFACE('',#4493,0.00105);
#122=CYLINDRICAL_SURFACE('',#4496,0.00105);
#123=CYLINDRICAL_SURFACE('',#4499,0.00105);
#124=CYLINDRICAL_SURFACE('',#4502,0.00105);
#125=CYLINDRICAL_SURFACE('',#4505,0.00105);
#126=CYLINDRICAL_SURFACE('',#4508,0.00105);
#127=CYLINDRICAL_SURFACE('',#4511,0.00105);
#128=CYLINDRICAL_SURFACE('',#4514,0.00105);
#129=CYLINDRICAL_SURFACE('',#4517,0.00105);
#130=CYLINDRICAL_SURFACE('',#4520,0.00105);
#131=CYLINDRICAL_SURFACE('',#4523,0.00105);
#132=CYLINDRICAL_SURFACE('',#4526,0.00105);
#133=CYLINDRICAL_SURFACE('',#4529,0.00105);
#134=CYLINDRICAL_SURFACE('',#4532,0.00105);
#135=CYLINDRICAL_SURFACE('',#4535,0.00105);
#136=CYLINDRICAL_SURFACE('',#4538,0.00105);
#137=CYLINDRICAL_SURFACE('',#4541,0.00105);
#138=CYLINDRICAL_SURFACE('',#4544,0.00105);
#139=CYLINDRICAL_SURFACE('',#4547,0.001);
#140=CYLINDRICAL_SURFACE('',#4550,0.001);
#141=CYLINDRICAL_SURFACE('',#4553,0.001);
#142=CYLINDRICAL_SURFACE('',#4556,0.001);
#143=CYLINDRICAL_SURFACE('',#4559,0.001);
#144=CYLINDRICAL_SURFACE('',#4562,0.001);
#145=CYLINDRICAL_SURFACE('',#4565,0.001);
#146=CYLINDRICAL_SURFACE('',#4568,0.001);
#147=CYLINDRICAL_SURFACE('',#4571,0.001);
#148=CYLINDRICAL_SURFACE('',#4574,0.001);
#149=CYLINDRICAL_SURFACE('',#4577,0.001);
#150=CYLINDRICAL_SURFACE('',#4580,0.001);
#151=CYLINDRICAL_SURFACE('',#4584,0.01);
#152=CYLINDRICAL_SURFACE('',#4586,0.01);
#153=B_SPLINE_CURVE_WITH_KNOTS('',3,(#6627,#6628,#6629,#6630),
 .UNSPECIFIED.,.F.,.F.,(4,4),(0.00176805540363365,0.00319358452100297),
 .UNSPECIFIED.);
#154=B_SPLINE_CURVE_WITH_KNOTS('',3,(#6648,#6649,#6650,#6651),
 .UNSPECIFIED.,.F.,.F.,(4,4),(0.00105011805938053,0.00247564717676243),
 .UNSPECIFIED.);
#155=B_SPLINE_CURVE_WITH_KNOTS('',3,(#6947,#6948,#6949,#6950),
 .UNSPECIFIED.,.F.,.F.,(4,4),(3.48565518553098E-15,0.000720622411668248),
 .UNSPECIFIED.);
#156=B_SPLINE_CURVE_WITH_KNOTS('',3,(#6951,#6952,#6953,#6954),
 .UNSPECIFIED.,.F.,.F.,(4,4),(0.,0.000720622411670932),.UNSPECIFIED.);
#157=B_SPLINE_CURVE_WITH_KNOTS('',3,(#6955,#6956,#6957,#6958),
 .UNSPECIFIED.,.F.,.F.,(4,4),(1.90671679287281E-17,0.00294908518127565),
 .UNSPECIFIED.);
#158=B_SPLINE_CURVE_WITH_KNOTS('',3,(#6959,#6960,#6961,#6962),
 .UNSPECIFIED.,.F.,.F.,(4,4),(0.,0.00294422375319464),.UNSPECIFIED.);
#159=CIRCLE('',#4303,0.00155);
#160=CIRCLE('',#4304,0.00155);
#161=CIRCLE('',#4305,0.00155);
#162=CIRCLE('',#4306,0.00155);
#163=CIRCLE('',#4307,0.00155);
#164=CIRCLE('',#4308,0.00155);
#165=CIRCLE('',#4309,0.00155);
#166=CIRCLE('',#4310,0.00155);
#167=CIRCLE('',#4311,0.0005);
#168=CIRCLE('',#4312,0.00155);
#169=CIRCLE('',#4313,0.0047);
#170=CIRCLE('',#4314,0.00155);
#171=CIRCLE('',#4315,0.0005);
#172=CIRCLE('',#4316,0.00155);
#173=CIRCLE('',#4317,0.00155);
#174=CIRCLE('',#4318,0.0005);
#175=CIRCLE('',#4319,0.0005);
#176=CIRCLE('',#4320,0.00155);
#177=CIRCLE('',#4321,0.0095);
#178=CIRCLE('',#4322,0.015);
#179=CIRCLE('',#4323,0.0095);
#180=CIRCLE('',#4324,0.00155);
#181=CIRCLE('',#4325,0.0005);
#182=CIRCLE('',#4326,0.0005);
#183=CIRCLE('',#4327,0.00155);
#184=CIRCLE('',#4328,0.00155);
#185=CIRCLE('',#4329,0.0005);
#186=CIRCLE('',#4330,0.00155);
#187=CIRCLE('',#4331,0.0047);
#188=CIRCLE('',#4332,0.00155);
#189=CIRCLE('',#4333,0.0005);
#190=CIRCLE('',#4334,0.0005);
#191=CIRCLE('',#4335,0.0005);
#192=CIRCLE('',#4336,0.00155);
#193=CIRCLE('',#4337,0.00155);
#194=CIRCLE('',#4338,0.0005);
#195=CIRCLE('',#4339,0.0005);
#196=CIRCLE('',#4340,0.0024);
#197=CIRCLE('',#4341,0.0024);
#198=CIRCLE('',#4342,0.0024);
#199=CIRCLE('',#4343,0.0024);
#200=CIRCLE('',#4344,0.0024);
#201=CIRCLE('',#4345,0.0024);
#202=CIRCLE('',#4346,0.0024);
#203=CIRCLE('',#4347,0.0024);
#204=CIRCLE('',#4348,0.0013);
#205=CIRCLE('',#4349,0.0013);
#206=CIRCLE('',#4350,0.0013);
#207=CIRCLE('',#4351,0.0013);
#208=CIRCLE('',#4352,0.0013);
#209=CIRCLE('',#4353,0.0013);
#210=CIRCLE('',#4354,0.0013);
#211=CIRCLE('',#4355,0.0013);
#212=CIRCLE('',#4357,0.00155);
#213=CIRCLE('',#4358,0.00155);
#214=CIRCLE('',#4359,0.00155);
#215=CIRCLE('',#4360,0.00155);
#216=CIRCLE('',#4361,0.00155);
#217=CIRCLE('',#4362,0.00155);
#218=CIRCLE('',#4363,0.00155);
#219=CIRCLE('',#4364,0.00155);
#220=CIRCLE('',#4365,0.0163);
#221=CIRCLE('',#4366,0.00155);
#222=CIRCLE('',#4367,0.0005);
#223=CIRCLE('',#4368,0.0005);
#224=CIRCLE('',#4369,0.00155);
#225=CIRCLE('',#4370,0.00155);
#226=CIRCLE('',#4371,0.0005);
#227=CIRCLE('',#4372,0.00155);
#228=CIRCLE('',#4373,0.0047);
#229=CIRCLE('',#4374,0.00155);
#230=CIRCLE('',#4375,0.0005);
#231=CIRCLE('',#4376,0.0005);
#232=CIRCLE('',#4377,0.0005);
#233=CIRCLE('',#4378,0.00155);
#234=CIRCLE('',#4379,0.00155);
#235=CIRCLE('',#4380,0.0005);
#236=CIRCLE('',#4381,0.0005);
#237=CIRCLE('',#4382,0.0005);
#238=CIRCLE('',#4383,0.00155);
#239=CIRCLE('',#4384,0.0047);
#240=CIRCLE('',#4385,0.00155);
#241=CIRCLE('',#4386,0.0005);
#242=CIRCLE('',#4387,0.00155);
#243=CIRCLE('',#4388,0.00155);
#244=CIRCLE('',#4389,0.0005);
#245=CIRCLE('',#4390,0.0005);
#246=CIRCLE('',#4391,0.00155);
#247=CIRCLE('',#4392,0.0024);
#248=CIRCLE('',#4393,0.0024);
#249=CIRCLE('',#4394,0.0024);
#250=CIRCLE('',#4395,0.0024);
#251=CIRCLE('',#4396,0.0024);
#252=CIRCLE('',#4397,0.0024);
#253=CIRCLE('',#4398,0.0024);
#254=CIRCLE('',#4399,0.0024);
#255=CIRCLE('',#4400,0.0013);
#256=CIRCLE('',#4401,0.0013);
#257=CIRCLE('',#4402,0.0013);
#258=CIRCLE('',#4403,0.0013);
#259=CIRCLE('',#4404,0.0013);
#260=CIRCLE('',#4405,0.0013);
#261=CIRCLE('',#4406,0.0013);
#262=CIRCLE('',#4407,0.0013);
#263=CIRCLE('',#4430,0.0145);
#264=CIRCLE('',#4431,0.0145);
#265=CIRCLE('',#4450,0.0019);
#266=CIRCLE('',#4451,0.0019);
#267=CIRCLE('',#4454,0.0019);
#268=CIRCLE('',#4455,0.0019);
#269=CIRCLE('',#4458,0.0019);
#270=CIRCLE('',#4459,0.0019);
#271=CIRCLE('',#4463,0.0019);
#272=CIRCLE('',#4464,0.0019);
#273=CIRCLE('',#4466,0.0019);
#274=CIRCLE('',#4467,0.0019);
#275=CIRCLE('',#4470,0.0019);
#276=CIRCLE('',#4471,0.0019);
#277=CIRCLE('',#4475,0.0019);
#278=CIRCLE('',#4476,0.0019);
#279=CIRCLE('',#4478,0.0019);
#280=CIRCLE('',#4479,0.0019);
#281=CIRCLE('',#4482,0.0052);
#282=CIRCLE('',#4483,0.0052);
#283=CIRCLE('',#4485,0.0052);
#284=CIRCLE('',#4486,0.0052);
#285=CIRCLE('',#4488,0.00105);
#286=CIRCLE('',#4489,0.00105);
#287=CIRCLE('',#4491,0.00105);
#288=CIRCLE('',#4492,0.00105);
#289=CIRCLE('',#4494,0.00105);
#290=CIRCLE('',#4495,0.00105);
#291=CIRCLE('',#4497,0.00105);
#292=CIRCLE('',#4498,0.00105);
#293=CIRCLE('',#4500,0.00105);
#294=CIRCLE('',#4501,0.00105);
#295=CIRCLE('',#4503,0.00105);
#296=CIRCLE('',#4504,0.00105);
#297=CIRCLE('',#4506,0.00105);
#298=CIRCLE('',#4507,0.00105);
#299=CIRCLE('',#4509,0.00105);
#300=CIRCLE('',#4510,0.00105);
#301=CIRCLE('',#4512,0.00105);
#302=CIRCLE('',#4513,0.00105);
#303=CIRCLE('',#4515,0.00105);
#304=CIRCLE('',#4516,0.00105);
#305=CIRCLE('',#4518,0.00105);
#306=CIRCLE('',#4519,0.00105);
#307=CIRCLE('',#4521,0.00105);
#308=CIRCLE('',#4522,0.00105);
#309=CIRCLE('',#4524,0.00105);
#310=CIRCLE('',#4525,0.00105);
#311=CIRCLE('',#4527,0.00105);
#312=CIRCLE('',#4528,0.00105);
#313=CIRCLE('',#4530,0.00105);
#314=CIRCLE('',#4531,0.00105);
#315=CIRCLE('',#4533,0.00105);
#316=CIRCLE('',#4534,0.00105);
#317=CIRCLE('',#4536,0.00105);
#318=CIRCLE('',#4537,0.00105);
#319=CIRCLE('',#4539,0.00105);
#320=CIRCLE('',#4540,0.00105);
#321=CIRCLE('',#4542,0.00105);
#322=CIRCLE('',#4543,0.00105);
#323=CIRCLE('',#4545,0.00105);
#324=CIRCLE('',#4546,0.00105);
#325=CIRCLE('',#4548,0.001);
#326=CIRCLE('',#4549,0.001);
#327=CIRCLE('',#4551,0.001);
#328=CIRCLE('',#4552,0.001);
#329=CIRCLE('',#4554,0.001);
#330=CIRCLE('',#4555,0.001);
#331=CIRCLE('',#4557,0.001);
#332=CIRCLE('',#4558,0.001);
#333=CIRCLE('',#4560,0.001);
#334=CIRCLE('',#4561,0.001);
#335=CIRCLE('',#4563,0.001);
#336=CIRCLE('',#4564,0.001);
#337=CIRCLE('',#4566,0.001);
#338=CIRCLE('',#4567,0.001);
#339=CIRCLE('',#4569,0.001);
#340=CIRCLE('',#4570,0.001);
#341=CIRCLE('',#4572,0.001);
#342=CIRCLE('',#4573,0.001);
#343=CIRCLE('',#4575,0.001);
#344=CIRCLE('',#4576,0.001);
#345=CIRCLE('',#4578,0.001);
#346=CIRCLE('',#4579,0.001);
#347=CIRCLE('',#4581,0.001);
#348=CIRCLE('',#4582,0.001);
#349=CIRCLE('',#4585,0.01);
#350=CIRCLE('',#4587,0.01);
#351=ORIENTED_EDGE('',*,*,#1555,.T.);
#352=ORIENTED_EDGE('',*,*,#1556,.T.);
#353=ORIENTED_EDGE('',*,*,#1557,.T.);
#354=ORIENTED_EDGE('',*,*,#1558,.T.);
#355=ORIENTED_EDGE('',*,*,#1559,.T.);
#356=ORIENTED_EDGE('',*,*,#1560,.T.);
#357=ORIENTED_EDGE('',*,*,#1561,.T.);
#358=ORIENTED_EDGE('',*,*,#1562,.T.);
#359=ORIENTED_EDGE('',*,*,#1563,.T.);
#360=ORIENTED_EDGE('',*,*,#1564,.T.);
#361=ORIENTED_EDGE('',*,*,#1565,.T.);
#362=ORIENTED_EDGE('',*,*,#1566,.T.);
#363=ORIENTED_EDGE('',*,*,#1567,.T.);
#364=ORIENTED_EDGE('',*,*,#1568,.T.);
#365=ORIENTED_EDGE('',*,*,#1569,.T.);
#366=ORIENTED_EDGE('',*,*,#1570,.T.);
#367=ORIENTED_EDGE('',*,*,#1571,.T.);
#368=ORIENTED_EDGE('',*,*,#1572,.T.);
#369=ORIENTED_EDGE('',*,*,#1573,.T.);
#370=ORIENTED_EDGE('',*,*,#1574,.T.);
#371=ORIENTED_EDGE('',*,*,#1575,.T.);
#372=ORIENTED_EDGE('',*,*,#1576,.T.);
#373=ORIENTED_EDGE('',*,*,#1577,.T.);
#374=ORIENTED_EDGE('',*,*,#1578,.T.);
#375=ORIENTED_EDGE('',*,*,#1579,.T.);
#376=ORIENTED_EDGE('',*,*,#1580,.T.);
#377=ORIENTED_EDGE('',*,*,#1581,.T.);
#378=ORIENTED_EDGE('',*,*,#1582,.T.);
#379=ORIENTED_EDGE('',*,*,#1583,.T.);
#380=ORIENTED_EDGE('',*,*,#1584,.T.);
#381=ORIENTED_EDGE('',*,*,#1585,.T.);
#382=ORIENTED_EDGE('',*,*,#1586,.T.);
#383=ORIENTED_EDGE('',*,*,#1587,.T.);
#384=ORIENTED_EDGE('',*,*,#1588,.T.);
#385=ORIENTED_EDGE('',*,*,#1589,.T.);
#386=ORIENTED_EDGE('',*,*,#1590,.T.);
#387=ORIENTED_EDGE('',*,*,#1591,.T.);
#388=ORIENTED_EDGE('',*,*,#1592,.T.);
#389=ORIENTED_EDGE('',*,*,#1593,.T.);
#390=ORIENTED_EDGE('',*,*,#1594,.T.);
#391=ORIENTED_EDGE('',*,*,#1595,.T.);
#392=ORIENTED_EDGE('',*,*,#1596,.T.);
#393=ORIENTED_EDGE('',*,*,#1597,.T.);
#394=ORIENTED_EDGE('',*,*,#1598,.T.);
#395=ORIENTED_EDGE('',*,*,#1599,.T.);
#396=ORIENTED_EDGE('',*,*,#1600,.T.);
#397=ORIENTED_EDGE('',*,*,#1601,.T.);
#398=ORIENTED_EDGE('',*,*,#1602,.T.);
#399=ORIENTED_EDGE('',*,*,#1603,.T.);
#400=ORIENTED_EDGE('',*,*,#1604,.T.);
#401=ORIENTED_EDGE('',*,*,#1605,.T.);
#402=ORIENTED_EDGE('',*,*,#1606,.T.);
#403=ORIENTED_EDGE('',*,*,#1607,.T.);
#404=ORIENTED_EDGE('',*,*,#1608,.T.);
#405=ORIENTED_EDGE('',*,*,#1609,.T.);
#406=ORIENTED_EDGE('',*,*,#1610,.T.);
#407=ORIENTED_EDGE('',*,*,#1611,.T.);
#408=ORIENTED_EDGE('',*,*,#1612,.T.);
#409=ORIENTED_EDGE('',*,*,#1613,.T.);
#410=ORIENTED_EDGE('',*,*,#1614,.T.);
#411=ORIENTED_EDGE('',*,*,#1615,.T.);
#412=ORIENTED_EDGE('',*,*,#1616,.T.);
#413=ORIENTED_EDGE('',*,*,#1617,.T.);
#414=ORIENTED_EDGE('',*,*,#1618,.T.);
#415=ORIENTED_EDGE('',*,*,#1619,.T.);
#416=ORIENTED_EDGE('',*,*,#1620,.T.);
#417=ORIENTED_EDGE('',*,*,#1621,.T.);
#418=ORIENTED_EDGE('',*,*,#1622,.T.);
#419=ORIENTED_EDGE('',*,*,#1623,.T.);
#420=ORIENTED_EDGE('',*,*,#1624,.T.);
#421=ORIENTED_EDGE('',*,*,#1625,.T.);
#422=ORIENTED_EDGE('',*,*,#1626,.T.);
#423=ORIENTED_EDGE('',*,*,#1627,.T.);
#424=ORIENTED_EDGE('',*,*,#1628,.T.);
#425=ORIENTED_EDGE('',*,*,#1629,.T.);
#426=ORIENTED_EDGE('',*,*,#1630,.T.);
#427=ORIENTED_EDGE('',*,*,#1631,.T.);
#428=ORIENTED_EDGE('',*,*,#1632,.T.);
#429=ORIENTED_EDGE('',*,*,#1633,.T.);
#430=ORIENTED_EDGE('',*,*,#1634,.T.);
#431=ORIENTED_EDGE('',*,*,#1635,.T.);
#432=ORIENTED_EDGE('',*,*,#1636,.T.);
#433=ORIENTED_EDGE('',*,*,#1637,.T.);
#434=ORIENTED_EDGE('',*,*,#1638,.T.);
#435=ORIENTED_EDGE('',*,*,#1639,.T.);
#436=ORIENTED_EDGE('',*,*,#1640,.T.);
#437=ORIENTED_EDGE('',*,*,#1641,.T.);
#438=ORIENTED_EDGE('',*,*,#1642,.T.);
#439=ORIENTED_EDGE('',*,*,#1643,.T.);
#440=ORIENTED_EDGE('',*,*,#1644,.T.);
#441=ORIENTED_EDGE('',*,*,#1645,.T.);
#442=ORIENTED_EDGE('',*,*,#1646,.T.);
#443=ORIENTED_EDGE('',*,*,#1647,.T.);
#444=ORIENTED_EDGE('',*,*,#1648,.T.);
#445=ORIENTED_EDGE('',*,*,#1649,.T.);
#446=ORIENTED_EDGE('',*,*,#1650,.T.);
#447=ORIENTED_EDGE('',*,*,#1651,.T.);
#448=ORIENTED_EDGE('',*,*,#1652,.T.);
#449=ORIENTED_EDGE('',*,*,#1653,.T.);
#450=ORIENTED_EDGE('',*,*,#1654,.T.);
#451=ORIENTED_EDGE('',*,*,#1655,.T.);
#452=ORIENTED_EDGE('',*,*,#1656,.T.);
#453=ORIENTED_EDGE('',*,*,#1657,.T.);
#454=ORIENTED_EDGE('',*,*,#1658,.T.);
#455=ORIENTED_EDGE('',*,*,#1659,.T.);
#456=ORIENTED_EDGE('',*,*,#1660,.T.);
#457=ORIENTED_EDGE('',*,*,#1661,.T.);
#458=ORIENTED_EDGE('',*,*,#1662,.T.);
#459=ORIENTED_EDGE('',*,*,#1663,.T.);
#460=ORIENTED_EDGE('',*,*,#1664,.T.);
#461=ORIENTED_EDGE('',*,*,#1665,.T.);
#462=ORIENTED_EDGE('',*,*,#1666,.T.);
#463=ORIENTED_EDGE('',*,*,#1667,.T.);
#464=ORIENTED_EDGE('',*,*,#1668,.T.);
#465=ORIENTED_EDGE('',*,*,#1669,.T.);
#466=ORIENTED_EDGE('',*,*,#1670,.T.);
#467=ORIENTED_EDGE('',*,*,#1671,.T.);
#468=ORIENTED_EDGE('',*,*,#1672,.T.);
#469=ORIENTED_EDGE('',*,*,#1673,.T.);
#470=ORIENTED_EDGE('',*,*,#1674,.T.);
#471=ORIENTED_EDGE('',*,*,#1675,.T.);
#472=ORIENTED_EDGE('',*,*,#1676,.T.);
#473=ORIENTED_EDGE('',*,*,#1677,.T.);
#474=ORIENTED_EDGE('',*,*,#1678,.T.);
#475=ORIENTED_EDGE('',*,*,#1679,.T.);
#476=ORIENTED_EDGE('',*,*,#1680,.T.);
#477=ORIENTED_EDGE('',*,*,#1681,.T.);
#478=ORIENTED_EDGE('',*,*,#1682,.T.);
#479=ORIENTED_EDGE('',*,*,#1683,.T.);
#480=ORIENTED_EDGE('',*,*,#1684,.T.);
#481=ORIENTED_EDGE('',*,*,#1685,.T.);
#482=ORIENTED_EDGE('',*,*,#1686,.T.);
#483=ORIENTED_EDGE('',*,*,#1687,.T.);
#484=ORIENTED_EDGE('',*,*,#1688,.T.);
#485=ORIENTED_EDGE('',*,*,#1689,.T.);
#486=ORIENTED_EDGE('',*,*,#1690,.T.);
#487=ORIENTED_EDGE('',*,*,#1691,.T.);
#488=ORIENTED_EDGE('',*,*,#1692,.T.);
#489=ORIENTED_EDGE('',*,*,#1693,.T.);
#490=ORIENTED_EDGE('',*,*,#1694,.T.);
#491=ORIENTED_EDGE('',*,*,#1695,.T.);
#492=ORIENTED_EDGE('',*,*,#1696,.T.);
#493=ORIENTED_EDGE('',*,*,#1697,.T.);
#494=ORIENTED_EDGE('',*,*,#1698,.T.);
#495=ORIENTED_EDGE('',*,*,#1699,.T.);
#496=ORIENTED_EDGE('',*,*,#1700,.T.);
#497=ORIENTED_EDGE('',*,*,#1701,.T.);
#498=ORIENTED_EDGE('',*,*,#1702,.T.);
#499=ORIENTED_EDGE('',*,*,#1703,.T.);
#500=ORIENTED_EDGE('',*,*,#1704,.T.);
#501=ORIENTED_EDGE('',*,*,#1705,.T.);
#502=ORIENTED_EDGE('',*,*,#1706,.T.);
#503=ORIENTED_EDGE('',*,*,#1707,.T.);
#504=ORIENTED_EDGE('',*,*,#1708,.T.);
#505=ORIENTED_EDGE('',*,*,#1709,.T.);
#506=ORIENTED_EDGE('',*,*,#1710,.T.);
#507=ORIENTED_EDGE('',*,*,#1711,.T.);
#508=ORIENTED_EDGE('',*,*,#1712,.T.);
#509=ORIENTED_EDGE('',*,*,#1713,.T.);
#510=ORIENTED_EDGE('',*,*,#1714,.T.);
#511=ORIENTED_EDGE('',*,*,#1715,.T.);
#512=ORIENTED_EDGE('',*,*,#1716,.T.);
#513=ORIENTED_EDGE('',*,*,#1717,.T.);
#514=ORIENTED_EDGE('',*,*,#1718,.T.);
#515=ORIENTED_EDGE('',*,*,#1719,.T.);
#516=ORIENTED_EDGE('',*,*,#1720,.T.);
#517=ORIENTED_EDGE('',*,*,#1721,.T.);
#518=ORIENTED_EDGE('',*,*,#1722,.T.);
#519=ORIENTED_EDGE('',*,*,#1723,.T.);
#520=ORIENTED_EDGE('',*,*,#1724,.T.);
#521=ORIENTED_EDGE('',*,*,#1725,.T.);
#522=ORIENTED_EDGE('',*,*,#1726,.T.);
#523=ORIENTED_EDGE('',*,*,#1727,.T.);
#524=ORIENTED_EDGE('',*,*,#1728,.T.);
#525=ORIENTED_EDGE('',*,*,#1729,.T.);
#526=ORIENTED_EDGE('',*,*,#1730,.T.);
#527=ORIENTED_EDGE('',*,*,#1731,.T.);
#528=ORIENTED_EDGE('',*,*,#1732,.T.);
#529=ORIENTED_EDGE('',*,*,#1733,.F.);
#530=ORIENTED_EDGE('',*,*,#1734,.F.);
#531=ORIENTED_EDGE('',*,*,#1735,.F.);
#532=ORIENTED_EDGE('',*,*,#1736,.F.);
#533=ORIENTED_EDGE('',*,*,#1737,.F.);
#534=ORIENTED_EDGE('',*,*,#1738,.F.);
#535=ORIENTED_EDGE('',*,*,#1739,.F.);
#536=ORIENTED_EDGE('',*,*,#1740,.F.);
#537=ORIENTED_EDGE('',*,*,#1741,.T.);
#538=ORIENTED_EDGE('',*,*,#1742,.T.);
#539=ORIENTED_EDGE('',*,*,#1743,.T.);
#540=ORIENTED_EDGE('',*,*,#1744,.T.);
#541=ORIENTED_EDGE('',*,*,#1745,.T.);
#542=ORIENTED_EDGE('',*,*,#1746,.T.);
#543=ORIENTED_EDGE('',*,*,#1747,.T.);
#544=ORIENTED_EDGE('',*,*,#1748,.T.);
#545=ORIENTED_EDGE('',*,*,#1749,.T.);
#546=ORIENTED_EDGE('',*,*,#1750,.T.);
#547=ORIENTED_EDGE('',*,*,#1751,.T.);
#548=ORIENTED_EDGE('',*,*,#1752,.T.);
#549=ORIENTED_EDGE('',*,*,#1753,.T.);
#550=ORIENTED_EDGE('',*,*,#1754,.T.);
#551=ORIENTED_EDGE('',*,*,#1755,.T.);
#552=ORIENTED_EDGE('',*,*,#1756,.T.);
#553=ORIENTED_EDGE('',*,*,#1757,.T.);
#554=ORIENTED_EDGE('',*,*,#1758,.T.);
#555=ORIENTED_EDGE('',*,*,#1759,.T.);
#556=ORIENTED_EDGE('',*,*,#1760,.T.);
#557=ORIENTED_EDGE('',*,*,#1761,.T.);
#558=ORIENTED_EDGE('',*,*,#1762,.T.);
#559=ORIENTED_EDGE('',*,*,#1763,.T.);
#560=ORIENTED_EDGE('',*,*,#1764,.T.);
#561=ORIENTED_EDGE('',*,*,#1765,.T.);
#562=ORIENTED_EDGE('',*,*,#1766,.T.);
#563=ORIENTED_EDGE('',*,*,#1767,.T.);
#564=ORIENTED_EDGE('',*,*,#1768,.T.);
#565=ORIENTED_EDGE('',*,*,#1769,.T.);
#566=ORIENTED_EDGE('',*,*,#1770,.T.);
#567=ORIENTED_EDGE('',*,*,#1771,.T.);
#568=ORIENTED_EDGE('',*,*,#1772,.T.);
#569=ORIENTED_EDGE('',*,*,#1773,.T.);
#570=ORIENTED_EDGE('',*,*,#1774,.T.);
#571=ORIENTED_EDGE('',*,*,#1775,.T.);
#572=ORIENTED_EDGE('',*,*,#1776,.T.);
#573=ORIENTED_EDGE('',*,*,#1777,.T.);
#574=ORIENTED_EDGE('',*,*,#1778,.T.);
#575=ORIENTED_EDGE('',*,*,#1779,.T.);
#576=ORIENTED_EDGE('',*,*,#1780,.T.);
#577=ORIENTED_EDGE('',*,*,#1781,.T.);
#578=ORIENTED_EDGE('',*,*,#1782,.T.);
#579=ORIENTED_EDGE('',*,*,#1783,.T.);
#580=ORIENTED_EDGE('',*,*,#1784,.T.);
#581=ORIENTED_EDGE('',*,*,#1785,.T.);
#582=ORIENTED_EDGE('',*,*,#1786,.T.);
#583=ORIENTED_EDGE('',*,*,#1787,.T.);
#584=ORIENTED_EDGE('',*,*,#1788,.T.);
#585=ORIENTED_EDGE('',*,*,#1789,.T.);
#586=ORIENTED_EDGE('',*,*,#1790,.T.);
#587=ORIENTED_EDGE('',*,*,#1791,.T.);
#588=ORIENTED_EDGE('',*,*,#1792,.T.);
#589=ORIENTED_EDGE('',*,*,#1793,.T.);
#590=ORIENTED_EDGE('',*,*,#1794,.T.);
#591=ORIENTED_EDGE('',*,*,#1795,.T.);
#592=ORIENTED_EDGE('',*,*,#1796,.T.);
#593=ORIENTED_EDGE('',*,*,#1797,.T.);
#594=ORIENTED_EDGE('',*,*,#1798,.T.);
#595=ORIENTED_EDGE('',*,*,#1799,.T.);
#596=ORIENTED_EDGE('',*,*,#1800,.T.);
#597=ORIENTED_EDGE('',*,*,#1801,.T.);
#598=ORIENTED_EDGE('',*,*,#1802,.T.);
#599=ORIENTED_EDGE('',*,*,#1803,.T.);
#600=ORIENTED_EDGE('',*,*,#1804,.T.);
#601=ORIENTED_EDGE('',*,*,#1805,.T.);
#602=ORIENTED_EDGE('',*,*,#1806,.T.);
#603=ORIENTED_EDGE('',*,*,#1807,.T.);
#604=ORIENTED_EDGE('',*,*,#1808,.T.);
#605=ORIENTED_EDGE('',*,*,#1809,.T.);
#606=ORIENTED_EDGE('',*,*,#1810,.T.);
#607=ORIENTED_EDGE('',*,*,#1811,.T.);
#608=ORIENTED_EDGE('',*,*,#1812,.T.);
#609=ORIENTED_EDGE('',*,*,#1813,.T.);
#610=ORIENTED_EDGE('',*,*,#1814,.T.);
#611=ORIENTED_EDGE('',*,*,#1815,.T.);
#612=ORIENTED_EDGE('',*,*,#1816,.T.);
#613=ORIENTED_EDGE('',*,*,#1817,.T.);
#614=ORIENTED_EDGE('',*,*,#1818,.T.);
#615=ORIENTED_EDGE('',*,*,#1819,.T.);
#616=ORIENTED_EDGE('',*,*,#1820,.T.);
#617=ORIENTED_EDGE('',*,*,#1821,.T.);
#618=ORIENTED_EDGE('',*,*,#1822,.T.);
#619=ORIENTED_EDGE('',*,*,#1823,.T.);
#620=ORIENTED_EDGE('',*,*,#1824,.T.);
#621=ORIENTED_EDGE('',*,*,#1825,.T.);
#622=ORIENTED_EDGE('',*,*,#1826,.T.);
#623=ORIENTED_EDGE('',*,*,#1827,.T.);
#624=ORIENTED_EDGE('',*,*,#1828,.T.);
#625=ORIENTED_EDGE('',*,*,#1829,.T.);
#626=ORIENTED_EDGE('',*,*,#1830,.T.);
#627=ORIENTED_EDGE('',*,*,#1831,.T.);
#628=ORIENTED_EDGE('',*,*,#1832,.T.);
#629=ORIENTED_EDGE('',*,*,#1833,.T.);
#630=ORIENTED_EDGE('',*,*,#1834,.T.);
#631=ORIENTED_EDGE('',*,*,#1835,.T.);
#632=ORIENTED_EDGE('',*,*,#1836,.T.);
#633=ORIENTED_EDGE('',*,*,#1837,.T.);
#634=ORIENTED_EDGE('',*,*,#1838,.T.);
#635=ORIENTED_EDGE('',*,*,#1839,.T.);
#636=ORIENTED_EDGE('',*,*,#1840,.T.);
#637=ORIENTED_EDGE('',*,*,#1841,.T.);
#638=ORIENTED_EDGE('',*,*,#1842,.T.);
#639=ORIENTED_EDGE('',*,*,#1843,.T.);
#640=ORIENTED_EDGE('',*,*,#1844,.T.);
#641=ORIENTED_EDGE('',*,*,#1845,.T.);
#642=ORIENTED_EDGE('',*,*,#1846,.T.);
#643=ORIENTED_EDGE('',*,*,#1847,.T.);
#644=ORIENTED_EDGE('',*,*,#1848,.T.);
#645=ORIENTED_EDGE('',*,*,#1849,.T.);
#646=ORIENTED_EDGE('',*,*,#1850,.T.);
#647=ORIENTED_EDGE('',*,*,#1851,.T.);
#648=ORIENTED_EDGE('',*,*,#1852,.T.);
#649=ORIENTED_EDGE('',*,*,#1853,.T.);
#650=ORIENTED_EDGE('',*,*,#1854,.T.);
#651=ORIENTED_EDGE('',*,*,#1855,.T.);
#652=ORIENTED_EDGE('',*,*,#1856,.T.);
#653=ORIENTED_EDGE('',*,*,#1857,.T.);
#654=ORIENTED_EDGE('',*,*,#1858,.T.);
#655=ORIENTED_EDGE('',*,*,#1644,.F.);
#656=ORIENTED_EDGE('',*,*,#1739,.T.);
#657=ORIENTED_EDGE('',*,*,#1645,.F.);
#658=ORIENTED_EDGE('',*,*,#1738,.T.);
#659=ORIENTED_EDGE('',*,*,#1646,.F.);
#660=ORIENTED_EDGE('',*,*,#1737,.T.);
#661=ORIENTED_EDGE('',*,*,#1647,.F.);
#662=ORIENTED_EDGE('',*,*,#1736,.T.);
#663=ORIENTED_EDGE('',*,*,#1648,.F.);
#664=ORIENTED_EDGE('',*,*,#1735,.T.);
#665=ORIENTED_EDGE('',*,*,#1649,.F.);
#666=ORIENTED_EDGE('',*,*,#1734,.T.);
#667=ORIENTED_EDGE('',*,*,#1650,.F.);
#668=ORIENTED_EDGE('',*,*,#1733,.T.);
#669=ORIENTED_EDGE('',*,*,#1859,.T.);
#670=ORIENTED_EDGE('',*,*,#1860,.T.);
#671=ORIENTED_EDGE('',*,*,#1861,.T.);
#672=ORIENTED_EDGE('',*,*,#1862,.T.);
#673=ORIENTED_EDGE('',*,*,#1863,.T.);
#674=ORIENTED_EDGE('',*,*,#1864,.T.);
#675=ORIENTED_EDGE('',*,*,#1865,.T.);
#676=ORIENTED_EDGE('',*,*,#1866,.T.);
#677=ORIENTED_EDGE('',*,*,#1643,.F.);
#678=ORIENTED_EDGE('',*,*,#1740,.T.);
#679=ORIENTED_EDGE('',*,*,#1867,.F.);
#680=ORIENTED_EDGE('',*,*,#1868,.T.);
#681=ORIENTED_EDGE('',*,*,#1869,.T.);
#682=ORIENTED_EDGE('',*,*,#1870,.T.);
#683=ORIENTED_EDGE('',*,*,#1869,.F.);
#684=ORIENTED_EDGE('',*,*,#1871,.T.);
#685=ORIENTED_EDGE('',*,*,#1872,.T.);
#686=ORIENTED_EDGE('',*,*,#1873,.T.);
#687=ORIENTED_EDGE('',*,*,#1872,.F.);
#688=ORIENTED_EDGE('',*,*,#1874,.T.);
#689=ORIENTED_EDGE('',*,*,#1875,.T.);
#690=ORIENTED_EDGE('',*,*,#1876,.T.);
#691=ORIENTED_EDGE('',*,*,#1875,.F.);
#692=ORIENTED_EDGE('',*,*,#1877,.T.);
#693=ORIENTED_EDGE('',*,*,#1867,.T.);
#694=ORIENTED_EDGE('',*,*,#1878,.T.);
#695=ORIENTED_EDGE('',*,*,#1879,.F.);
#696=ORIENTED_EDGE('',*,*,#1880,.T.);
#697=ORIENTED_EDGE('',*,*,#1881,.T.);
#698=ORIENTED_EDGE('',*,*,#1882,.T.);
#699=ORIENTED_EDGE('',*,*,#1881,.F.);
#700=ORIENTED_EDGE('',*,*,#1883,.T.);
#701=ORIENTED_EDGE('',*,*,#1884,.T.);
#702=ORIENTED_EDGE('',*,*,#1885,.T.);
#703=ORIENTED_EDGE('',*,*,#1886,.F.);
#704=ORIENTED_EDGE('',*,*,#1887,.T.);
#705=ORIENTED_EDGE('',*,*,#1879,.T.);
#706=ORIENTED_EDGE('',*,*,#1888,.T.);
#707=ORIENTED_EDGE('',*,*,#1884,.F.);
#708=ORIENTED_EDGE('',*,*,#1889,.T.);
#709=ORIENTED_EDGE('',*,*,#1886,.T.);
#710=ORIENTED_EDGE('',*,*,#1890,.T.);
#711=ORIENTED_EDGE('',*,*,#1891,.F.);
#712=ORIENTED_EDGE('',*,*,#1892,.T.);
#713=ORIENTED_EDGE('',*,*,#1893,.T.);
#714=ORIENTED_EDGE('',*,*,#1894,.T.);
#715=ORIENTED_EDGE('',*,*,#1893,.F.);
#716=ORIENTED_EDGE('',*,*,#1895,.T.);
#717=ORIENTED_EDGE('',*,*,#1896,.T.);
#718=ORIENTED_EDGE('',*,*,#1897,.T.);
#719=ORIENTED_EDGE('',*,*,#1896,.F.);
#720=ORIENTED_EDGE('',*,*,#1898,.T.);
#721=ORIENTED_EDGE('',*,*,#1899,.T.);
#722=ORIENTED_EDGE('',*,*,#1900,.T.);
#723=ORIENTED_EDGE('',*,*,#1899,.F.);
#724=ORIENTED_EDGE('',*,*,#1901,.T.);
#725=ORIENTED_EDGE('',*,*,#1891,.T.);
#726=ORIENTED_EDGE('',*,*,#1902,.T.);
#727=ORIENTED_EDGE('',*,*,#1903,.F.);
#728=ORIENTED_EDGE('',*,*,#1904,.T.);
#729=ORIENTED_EDGE('',*,*,#1905,.T.);
#730=ORIENTED_EDGE('',*,*,#1906,.T.);
#731=ORIENTED_EDGE('',*,*,#1905,.F.);
#732=ORIENTED_EDGE('',*,*,#1907,.T.);
#733=ORIENTED_EDGE('',*,*,#1908,.T.);
#734=ORIENTED_EDGE('',*,*,#1909,.T.);
#735=ORIENTED_EDGE('',*,*,#1910,.F.);
#736=ORIENTED_EDGE('',*,*,#1911,.T.);
#737=ORIENTED_EDGE('',*,*,#1903,.T.);
#738=ORIENTED_EDGE('',*,*,#1912,.T.);
#739=ORIENTED_EDGE('',*,*,#1908,.F.);
#740=ORIENTED_EDGE('',*,*,#1913,.T.);
#741=ORIENTED_EDGE('',*,*,#1910,.T.);
#742=ORIENTED_EDGE('',*,*,#1914,.T.);
#743=ORIENTED_EDGE('',*,*,#1915,.T.);
#744=ORIENTED_EDGE('',*,*,#1916,.T.);
#745=ORIENTED_EDGE('',*,*,#1917,.T.);
#746=ORIENTED_EDGE('',*,*,#1918,.T.);
#747=ORIENTED_EDGE('',*,*,#1919,.T.);
#748=ORIENTED_EDGE('',*,*,#1920,.T.);
#749=ORIENTED_EDGE('',*,*,#1921,.T.);
#750=ORIENTED_EDGE('',*,*,#1922,.T.);
#751=ORIENTED_EDGE('',*,*,#1861,.F.);
#752=ORIENTED_EDGE('',*,*,#1923,.T.);
#753=ORIENTED_EDGE('',*,*,#1741,.F.);
#754=ORIENTED_EDGE('',*,*,#1924,.T.);
#755=ORIENTED_EDGE('',*,*,#1865,.F.);
#756=ORIENTED_EDGE('',*,*,#1925,.T.);
#757=ORIENTED_EDGE('',*,*,#1753,.F.);
#758=ORIENTED_EDGE('',*,*,#1926,.T.);
#759=ORIENTED_EDGE('',*,*,#1755,.F.);
#760=ORIENTED_EDGE('',*,*,#1927,.T.);
#761=ORIENTED_EDGE('',*,*,#1757,.F.);
#762=ORIENTED_EDGE('',*,*,#1928,.T.);
#763=ORIENTED_EDGE('',*,*,#1743,.F.);
#764=ORIENTED_EDGE('',*,*,#1929,.T.);
#765=ORIENTED_EDGE('',*,*,#1745,.F.);
#766=ORIENTED_EDGE('',*,*,#1930,.T.);
#767=ORIENTED_EDGE('',*,*,#1747,.F.);
#768=ORIENTED_EDGE('',*,*,#1931,.T.);
#769=ORIENTED_EDGE('',*,*,#1749,.F.);
#770=ORIENTED_EDGE('',*,*,#1932,.T.);
#771=ORIENTED_EDGE('',*,*,#1759,.F.);
#772=ORIENTED_EDGE('',*,*,#1933,.T.);
#773=ORIENTED_EDGE('',*,*,#1761,.F.);
#774=ORIENTED_EDGE('',*,*,#1934,.T.);
#775=ORIENTED_EDGE('',*,*,#1751,.F.);
#776=ORIENTED_EDGE('',*,*,#1935,.T.);
#777=ORIENTED_EDGE('',*,*,#1859,.F.);
#778=ORIENTED_EDGE('',*,*,#1936,.T.);
#779=ORIENTED_EDGE('',*,*,#1763,.F.);
#780=ORIENTED_EDGE('',*,*,#1937,.T.);
#781=ORIENTED_EDGE('',*,*,#1863,.F.);
#782=ORIENTED_EDGE('',*,*,#1938,.T.);
#783=ORIENTED_EDGE('',*,*,#1765,.F.);
#784=ORIENTED_EDGE('',*,*,#1939,.T.);
#785=ORIENTED_EDGE('',*,*,#1919,.F.);
#786=ORIENTED_EDGE('',*,*,#1940,.T.);
#787=ORIENTED_EDGE('',*,*,#1921,.F.);
#788=ORIENTED_EDGE('',*,*,#1941,.T.);
#789=ORIENTED_EDGE('',*,*,#1855,.F.);
#790=ORIENTED_EDGE('',*,*,#1942,.T.);
#791=ORIENTED_EDGE('',*,*,#1917,.F.);
#792=ORIENTED_EDGE('',*,*,#1943,.T.);
#793=ORIENTED_EDGE('',*,*,#1797,.F.);
#794=ORIENTED_EDGE('',*,*,#1944,.T.);
#795=ORIENTED_EDGE('',*,*,#1557,.F.);
#796=ORIENTED_EDGE('',*,*,#1945,.T.);
#797=ORIENTED_EDGE('',*,*,#1915,.F.);
#798=ORIENTED_EDGE('',*,*,#1946,.T.);
#799=ORIENTED_EDGE('',*,*,#1819,.F.);
#800=ORIENTED_EDGE('',*,*,#1947,.T.);
#801=ORIENTED_EDGE('',*,*,#1821,.F.);
#802=ORIENTED_EDGE('',*,*,#1948,.T.);
#803=ORIENTED_EDGE('',*,*,#1837,.F.);
#804=ORIENTED_EDGE('',*,*,#1949,.T.);
#805=ORIENTED_EDGE('',*,*,#1830,.F.);
#806=ORIENTED_EDGE('',*,*,#1950,.T.);
#807=ORIENTED_EDGE('',*,*,#1853,.F.);
#808=ORIENTED_EDGE('',*,*,#1951,.T.);
#809=ORIENTED_EDGE('',*,*,#1847,.F.);
#810=ORIENTED_EDGE('',*,*,#1952,.T.);
#811=ORIENTED_EDGE('',*,*,#1849,.F.);
#812=ORIENTED_EDGE('',*,*,#1953,.T.);
#813=ORIENTED_EDGE('',*,*,#1843,.F.);
#814=ORIENTED_EDGE('',*,*,#1954,.T.);
#815=ORIENTED_EDGE('',*,*,#1803,.F.);
#816=ORIENTED_EDGE('',*,*,#1955,.T.);
#817=ORIENTED_EDGE('',*,*,#1805,.F.);
#818=ORIENTED_EDGE('',*,*,#1956,.T.);
#819=ORIENTED_EDGE('',*,*,#1807,.F.);
#820=ORIENTED_EDGE('',*,*,#1957,.T.);
#821=ORIENTED_EDGE('',*,*,#1809,.F.);
#822=ORIENTED_EDGE('',*,*,#1958,.T.);
#823=ORIENTED_EDGE('',*,*,#1779,.F.);
#824=ORIENTED_EDGE('',*,*,#1959,.T.);
#825=ORIENTED_EDGE('',*,*,#1781,.F.);
#826=ORIENTED_EDGE('',*,*,#1960,.T.);
#827=ORIENTED_EDGE('',*,*,#1783,.F.);
#828=ORIENTED_EDGE('',*,*,#1961,.T.);
#829=ORIENTED_EDGE('',*,*,#1785,.F.);
#830=ORIENTED_EDGE('',*,*,#1962,.T.);
#831=ORIENTED_EDGE('',*,*,#1841,.F.);
#832=ORIENTED_EDGE('',*,*,#1963,.T.);
#833=ORIENTED_EDGE('',*,*,#1835,.F.);
#834=ORIENTED_EDGE('',*,*,#1964,.T.);
#835=ORIENTED_EDGE('',*,*,#1815,.F.);
#836=ORIENTED_EDGE('',*,*,#1965,.T.);
#837=ORIENTED_EDGE('',*,*,#1817,.F.);
#838=ORIENTED_EDGE('',*,*,#1966,.T.);
#839=ORIENTED_EDGE('',*,*,#1811,.F.);
#840=ORIENTED_EDGE('',*,*,#1967,.T.);
#841=ORIENTED_EDGE('',*,*,#1813,.F.);
#842=ORIENTED_EDGE('',*,*,#1968,.T.);
#843=ORIENTED_EDGE('',*,*,#1799,.F.);
#844=ORIENTED_EDGE('',*,*,#1969,.T.);
#845=ORIENTED_EDGE('',*,*,#1801,.F.);
#846=ORIENTED_EDGE('',*,*,#1970,.T.);
#847=ORIENTED_EDGE('',*,*,#1845,.F.);
#848=ORIENTED_EDGE('',*,*,#1971,.T.);
#849=ORIENTED_EDGE('',*,*,#1839,.F.);
#850=ORIENTED_EDGE('',*,*,#1972,.T.);
#851=ORIENTED_EDGE('',*,*,#1857,.F.);
#852=ORIENTED_EDGE('',*,*,#1973,.T.);
#853=ORIENTED_EDGE('',*,*,#1851,.F.);
#854=ORIENTED_EDGE('',*,*,#1974,.T.);
#855=ORIENTED_EDGE('',*,*,#1795,.F.);
#856=ORIENTED_EDGE('',*,*,#1975,.T.);
#857=ORIENTED_EDGE('',*,*,#1555,.F.);
#858=ORIENTED_EDGE('',*,*,#1976,.T.);
#859=ORIENTED_EDGE('',*,*,#1791,.F.);
#860=ORIENTED_EDGE('',*,*,#1977,.T.);
#861=ORIENTED_EDGE('',*,*,#1793,.F.);
#862=ORIENTED_EDGE('',*,*,#1978,.T.);
#863=ORIENTED_EDGE('',*,*,#1787,.F.);
#864=ORIENTED_EDGE('',*,*,#1979,.T.);
#865=ORIENTED_EDGE('',*,*,#1789,.F.);
#866=ORIENTED_EDGE('',*,*,#1980,.T.);
#867=ORIENTED_EDGE('',*,*,#1775,.F.);
#868=ORIENTED_EDGE('',*,*,#1981,.T.);
#869=ORIENTED_EDGE('',*,*,#1777,.F.);
#870=ORIENTED_EDGE('',*,*,#1982,.T.);
#871=ORIENTED_EDGE('',*,*,#1771,.F.);
#872=ORIENTED_EDGE('',*,*,#1983,.T.);
#873=ORIENTED_EDGE('',*,*,#1773,.F.);
#874=ORIENTED_EDGE('',*,*,#1984,.T.);
#875=ORIENTED_EDGE('',*,*,#1767,.F.);
#876=ORIENTED_EDGE('',*,*,#1985,.T.);
#877=ORIENTED_EDGE('',*,*,#1769,.F.);
#878=ORIENTED_EDGE('',*,*,#1986,.T.);
#879=ORIENTED_EDGE('',*,*,#1832,.F.);
#880=ORIENTED_EDGE('',*,*,#1987,.T.);
#881=ORIENTED_EDGE('',*,*,#1667,.F.);
#882=ORIENTED_EDGE('',*,*,#1988,.T.);
#883=ORIENTED_EDGE('',*,*,#1824,.F.);
#884=ORIENTED_EDGE('',*,*,#1989,.T.);
#885=ORIENTED_EDGE('',*,*,#1829,.F.);
#886=ORIENTED_EDGE('',*,*,#1990,.T.);
#887=ORIENTED_EDGE('',*,*,#1823,.F.);
#888=ORIENTED_EDGE('',*,*,#1991,.T.);
#889=ORIENTED_EDGE('',*,*,#1826,.F.);
#890=ORIENTED_EDGE('',*,*,#1989,.F.);
#891=ORIENTED_EDGE('',*,*,#1828,.F.);
#892=ORIENTED_EDGE('',*,*,#1992,.T.);
#893=ORIENTED_EDGE('',*,*,#1833,.F.);
#894=ORIENTED_EDGE('',*,*,#1990,.F.);
#895=ORIENTED_EDGE('',*,*,#1993,.F.);
#896=ORIENTED_EDGE('',*,*,#1602,.F.);
#897=ORIENTED_EDGE('',*,*,#1994,.F.);
#898=ORIENTED_EDGE('',*,*,#1810,.F.);
#899=ORIENTED_EDGE('',*,*,#1994,.T.);
#900=ORIENTED_EDGE('',*,*,#1601,.F.);
#901=ORIENTED_EDGE('',*,*,#1995,.F.);
#902=ORIENTED_EDGE('',*,*,#1967,.F.);
#903=ORIENTED_EDGE('',*,*,#1993,.T.);
#904=ORIENTED_EDGE('',*,*,#1957,.F.);
#905=ORIENTED_EDGE('',*,*,#1996,.F.);
#906=ORIENTED_EDGE('',*,*,#1603,.F.);
#907=ORIENTED_EDGE('',*,*,#1995,.T.);
#908=ORIENTED_EDGE('',*,*,#1600,.F.);
#909=ORIENTED_EDGE('',*,*,#1997,.F.);
#910=ORIENTED_EDGE('',*,*,#1814,.F.);
#911=ORIENTED_EDGE('',*,*,#1996,.T.);
#912=ORIENTED_EDGE('',*,*,#1806,.F.);
#913=ORIENTED_EDGE('',*,*,#1998,.F.);
#914=ORIENTED_EDGE('',*,*,#1604,.F.);
#915=ORIENTED_EDGE('',*,*,#1997,.T.);
#916=ORIENTED_EDGE('',*,*,#1599,.F.);
#917=ORIENTED_EDGE('',*,*,#1999,.F.);
#918=ORIENTED_EDGE('',*,*,#1965,.F.);
#919=ORIENTED_EDGE('',*,*,#1998,.T.);
#920=ORIENTED_EDGE('',*,*,#1955,.F.);
#921=ORIENTED_EDGE('',*,*,#2000,.F.);
#922=ORIENTED_EDGE('',*,*,#1605,.F.);
#923=ORIENTED_EDGE('',*,*,#1999,.T.);
#924=ORIENTED_EDGE('',*,*,#1598,.F.);
#925=ORIENTED_EDGE('',*,*,#2001,.F.);
#926=ORIENTED_EDGE('',*,*,#1818,.F.);
#927=ORIENTED_EDGE('',*,*,#2000,.T.);
#928=ORIENTED_EDGE('',*,*,#1802,.F.);
#929=ORIENTED_EDGE('',*,*,#2002,.F.);
#930=ORIENTED_EDGE('',*,*,#1606,.F.);
#931=ORIENTED_EDGE('',*,*,#2001,.T.);
#932=ORIENTED_EDGE('',*,*,#1597,.F.);
#933=ORIENTED_EDGE('',*,*,#2003,.F.);
#934=ORIENTED_EDGE('',*,*,#1947,.F.);
#935=ORIENTED_EDGE('',*,*,#2002,.T.);
#936=ORIENTED_EDGE('',*,*,#1969,.F.);
#937=ORIENTED_EDGE('',*,*,#2004,.F.);
#938=ORIENTED_EDGE('',*,*,#1607,.F.);
#939=ORIENTED_EDGE('',*,*,#2003,.T.);
#940=ORIENTED_EDGE('',*,*,#1596,.F.);
#941=ORIENTED_EDGE('',*,*,#2005,.F.);
#942=ORIENTED_EDGE('',*,*,#1822,.F.);
#943=ORIENTED_EDGE('',*,*,#2004,.T.);
#944=ORIENTED_EDGE('',*,*,#1798,.F.);
#945=ORIENTED_EDGE('',*,*,#2006,.F.);
#946=ORIENTED_EDGE('',*,*,#1608,.F.);
#947=ORIENTED_EDGE('',*,*,#2005,.T.);
#948=ORIENTED_EDGE('',*,*,#1595,.F.);
#949=ORIENTED_EDGE('',*,*,#2007,.F.);
#950=ORIENTED_EDGE('',*,*,#1991,.F.);
#951=ORIENTED_EDGE('',*,*,#2006,.T.);
#952=ORIENTED_EDGE('',*,*,#1943,.F.);
#953=ORIENTED_EDGE('',*,*,#2008,.F.);
#954=ORIENTED_EDGE('',*,*,#1609,.F.);
#955=ORIENTED_EDGE('',*,*,#2007,.T.);
#956=ORIENTED_EDGE('',*,*,#1594,.F.);
#957=ORIENTED_EDGE('',*,*,#2009,.F.);
#958=ORIENTED_EDGE('',*,*,#1827,.F.);
#959=ORIENTED_EDGE('',*,*,#2008,.T.);
#960=ORIENTED_EDGE('',*,*,#1916,.F.);
#961=ORIENTED_EDGE('',*,*,#2010,.F.);
#962=ORIENTED_EDGE('',*,*,#1610,.F.);
#963=ORIENTED_EDGE('',*,*,#2009,.T.);
#964=ORIENTED_EDGE('',*,*,#1593,.F.);
#965=ORIENTED_EDGE('',*,*,#2011,.F.);
#966=ORIENTED_EDGE('',*,*,#1992,.F.);
#967=ORIENTED_EDGE('',*,*,#2010,.T.);
#968=ORIENTED_EDGE('',*,*,#1945,.F.);
#969=ORIENTED_EDGE('',*,*,#2012,.F.);
#970=ORIENTED_EDGE('',*,*,#1611,.F.);
#971=ORIENTED_EDGE('',*,*,#2011,.T.);
#972=ORIENTED_EDGE('',*,*,#1592,.F.);
#973=ORIENTED_EDGE('',*,*,#2013,.F.);
#974=ORIENTED_EDGE('',*,*,#1834,.F.);
#975=ORIENTED_EDGE('',*,*,#2012,.T.);
#976=ORIENTED_EDGE('',*,*,#1556,.F.);
#977=ORIENTED_EDGE('',*,*,#2014,.F.);
#978=ORIENTED_EDGE('',*,*,#1612,.F.);
#979=ORIENTED_EDGE('',*,*,#2013,.T.);
#980=ORIENTED_EDGE('',*,*,#1591,.F.);
#981=ORIENTED_EDGE('',*,*,#2015,.F.);
#982=ORIENTED_EDGE('',*,*,#1950,.F.);
#983=ORIENTED_EDGE('',*,*,#2014,.T.);
#984=ORIENTED_EDGE('',*,*,#1975,.F.);
#985=ORIENTED_EDGE('',*,*,#2016,.F.);
#986=ORIENTED_EDGE('',*,*,#1613,.F.);
#987=ORIENTED_EDGE('',*,*,#2015,.T.);
#988=ORIENTED_EDGE('',*,*,#1590,.F.);
#989=ORIENTED_EDGE('',*,*,#2017,.F.);
#990=ORIENTED_EDGE('',*,*,#1838,.F.);
#991=ORIENTED_EDGE('',*,*,#2016,.T.);
#992=ORIENTED_EDGE('',*,*,#1794,.F.);
#993=ORIENTED_EDGE('',*,*,#2018,.F.);
#994=ORIENTED_EDGE('',*,*,#1614,.F.);
#995=ORIENTED_EDGE('',*,*,#2017,.T.);
#996=ORIENTED_EDGE('',*,*,#1589,.F.);
#997=ORIENTED_EDGE('',*,*,#2019,.F.);
#998=ORIENTED_EDGE('',*,*,#1964,.F.);
#999=ORIENTED_EDGE('',*,*,#2018,.T.);
#1000=ORIENTED_EDGE('',*,*,#1977,.F.);
#1001=ORIENTED_EDGE('',*,*,#2020,.F.);
#1002=ORIENTED_EDGE('',*,*,#1615,.F.);
#1003=ORIENTED_EDGE('',*,*,#2019,.T.);
#1004=ORIENTED_EDGE('',*,*,#1588,.F.);
#1005=ORIENTED_EDGE('',*,*,#2021,.F.);
#1006=ORIENTED_EDGE('',*,*,#1842,.F.);
#1007=ORIENTED_EDGE('',*,*,#2020,.T.);
#1008=ORIENTED_EDGE('',*,*,#1790,.F.);
#1009=ORIENTED_EDGE('',*,*,#2022,.F.);
#1010=ORIENTED_EDGE('',*,*,#1616,.F.);
#1011=ORIENTED_EDGE('',*,*,#2021,.T.);
#1012=ORIENTED_EDGE('',*,*,#1587,.F.);
#1013=ORIENTED_EDGE('',*,*,#2023,.F.);
#1014=ORIENTED_EDGE('',*,*,#1972,.F.);
#1015=ORIENTED_EDGE('',*,*,#2022,.T.);
#1016=ORIENTED_EDGE('',*,*,#1979,.F.);
#1017=ORIENTED_EDGE('',*,*,#2024,.F.);
#1018=ORIENTED_EDGE('',*,*,#1617,.F.);
#1019=ORIENTED_EDGE('',*,*,#2023,.T.);
#1020=ORIENTED_EDGE('',*,*,#1586,.F.);
#1021=ORIENTED_EDGE('',*,*,#2025,.F.);
#1022=ORIENTED_EDGE('',*,*,#1846,.F.);
#1023=ORIENTED_EDGE('',*,*,#2024,.T.);
#1024=ORIENTED_EDGE('',*,*,#1786,.F.);
#1025=ORIENTED_EDGE('',*,*,#2026,.F.);
#1026=ORIENTED_EDGE('',*,*,#1618,.F.);
#1027=ORIENTED_EDGE('',*,*,#2025,.T.);
#1028=ORIENTED_EDGE('',*,*,#1585,.F.);
#1029=ORIENTED_EDGE('',*,*,#2027,.F.);
#1030=ORIENTED_EDGE('',*,*,#1954,.F.);
#1031=ORIENTED_EDGE('',*,*,#2026,.T.);
#1032=ORIENTED_EDGE('',*,*,#1961,.F.);
#1033=ORIENTED_EDGE('',*,*,#2028,.F.);
#1034=ORIENTED_EDGE('',*,*,#1619,.F.);
#1035=ORIENTED_EDGE('',*,*,#2027,.T.);
#1036=ORIENTED_EDGE('',*,*,#1584,.F.);
#1037=ORIENTED_EDGE('',*,*,#2029,.F.);
#1038=ORIENTED_EDGE('',*,*,#1850,.F.);
#1039=ORIENTED_EDGE('',*,*,#2028,.T.);
#1040=ORIENTED_EDGE('',*,*,#1782,.F.);
#1041=ORIENTED_EDGE('',*,*,#2030,.F.);
#1042=ORIENTED_EDGE('',*,*,#1620,.F.);
#1043=ORIENTED_EDGE('',*,*,#2029,.T.);
#1044=ORIENTED_EDGE('',*,*,#1583,.F.);
#1045=ORIENTED_EDGE('',*,*,#2031,.F.);
#1046=ORIENTED_EDGE('',*,*,#1952,.F.);
#1047=ORIENTED_EDGE('',*,*,#2030,.T.);
#1048=ORIENTED_EDGE('',*,*,#1959,.F.);
#1049=ORIENTED_EDGE('',*,*,#2032,.F.);
#1050=ORIENTED_EDGE('',*,*,#1621,.F.);
#1051=ORIENTED_EDGE('',*,*,#2031,.T.);
#1052=ORIENTED_EDGE('',*,*,#1582,.F.);
#1053=ORIENTED_EDGE('',*,*,#2033,.F.);
#1054=ORIENTED_EDGE('',*,*,#1854,.F.);
#1055=ORIENTED_EDGE('',*,*,#2032,.T.);
#1056=ORIENTED_EDGE('',*,*,#1778,.F.);
#1057=ORIENTED_EDGE('',*,*,#2034,.F.);
#1058=ORIENTED_EDGE('',*,*,#1622,.F.);
#1059=ORIENTED_EDGE('',*,*,#2033,.T.);
#1060=ORIENTED_EDGE('',*,*,#1581,.F.);
#1061=ORIENTED_EDGE('',*,*,#2035,.F.);
#1062=ORIENTED_EDGE('',*,*,#1974,.F.);
#1063=ORIENTED_EDGE('',*,*,#2034,.T.);
#1064=ORIENTED_EDGE('',*,*,#1981,.F.);
#1065=ORIENTED_EDGE('',*,*,#2036,.F.);
#1066=ORIENTED_EDGE('',*,*,#1623,.F.);
#1067=ORIENTED_EDGE('',*,*,#2035,.T.);
#1068=ORIENTED_EDGE('',*,*,#1580,.F.);
#1069=ORIENTED_EDGE('',*,*,#2037,.F.);
#1070=ORIENTED_EDGE('',*,*,#1858,.F.);
#1071=ORIENTED_EDGE('',*,*,#2036,.T.);
#1072=ORIENTED_EDGE('',*,*,#1774,.F.);
#1073=ORIENTED_EDGE('',*,*,#2038,.F.);
#1074=ORIENTED_EDGE('',*,*,#1624,.F.);
#1075=ORIENTED_EDGE('',*,*,#2037,.T.);
#1076=ORIENTED_EDGE('',*,*,#1579,.F.);
#1077=ORIENTED_EDGE('',*,*,#2039,.F.);
#1078=ORIENTED_EDGE('',*,*,#1942,.F.);
#1079=ORIENTED_EDGE('',*,*,#2038,.T.);
#1080=ORIENTED_EDGE('',*,*,#1983,.F.);
#1081=ORIENTED_EDGE('',*,*,#2040,.F.);
#1082=ORIENTED_EDGE('',*,*,#1625,.F.);
#1083=ORIENTED_EDGE('',*,*,#2039,.T.);
#1084=ORIENTED_EDGE('',*,*,#1578,.F.);
#1085=ORIENTED_EDGE('',*,*,#2041,.F.);
#1086=ORIENTED_EDGE('',*,*,#1922,.F.);
#1087=ORIENTED_EDGE('',*,*,#2040,.T.);
#1088=ORIENTED_EDGE('',*,*,#1770,.F.);
#1089=ORIENTED_EDGE('',*,*,#2042,.F.);
#1090=ORIENTED_EDGE('',*,*,#1626,.F.);
#1091=ORIENTED_EDGE('',*,*,#2041,.T.);
#1092=ORIENTED_EDGE('',*,*,#1577,.F.);
#1093=ORIENTED_EDGE('',*,*,#2043,.F.);
#1094=ORIENTED_EDGE('',*,*,#1940,.F.);
#1095=ORIENTED_EDGE('',*,*,#2042,.T.);
#1096=ORIENTED_EDGE('',*,*,#1985,.F.);
#1097=ORIENTED_EDGE('',*,*,#2044,.F.);
#1098=ORIENTED_EDGE('',*,*,#1575,.F.);
#1099=ORIENTED_EDGE('',*,*,#2043,.T.);
#1100=ORIENTED_EDGE('',*,*,#1576,.F.);
#1101=ORIENTED_EDGE('',*,*,#2044,.T.);
#1102=ORIENTED_EDGE('',*,*,#1766,.F.);
#1103=ORIENTED_EDGE('',*,*,#1988,.F.);
#1104=ORIENTED_EDGE('',*,*,#1716,.F.);
#1105=ORIENTED_EDGE('',*,*,#2045,.F.);
#1106=ORIENTED_EDGE('',*,*,#1825,.F.);
#1107=ORIENTED_EDGE('',*,*,#2045,.T.);
#1108=ORIENTED_EDGE('',*,*,#1715,.F.);
#1109=ORIENTED_EDGE('',*,*,#2046,.F.);
#1110=ORIENTED_EDGE('',*,*,#1948,.F.);
#1111=ORIENTED_EDGE('',*,*,#2046,.T.);
#1112=ORIENTED_EDGE('',*,*,#1714,.F.);
#1113=ORIENTED_EDGE('',*,*,#2047,.F.);
#1114=ORIENTED_EDGE('',*,*,#1820,.F.);
#1115=ORIENTED_EDGE('',*,*,#2047,.T.);
#1116=ORIENTED_EDGE('',*,*,#1713,.F.);
#1117=ORIENTED_EDGE('',*,*,#2048,.F.);
#1118=ORIENTED_EDGE('',*,*,#1966,.F.);
#1119=ORIENTED_EDGE('',*,*,#2048,.T.);
#1120=ORIENTED_EDGE('',*,*,#1712,.F.);
#1121=ORIENTED_EDGE('',*,*,#2049,.F.);
#1122=ORIENTED_EDGE('',*,*,#1816,.F.);
#1123=ORIENTED_EDGE('',*,*,#2049,.T.);
#1124=ORIENTED_EDGE('',*,*,#1711,.F.);
#1125=ORIENTED_EDGE('',*,*,#2050,.F.);
#1126=ORIENTED_EDGE('',*,*,#1968,.F.);
#1127=ORIENTED_EDGE('',*,*,#2050,.T.);
#1128=ORIENTED_EDGE('',*,*,#1710,.F.);
#1129=ORIENTED_EDGE('',*,*,#2051,.F.);
#1130=ORIENTED_EDGE('',*,*,#1812,.F.);
#1131=ORIENTED_EDGE('',*,*,#2051,.T.);
#1132=ORIENTED_EDGE('',*,*,#1709,.F.);
#1133=ORIENTED_EDGE('',*,*,#2052,.F.);
#1134=ORIENTED_EDGE('',*,*,#1958,.F.);
#1135=ORIENTED_EDGE('',*,*,#2052,.T.);
#1136=ORIENTED_EDGE('',*,*,#1708,.F.);
#1137=ORIENTED_EDGE('',*,*,#2053,.F.);
#1138=ORIENTED_EDGE('',*,*,#1808,.F.);
#1139=ORIENTED_EDGE('',*,*,#2053,.T.);
#1140=ORIENTED_EDGE('',*,*,#1707,.F.);
#1141=ORIENTED_EDGE('',*,*,#2054,.F.);
#1142=ORIENTED_EDGE('',*,*,#1956,.F.);
#1143=ORIENTED_EDGE('',*,*,#2054,.T.);
#1144=ORIENTED_EDGE('',*,*,#1706,.F.);
#1145=ORIENTED_EDGE('',*,*,#2055,.F.);
#1146=ORIENTED_EDGE('',*,*,#1804,.F.);
#1147=ORIENTED_EDGE('',*,*,#2055,.T.);
#1148=ORIENTED_EDGE('',*,*,#1705,.F.);
#1149=ORIENTED_EDGE('',*,*,#2056,.F.);
#1150=ORIENTED_EDGE('',*,*,#1970,.F.);
#1151=ORIENTED_EDGE('',*,*,#2056,.T.);
#1152=ORIENTED_EDGE('',*,*,#1704,.F.);
#1153=ORIENTED_EDGE('',*,*,#2057,.F.);
#1154=ORIENTED_EDGE('',*,*,#1800,.F.);
#1155=ORIENTED_EDGE('',*,*,#2057,.T.);
#1156=ORIENTED_EDGE('',*,*,#1703,.F.);
#1157=ORIENTED_EDGE('',*,*,#2058,.F.);
#1158=ORIENTED_EDGE('',*,*,#1944,.F.);
#1159=ORIENTED_EDGE('',*,*,#2058,.T.);
#1160=ORIENTED_EDGE('',*,*,#1702,.F.);
#1161=ORIENTED_EDGE('',*,*,#2059,.F.);
#1162=ORIENTED_EDGE('',*,*,#1918,.F.);
#1163=ORIENTED_EDGE('',*,*,#2059,.T.);
#1164=ORIENTED_EDGE('',*,*,#1701,.F.);
#1165=ORIENTED_EDGE('',*,*,#2060,.F.);
#1166=ORIENTED_EDGE('',*,*,#1946,.F.);
#1167=ORIENTED_EDGE('',*,*,#1987,.F.);
#1168=ORIENTED_EDGE('',*,*,#1831,.F.);
#1169=ORIENTED_EDGE('',*,*,#2061,.F.);
#1170=ORIENTED_EDGE('',*,*,#1668,.F.);
#1171=ORIENTED_EDGE('',*,*,#2060,.T.);
#1172=ORIENTED_EDGE('',*,*,#1700,.F.);
#1173=ORIENTED_EDGE('',*,*,#2062,.F.);
#1174=ORIENTED_EDGE('',*,*,#1558,.F.);
#1175=ORIENTED_EDGE('',*,*,#2061,.T.);
#1176=ORIENTED_EDGE('',*,*,#1949,.F.);
#1177=ORIENTED_EDGE('',*,*,#2063,.F.);
#1178=ORIENTED_EDGE('',*,*,#1669,.F.);
#1179=ORIENTED_EDGE('',*,*,#2062,.T.);
#1180=ORIENTED_EDGE('',*,*,#1699,.F.);
#1181=ORIENTED_EDGE('',*,*,#2064,.F.);
#1182=ORIENTED_EDGE('',*,*,#1976,.F.);
#1183=ORIENTED_EDGE('',*,*,#2063,.T.);
#1184=ORIENTED_EDGE('',*,*,#1836,.F.);
#1185=ORIENTED_EDGE('',*,*,#2065,.F.);
#1186=ORIENTED_EDGE('',*,*,#1670,.F.);
#1187=ORIENTED_EDGE('',*,*,#2064,.T.);
#1188=ORIENTED_EDGE('',*,*,#1698,.F.);
#1189=ORIENTED_EDGE('',*,*,#2066,.F.);
#1190=ORIENTED_EDGE('',*,*,#1796,.F.);
#1191=ORIENTED_EDGE('',*,*,#2065,.T.);
#1192=ORIENTED_EDGE('',*,*,#1963,.F.);
#1193=ORIENTED_EDGE('',*,*,#2067,.F.);
#1194=ORIENTED_EDGE('',*,*,#1671,.F.);
#1195=ORIENTED_EDGE('',*,*,#2066,.T.);
#1196=ORIENTED_EDGE('',*,*,#1697,.F.);
#1197=ORIENTED_EDGE('',*,*,#2068,.F.);
#1198=ORIENTED_EDGE('',*,*,#1978,.F.);
#1199=ORIENTED_EDGE('',*,*,#2067,.T.);
#1200=ORIENTED_EDGE('',*,*,#1840,.F.);
#1201=ORIENTED_EDGE('',*,*,#2069,.F.);
#1202=ORIENTED_EDGE('',*,*,#1672,.F.);
#1203=ORIENTED_EDGE('',*,*,#2068,.T.);
#1204=ORIENTED_EDGE('',*,*,#1696,.F.);
#1205=ORIENTED_EDGE('',*,*,#2070,.F.);
#1206=ORIENTED_EDGE('',*,*,#1792,.F.);
#1207=ORIENTED_EDGE('',*,*,#2069,.T.);
#1208=ORIENTED_EDGE('',*,*,#1971,.F.);
#1209=ORIENTED_EDGE('',*,*,#2071,.F.);
#1210=ORIENTED_EDGE('',*,*,#1673,.F.);
#1211=ORIENTED_EDGE('',*,*,#2070,.T.);
#1212=ORIENTED_EDGE('',*,*,#1695,.F.);
#1213=ORIENTED_EDGE('',*,*,#2072,.F.);
#1214=ORIENTED_EDGE('',*,*,#1980,.F.);
#1215=ORIENTED_EDGE('',*,*,#2071,.T.);
#1216=ORIENTED_EDGE('',*,*,#1844,.F.);
#1217=ORIENTED_EDGE('',*,*,#2073,.F.);
#1218=ORIENTED_EDGE('',*,*,#1674,.F.);
#1219=ORIENTED_EDGE('',*,*,#2072,.T.);
#1220=ORIENTED_EDGE('',*,*,#1694,.F.);
#1221=ORIENTED_EDGE('',*,*,#2074,.F.);
#1222=ORIENTED_EDGE('',*,*,#1788,.F.);
#1223=ORIENTED_EDGE('',*,*,#2073,.T.);
#1224=ORIENTED_EDGE('',*,*,#1953,.F.);
#1225=ORIENTED_EDGE('',*,*,#2075,.F.);
#1226=ORIENTED_EDGE('',*,*,#1675,.F.);
#1227=ORIENTED_EDGE('',*,*,#2074,.T.);
#1228=ORIENTED_EDGE('',*,*,#1693,.F.);
#1229=ORIENTED_EDGE('',*,*,#2076,.F.);
#1230=ORIENTED_EDGE('',*,*,#1962,.F.);
#1231=ORIENTED_EDGE('',*,*,#2075,.T.);
#1232=ORIENTED_EDGE('',*,*,#1848,.F.);
#1233=ORIENTED_EDGE('',*,*,#2077,.F.);
#1234=ORIENTED_EDGE('',*,*,#1676,.F.);
#1235=ORIENTED_EDGE('',*,*,#2076,.T.);
#1236=ORIENTED_EDGE('',*,*,#1692,.F.);
#1237=ORIENTED_EDGE('',*,*,#2078,.F.);
#1238=ORIENTED_EDGE('',*,*,#1784,.F.);
#1239=ORIENTED_EDGE('',*,*,#2077,.T.);
#1240=ORIENTED_EDGE('',*,*,#1951,.F.);
#1241=ORIENTED_EDGE('',*,*,#2079,.F.);
#1242=ORIENTED_EDGE('',*,*,#1677,.F.);
#1243=ORIENTED_EDGE('',*,*,#2078,.T.);
#1244=ORIENTED_EDGE('',*,*,#1691,.F.);
#1245=ORIENTED_EDGE('',*,*,#2080,.F.);
#1246=ORIENTED_EDGE('',*,*,#1960,.F.);
#1247=ORIENTED_EDGE('',*,*,#2079,.T.);
#1248=ORIENTED_EDGE('',*,*,#1852,.F.);
#1249=ORIENTED_EDGE('',*,*,#2081,.F.);
#1250=ORIENTED_EDGE('',*,*,#1678,.F.);
#1251=ORIENTED_EDGE('',*,*,#2080,.T.);
#1252=ORIENTED_EDGE('',*,*,#1690,.F.);
#1253=ORIENTED_EDGE('',*,*,#2082,.F.);
#1254=ORIENTED_EDGE('',*,*,#1780,.F.);
#1255=ORIENTED_EDGE('',*,*,#2081,.T.);
#1256=ORIENTED_EDGE('',*,*,#1973,.F.);
#1257=ORIENTED_EDGE('',*,*,#2083,.F.);
#1258=ORIENTED_EDGE('',*,*,#1679,.F.);
#1259=ORIENTED_EDGE('',*,*,#2082,.T.);
#1260=ORIENTED_EDGE('',*,*,#1689,.F.);
#1261=ORIENTED_EDGE('',*,*,#2084,.F.);
#1262=ORIENTED_EDGE('',*,*,#1982,.F.);
#1263=ORIENTED_EDGE('',*,*,#2083,.T.);
#1264=ORIENTED_EDGE('',*,*,#1856,.F.);
#1265=ORIENTED_EDGE('',*,*,#2085,.F.);
#1266=ORIENTED_EDGE('',*,*,#1680,.F.);
#1267=ORIENTED_EDGE('',*,*,#2084,.T.);
#1268=ORIENTED_EDGE('',*,*,#1688,.F.);
#1269=ORIENTED_EDGE('',*,*,#2086,.F.);
#1270=ORIENTED_EDGE('',*,*,#1776,.F.);
#1271=ORIENTED_EDGE('',*,*,#2085,.T.);
#1272=ORIENTED_EDGE('',*,*,#1941,.F.);
#1273=ORIENTED_EDGE('',*,*,#2087,.F.);
#1274=ORIENTED_EDGE('',*,*,#1681,.F.);
#1275=ORIENTED_EDGE('',*,*,#2086,.T.);
#1276=ORIENTED_EDGE('',*,*,#1687,.F.);
#1277=ORIENTED_EDGE('',*,*,#2088,.F.);
#1278=ORIENTED_EDGE('',*,*,#1984,.F.);
#1279=ORIENTED_EDGE('',*,*,#2087,.T.);
#1280=ORIENTED_EDGE('',*,*,#1920,.F.);
#1281=ORIENTED_EDGE('',*,*,#2089,.F.);
#1282=ORIENTED_EDGE('',*,*,#1682,.F.);
#1283=ORIENTED_EDGE('',*,*,#2088,.T.);
#1284=ORIENTED_EDGE('',*,*,#1686,.F.);
#1285=ORIENTED_EDGE('',*,*,#2090,.F.);
#1286=ORIENTED_EDGE('',*,*,#1772,.F.);
#1287=ORIENTED_EDGE('',*,*,#2089,.T.);
#1288=ORIENTED_EDGE('',*,*,#1939,.F.);
#1289=ORIENTED_EDGE('',*,*,#2091,.F.);
#1290=ORIENTED_EDGE('',*,*,#1683,.F.);
#1291=ORIENTED_EDGE('',*,*,#2090,.T.);
#1292=ORIENTED_EDGE('',*,*,#1685,.F.);
#1293=ORIENTED_EDGE('',*,*,#2092,.F.);
#1294=ORIENTED_EDGE('',*,*,#1986,.F.);
#1295=ORIENTED_EDGE('',*,*,#2091,.T.);
#1296=ORIENTED_EDGE('',*,*,#1768,.F.);
#1297=ORIENTED_EDGE('',*,*,#2092,.T.);
#1298=ORIENTED_EDGE('',*,*,#1684,.F.);
#1299=ORIENTED_EDGE('',*,*,#2093,.F.);
#1300=ORIENTED_EDGE('',*,*,#1564,.F.);
#1301=ORIENTED_EDGE('',*,*,#2094,.F.);
#1302=ORIENTED_EDGE('',*,*,#1746,.F.);
#1303=ORIENTED_EDGE('',*,*,#2094,.T.);
#1304=ORIENTED_EDGE('',*,*,#1563,.F.);
#1305=ORIENTED_EDGE('',*,*,#2095,.F.);
#1306=ORIENTED_EDGE('',*,*,#1931,.F.);
#1307=ORIENTED_EDGE('',*,*,#2093,.T.);
#1308=ORIENTED_EDGE('',*,*,#1929,.F.);
#1309=ORIENTED_EDGE('',*,*,#2096,.F.);
#1310=ORIENTED_EDGE('',*,*,#1565,.F.);
#1311=ORIENTED_EDGE('',*,*,#2095,.T.);
#1312=ORIENTED_EDGE('',*,*,#1562,.F.);
#1313=ORIENTED_EDGE('',*,*,#2097,.F.);
#1314=ORIENTED_EDGE('',*,*,#1750,.F.);
#1315=ORIENTED_EDGE('',*,*,#2096,.T.);
#1316=ORIENTED_EDGE('',*,*,#1742,.F.);
#1317=ORIENTED_EDGE('',*,*,#2098,.F.);
#1318=ORIENTED_EDGE('',*,*,#1566,.F.);
#1319=ORIENTED_EDGE('',*,*,#2097,.T.);
#1320=ORIENTED_EDGE('',*,*,#1561,.F.);
#1321=ORIENTED_EDGE('',*,*,#2099,.F.);
#1322=ORIENTED_EDGE('',*,*,#1935,.F.);
#1323=ORIENTED_EDGE('',*,*,#2098,.T.);
#1324=ORIENTED_EDGE('',*,*,#1923,.F.);
#1325=ORIENTED_EDGE('',*,*,#2100,.F.);
#1326=ORIENTED_EDGE('',*,*,#1559,.F.);
#1327=ORIENTED_EDGE('',*,*,#2099,.T.);
#1328=ORIENTED_EDGE('',*,*,#1560,.F.);
#1329=ORIENTED_EDGE('',*,*,#2100,.T.);
#1330=ORIENTED_EDGE('',*,*,#1860,.F.);
#1331=ORIENTED_EDGE('',*,*,#2101,.F.);
#1332=ORIENTED_EDGE('',*,*,#1748,.F.);
#1333=ORIENTED_EDGE('',*,*,#2102,.F.);
#1334=ORIENTED_EDGE('',*,*,#1656,.F.);
#1335=ORIENTED_EDGE('',*,*,#2102,.T.);
#1336=ORIENTED_EDGE('',*,*,#1932,.F.);
#1337=ORIENTED_EDGE('',*,*,#2103,.F.);
#1338=ORIENTED_EDGE('',*,*,#1657,.F.);
#1339=ORIENTED_EDGE('',*,*,#2101,.T.);
#1340=ORIENTED_EDGE('',*,*,#1655,.F.);
#1341=ORIENTED_EDGE('',*,*,#2104,.F.);
#1342=ORIENTED_EDGE('',*,*,#1930,.F.);
#1343=ORIENTED_EDGE('',*,*,#2103,.T.);
#1344=ORIENTED_EDGE('',*,*,#1752,.F.);
#1345=ORIENTED_EDGE('',*,*,#2105,.F.);
#1346=ORIENTED_EDGE('',*,*,#1658,.F.);
#1347=ORIENTED_EDGE('',*,*,#2104,.T.);
#1348=ORIENTED_EDGE('',*,*,#1654,.F.);
#1349=ORIENTED_EDGE('',*,*,#2106,.F.);
#1350=ORIENTED_EDGE('',*,*,#1744,.F.);
#1351=ORIENTED_EDGE('',*,*,#2105,.T.);
#1352=ORIENTED_EDGE('',*,*,#1936,.F.);
#1353=ORIENTED_EDGE('',*,*,#2107,.F.);
#1354=ORIENTED_EDGE('',*,*,#1651,.F.);
#1355=ORIENTED_EDGE('',*,*,#2106,.T.);
#1356=ORIENTED_EDGE('',*,*,#1653,.F.);
#1357=ORIENTED_EDGE('',*,*,#2108,.F.);
#1358=ORIENTED_EDGE('',*,*,#1924,.F.);
#1359=ORIENTED_EDGE('',*,*,#2107,.T.);
#1360=ORIENTED_EDGE('',*,*,#1862,.F.);
#1361=ORIENTED_EDGE('',*,*,#2108,.T.);
#1362=ORIENTED_EDGE('',*,*,#1652,.F.);
#1363=ORIENTED_EDGE('',*,*,#2109,.F.);
#1364=ORIENTED_EDGE('',*,*,#1572,.F.);
#1365=ORIENTED_EDGE('',*,*,#2110,.F.);
#1366=ORIENTED_EDGE('',*,*,#1758,.F.);
#1367=ORIENTED_EDGE('',*,*,#2110,.T.);
#1368=ORIENTED_EDGE('',*,*,#1571,.F.);
#1369=ORIENTED_EDGE('',*,*,#2111,.F.);
#1370=ORIENTED_EDGE('',*,*,#1933,.F.);
#1371=ORIENTED_EDGE('',*,*,#2109,.T.);
#1372=ORIENTED_EDGE('',*,*,#1927,.F.);
#1373=ORIENTED_EDGE('',*,*,#2112,.F.);
#1374=ORIENTED_EDGE('',*,*,#1573,.F.);
#1375=ORIENTED_EDGE('',*,*,#2111,.T.);
#1376=ORIENTED_EDGE('',*,*,#1570,.F.);
#1377=ORIENTED_EDGE('',*,*,#2113,.F.);
#1378=ORIENTED_EDGE('',*,*,#1762,.F.);
#1379=ORIENTED_EDGE('',*,*,#2112,.T.);
#1380=ORIENTED_EDGE('',*,*,#1754,.F.);
#1381=ORIENTED_EDGE('',*,*,#2114,.F.);
#1382=ORIENTED_EDGE('',*,*,#1574,.F.);
#1383=ORIENTED_EDGE('',*,*,#2113,.T.);
#1384=ORIENTED_EDGE('',*,*,#1569,.F.);
#1385=ORIENTED_EDGE('',*,*,#2115,.F.);
#1386=ORIENTED_EDGE('',*,*,#1937,.F.);
#1387=ORIENTED_EDGE('',*,*,#2114,.T.);
#1388=ORIENTED_EDGE('',*,*,#1925,.F.);
#1389=ORIENTED_EDGE('',*,*,#2116,.F.);
#1390=ORIENTED_EDGE('',*,*,#1567,.F.);
#1391=ORIENTED_EDGE('',*,*,#2115,.T.);
#1392=ORIENTED_EDGE('',*,*,#1568,.F.);
#1393=ORIENTED_EDGE('',*,*,#2116,.T.);
#1394=ORIENTED_EDGE('',*,*,#1864,.F.);
#1395=ORIENTED_EDGE('',*,*,#2117,.F.);
#1396=ORIENTED_EDGE('',*,*,#1760,.F.);
#1397=ORIENTED_EDGE('',*,*,#2118,.F.);
#1398=ORIENTED_EDGE('',*,*,#1664,.F.);
#1399=ORIENTED_EDGE('',*,*,#2118,.T.);
#1400=ORIENTED_EDGE('',*,*,#1934,.F.);
#1401=ORIENTED_EDGE('',*,*,#2119,.F.);
#1402=ORIENTED_EDGE('',*,*,#1665,.F.);
#1403=ORIENTED_EDGE('',*,*,#2117,.T.);
#1404=ORIENTED_EDGE('',*,*,#1663,.F.);
#1405=ORIENTED_EDGE('',*,*,#2120,.F.);
#1406=ORIENTED_EDGE('',*,*,#1928,.F.);
#1407=ORIENTED_EDGE('',*,*,#2119,.T.);
#1408=ORIENTED_EDGE('',*,*,#1764,.F.);
#1409=ORIENTED_EDGE('',*,*,#2121,.F.);
#1410=ORIENTED_EDGE('',*,*,#1666,.F.);
#1411=ORIENTED_EDGE('',*,*,#2120,.T.);
#1412=ORIENTED_EDGE('',*,*,#1662,.F.);
#1413=ORIENTED_EDGE('',*,*,#2122,.F.);
#1414=ORIENTED_EDGE('',*,*,#1756,.F.);
#1415=ORIENTED_EDGE('',*,*,#2121,.T.);
#1416=ORIENTED_EDGE('',*,*,#1938,.F.);
#1417=ORIENTED_EDGE('',*,*,#2123,.F.);
#1418=ORIENTED_EDGE('',*,*,#1659,.F.);
#1419=ORIENTED_EDGE('',*,*,#2122,.T.);
#1420=ORIENTED_EDGE('',*,*,#1661,.F.);
#1421=ORIENTED_EDGE('',*,*,#2124,.F.);
#1422=ORIENTED_EDGE('',*,*,#1926,.F.);
#1423=ORIENTED_EDGE('',*,*,#2123,.T.);
#1424=ORIENTED_EDGE('',*,*,#1866,.F.);
#1425=ORIENTED_EDGE('',*,*,#2124,.T.);
#1426=ORIENTED_EDGE('',*,*,#1660,.F.);
#1427=ORIENTED_EDGE('',*,*,#2125,.F.);
#1428=ORIENTED_EDGE('',*,*,#1913,.F.);
#1429=ORIENTED_EDGE('',*,*,#2126,.F.);
#1430=ORIENTED_EDGE('',*,*,#1634,.F.);
#1431=ORIENTED_EDGE('',*,*,#2126,.T.);
#1432=ORIENTED_EDGE('',*,*,#1907,.F.);
#1433=ORIENTED_EDGE('',*,*,#2127,.F.);
#1434=ORIENTED_EDGE('',*,*,#1631,.F.);
#1435=ORIENTED_EDGE('',*,*,#2125,.T.);
#1436=ORIENTED_EDGE('',*,*,#1633,.F.);
#1437=ORIENTED_EDGE('',*,*,#2128,.F.);
#1438=ORIENTED_EDGE('',*,*,#1911,.F.);
#1439=ORIENTED_EDGE('',*,*,#2127,.T.);
#1440=ORIENTED_EDGE('',*,*,#1904,.F.);
#1441=ORIENTED_EDGE('',*,*,#2128,.T.);
#1442=ORIENTED_EDGE('',*,*,#1632,.F.);
#1443=ORIENTED_EDGE('',*,*,#2129,.F.);
#1444=ORIENTED_EDGE('',*,*,#1901,.F.);
#1445=ORIENTED_EDGE('',*,*,#2130,.F.);
#1446=ORIENTED_EDGE('',*,*,#1630,.F.);
#1447=ORIENTED_EDGE('',*,*,#2130,.T.);
#1448=ORIENTED_EDGE('',*,*,#1898,.F.);
#1449=ORIENTED_EDGE('',*,*,#2131,.F.);
#1450=ORIENTED_EDGE('',*,*,#1627,.F.);
#1451=ORIENTED_EDGE('',*,*,#2129,.T.);
#1452=ORIENTED_EDGE('',*,*,#1629,.F.);
#1453=ORIENTED_EDGE('',*,*,#2132,.F.);
#1454=ORIENTED_EDGE('',*,*,#1892,.F.);
#1455=ORIENTED_EDGE('',*,*,#2131,.T.);
#1456=ORIENTED_EDGE('',*,*,#1895,.F.);
#1457=ORIENTED_EDGE('',*,*,#2132,.T.);
#1458=ORIENTED_EDGE('',*,*,#1628,.F.);
#1459=ORIENTED_EDGE('',*,*,#2133,.F.);
#1460=ORIENTED_EDGE('',*,*,#1638,.F.);
#1461=ORIENTED_EDGE('',*,*,#2134,.F.);
#1462=ORIENTED_EDGE('',*,*,#1874,.F.);
#1463=ORIENTED_EDGE('',*,*,#2134,.T.);
#1464=ORIENTED_EDGE('',*,*,#1637,.F.);
#1465=ORIENTED_EDGE('',*,*,#2135,.F.);
#1466=ORIENTED_EDGE('',*,*,#1877,.F.);
#1467=ORIENTED_EDGE('',*,*,#2133,.T.);
#1468=ORIENTED_EDGE('',*,*,#1871,.F.);
#1469=ORIENTED_EDGE('',*,*,#2136,.F.);
#1470=ORIENTED_EDGE('',*,*,#1635,.F.);
#1471=ORIENTED_EDGE('',*,*,#2135,.T.);
#1472=ORIENTED_EDGE('',*,*,#1636,.F.);
#1473=ORIENTED_EDGE('',*,*,#2136,.T.);
#1474=ORIENTED_EDGE('',*,*,#1868,.F.);
#1475=ORIENTED_EDGE('',*,*,#2137,.F.);
#1476=ORIENTED_EDGE('',*,*,#1642,.F.);
#1477=ORIENTED_EDGE('',*,*,#2138,.F.);
#1478=ORIENTED_EDGE('',*,*,#1887,.F.);
#1479=ORIENTED_EDGE('',*,*,#2138,.T.);
#1480=ORIENTED_EDGE('',*,*,#1641,.F.);
#1481=ORIENTED_EDGE('',*,*,#2139,.F.);
#1482=ORIENTED_EDGE('',*,*,#1880,.F.);
#1483=ORIENTED_EDGE('',*,*,#2137,.T.);
#1484=ORIENTED_EDGE('',*,*,#1889,.F.);
#1485=ORIENTED_EDGE('',*,*,#2140,.F.);
#1486=ORIENTED_EDGE('',*,*,#1639,.F.);
#1487=ORIENTED_EDGE('',*,*,#2139,.T.);
#1488=ORIENTED_EDGE('',*,*,#1640,.F.);
#1489=ORIENTED_EDGE('',*,*,#2140,.T.);
#1490=ORIENTED_EDGE('',*,*,#1883,.F.);
#1491=ORIENTED_EDGE('',*,*,#2141,.F.);
#1492=ORIENTED_EDGE('',*,*,#1914,.F.);
#1493=ORIENTED_EDGE('',*,*,#2142,.F.);
#1494=ORIENTED_EDGE('',*,*,#1724,.F.);
#1495=ORIENTED_EDGE('',*,*,#2142,.T.);
#1496=ORIENTED_EDGE('',*,*,#1912,.F.);
#1497=ORIENTED_EDGE('',*,*,#2143,.F.);
#1498=ORIENTED_EDGE('',*,*,#1721,.F.);
#1499=ORIENTED_EDGE('',*,*,#2141,.T.);
#1500=ORIENTED_EDGE('',*,*,#1723,.F.);
#1501=ORIENTED_EDGE('',*,*,#2144,.F.);
#1502=ORIENTED_EDGE('',*,*,#1909,.F.);
#1503=ORIENTED_EDGE('',*,*,#2143,.T.);
#1504=ORIENTED_EDGE('',*,*,#1906,.F.);
#1505=ORIENTED_EDGE('',*,*,#2144,.T.);
#1506=ORIENTED_EDGE('',*,*,#1722,.F.);
#1507=ORIENTED_EDGE('',*,*,#2145,.F.);
#1508=ORIENTED_EDGE('',*,*,#1720,.F.);
#1509=ORIENTED_EDGE('',*,*,#2146,.F.);
#1510=ORIENTED_EDGE('',*,*,#1897,.F.);
#1511=ORIENTED_EDGE('',*,*,#2146,.T.);
#1512=ORIENTED_EDGE('',*,*,#1719,.F.);
#1513=ORIENTED_EDGE('',*,*,#2147,.F.);
#1514=ORIENTED_EDGE('',*,*,#1894,.F.);
#1515=ORIENTED_EDGE('',*,*,#2145,.T.);
#1516=ORIENTED_EDGE('',*,*,#1900,.F.);
#1517=ORIENTED_EDGE('',*,*,#2148,.F.);
#1518=ORIENTED_EDGE('',*,*,#1717,.F.);
#1519=ORIENTED_EDGE('',*,*,#2147,.T.);
#1520=ORIENTED_EDGE('',*,*,#1718,.F.);
#1521=ORIENTED_EDGE('',*,*,#2148,.T.);
#1522=ORIENTED_EDGE('',*,*,#1902,.F.);
#1523=ORIENTED_EDGE('',*,*,#2149,.F.);
#1524=ORIENTED_EDGE('',*,*,#1728,.F.);
#1525=ORIENTED_EDGE('',*,*,#2150,.F.);
#1526=ORIENTED_EDGE('',*,*,#1876,.F.);
#1527=ORIENTED_EDGE('',*,*,#2150,.T.);
#1528=ORIENTED_EDGE('',*,*,#1727,.F.);
#1529=ORIENTED_EDGE('',*,*,#2151,.F.);
#1530=ORIENTED_EDGE('',*,*,#1873,.F.);
#1531=ORIENTED_EDGE('',*,*,#2149,.T.);
#1532=ORIENTED_EDGE('',*,*,#1878,.F.);
#1533=ORIENTED_EDGE('',*,*,#2152,.F.);
#1534=ORIENTED_EDGE('',*,*,#1725,.F.);
#1535=ORIENTED_EDGE('',*,*,#2151,.T.);
#1536=ORIENTED_EDGE('',*,*,#1726,.F.);
#1537=ORIENTED_EDGE('',*,*,#2152,.T.);
#1538=ORIENTED_EDGE('',*,*,#1870,.F.);
#1539=ORIENTED_EDGE('',*,*,#2153,.F.);
#1540=ORIENTED_EDGE('',*,*,#1732,.F.);
#1541=ORIENTED_EDGE('',*,*,#2154,.F.);
#1542=ORIENTED_EDGE('',*,*,#1888,.F.);
#1543=ORIENTED_EDGE('',*,*,#2154,.T.);
#1544=ORIENTED_EDGE('',*,*,#1731,.F.);
#1545=ORIENTED_EDGE('',*,*,#2155,.F.);
#1546=ORIENTED_EDGE('',*,*,#1890,.F.);
#1547=ORIENTED_EDGE('',*,*,#2153,.T.);
#1548=ORIENTED_EDGE('',*,*,#1882,.F.);
#1549=ORIENTED_EDGE('',*,*,#2156,.F.);
#1550=ORIENTED_EDGE('',*,*,#1729,.F.);
#1551=ORIENTED_EDGE('',*,*,#2155,.T.);
#1552=ORIENTED_EDGE('',*,*,#1730,.F.);
#1553=ORIENTED_EDGE('',*,*,#2156,.T.);
#1554=ORIENTED_EDGE('',*,*,#1885,.F.);
#1555=EDGE_CURVE('',#2157,#2158,#2509,.F.);
#1556=EDGE_CURVE('',#2158,#2159,#2510,.T.);
#1557=EDGE_CURVE('',#2159,#2160,#2511,.F.);
#1558=EDGE_CURVE('',#2160,#2157,#2512,.T.);
#1559=EDGE_CURVE('',#2161,#2162,#159,.T.);
#1560=EDGE_CURVE('',#2162,#2163,#2513,.T.);
#1561=EDGE_CURVE('',#2163,#2164,#160,.T.);
#1562=EDGE_CURVE('',#2164,#2165,#2514,.T.);
#1563=EDGE_CURVE('',#2165,#2166,#161,.T.);
#1564=EDGE_CURVE('',#2166,#2167,#2515,.T.);
#1565=EDGE_CURVE('',#2167,#2168,#162,.T.);
#1566=EDGE_CURVE('',#2168,#2161,#2516,.T.);
#1567=EDGE_CURVE('',#2169,#2170,#163,.T.);
#1568=EDGE_CURVE('',#2170,#2171,#2517,.T.);
#1569=EDGE_CURVE('',#2171,#2172,#164,.T.);
#1570=EDGE_CURVE('',#2172,#2173,#2518,.T.);
#1571=EDGE_CURVE('',#2173,#2174,#165,.T.);
#1572=EDGE_CURVE('',#2174,#2175,#2519,.T.);
#1573=EDGE_CURVE('',#2175,#2176,#166,.T.);
#1574=EDGE_CURVE('',#2176,#2169,#2520,.T.);
#1575=EDGE_CURVE('',#2177,#2178,#167,.F.);
#1576=EDGE_CURVE('',#2178,#2179,#2521,.T.);
#1577=EDGE_CURVE('',#2179,#2180,#168,.T.);
#1578=EDGE_CURVE('',#2180,#2181,#169,.F.);
#1579=EDGE_CURVE('',#2181,#2182,#170,.T.);
#1580=EDGE_CURVE('',#2182,#2183,#2522,.T.);
#1581=EDGE_CURVE('',#2183,#2184,#171,.F.);
#1582=EDGE_CURVE('',#2184,#2185,#2523,.T.);
#1583=EDGE_CURVE('',#2185,#2186,#172,.T.);
#1584=EDGE_CURVE('',#2186,#2187,#2524,.T.);
#1585=EDGE_CURVE('',#2187,#2188,#173,.T.);
#1586=EDGE_CURVE('',#2188,#2189,#2525,.T.);
#1587=EDGE_CURVE('',#2189,#2190,#174,.F.);
#1588=EDGE_CURVE('',#2190,#2191,#2526,.T.);
#1589=EDGE_CURVE('',#2191,#2192,#175,.F.);
#1590=EDGE_CURVE('',#2192,#2193,#2527,.T.);
#1591=EDGE_CURVE('',#2193,#2194,#176,.T.);
#1592=EDGE_CURVE('',#2194,#2195,#2528,.T.);
#1593=EDGE_CURVE('',#2195,#2196,#177,.F.);
#1594=EDGE_CURVE('',#2196,#2197,#178,.T.);
#1595=EDGE_CURVE('',#2197,#2198,#179,.F.);
#1596=EDGE_CURVE('',#2198,#2199,#2529,.T.);
#1597=EDGE_CURVE('',#2199,#2200,#180,.T.);
#1598=EDGE_CURVE('',#2200,#2201,#2530,.T.);
#1599=EDGE_CURVE('',#2201,#2202,#181,.F.);
#1600=EDGE_CURVE('',#2202,#2203,#2531,.T.);
#1601=EDGE_CURVE('',#2203,#2204,#182,.F.);
#1602=EDGE_CURVE('',#2204,#2205,#2532,.T.);
#1603=EDGE_CURVE('',#2205,#2206,#183,.T.);
#1604=EDGE_CURVE('',#2206,#2207,#2533,.T.);
#1605=EDGE_CURVE('',#2207,#2208,#184,.T.);
#1606=EDGE_CURVE('',#2208,#2209,#2534,.T.);
#1607=EDGE_CURVE('',#2209,#2210,#185,.F.);
#1608=EDGE_CURVE('',#2210,#2211,#2535,.T.);
#1609=EDGE_CURVE('',#2211,#2212,#186,.T.);
#1610=EDGE_CURVE('',#2212,#2213,#187,.F.);
#1611=EDGE_CURVE('',#2213,#2214,#188,.T.);
#1612=EDGE_CURVE('',#2214,#2215,#2536,.T.);
#1613=EDGE_CURVE('',#2215,#2216,#189,.F.);
#1614=EDGE_CURVE('',#2216,#2217,#2537,.T.);
#1615=EDGE_CURVE('',#2217,#2218,#190,.F.);
#1616=EDGE_CURVE('',#2218,#2219,#2538,.T.);
#1617=EDGE_CURVE('',#2219,#2220,#191,.F.);
#1618=EDGE_CURVE('',#2220,#2221,#2539,.T.);
#1619=EDGE_CURVE('',#2221,#2222,#192,.T.);
#1620=EDGE_CURVE('',#2222,#2223,#2540,.T.);
#1621=EDGE_CURVE('',#2223,#2224,#193,.T.);
#1622=EDGE_CURVE('',#2224,#2225,#2541,.T.);
#1623=EDGE_CURVE('',#2225,#2226,#194,.F.);
#1624=EDGE_CURVE('',#2226,#2227,#2542,.T.);
#1625=EDGE_CURVE('',#2227,#2228,#195,.F.);
#1626=EDGE_CURVE('',#2228,#2177,#2543,.T.);
#1627=EDGE_CURVE('',#2229,#2230,#196,.T.);
#1628=EDGE_CURVE('',#2230,#2231,#2544,.T.);
#1629=EDGE_CURVE('',#2231,#2232,#197,.T.);
#1630=EDGE_CURVE('',#2232,#2229,#2545,.T.);
#1631=EDGE_CURVE('',#2233,#2234,#198,.T.);
#1632=EDGE_CURVE('',#2234,#2235,#2546,.T.);
#1633=EDGE_CURVE('',#2235,#2236,#199,.T.);
#1634=EDGE_CURVE('',#2236,#2233,#2547,.T.);
#1635=EDGE_CURVE('',#2237,#2238,#2548,.T.);
#1636=EDGE_CURVE('',#2238,#2239,#200,.T.);
#1637=EDGE_CURVE('',#2239,#2240,#2549,.T.);
#1638=EDGE_CURVE('',#2240,#2237,#201,.T.);
#1639=EDGE_CURVE('',#2241,#2242,#202,.T.);
#1640=EDGE_CURVE('',#2242,#2243,#2550,.T.);
#1641=EDGE_CURVE('',#2243,#2244,#203,.T.);
#1642=EDGE_CURVE('',#2244,#2241,#2551,.T.);
#1643=EDGE_CURVE('',#2245,#2245,#204,.T.);
#1644=EDGE_CURVE('',#2246,#2246,#205,.T.);
#1645=EDGE_CURVE('',#2247,#2247,#206,.T.);
#1646=EDGE_CURVE('',#2248,#2248,#207,.T.);
#1647=EDGE_CURVE('',#2249,#2249,#208,.T.);
#1648=EDGE_CURVE('',#2250,#2250,#209,.T.);
#1649=EDGE_CURVE('',#2251,#2251,#210,.T.);
#1650=EDGE_CURVE('',#2252,#2252,#211,.T.);
#1651=EDGE_CURVE('',#2253,#2254,#212,.F.);
#1652=EDGE_CURVE('',#2254,#2255,#2552,.T.);
#1653=EDGE_CURVE('',#2255,#2256,#213,.F.);
#1654=EDGE_CURVE('',#2256,#2257,#2553,.T.);
#1655=EDGE_CURVE('',#2257,#2258,#214,.F.);
#1656=EDGE_CURVE('',#2258,#2259,#2554,.T.);
#1657=EDGE_CURVE('',#2259,#2260,#215,.F.);
#1658=EDGE_CURVE('',#2260,#2253,#2555,.T.);
#1659=EDGE_CURVE('',#2261,#2262,#216,.F.);
#1660=EDGE_CURVE('',#2262,#2263,#2556,.T.);
#1661=EDGE_CURVE('',#2263,#2264,#217,.F.);
#1662=EDGE_CURVE('',#2264,#2265,#2557,.T.);
#1663=EDGE_CURVE('',#2265,#2266,#218,.F.);
#1664=EDGE_CURVE('',#2266,#2267,#2558,.T.);
#1665=EDGE_CURVE('',#2267,#2268,#219,.F.);
#1666=EDGE_CURVE('',#2268,#2261,#2559,.T.);
#1667=EDGE_CURVE('',#2269,#2270,#220,.F.);
#1668=EDGE_CURVE('',#2270,#2271,#2560,.T.);
#1669=EDGE_CURVE('',#2271,#2272,#221,.F.);
#1670=EDGE_CURVE('',#2272,#2273,#2561,.T.);
#1671=EDGE_CURVE('',#2273,#2274,#222,.T.);
#1672=EDGE_CURVE('',#2274,#2275,#2562,.T.);
#1673=EDGE_CURVE('',#2275,#2276,#223,.T.);
#1674=EDGE_CURVE('',#2276,#2277,#2563,.T.);
#1675=EDGE_CURVE('',#2277,#2278,#224,.F.);
#1676=EDGE_CURVE('',#2278,#2279,#2564,.T.);
#1677=EDGE_CURVE('',#2279,#2280,#225,.F.);
#1678=EDGE_CURVE('',#2280,#2281,#2565,.T.);
#1679=EDGE_CURVE('',#2281,#2282,#226,.T.);
#1680=EDGE_CURVE('',#2282,#2283,#2566,.T.);
#1681=EDGE_CURVE('',#2283,#2284,#227,.F.);
#1682=EDGE_CURVE('',#2284,#2285,#228,.T.);
#1683=EDGE_CURVE('',#2285,#2286,#229,.F.);
#1684=EDGE_CURVE('',#2286,#2287,#2567,.T.);
#1685=EDGE_CURVE('',#2287,#2288,#230,.T.);
#1686=EDGE_CURVE('',#2288,#2289,#2568,.T.);
#1687=EDGE_CURVE('',#2289,#2290,#231,.T.);
#1688=EDGE_CURVE('',#2290,#2291,#2569,.T.);
#1689=EDGE_CURVE('',#2291,#2292,#232,.T.);
#1690=EDGE_CURVE('',#2292,#2293,#2570,.T.);
#1691=EDGE_CURVE('',#2293,#2294,#233,.F.);
#1692=EDGE_CURVE('',#2294,#2295,#2571,.T.);
#1693=EDGE_CURVE('',#2295,#2296,#234,.F.);
#1694=EDGE_CURVE('',#2296,#2297,#2572,.T.);
#1695=EDGE_CURVE('',#2297,#2298,#235,.T.);
#1696=EDGE_CURVE('',#2298,#2299,#2573,.T.);
#1697=EDGE_CURVE('',#2299,#2300,#236,.T.);
#1698=EDGE_CURVE('',#2300,#2301,#2574,.T.);
#1699=EDGE_CURVE('',#2301,#2302,#237,.T.);
#1700=EDGE_CURVE('',#2302,#2303,#2575,.T.);
#1701=EDGE_CURVE('',#2303,#2304,#238,.F.);
#1702=EDGE_CURVE('',#2304,#2305,#239,.T.);
#1703=EDGE_CURVE('',#2305,#2306,#240,.F.);
#1704=EDGE_CURVE('',#2306,#2307,#2576,.T.);
#1705=EDGE_CURVE('',#2307,#2308,#241,.T.);
#1706=EDGE_CURVE('',#2308,#2309,#2577,.T.);
#1707=EDGE_CURVE('',#2309,#2310,#242,.F.);
#1708=EDGE_CURVE('',#2310,#2311,#2578,.T.);
#1709=EDGE_CURVE('',#2311,#2312,#243,.F.);
#1710=EDGE_CURVE('',#2312,#2313,#2579,.T.);
#1711=EDGE_CURVE('',#2313,#2314,#244,.T.);
#1712=EDGE_CURVE('',#2314,#2315,#2580,.T.);
#1713=EDGE_CURVE('',#2315,#2316,#245,.T.);
#1714=EDGE_CURVE('',#2316,#2317,#2581,.T.);
#1715=EDGE_CURVE('',#2317,#2318,#246,.F.);
#1716=EDGE_CURVE('',#2318,#2269,#2582,.T.);
#1717=EDGE_CURVE('',#2319,#2320,#247,.F.);
#1718=EDGE_CURVE('',#2320,#2321,#2583,.T.);
#1719=EDGE_CURVE('',#2321,#2322,#248,.F.);
#1720=EDGE_CURVE('',#2322,#2319,#2584,.T.);
#1721=EDGE_CURVE('',#2323,#2324,#249,.F.);
#1722=EDGE_CURVE('',#2324,#2325,#2585,.T.);
#1723=EDGE_CURVE('',#2325,#2326,#250,.F.);
#1724=EDGE_CURVE('',#2326,#2323,#2586,.T.);
#1725=EDGE_CURVE('',#2327,#2328,#2587,.T.);
#1726=EDGE_CURVE('',#2328,#2329,#251,.F.);
#1727=EDGE_CURVE('',#2329,#2330,#2588,.T.);
#1728=EDGE_CURVE('',#2330,#2327,#252,.F.);
#1729=EDGE_CURVE('',#2331,#2332,#253,.F.);
#1730=EDGE_CURVE('',#2332,#2333,#2589,.T.);
#1731=EDGE_CURVE('',#2333,#2334,#254,.F.);
#1732=EDGE_CURVE('',#2334,#2331,#2590,.T.);
#1733=EDGE_CURVE('',#2335,#2335,#255,.T.);
#1734=EDGE_CURVE('',#2336,#2336,#256,.T.);
#1735=EDGE_CURVE('',#2337,#2337,#257,.T.);
#1736=EDGE_CURVE('',#2338,#2338,#258,.T.);
#1737=EDGE_CURVE('',#2339,#2339,#259,.T.);
#1738=EDGE_CURVE('',#2340,#2340,#260,.T.);
#1739=EDGE_CURVE('',#2341,#2341,#261,.T.);
#1740=EDGE_CURVE('',#2342,#2342,#262,.T.);
#1741=EDGE_CURVE('',#2343,#2344,#2591,.F.);
#1742=EDGE_CURVE('',#2344,#2345,#2592,.T.);
#1743=EDGE_CURVE('',#2345,#2346,#2593,.T.);
#1744=EDGE_CURVE('',#2346,#2343,#2594,.T.);
#1745=EDGE_CURVE('',#2347,#2348,#2595,.F.);
#1746=EDGE_CURVE('',#2348,#2349,#2596,.T.);
#1747=EDGE_CURVE('',#2349,#2350,#2597,.T.);
#1748=EDGE_CURVE('',#2350,#2347,#2598,.T.);
#1749=EDGE_CURVE('',#2351,#2352,#2599,.F.);
#1750=EDGE_CURVE('',#2352,#2353,#2600,.T.);
#1751=EDGE_CURVE('',#2353,#2354,#2601,.T.);
#1752=EDGE_CURVE('',#2354,#2351,#2602,.T.);
#1753=EDGE_CURVE('',#2355,#2356,#2603,.F.);
#1754=EDGE_CURVE('',#2356,#2357,#2604,.T.);
#1755=EDGE_CURVE('',#2357,#2358,#2605,.T.);
#1756=EDGE_CURVE('',#2358,#2355,#2606,.T.);
#1757=EDGE_CURVE('',#2359,#2360,#2607,.F.);
#1758=EDGE_CURVE('',#2360,#2361,#2608,.T.);
#1759=EDGE_CURVE('',#2361,#2362,#2609,.T.);
#1760=EDGE_CURVE('',#2362,#2359,#2610,.T.);
#1761=EDGE_CURVE('',#2363,#2364,#2611,.F.);
#1762=EDGE_CURVE('',#2364,#2365,#2612,.T.);
#1763=EDGE_CURVE('',#2365,#2366,#2613,.T.);
#1764=EDGE_CURVE('',#2366,#2363,#2614,.T.);
#1765=EDGE_CURVE('',#2367,#2368,#2615,.F.);
#1766=EDGE_CURVE('',#2368,#2369,#2616,.T.);
#1767=EDGE_CURVE('',#2369,#2370,#2617,.T.);
#1768=EDGE_CURVE('',#2370,#2367,#2618,.T.);
#1769=EDGE_CURVE('',#2371,#2372,#2619,.F.);
#1770=EDGE_CURVE('',#2372,#2373,#2620,.T.);
#1771=EDGE_CURVE('',#2373,#2374,#2621,.T.);
#1772=EDGE_CURVE('',#2374,#2371,#2622,.T.);
#1773=EDGE_CURVE('',#2375,#2376,#2623,.F.);
#1774=EDGE_CURVE('',#2376,#2377,#2624,.T.);
#1775=EDGE_CURVE('',#2377,#2378,#2625,.T.);
#1776=EDGE_CURVE('',#2378,#2375,#2626,.T.);
#1777=EDGE_CURVE('',#2379,#2380,#2627,.F.);
#1778=EDGE_CURVE('',#2380,#2381,#2628,.T.);
#1779=EDGE_CURVE('',#2381,#2382,#2629,.T.);
#1780=EDGE_CURVE('',#2382,#2379,#2630,.T.);
#1781=EDGE_CURVE('',#2383,#2384,#2631,.F.);
#1782=EDGE_CURVE('',#2384,#2385,#2632,.T.);
#1783=EDGE_CURVE('',#2385,#2386,#2633,.T.);
#1784=EDGE_CURVE('',#2386,#2383,#2634,.T.);
#1785=EDGE_CURVE('',#2387,#2388,#2635,.F.);
#1786=EDGE_CURVE('',#2388,#2389,#2636,.T.);
#1787=EDGE_CURVE('',#2389,#2390,#2637,.T.);
#1788=EDGE_CURVE('',#2390,#2387,#2638,.T.);
#1789=EDGE_CURVE('',#2391,#2392,#2639,.F.);
#1790=EDGE_CURVE('',#2392,#2393,#2640,.T.);
#1791=EDGE_CURVE('',#2393,#2394,#2641,.T.);
#1792=EDGE_CURVE('',#2394,#2391,#2642,.T.);
#1793=EDGE_CURVE('',#2395,#2396,#2643,.F.);
#1794=EDGE_CURVE('',#2396,#2397,#2644,.T.);
#1795=EDGE_CURVE('',#2397,#2398,#2645,.T.);
#1796=EDGE_CURVE('',#2398,#2395,#2646,.T.);
#1797=EDGE_CURVE('',#2399,#2400,#2647,.T.);
#1798=EDGE_CURVE('',#2400,#2401,#2648,.T.);
#1799=EDGE_CURVE('',#2401,#2402,#2649,.T.);
#1800=EDGE_CURVE('',#2402,#2399,#2650,.T.);
#1801=EDGE_CURVE('',#2403,#2404,#2651,.F.);
#1802=EDGE_CURVE('',#2404,#2405,#2652,.T.);
#1803=EDGE_CURVE('',#2405,#2406,#2653,.T.);
#1804=EDGE_CURVE('',#2406,#2403,#2654,.T.);
#1805=EDGE_CURVE('',#2407,#2408,#2655,.F.);
#1806=EDGE_CURVE('',#2408,#2409,#2656,.T.);
#1807=EDGE_CURVE('',#2409,#2410,#2657,.T.);
#1808=EDGE_CURVE('',#2410,#2407,#2658,.T.);
#1809=EDGE_CURVE('',#2411,#2412,#2659,.F.);
#1810=EDGE_CURVE('',#2412,#2413,#2660,.T.);
#1811=EDGE_CURVE('',#2413,#2414,#2661,.T.);
#1812=EDGE_CURVE('',#2414,#2411,#2662,.T.);
#1813=EDGE_CURVE('',#2415,#2416,#2663,.F.);
#1814=EDGE_CURVE('',#2416,#2417,#2664,.T.);
#1815=EDGE_CURVE('',#2417,#2418,#2665,.T.);
#1816=EDGE_CURVE('',#2418,#2415,#2666,.T.);
#1817=EDGE_CURVE('',#2419,#2420,#2667,.F.);
#1818=EDGE_CURVE('',#2420,#2421,#2668,.T.);
#1819=EDGE_CURVE('',#2421,#2422,#2669,.T.);
#1820=EDGE_CURVE('',#2422,#2419,#2670,.T.);
#1821=EDGE_CURVE('',#2423,#2424,#2671,.F.);
#1822=EDGE_CURVE('',#2424,#2425,#2672,.T.);
#1823=EDGE_CURVE('',#2425,#2426,#2673,.T.);
#1824=EDGE_CURVE('',#2426,#2427,#153,.T.);
#1825=EDGE_CURVE('',#2427,#2423,#2674,.T.);
#1826=EDGE_CURVE('',#2428,#2429,#2675,.F.);
#1827=EDGE_CURVE('',#2429,#2430,#263,.F.);
#1828=EDGE_CURVE('',#2430,#2431,#2676,.T.);
#1829=EDGE_CURVE('',#2431,#2428,#264,.T.);
#1830=EDGE_CURVE('',#2432,#2433,#2677,.T.);
#1831=EDGE_CURVE('',#2433,#2434,#2678,.T.);
#1832=EDGE_CURVE('',#2434,#2435,#154,.T.);
#1833=EDGE_CURVE('',#2435,#2436,#2679,.F.);
#1834=EDGE_CURVE('',#2436,#2432,#2680,.T.);
#1835=EDGE_CURVE('',#2437,#2438,#2681,.T.);
#1836=EDGE_CURVE('',#2438,#2439,#2682,.T.);
#1837=EDGE_CURVE('',#2439,#2440,#2683,.F.);
#1838=EDGE_CURVE('',#2440,#2437,#2684,.T.);
#1839=EDGE_CURVE('',#2441,#2442,#2685,.T.);
#1840=EDGE_CURVE('',#2442,#2443,#2686,.T.);
#1841=EDGE_CURVE('',#2443,#2444,#2687,.F.);
#1842=EDGE_CURVE('',#2444,#2441,#2688,.T.);
#1843=EDGE_CURVE('',#2445,#2446,#2689,.T.);
#1844=EDGE_CURVE('',#2446,#2447,#2690,.T.);
#1845=EDGE_CURVE('',#2447,#2448,#2691,.F.);
#1846=EDGE_CURVE('',#2448,#2445,#2692,.T.);
#1847=EDGE_CURVE('',#2449,#2450,#2693,.T.);
#1848=EDGE_CURVE('',#2450,#2451,#2694,.T.);
#1849=EDGE_CURVE('',#2451,#2452,#2695,.F.);
#1850=EDGE_CURVE('',#2452,#2449,#2696,.T.);
#1851=EDGE_CURVE('',#2453,#2454,#2697,.T.);
#1852=EDGE_CURVE('',#2454,#2455,#2698,.T.);
#1853=EDGE_CURVE('',#2455,#2456,#2699,.F.);
#1854=EDGE_CURVE('',#2456,#2453,#2700,.T.);
#1855=EDGE_CURVE('',#2457,#2458,#2701,.T.);
#1856=EDGE_CURVE('',#2458,#2459,#2702,.T.);
#1857=EDGE_CURVE('',#2459,#2460,#2703,.F.);
#1858=EDGE_CURVE('',#2460,#2457,#2704,.T.);
#1859=EDGE_CURVE('',#2461,#2462,#2705,.F.);
#1860=EDGE_CURVE('',#2462,#2463,#2706,.T.);
#1861=EDGE_CURVE('',#2463,#2464,#2707,.T.);
#1862=EDGE_CURVE('',#2464,#2461,#2708,.T.);
#1863=EDGE_CURVE('',#2465,#2466,#2709,.F.);
#1864=EDGE_CURVE('',#2466,#2467,#2710,.T.);
#1865=EDGE_CURVE('',#2467,#2468,#2711,.T.);
#1866=EDGE_CURVE('',#2468,#2465,#2712,.T.);
#1867=EDGE_CURVE('',#2469,#2470,#2713,.T.);
#1868=EDGE_CURVE('',#2469,#2471,#265,.F.);
#1869=EDGE_CURVE('',#2471,#2472,#2714,.T.);
#1870=EDGE_CURVE('',#2472,#2470,#266,.T.);
#1871=EDGE_CURVE('',#2471,#2473,#2715,.T.);
#1872=EDGE_CURVE('',#2473,#2474,#2716,.T.);
#1873=EDGE_CURVE('',#2474,#2472,#2717,.T.);
#1874=EDGE_CURVE('',#2473,#2475,#267,.F.);
#1875=EDGE_CURVE('',#2475,#2476,#2718,.T.);
#1876=EDGE_CURVE('',#2476,#2474,#268,.T.);
#1877=EDGE_CURVE('',#2475,#2469,#2719,.T.);
#1878=EDGE_CURVE('',#2470,#2476,#2720,.T.);
#1879=EDGE_CURVE('',#2477,#2478,#2721,.T.);
#1880=EDGE_CURVE('',#2477,#2479,#269,.F.);
#1881=EDGE_CURVE('',#2479,#2480,#2722,.T.);
#1882=EDGE_CURVE('',#2480,#2478,#270,.T.);
#1883=EDGE_CURVE('',#2479,#2481,#2723,.T.);
#1884=EDGE_CURVE('',#2481,#2482,#2724,.T.);
#1885=EDGE_CURVE('',#2482,#2480,#2725,.T.);
#1886=EDGE_CURVE('',#2483,#2484,#2726,.T.);
#1887=EDGE_CURVE('',#2483,#2477,#2727,.T.);
#1888=EDGE_CURVE('',#2478,#2484,#2728,.T.);
#1889=EDGE_CURVE('',#2481,#2483,#271,.F.);
#1890=EDGE_CURVE('',#2484,#2482,#272,.T.);
#1891=EDGE_CURVE('',#2485,#2486,#2729,.T.);
#1892=EDGE_CURVE('',#2485,#2487,#273,.F.);
#1893=EDGE_CURVE('',#2487,#2488,#2730,.T.);
#1894=EDGE_CURVE('',#2488,#2486,#274,.T.);
#1895=EDGE_CURVE('',#2487,#2489,#2731,.T.);
#1896=EDGE_CURVE('',#2489,#2490,#2732,.T.);
#1897=EDGE_CURVE('',#2490,#2488,#2733,.T.);
#1898=EDGE_CURVE('',#2489,#2491,#275,.F.);
#1899=EDGE_CURVE('',#2491,#2492,#2734,.T.);
#1900=EDGE_CURVE('',#2492,#2490,#276,.T.);
#1901=EDGE_CURVE('',#2491,#2485,#2735,.T.);
#1902=EDGE_CURVE('',#2486,#2492,#2736,.T.);
#1903=EDGE_CURVE('',#2493,#2494,#2737,.T.);
#1904=EDGE_CURVE('',#2493,#2495,#2738,.T.);
#1905=EDGE_CURVE('',#2495,#2496,#2739,.T.);
#1906=EDGE_CURVE('',#2496,#2494,#2740,.T.);
#1907=EDGE_CURVE('',#2495,#2497,#277,.F.);
#1908=EDGE_CURVE('',#2497,#2498,#2741,.T.);
#1909=EDGE_CURVE('',#2498,#2496,#278,.T.);
#1910=EDGE_CURVE('',#2499,#2500,#2742,.T.);
#1911=EDGE_CURVE('',#2499,#2493,#279,.F.);
#1912=EDGE_CURVE('',#2494,#2500,#280,.T.);
#1913=EDGE_CURVE('',#2497,#2499,#2743,.T.);
#1914=EDGE_CURVE('',#2500,#2498,#2744,.T.);
#1915=EDGE_CURVE('',#2501,#2502,#2745,.F.);
#1916=EDGE_CURVE('',#2502,#2503,#281,.T.);
#1917=EDGE_CURVE('',#2503,#2504,#2746,.T.);
#1918=EDGE_CURVE('',#2504,#2501,#282,.F.);
#1919=EDGE_CURVE('',#2505,#2506,#2747,.T.);
#1920=EDGE_CURVE('',#2506,#2507,#283,.F.);
#1921=EDGE_CURVE('',#2507,#2508,#2748,.F.);
#1922=EDGE_CURVE('',#2508,#2505,#284,.T.);
#1923=EDGE_CURVE('',#2463,#2344,#285,.F.);
#1924=EDGE_CURVE('',#2343,#2464,#286,.T.);
#1925=EDGE_CURVE('',#2467,#2356,#287,.F.);
#1926=EDGE_CURVE('',#2355,#2468,#288,.T.);
#1927=EDGE_CURVE('',#2357,#2360,#289,.F.);
#1928=EDGE_CURVE('',#2359,#2358,#290,.T.);
#1929=EDGE_CURVE('',#2345,#2348,#291,.F.);
#1930=EDGE_CURVE('',#2347,#2346,#292,.T.);
#1931=EDGE_CURVE('',#2349,#2352,#293,.F.);
#1932=EDGE_CURVE('',#2351,#2350,#294,.T.);
#1933=EDGE_CURVE('',#2361,#2364,#295,.F.);
#1934=EDGE_CURVE('',#2363,#2362,#296,.T.);
#1935=EDGE_CURVE('',#2353,#2462,#297,.F.);
#1936=EDGE_CURVE('',#2461,#2354,#298,.T.);
#1937=EDGE_CURVE('',#2365,#2466,#299,.F.);
#1938=EDGE_CURVE('',#2465,#2366,#300,.T.);
#1939=EDGE_CURVE('',#2367,#2506,#301,.T.);
#1940=EDGE_CURVE('',#2505,#2368,#302,.F.);
#1941=EDGE_CURVE('',#2507,#2458,#303,.T.);
#1942=EDGE_CURVE('',#2457,#2508,#304,.F.);
#1943=EDGE_CURVE('',#2503,#2400,#305,.F.);
#1944=EDGE_CURVE('',#2399,#2504,#306,.T.);
#1945=EDGE_CURVE('',#2159,#2502,#307,.F.);
#1946=EDGE_CURVE('',#2501,#2160,#308,.T.);
#1947=EDGE_CURVE('',#2421,#2424,#309,.F.);
#1948=EDGE_CURVE('',#2423,#2422,#310,.T.);
#1949=EDGE_CURVE('',#2439,#2433,#311,.T.);
#1950=EDGE_CURVE('',#2432,#2440,#312,.F.);
#1951=EDGE_CURVE('',#2455,#2450,#313,.T.);
#1952=EDGE_CURVE('',#2449,#2456,#314,.F.);
#1953=EDGE_CURVE('',#2451,#2446,#315,.T.);
#1954=EDGE_CURVE('',#2445,#2452,#316,.F.);
#1955=EDGE_CURVE('',#2405,#2408,#317,.F.);
#1956=EDGE_CURVE('',#2407,#2406,#318,.T.);
#1957=EDGE_CURVE('',#2409,#2412,#319,.F.);
#1958=EDGE_CURVE('',#2411,#2410,#320,.T.);
#1959=EDGE_CURVE('',#2381,#2384,#321,.F.);
#1960=EDGE_CURVE('',#2383,#2382,#322,.T.);
#1961=EDGE_CURVE('',#2385,#2388,#323,.F.);
#1962=EDGE_CURVE('',#2387,#2386,#324,.T.);
#1963=EDGE_CURVE('',#2443,#2438,#325,.F.);
#1964=EDGE_CURVE('',#2437,#2444,#326,.T.);
#1965=EDGE_CURVE('',#2417,#2420,#327,.T.);
#1966=EDGE_CURVE('',#2419,#2418,#328,.F.);
#1967=EDGE_CURVE('',#2413,#2416,#329,.T.);
#1968=EDGE_CURVE('',#2415,#2414,#330,.F.);
#1969=EDGE_CURVE('',#2401,#2404,#331,.T.);
#1970=EDGE_CURVE('',#2403,#2402,#332,.F.);
#1971=EDGE_CURVE('',#2447,#2442,#333,.F.);
#1972=EDGE_CURVE('',#2441,#2448,#334,.T.);
#1973=EDGE_CURVE('',#2459,#2454,#335,.F.);
#1974=EDGE_CURVE('',#2453,#2460,#336,.T.);
#1975=EDGE_CURVE('',#2397,#2158,#337,.T.);
#1976=EDGE_CURVE('',#2157,#2398,#338,.F.);
#1977=EDGE_CURVE('',#2393,#2396,#339,.T.);
#1978=EDGE_CURVE('',#2395,#2394,#340,.F.);
#1979=EDGE_CURVE('',#2389,#2392,#341,.T.);
#1980=EDGE_CURVE('',#2391,#2390,#342,.F.);
#1981=EDGE_CURVE('',#2377,#2380,#343,.T.);
#1982=EDGE_CURVE('',#2379,#2378,#344,.F.);
#1983=EDGE_CURVE('',#2373,#2376,#345,.T.);
#1984=EDGE_CURVE('',#2375,#2374,#346,.F.);
#1985=EDGE_CURVE('',#2369,#2372,#347,.T.);
#1986=EDGE_CURVE('',#2371,#2370,#348,.F.);
#1987=EDGE_CURVE('',#2434,#2270,#155,.T.);
#1988=EDGE_CURVE('',#2269,#2427,#156,.T.);
#1989=EDGE_CURVE('',#2426,#2428,#157,.T.);
#1990=EDGE_CURVE('',#2431,#2435,#158,.T.);
#1991=EDGE_CURVE('',#2425,#2429,#349,.T.);
#1992=EDGE_CURVE('',#2430,#2436,#350,.T.);
#1993=EDGE_CURVE('',#2205,#2412,#2749,.T.);
#1994=EDGE_CURVE('',#2413,#2204,#2750,.T.);
#1995=EDGE_CURVE('',#2416,#2203,#2751,.T.);
#1996=EDGE_CURVE('',#2206,#2409,#2752,.T.);
#1997=EDGE_CURVE('',#2417,#2202,#2753,.T.);
#1998=EDGE_CURVE('',#2207,#2408,#2754,.T.);
#1999=EDGE_CURVE('',#2420,#2201,#2755,.T.);
#2000=EDGE_CURVE('',#2208,#2405,#2756,.T.);
#2001=EDGE_CURVE('',#2421,#2200,#2757,.T.);
#2002=EDGE_CURVE('',#2209,#2404,#2758,.T.);
#2003=EDGE_CURVE('',#2424,#2199,#2759,.T.);
#2004=EDGE_CURVE('',#2210,#2401,#2760,.T.);
#2005=EDGE_CURVE('',#2425,#2198,#2761,.T.);
#2006=EDGE_CURVE('',#2211,#2400,#2762,.T.);
#2007=EDGE_CURVE('',#2429,#2197,#2763,.T.);
#2008=EDGE_CURVE('',#2212,#2503,#2764,.T.);
#2009=EDGE_CURVE('',#2430,#2196,#2765,.T.);
#2010=EDGE_CURVE('',#2213,#2502,#2766,.T.);
#2011=EDGE_CURVE('',#2436,#2195,#2767,.T.);
#2012=EDGE_CURVE('',#2214,#2159,#2768,.T.);
#2013=EDGE_CURVE('',#2432,#2194,#2769,.T.);
#2014=EDGE_CURVE('',#2215,#2158,#2770,.T.);
#2015=EDGE_CURVE('',#2440,#2193,#2771,.T.);
#2016=EDGE_CURVE('',#2216,#2397,#2772,.T.);
#2017=EDGE_CURVE('',#2437,#2192,#2773,.T.);
#2018=EDGE_CURVE('',#2217,#2396,#2774,.T.);
#2019=EDGE_CURVE('',#2444,#2191,#2775,.T.);
#2020=EDGE_CURVE('',#2218,#2393,#2776,.T.);
#2021=EDGE_CURVE('',#2441,#2190,#2777,.T.);
#2022=EDGE_CURVE('',#2219,#2392,#2778,.T.);
#2023=EDGE_CURVE('',#2448,#2189,#2779,.T.);
#2024=EDGE_CURVE('',#2220,#2389,#2780,.T.);
#2025=EDGE_CURVE('',#2445,#2188,#2781,.T.);
#2026=EDGE_CURVE('',#2221,#2388,#2782,.T.);
#2027=EDGE_CURVE('',#2452,#2187,#2783,.T.);
#2028=EDGE_CURVE('',#2222,#2385,#2784,.T.);
#2029=EDGE_CURVE('',#2449,#2186,#2785,.T.);
#2030=EDGE_CURVE('',#2223,#2384,#2786,.T.);
#2031=EDGE_CURVE('',#2456,#2185,#2787,.T.);
#2032=EDGE_CURVE('',#2224,#2381,#2788,.T.);
#2033=EDGE_CURVE('',#2453,#2184,#2789,.T.);
#2034=EDGE_CURVE('',#2225,#2380,#2790,.T.);
#2035=EDGE_CURVE('',#2460,#2183,#2791,.T.);
#2036=EDGE_CURVE('',#2226,#2377,#2792,.T.);
#2037=EDGE_CURVE('',#2457,#2182,#2793,.T.);
#2038=EDGE_CURVE('',#2227,#2376,#2794,.T.);
#2039=EDGE_CURVE('',#2508,#2181,#2795,.T.);
#2040=EDGE_CURVE('',#2228,#2373,#2796,.T.);
#2041=EDGE_CURVE('',#2505,#2180,#2797,.T.);
#2042=EDGE_CURVE('',#2177,#2372,#2798,.T.);
#2043=EDGE_CURVE('',#2368,#2179,#2799,.T.);
#2044=EDGE_CURVE('',#2178,#2369,#2800,.T.);
#2045=EDGE_CURVE('',#2423,#2318,#2801,.T.);
#2046=EDGE_CURVE('',#2422,#2317,#2802,.T.);
#2047=EDGE_CURVE('',#2419,#2316,#2803,.T.);
#2048=EDGE_CURVE('',#2418,#2315,#2804,.T.);
#2049=EDGE_CURVE('',#2415,#2314,#2805,.T.);
#2050=EDGE_CURVE('',#2414,#2313,#2806,.T.);
#2051=EDGE_CURVE('',#2411,#2312,#2807,.T.);
#2052=EDGE_CURVE('',#2410,#2311,#2808,.T.);
#2053=EDGE_CURVE('',#2407,#2310,#2809,.T.);
#2054=EDGE_CURVE('',#2406,#2309,#2810,.T.);
#2055=EDGE_CURVE('',#2403,#2308,#2811,.T.);
#2056=EDGE_CURVE('',#2402,#2307,#2812,.T.);
#2057=EDGE_CURVE('',#2399,#2306,#2813,.T.);
#2058=EDGE_CURVE('',#2504,#2305,#2814,.T.);
#2059=EDGE_CURVE('',#2501,#2304,#2815,.T.);
#2060=EDGE_CURVE('',#2160,#2303,#2816,.T.);
#2061=EDGE_CURVE('',#2271,#2433,#2817,.T.);
#2062=EDGE_CURVE('',#2157,#2302,#2818,.T.);
#2063=EDGE_CURVE('',#2272,#2439,#2819,.T.);
#2064=EDGE_CURVE('',#2398,#2301,#2820,.T.);
#2065=EDGE_CURVE('',#2273,#2438,#2821,.T.);
#2066=EDGE_CURVE('',#2395,#2300,#2822,.T.);
#2067=EDGE_CURVE('',#2274,#2443,#2823,.T.);
#2068=EDGE_CURVE('',#2394,#2299,#2824,.T.);
#2069=EDGE_CURVE('',#2275,#2442,#2825,.T.);
#2070=EDGE_CURVE('',#2391,#2298,#2826,.T.);
#2071=EDGE_CURVE('',#2276,#2447,#2827,.T.);
#2072=EDGE_CURVE('',#2390,#2297,#2828,.T.);
#2073=EDGE_CURVE('',#2277,#2446,#2829,.T.);
#2074=EDGE_CURVE('',#2387,#2296,#2830,.T.);
#2075=EDGE_CURVE('',#2278,#2451,#2831,.T.);
#2076=EDGE_CURVE('',#2386,#2295,#2832,.T.);
#2077=EDGE_CURVE('',#2279,#2450,#2833,.T.);
#2078=EDGE_CURVE('',#2383,#2294,#2834,.T.);
#2079=EDGE_CURVE('',#2280,#2455,#2835,.T.);
#2080=EDGE_CURVE('',#2382,#2293,#2836,.T.);
#2081=EDGE_CURVE('',#2281,#2454,#2837,.T.);
#2082=EDGE_CURVE('',#2379,#2292,#2838,.T.);
#2083=EDGE_CURVE('',#2282,#2459,#2839,.T.);
#2084=EDGE_CURVE('',#2378,#2291,#2840,.T.);
#2085=EDGE_CURVE('',#2283,#2458,#2841,.T.);
#2086=EDGE_CURVE('',#2375,#2290,#2842,.T.);
#2087=EDGE_CURVE('',#2284,#2507,#2843,.T.);
#2088=EDGE_CURVE('',#2374,#2289,#2844,.T.);
#2089=EDGE_CURVE('',#2285,#2506,#2845,.T.);
#2090=EDGE_CURVE('',#2371,#2288,#2846,.T.);
#2091=EDGE_CURVE('',#2286,#2367,#2847,.T.);
#2092=EDGE_CURVE('',#2370,#2287,#2848,.T.);
#2093=EDGE_CURVE('',#2167,#2348,#2849,.T.);
#2094=EDGE_CURVE('',#2349,#2166,#2850,.T.);
#2095=EDGE_CURVE('',#2352,#2165,#2851,.T.);
#2096=EDGE_CURVE('',#2168,#2345,#2852,.T.);
#2097=EDGE_CURVE('',#2353,#2164,#2853,.T.);
#2098=EDGE_CURVE('',#2161,#2344,#2854,.T.);
#2099=EDGE_CURVE('',#2462,#2163,#2855,.T.);
#2100=EDGE_CURVE('',#2162,#2463,#2856,.T.);
#2101=EDGE_CURVE('',#2347,#2258,#2857,.T.);
#2102=EDGE_CURVE('',#2259,#2350,#2858,.T.);
#2103=EDGE_CURVE('',#2260,#2351,#2859,.T.);
#2104=EDGE_CURVE('',#2346,#2257,#2860,.T.);
#2105=EDGE_CURVE('',#2253,#2354,#2861,.T.);
#2106=EDGE_CURVE('',#2343,#2256,#2862,.T.);
#2107=EDGE_CURVE('',#2254,#2461,#2863,.T.);
#2108=EDGE_CURVE('',#2464,#2255,#2864,.T.);
#2109=EDGE_CURVE('',#2175,#2360,#2865,.T.);
#2110=EDGE_CURVE('',#2361,#2174,#2866,.T.);
#2111=EDGE_CURVE('',#2364,#2173,#2867,.T.);
#2112=EDGE_CURVE('',#2176,#2357,#2868,.T.);
#2113=EDGE_CURVE('',#2365,#2172,#2869,.T.);
#2114=EDGE_CURVE('',#2169,#2356,#2870,.T.);
#2115=EDGE_CURVE('',#2466,#2171,#2871,.T.);
#2116=EDGE_CURVE('',#2170,#2467,#2872,.T.);
#2117=EDGE_CURVE('',#2359,#2266,#2873,.T.);
#2118=EDGE_CURVE('',#2267,#2362,#2874,.T.);
#2119=EDGE_CURVE('',#2268,#2363,#2875,.T.);
#2120=EDGE_CURVE('',#2358,#2265,#2876,.T.);
#2121=EDGE_CURVE('',#2261,#2366,#2877,.T.);
#2122=EDGE_CURVE('',#2355,#2264,#2878,.T.);
#2123=EDGE_CURVE('',#2262,#2465,#2879,.T.);
#2124=EDGE_CURVE('',#2468,#2263,#2880,.T.);
#2125=EDGE_CURVE('',#2499,#2236,#2881,.T.);
#2126=EDGE_CURVE('',#2233,#2497,#2882,.T.);
#2127=EDGE_CURVE('',#2234,#2495,#2883,.T.);
#2128=EDGE_CURVE('',#2493,#2235,#2884,.T.);
#2129=EDGE_CURVE('',#2485,#2232,#2885,.T.);
#2130=EDGE_CURVE('',#2229,#2491,#2886,.T.);
#2131=EDGE_CURVE('',#2230,#2489,#2887,.T.);
#2132=EDGE_CURVE('',#2487,#2231,#2888,.T.);
#2133=EDGE_CURVE('',#2237,#2473,#2889,.T.);
#2134=EDGE_CURVE('',#2475,#2240,#2890,.T.);
#2135=EDGE_CURVE('',#2469,#2239,#2891,.T.);
#2136=EDGE_CURVE('',#2238,#2471,#2892,.T.);
#2137=EDGE_CURVE('',#2241,#2483,#2893,.T.);
#2138=EDGE_CURVE('',#2477,#2244,#2894,.T.);
#2139=EDGE_CURVE('',#2479,#2243,#2895,.T.);
#2140=EDGE_CURVE('',#2242,#2481,#2896,.T.);
#2141=EDGE_CURVE('',#2498,#2326,#2897,.T.);
#2142=EDGE_CURVE('',#2323,#2500,#2898,.T.);
#2143=EDGE_CURVE('',#2324,#2494,#2899,.T.);
#2144=EDGE_CURVE('',#2496,#2325,#2900,.T.);
#2145=EDGE_CURVE('',#2319,#2490,#2901,.T.);
#2146=EDGE_CURVE('',#2488,#2322,#2902,.T.);
#2147=EDGE_CURVE('',#2486,#2321,#2903,.T.);
#2148=EDGE_CURVE('',#2320,#2492,#2904,.T.);
#2149=EDGE_CURVE('',#2327,#2476,#2905,.T.);
#2150=EDGE_CURVE('',#2474,#2330,#2906,.T.);
#2151=EDGE_CURVE('',#2472,#2329,#2907,.T.);
#2152=EDGE_CURVE('',#2328,#2470,#2908,.T.);
#2153=EDGE_CURVE('',#2331,#2478,#2909,.T.);
#2154=EDGE_CURVE('',#2484,#2334,#2910,.T.);
#2155=EDGE_CURVE('',#2482,#2333,#2911,.T.);
#2156=EDGE_CURVE('',#2332,#2480,#2912,.T.);
#2157=VERTEX_POINT('',#6066);
#2158=VERTEX_POINT('',#6067);
#2159=VERTEX_POINT('',#6069);
#2160=VERTEX_POINT('',#6071);
#2161=VERTEX_POINT('',#6075);
#2162=VERTEX_POINT('',#6076);
#2163=VERTEX_POINT('',#6078);
#2164=VERTEX_POINT('',#6080);
#2165=VERTEX_POINT('',#6082);
#2166=VERTEX_POINT('',#6084);
#2167=VERTEX_POINT('',#6086);
#2168=VERTEX_POINT('',#6088);
#2169=VERTEX_POINT('',#6091);
#2170=VERTEX_POINT('',#6092);
#2171=VERTEX_POINT('',#6094);
#2172=VERTEX_POINT('',#6096);
#2173=VERTEX_POINT('',#6098);
#2174=VERTEX_POINT('',#6100);
#2175=VERTEX_POINT('',#6102);
#2176=VERTEX_POINT('',#6104);
#2177=VERTEX_POINT('',#6107);
#2178=VERTEX_POINT('',#6108);
#2179=VERTEX_POINT('',#6110);
#2180=VERTEX_POINT('',#6112);
#2181=VERTEX_POINT('',#6114);
#2182=VERTEX_POINT('',#6116);
#2183=VERTEX_POINT('',#6118);
#2184=VERTEX_POINT('',#6120);
#2185=VERTEX_POINT('',#6122);
#2186=VERTEX_POINT('',#6124);
#2187=VERTEX_POINT('',#6126);
#2188=VERTEX_POINT('',#6128);
#2189=VERTEX_POINT('',#6130);
#2190=VERTEX_POINT('',#6132);
#2191=VERTEX_POINT('',#6134);
#2192=VERTEX_POINT('',#6136);
#2193=VERTEX_POINT('',#6138);
#2194=VERTEX_POINT('',#6140);
#2195=VERTEX_POINT('',#6142);
#2196=VERTEX_POINT('',#6144);
#2197=VERTEX_POINT('',#6146);
#2198=VERTEX_POINT('',#6148);
#2199=VERTEX_POINT('',#6150);
#2200=VERTEX_POINT('',#6152);
#2201=VERTEX_POINT('',#6154);
#2202=VERTEX_POINT('',#6156);
#2203=VERTEX_POINT('',#6158);
#2204=VERTEX_POINT('',#6160);
#2205=VERTEX_POINT('',#6162);
#2206=VERTEX_POINT('',#6164);
#2207=VERTEX_POINT('',#6166);
#2208=VERTEX_POINT('',#6168);
#2209=VERTEX_POINT('',#6170);
#2210=VERTEX_POINT('',#6172);
#2211=VERTEX_POINT('',#6174);
#2212=VERTEX_POINT('',#6176);
#2213=VERTEX_POINT('',#6178);
#2214=VERTEX_POINT('',#6180);
#2215=VERTEX_POINT('',#6182);
#2216=VERTEX_POINT('',#6184);
#2217=VERTEX_POINT('',#6186);
#2218=VERTEX_POINT('',#6188);
#2219=VERTEX_POINT('',#6190);
#2220=VERTEX_POINT('',#6192);
#2221=VERTEX_POINT('',#6194);
#2222=VERTEX_POINT('',#6196);
#2223=VERTEX_POINT('',#6198);
#2224=VERTEX_POINT('',#6200);
#2225=VERTEX_POINT('',#6202);
#2226=VERTEX_POINT('',#6204);
#2227=VERTEX_POINT('',#6206);
#2228=VERTEX_POINT('',#6208);
#2229=VERTEX_POINT('',#6211);
#2230=VERTEX_POINT('',#6212);
#2231=VERTEX_POINT('',#6214);
#2232=VERTEX_POINT('',#6216);
#2233=VERTEX_POINT('',#6219);
#2234=VERTEX_POINT('',#6220);
#2235=VERTEX_POINT('',#6222);
#2236=VERTEX_POINT('',#6224);
#2237=VERTEX_POINT('',#6227);
#2238=VERTEX_POINT('',#6228);
#2239=VERTEX_POINT('',#6230);
#2240=VERTEX_POINT('',#6232);
#2241=VERTEX_POINT('',#6235);
#2242=VERTEX_POINT('',#6236);
#2243=VERTEX_POINT('',#6238);
#2244=VERTEX_POINT('',#6240);
#2245=VERTEX_POINT('',#6243);
#2246=VERTEX_POINT('',#6245);
#2247=VERTEX_POINT('',#6247);
#2248=VERTEX_POINT('',#6249);
#2249=VERTEX_POINT('',#6251);
#2250=VERTEX_POINT('',#6253);
#2251=VERTEX_POINT('',#6255);
#2252=VERTEX_POINT('',#6257);
#2253=VERTEX_POINT('',#6260);
#2254=VERTEX_POINT('',#6261);
#2255=VERTEX_POINT('',#6263);
#2256=VERTEX_POINT('',#6265);
#2257=VERTEX_POINT('',#6267);
#2258=VERTEX_POINT('',#6269);
#2259=VERTEX_POINT('',#6271);
#2260=VERTEX_POINT('',#6273);
#2261=VERTEX_POINT('',#6276);
#2262=VERTEX_POINT('',#6277);
#2263=VERTEX_POINT('',#6279);
#2264=VERTEX_POINT('',#6281);
#2265=VERTEX_POINT('',#6283);
#2266=VERTEX_POINT('',#6285);
#2267=VERTEX_POINT('',#6287);
#2268=VERTEX_POINT('',#6289);
#2269=VERTEX_POINT('',#6292);
#2270=VERTEX_POINT('',#6293);
#2271=VERTEX_POINT('',#6295);
#2272=VERTEX_POINT('',#6297);
#2273=VERTEX_POINT('',#6299);
#2274=VERTEX_POINT('',#6301);
#2275=VERTEX_POINT('',#6303);
#2276=VERTEX_POINT('',#6305);
#2277=VERTEX_POINT('',#6307);
#2278=VERTEX_POINT('',#6309);
#2279=VERTEX_POINT('',#6311);
#2280=VERTEX_POINT('',#6313);
#2281=VERTEX_POINT('',#6315);
#2282=VERTEX_POINT('',#6317);
#2283=VERTEX_POINT('',#6319);
#2284=VERTEX_POINT('',#6321);
#2285=VERTEX_POINT('',#6323);
#2286=VERTEX_POINT('',#6325);
#2287=VERTEX_POINT('',#6327);
#2288=VERTEX_POINT('',#6329);
#2289=VERTEX_POINT('',#6331);
#2290=VERTEX_POINT('',#6333);
#2291=VERTEX_POINT('',#6335);
#2292=VERTEX_POINT('',#6337);
#2293=VERTEX_POINT('',#6339);
#2294=VERTEX_POINT('',#6341);
#2295=VERTEX_POINT('',#6343);
#2296=VERTEX_POINT('',#6345);
#2297=VERTEX_POINT('',#6347);
#2298=VERTEX_POINT('',#6349);
#2299=VERTEX_POINT('',#6351);
#2300=VERTEX_POINT('',#6353);
#2301=VERTEX_POINT('',#6355);
#2302=VERTEX_POINT('',#6357);
#2303=VERTEX_POINT('',#6359);
#2304=VERTEX_POINT('',#6361);
#2305=VERTEX_POINT('',#6363);
#2306=VERTEX_POINT('',#6365);
#2307=VERTEX_POINT('',#6367);
#2308=VERTEX_POINT('',#6369);
#2309=VERTEX_POINT('',#6371);
#2310=VERTEX_POINT('',#6373);
#2311=VERTEX_POINT('',#6375);
#2312=VERTEX_POINT('',#6377);
#2313=VERTEX_POINT('',#6379);
#2314=VERTEX_POINT('',#6381);
#2315=VERTEX_POINT('',#6383);
#2316=VERTEX_POINT('',#6385);
#2317=VERTEX_POINT('',#6387);
#2318=VERTEX_POINT('',#6389);
#2319=VERTEX_POINT('',#6392);
#2320=VERTEX_POINT('',#6393);
#2321=VERTEX_POINT('',#6395);
#2322=VERTEX_POINT('',#6397);
#2323=VERTEX_POINT('',#6400);
#2324=VERTEX_POINT('',#6401);
#2325=VERTEX_POINT('',#6403);
#2326=VERTEX_POINT('',#6405);
#2327=VERTEX_POINT('',#6408);
#2328=VERTEX_POINT('',#6409);
#2329=VERTEX_POINT('',#6411);
#2330=VERTEX_POINT('',#6413);
#2331=VERTEX_POINT('',#6416);
#2332=VERTEX_POINT('',#6417);
#2333=VERTEX_POINT('',#6419);
#2334=VERTEX_POINT('',#6421);
#2335=VERTEX_POINT('',#6424);
#2336=VERTEX_POINT('',#6426);
#2337=VERTEX_POINT('',#6428);
#2338=VERTEX_POINT('',#6430);
#2339=VERTEX_POINT('',#6432);
#2340=VERTEX_POINT('',#6434);
#2341=VERTEX_POINT('',#6436);
#2342=VERTEX_POINT('',#6438);
#2343=VERTEX_POINT('',#6441);
#2344=VERTEX_POINT('',#6442);
#2345=VERTEX_POINT('',#6444);
#2346=VERTEX_POINT('',#6446);
#2347=VERTEX_POINT('',#6450);
#2348=VERTEX_POINT('',#6451);
#2349=VERTEX_POINT('',#6453);
#2350=VERTEX_POINT('',#6455);
#2351=VERTEX_POINT('',#6459);
#2352=VERTEX_POINT('',#6460);
#2353=VERTEX_POINT('',#6462);
#2354=VERTEX_POINT('',#6464);
#2355=VERTEX_POINT('',#6468);
#2356=VERTEX_POINT('',#6469);
#2357=VERTEX_POINT('',#6471);
#2358=VERTEX_POINT('',#6473);
#2359=VERTEX_POINT('',#6477);
#2360=VERTEX_POINT('',#6478);
#2361=VERTEX_POINT('',#6480);
#2362=VERTEX_POINT('',#6482);
#2363=VERTEX_POINT('',#6486);
#2364=VERTEX_POINT('',#6487);
#2365=VERTEX_POINT('',#6489);
#2366=VERTEX_POINT('',#6491);
#2367=VERTEX_POINT('',#6495);
#2368=VERTEX_POINT('',#6496);
#2369=VERTEX_POINT('',#6498);
#2370=VERTEX_POINT('',#6500);
#2371=VERTEX_POINT('',#6504);
#2372=VERTEX_POINT('',#6505);
#2373=VERTEX_POINT('',#6507);
#2374=VERTEX_POINT('',#6509);
#2375=VERTEX_POINT('',#6513);
#2376=VERTEX_POINT('',#6514);
#2377=VERTEX_POINT('',#6516);
#2378=VERTEX_POINT('',#6518);
#2379=VERTEX_POINT('',#6522);
#2380=VERTEX_POINT('',#6523);
#2381=VERTEX_POINT('',#6525);
#2382=VERTEX_POINT('',#6527);
#2383=VERTEX_POINT('',#6531);
#2384=VERTEX_POINT('',#6532);
#2385=VERTEX_POINT('',#6534);
#2386=VERTEX_POINT('',#6536);
#2387=VERTEX_POINT('',#6540);
#2388=VERTEX_POINT('',#6541);
#2389=VERTEX_POINT('',#6543);
#2390=VERTEX_POINT('',#6545);
#2391=VERTEX_POINT('',#6549);
#2392=VERTEX_POINT('',#6550);
#2393=VERTEX_POINT('',#6552);
#2394=VERTEX_POINT('',#6554);
#2395=VERTEX_POINT('',#6558);
#2396=VERTEX_POINT('',#6559);
#2397=VERTEX_POINT('',#6561);
#2398=VERTEX_POINT('',#6563);
#2399=VERTEX_POINT('',#6567);
#2400=VERTEX_POINT('',#6568);
#2401=VERTEX_POINT('',#6570);
#2402=VERTEX_POINT('',#6572);
#2403=VERTEX_POINT('',#6576);
#2404=VERTEX_POINT('',#6577);
#2405=VERTEX_POINT('',#6579);
#2406=VERTEX_POINT('',#6581);
#2407=VERTEX_POINT('',#6585);
#2408=VERTEX_POINT('',#6586);
#2409=VERTEX_POINT('',#6588);
#2410=VERTEX_POINT('',#6590);
#2411=VERTEX_POINT('',#6594);
#2412=VERTEX_POINT('',#6595);
#2413=VERTEX_POINT('',#6597);
#2414=VERTEX_POINT('',#6599);
#2415=VERTEX_POINT('',#6603);
#2416=VERTEX_POINT('',#6604);
#2417=VERTEX_POINT('',#6606);
#2418=VERTEX_POINT('',#6608);
#2419=VERTEX_POINT('',#6612);
#2420=VERTEX_POINT('',#6613);
#2421=VERTEX_POINT('',#6615);
#2422=VERTEX_POINT('',#6617);
#2423=VERTEX_POINT('',#6621);
#2424=VERTEX_POINT('',#6622);
#2425=VERTEX_POINT('',#6624);
#2426=VERTEX_POINT('',#6626);
#2427=VERTEX_POINT('',#6631);
#2428=VERTEX_POINT('',#6635);
#2429=VERTEX_POINT('',#6636);
#2430=VERTEX_POINT('',#6638);
#2431=VERTEX_POINT('',#6640);
#2432=VERTEX_POINT('',#6644);
#2433=VERTEX_POINT('',#6645);
#2434=VERTEX_POINT('',#6647);
#2435=VERTEX_POINT('',#6652);
#2436=VERTEX_POINT('',#6654);
#2437=VERTEX_POINT('',#6658);
#2438=VERTEX_POINT('',#6659);
#2439=VERTEX_POINT('',#6661);
#2440=VERTEX_POINT('',#6663);
#2441=VERTEX_POINT('',#6667);
#2442=VERTEX_POINT('',#6668);
#2443=VERTEX_POINT('',#6670);
#2444=VERTEX_POINT('',#6672);
#2445=VERTEX_POINT('',#6676);
#2446=VERTEX_POINT('',#6677);
#2447=VERTEX_POINT('',#6679);
#2448=VERTEX_POINT('',#6681);
#2449=VERTEX_POINT('',#6685);
#2450=VERTEX_POINT('',#6686);
#2451=VERTEX_POINT('',#6688);
#2452=VERTEX_POINT('',#6690);
#2453=VERTEX_POINT('',#6694);
#2454=VERTEX_POINT('',#6695);
#2455=VERTEX_POINT('',#6697);
#2456=VERTEX_POINT('',#6699);
#2457=VERTEX_POINT('',#6703);
#2458=VERTEX_POINT('',#6704);
#2459=VERTEX_POINT('',#6706);
#2460=VERTEX_POINT('',#6708);
#2461=VERTEX_POINT('',#6719);
#2462=VERTEX_POINT('',#6720);
#2463=VERTEX_POINT('',#6722);
#2464=VERTEX_POINT('',#6724);
#2465=VERTEX_POINT('',#6728);
#2466=VERTEX_POINT('',#6729);
#2467=VERTEX_POINT('',#6731);
#2468=VERTEX_POINT('',#6733);
#2469=VERTEX_POINT('',#6738);
#2470=VERTEX_POINT('',#6739);
#2471=VERTEX_POINT('',#6741);
#2472=VERTEX_POINT('',#6743);
#2473=VERTEX_POINT('',#6747);
#2474=VERTEX_POINT('',#6749);
#2475=VERTEX_POINT('',#6753);
#2476=VERTEX_POINT('',#6755);
#2477=VERTEX_POINT('',#6762);
#2478=VERTEX_POINT('',#6763);
#2479=VERTEX_POINT('',#6765);
#2480=VERTEX_POINT('',#6767);
#2481=VERTEX_POINT('',#6771);
#2482=VERTEX_POINT('',#6773);
#2483=VERTEX_POINT('',#6777);
#2484=VERTEX_POINT('',#6778);
#2485=VERTEX_POINT('',#6786);
#2486=VERTEX_POINT('',#6787);
#2487=VERTEX_POINT('',#6789);
#2488=VERTEX_POINT('',#6791);
#2489=VERTEX_POINT('',#6795);
#2490=VERTEX_POINT('',#6797);
#2491=VERTEX_POINT('',#6801);
#2492=VERTEX_POINT('',#6803);
#2493=VERTEX_POINT('',#6810);
#2494=VERTEX_POINT('',#6811);
#2495=VERTEX_POINT('',#6813);
#2496=VERTEX_POINT('',#6815);
#2497=VERTEX_POINT('',#6819);
#2498=VERTEX_POINT('',#6821);
#2499=VERTEX_POINT('',#6825);
#2500=VERTEX_POINT('',#6826);
#2501=VERTEX_POINT('',#6834);
#2502=VERTEX_POINT('',#6835);
#2503=VERTEX_POINT('',#6837);
#2504=VERTEX_POINT('',#6839);
#2505=VERTEX_POINT('',#6843);
#2506=VERTEX_POINT('',#6844);
#2507=VERTEX_POINT('',#6846);
#2508=VERTEX_POINT('',#6848);
#2509=LINE('',#6065,#2913);
#2510=LINE('',#6068,#2914);
#2511=LINE('',#6070,#2915);
#2512=LINE('',#6072,#2916);
#2513=LINE('',#6077,#2917);
#2514=LINE('',#6081,#2918);
#2515=LINE('',#6085,#2919);
#2516=LINE('',#6089,#2920);
#2517=LINE('',#6093,#2921);
#2518=LINE('',#6097,#2922);
#2519=LINE('',#6101,#2923);
#2520=LINE('',#6105,#2924);
#2521=LINE('',#6109,#2925);
#2522=LINE('',#6117,#2926);
#2523=LINE('',#6121,#2927);
#2524=LINE('',#6125,#2928);
#2525=LINE('',#6129,#2929);
#2526=LINE('',#6133,#2930);
#2527=LINE('',#6137,#2931);
#2528=LINE('',#6141,#2932);
#2529=LINE('',#6149,#2933);
#2530=LINE('',#6153,#2934);
#2531=LINE('',#6157,#2935);
#2532=LINE('',#6161,#2936);
#2533=LINE('',#6165,#2937);
#2534=LINE('',#6169,#2938);
#2535=LINE('',#6173,#2939);
#2536=LINE('',#6181,#2940);
#2537=LINE('',#6185,#2941);
#2538=LINE('',#6189,#2942);
#2539=LINE('',#6193,#2943);
#2540=LINE('',#6197,#2944);
#2541=LINE('',#6201,#2945);
#2542=LINE('',#6205,#2946);
#2543=LINE('',#6209,#2947);
#2544=LINE('',#6213,#2948);
#2545=LINE('',#6217,#2949);
#2546=LINE('',#6221,#2950);
#2547=LINE('',#6225,#2951);
#2548=LINE('',#6226,#2952);
#2549=LINE('',#6231,#2953);
#2550=LINE('',#6237,#2954);
#2551=LINE('',#6241,#2955);
#2552=LINE('',#6262,#2956);
#2553=LINE('',#6266,#2957);
#2554=LINE('',#6270,#2958);
#2555=LINE('',#6274,#2959);
#2556=LINE('',#6278,#2960);
#2557=LINE('',#6282,#2961);
#2558=LINE('',#6286,#2962);
#2559=LINE('',#6290,#2963);
#2560=LINE('',#6294,#2964);
#2561=LINE('',#6298,#2965);
#2562=LINE('',#6302,#2966);
#2563=LINE('',#6306,#2967);
#2564=LINE('',#6310,#2968);
#2565=LINE('',#6314,#2969);
#2566=LINE('',#6318,#2970);
#2567=LINE('',#6326,#2971);
#2568=LINE('',#6330,#2972);
#2569=LINE('',#6334,#2973);
#2570=LINE('',#6338,#2974);
#2571=LINE('',#6342,#2975);
#2572=LINE('',#6346,#2976);
#2573=LINE('',#6350,#2977);
#2574=LINE('',#6354,#2978);
#2575=LINE('',#6358,#2979);
#2576=LINE('',#6366,#2980);
#2577=LINE('',#6370,#2981);
#2578=LINE('',#6374,#2982);
#2579=LINE('',#6378,#2983);
#2580=LINE('',#6382,#2984);
#2581=LINE('',#6386,#2985);
#2582=LINE('',#6390,#2986);
#2583=LINE('',#6394,#2987);
#2584=LINE('',#6398,#2988);
#2585=LINE('',#6402,#2989);
#2586=LINE('',#6406,#2990);
#2587=LINE('',#6407,#2991);
#2588=LINE('',#6412,#2992);
#2589=LINE('',#6418,#2993);
#2590=LINE('',#6422,#2994);
#2591=LINE('',#6440,#2995);
#2592=LINE('',#6443,#2996);
#2593=LINE('',#6445,#2997);
#2594=LINE('',#6447,#2998);
#2595=LINE('',#6449,#2999);
#2596=LINE('',#6452,#3000);
#2597=LINE('',#6454,#3001);
#2598=LINE('',#6456,#3002);
#2599=LINE('',#6458,#3003);
#2600=LINE('',#6461,#3004);
#2601=LINE('',#6463,#3005);
#2602=LINE('',#6465,#3006);
#2603=LINE('',#6467,#3007);
#2604=LINE('',#6470,#3008);
#2605=LINE('',#6472,#3009);
#2606=LINE('',#6474,#3010);
#2607=LINE('',#6476,#3011);
#2608=LINE('',#6479,#3012);
#2609=LINE('',#6481,#3013);
#2610=LINE('',#6483,#3014);
#2611=LINE('',#6485,#3015);
#2612=LINE('',#6488,#3016);
#2613=LINE('',#6490,#3017);
#2614=LINE('',#6492,#3018);
#2615=LINE('',#6494,#3019);
#2616=LINE('',#6497,#3020);
#2617=LINE('',#6499,#3021);
#2618=LINE('',#6501,#3022);
#2619=LINE('',#6503,#3023);
#2620=LINE('',#6506,#3024);
#2621=LINE('',#6508,#3025);
#2622=LINE('',#6510,#3026);
#2623=LINE('',#6512,#3027);
#2624=LINE('',#6515,#3028);
#2625=LINE('',#6517,#3029);
#2626=LINE('',#6519,#3030);
#2627=LINE('',#6521,#3031);
#2628=LINE('',#6524,#3032);
#2629=LINE('',#6526,#3033);
#2630=LINE('',#6528,#3034);
#2631=LINE('',#6530,#3035);
#2632=LINE('',#6533,#3036);
#2633=LINE('',#6535,#3037);
#2634=LINE('',#6537,#3038);
#2635=LINE('',#6539,#3039);
#2636=LINE('',#6542,#3040);
#2637=LINE('',#6544,#3041);
#2638=LINE('',#6546,#3042);
#2639=LINE('',#6548,#3043);
#2640=LINE('',#6551,#3044);
#2641=LINE('',#6553,#3045);
#2642=LINE('',#6555,#3046);
#2643=LINE('',#6557,#3047);
#2644=LINE('',#6560,#3048);
#2645=LINE('',#6562,#3049);
#2646=LINE('',#6564,#3050);
#2647=LINE('',#6566,#3051);
#2648=LINE('',#6569,#3052);
#2649=LINE('',#6571,#3053);
#2650=LINE('',#6573,#3054);
#2651=LINE('',#6575,#3055);
#2652=LINE('',#6578,#3056);
#2653=LINE('',#6580,#3057);
#2654=LINE('',#6582,#3058);
#2655=LINE('',#6584,#3059);
#2656=LINE('',#6587,#3060);
#2657=LINE('',#6589,#3061);
#2658=LINE('',#6591,#3062);
#2659=LINE('',#6593,#3063);
#2660=LINE('',#6596,#3064);
#2661=LINE('',#6598,#3065);
#2662=LINE('',#6600,#3066);
#2663=LINE('',#6602,#3067);
#2664=LINE('',#6605,#3068);
#2665=LINE('',#6607,#3069);
#2666=LINE('',#6609,#3070);
#2667=LINE('',#6611,#3071);
#2668=LINE('',#6614,#3072);
#2669=LINE('',#6616,#3073);
#2670=LINE('',#6618,#3074);
#2671=LINE('',#6620,#3075);
#2672=LINE('',#6623,#3076);
#2673=LINE('',#6625,#3077);
#2674=LINE('',#6632,#3078);
#2675=LINE('',#6634,#3079);
#2676=LINE('',#6639,#3080);
#2677=LINE('',#6643,#3081);
#2678=LINE('',#6646,#3082);
#2679=LINE('',#6653,#3083);
#2680=LINE('',#6655,#3084);
#2681=LINE('',#6657,#3085);
#2682=LINE('',#6660,#3086);
#2683=LINE('',#6662,#3087);
#2684=LINE('',#6664,#3088);
#2685=LINE('',#6666,#3089);
#2686=LINE('',#6669,#3090);
#2687=LINE('',#6671,#3091);
#2688=LINE('',#6673,#3092);
#2689=LINE('',#6675,#3093);
#2690=LINE('',#6678,#3094);
#2691=LINE('',#6680,#3095);
#2692=LINE('',#6682,#3096);
#2693=LINE('',#6684,#3097);
#2694=LINE('',#6687,#3098);
#2695=LINE('',#6689,#3099);
#2696=LINE('',#6691,#3100);
#2697=LINE('',#6693,#3101);
#2698=LINE('',#6696,#3102);
#2699=LINE('',#6698,#3103);
#2700=LINE('',#6700,#3104);
#2701=LINE('',#6702,#3105);
#2702=LINE('',#6705,#3106);
#2703=LINE('',#6707,#3107);
#2704=LINE('',#6709,#3108);
#2705=LINE('',#6718,#3109);
#2706=LINE('',#6721,#3110);
#2707=LINE('',#6723,#3111);
#2708=LINE('',#6725,#3112);
#2709=LINE('',#6727,#3113);
#2710=LINE('',#6730,#3114);
#2711=LINE('',#6732,#3115);
#2712=LINE('',#6734,#3116);
#2713=LINE('',#6737,#3117);
#2714=LINE('',#6742,#3118);
#2715=LINE('',#6746,#3119);
#2716=LINE('',#6748,#3120);
#2717=LINE('',#6750,#3121);
#2718=LINE('',#6754,#3122);
#2719=LINE('',#6758,#3123);
#2720=LINE('',#6759,#3124);
#2721=LINE('',#6761,#3125);
#2722=LINE('',#6766,#3126);
#2723=LINE('',#6770,#3127);
#2724=LINE('',#6772,#3128);
#2725=LINE('',#6774,#3129);
#2726=LINE('',#6776,#3130);
#2727=LINE('',#6779,#3131);
#2728=LINE('',#6780,#3132);
#2729=LINE('',#6785,#3133);
#2730=LINE('',#6790,#3134);
#2731=LINE('',#6794,#3135);
#2732=LINE('',#6796,#3136);
#2733=LINE('',#6798,#3137);
#2734=LINE('',#6802,#3138);
#2735=LINE('',#6806,#3139);
#2736=LINE('',#6807,#3140);
#2737=LINE('',#6809,#3141);
#2738=LINE('',#6812,#3142);
#2739=LINE('',#6814,#3143);
#2740=LINE('',#6816,#3144);
#2741=LINE('',#6820,#3145);
#2742=LINE('',#6824,#3146);
#2743=LINE('',#6830,#3147);
#2744=LINE('',#6831,#3148);
#2745=LINE('',#6833,#3149);
#2746=LINE('',#6838,#3150);
#2747=LINE('',#6842,#3151);
#2748=LINE('',#6847,#3152);
#2749=LINE('',#6968,#3153);
#2750=LINE('',#6969,#3154);
#2751=LINE('',#6971,#3155);
#2752=LINE('',#6973,#3156);
#2753=LINE('',#6975,#3157);
#2754=LINE('',#6977,#3158);
#2755=LINE('',#6979,#3159);
#2756=LINE('',#6981,#3160);
#2757=LINE('',#6983,#3161);
#2758=LINE('',#6985,#3162);
#2759=LINE('',#6987,#3163);
#2760=LINE('',#6989,#3164);
#2761=LINE('',#6991,#3165);
#2762=LINE('',#6993,#3166);
#2763=LINE('',#6995,#3167);
#2764=LINE('',#6997,#3168);
#2765=LINE('',#6999,#3169);
#2766=LINE('',#7001,#3170);
#2767=LINE('',#7003,#3171);
#2768=LINE('',#7005,#3172);
#2769=LINE('',#7007,#3173);
#2770=LINE('',#7009,#3174);
#2771=LINE('',#7011,#3175);
#2772=LINE('',#7013,#3176);
#2773=LINE('',#7015,#3177);
#2774=LINE('',#7017,#3178);
#2775=LINE('',#7019,#3179);
#2776=LINE('',#7021,#3180);
#2777=LINE('',#7023,#3181);
#2778=LINE('',#7025,#3182);
#2779=LINE('',#7027,#3183);
#2780=LINE('',#7029,#3184);
#2781=LINE('',#7031,#3185);
#2782=LINE('',#7033,#3186);
#2783=LINE('',#7035,#3187);
#2784=LINE('',#7037,#3188);
#2785=LINE('',#7039,#3189);
#2786=LINE('',#7041,#3190);
#2787=LINE('',#7043,#3191);
#2788=LINE('',#7045,#3192);
#2789=LINE('',#7047,#3193);
#2790=LINE('',#7049,#3194);
#2791=LINE('',#7051,#3195);
#2792=LINE('',#7053,#3196);
#2793=LINE('',#7055,#3197);
#2794=LINE('',#7057,#3198);
#2795=LINE('',#7059,#3199);
#2796=LINE('',#7061,#3200);
#2797=LINE('',#7063,#3201);
#2798=LINE('',#7065,#3202);
#2799=LINE('',#7067,#3203);
#2800=LINE('',#7069,#3204);
#2801=LINE('',#7072,#3205);
#2802=LINE('',#7074,#3206);
#2803=LINE('',#7076,#3207);
#2804=LINE('',#7078,#3208);
#2805=LINE('',#7080,#3209);
#2806=LINE('',#7082,#3210);
#2807=LINE('',#7084,#3211);
#2808=LINE('',#7086,#3212);
#2809=LINE('',#7088,#3213);
#2810=LINE('',#7090,#3214);
#2811=LINE('',#7092,#3215);
#2812=LINE('',#7094,#3216);
#2813=LINE('',#7096,#3217);
#2814=LINE('',#7098,#3218);
#2815=LINE('',#7100,#3219);
#2816=LINE('',#7102,#3220);
#2817=LINE('',#7104,#3221);
#2818=LINE('',#7106,#3222);
#2819=LINE('',#7108,#3223);
#2820=LINE('',#7110,#3224);
#2821=LINE('',#7112,#3225);
#2822=LINE('',#7114,#3226);
#2823=LINE('',#7116,#3227);
#2824=LINE('',#7118,#3228);
#2825=LINE('',#7120,#3229);
#2826=LINE('',#7122,#3230);
#2827=LINE('',#7124,#3231);
#2828=LINE('',#7126,#3232);
#2829=LINE('',#7128,#3233);
#2830=LINE('',#7130,#3234);
#2831=LINE('',#7132,#3235);
#2832=LINE('',#7134,#3236);
#2833=LINE('',#7136,#3237);
#2834=LINE('',#7138,#3238);
#2835=LINE('',#7140,#3239);
#2836=LINE('',#7142,#3240);
#2837=LINE('',#7144,#3241);
#2838=LINE('',#7146,#3242);
#2839=LINE('',#7148,#3243);
#2840=LINE('',#7150,#3244);
#2841=LINE('',#7152,#3245);
#2842=LINE('',#7154,#3246);
#2843=LINE('',#7156,#3247);
#2844=LINE('',#7158,#3248);
#2845=LINE('',#7160,#3249);
#2846=LINE('',#7162,#3250);
#2847=LINE('',#7164,#3251);
#2848=LINE('',#7166,#3252);
#2849=LINE('',#7169,#3253);
#2850=LINE('',#7170,#3254);
#2851=LINE('',#7172,#3255);
#2852=LINE('',#7174,#3256);
#2853=LINE('',#7176,#3257);
#2854=LINE('',#7178,#3258);
#2855=LINE('',#7180,#3259);
#2856=LINE('',#7182,#3260);
#2857=LINE('',#7185,#3261);
#2858=LINE('',#7186,#3262);
#2859=LINE('',#7188,#3263);
#2860=LINE('',#7190,#3264);
#2861=LINE('',#7192,#3265);
#2862=LINE('',#7194,#3266);
#2863=LINE('',#7196,#3267);
#2864=LINE('',#7198,#3268);
#2865=LINE('',#7201,#3269);
#2866=LINE('',#7202,#3270);
#2867=LINE('',#7204,#3271);
#2868=LINE('',#7206,#3272);
#2869=LINE('',#7208,#3273);
#2870=LINE('',#7210,#3274);
#2871=LINE('',#7212,#3275);
#2872=LINE('',#7214,#3276);
#2873=LINE('',#7217,#3277);
#2874=LINE('',#7218,#3278);
#2875=LINE('',#7220,#3279);
#2876=LINE('',#7222,#3280);
#2877=LINE('',#7224,#3281);
#2878=LINE('',#7226,#3282);
#2879=LINE('',#7228,#3283);
#2880=LINE('',#7230,#3284);
#2881=LINE('',#7233,#3285);
#2882=LINE('',#7234,#3286);
#2883=LINE('',#7236,#3287);
#2884=LINE('',#7238,#3288);
#2885=LINE('',#7241,#3289);
#2886=LINE('',#7242,#3290);
#2887=LINE('',#7244,#3291);
#2888=LINE('',#7246,#3292);
#2889=LINE('',#7249,#3293);
#2890=LINE('',#7250,#3294);
#2891=LINE('',#7252,#3295);
#2892=LINE('',#7254,#3296);
#2893=LINE('',#7257,#3297);
#2894=LINE('',#7258,#3298);
#2895=LINE('',#7260,#3299);
#2896=LINE('',#7262,#3300);
#2897=LINE('',#7265,#3301);
#2898=LINE('',#7266,#3302);
#2899=LINE('',#7268,#3303);
#2900=LINE('',#7270,#3304);
#2901=LINE('',#7273,#3305);
#2902=LINE('',#7274,#3306);
#2903=LINE('',#7276,#3307);
#2904=LINE('',#7278,#3308);
#2905=LINE('',#7281,#3309);
#2906=LINE('',#7282,#3310);
#2907=LINE('',#7284,#3311);
#2908=LINE('',#7286,#3312);
#2909=LINE('',#7289,#3313);
#2910=LINE('',#7290,#3314);
#2911=LINE('',#7292,#3315);
#2912=LINE('',#7294,#3316);
#2913=VECTOR('',#4757,1.);
#2914=VECTOR('',#4758,1.);
#2915=VECTOR('',#4759,1.);
#2916=VECTOR('',#4760,1.);
#2917=VECTOR('',#4765,1.);
#2918=VECTOR('',#4768,1.);
#2919=VECTOR('',#4771,1.);
#2920=VECTOR('',#4774,1.);
#2921=VECTOR('',#4777,1.);
#2922=VECTOR('',#4780,1.);
#2923=VECTOR('',#4783,1.);
#2924=VECTOR('',#4786,1.);
#2925=VECTOR('',#4789,1.);
#2926=VECTOR('',#4796,1.);
#2927=VECTOR('',#4799,1.);
#2928=VECTOR('',#4802,1.);
#2929=VECTOR('',#4805,1.);
#2930=VECTOR('',#4808,1.);
#2931=VECTOR('',#4811,1.);
#2932=VECTOR('',#4814,1.);
#2933=VECTOR('',#4821,1.);
#2934=VECTOR('',#4824,1.);
#2935=VECTOR('',#4827,1.);
#2936=VECTOR('',#4830,1.);
#2937=VECTOR('',#4833,1.);
#2938=VECTOR('',#4836,1.);
#2939=VECTOR('',#4839,1.);
#2940=VECTOR('',#4846,1.);
#2941=VECTOR('',#4849,1.);
#2942=VECTOR('',#4852,1.);
#2943=VECTOR('',#4855,1.);
#2944=VECTOR('',#4858,1.);
#2945=VECTOR('',#4861,1.);
#2946=VECTOR('',#4864,1.);
#2947=VECTOR('',#4867,1.);
#2948=VECTOR('',#4870,1.);
#2949=VECTOR('',#4873,1.);
#2950=VECTOR('',#4876,1.);
#2951=VECTOR('',#4879,1.);
#2952=VECTOR('',#4880,1.);
#2953=VECTOR('',#4883,1.);
#2954=VECTOR('',#4888,1.);
#2955=VECTOR('',#4891,1.);
#2956=VECTOR('',#4912,1.);
#2957=VECTOR('',#4915,1.);
#2958=VECTOR('',#4918,1.);
#2959=VECTOR('',#4921,1.);
#2960=VECTOR('',#4924,1.);
#2961=VECTOR('',#4927,1.);
#2962=VECTOR('',#4930,1.);
#2963=VECTOR('',#4933,1.);
#2964=VECTOR('',#4936,1.);
#2965=VECTOR('',#4939,1.);
#2966=VECTOR('',#4942,1.);
#2967=VECTOR('',#4945,1.);
#2968=VECTOR('',#4948,1.);
#2969=VECTOR('',#4951,1.);
#2970=VECTOR('',#4954,1.);
#2971=VECTOR('',#4961,1.);
#2972=VECTOR('',#4964,1.);
#2973=VECTOR('',#4967,1.);
#2974=VECTOR('',#4970,1.);
#2975=VECTOR('',#4973,1.);
#2976=VECTOR('',#4976,1.);
#2977=VECTOR('',#4979,1.);
#2978=VECTOR('',#4982,1.);
#2979=VECTOR('',#4985,1.);
#2980=VECTOR('',#4992,1.);
#2981=VECTOR('',#4995,1.);
#2982=VECTOR('',#4998,1.);
#2983=VECTOR('',#5001,1.);
#2984=VECTOR('',#5004,1.);
#2985=VECTOR('',#5007,1.);
#2986=VECTOR('',#5010,1.);
#2987=VECTOR('',#5013,1.);
#2988=VECTOR('',#5016,1.);
#2989=VECTOR('',#5019,1.);
#2990=VECTOR('',#5022,1.);
#2991=VECTOR('',#5023,1.);
#2992=VECTOR('',#5026,1.);
#2993=VECTOR('',#5031,1.);
#2994=VECTOR('',#5034,1.);
#2995=VECTOR('',#5053,1.);
#2996=VECTOR('',#5054,1.);
#2997=VECTOR('',#5055,1.);
#2998=VECTOR('',#5056,1.);
#2999=VECTOR('',#5059,1.);
#3000=VECTOR('',#5060,1.);
#3001=VECTOR('',#5061,1.);
#3002=VECTOR('',#5062,1.);
#3003=VECTOR('',#5065,1.);
#3004=VECTOR('',#5066,1.);
#3005=VECTOR('',#5067,1.);
#3006=VECTOR('',#5068,1.);
#3007=VECTOR('',#5071,1.);
#3008=VECTOR('',#5072,1.);
#3009=VECTOR('',#5073,1.);
#3010=VECTOR('',#5074,1.);
#3011=VECTOR('',#5077,1.);
#3012=VECTOR('',#5078,1.);
#3013=VECTOR('',#5079,1.);
#3014=VECTOR('',#5080,1.);
#3015=VECTOR('',#5083,1.);
#3016=VECTOR('',#5084,1.);
#3017=VECTOR('',#5085,1.);
#3018=VECTOR('',#5086,1.);
#3019=VECTOR('',#5089,1.);
#3020=VECTOR('',#5090,1.);
#3021=VECTOR('',#5091,1.);
#3022=VECTOR('',#5092,1.);
#3023=VECTOR('',#5095,1.);
#3024=VECTOR('',#5096,1.);
#3025=VECTOR('',#5097,1.);
#3026=VECTOR('',#5098,1.);
#3027=VECTOR('',#5101,1.);
#3028=VECTOR('',#5102,1.);
#3029=VECTOR('',#5103,1.);
#3030=VECTOR('',#5104,1.);
#3031=VECTOR('',#5107,1.);
#3032=VECTOR('',#5108,1.);
#3033=VECTOR('',#5109,1.);
#3034=VECTOR('',#5110,1.);
#3035=VECTOR('',#5113,1.);
#3036=VECTOR('',#5114,1.);
#3037=VECTOR('',#5115,1.);
#3038=VECTOR('',#5116,1.);
#3039=VECTOR('',#5119,1.);
#3040=VECTOR('',#5120,1.);
#3041=VECTOR('',#5121,1.);
#3042=VECTOR('',#5122,1.);
#3043=VECTOR('',#5125,1.);
#3044=VECTOR('',#5126,1.);
#3045=VECTOR('',#5127,1.);
#3046=VECTOR('',#5128,1.);
#3047=VECTOR('',#5131,1.);
#3048=VECTOR('',#5132,1.);
#3049=VECTOR('',#5133,1.);
#3050=VECTOR('',#5134,1.);
#3051=VECTOR('',#5137,1.);
#3052=VECTOR('',#5138,1.);
#3053=VECTOR('',#5139,1.);
#3054=VECTOR('',#5140,1.);
#3055=VECTOR('',#5143,1.);
#3056=VECTOR('',#5144,1.);
#3057=VECTOR('',#5145,1.);
#3058=VECTOR('',#5146,1.);
#3059=VECTOR('',#5149,1.);
#3060=VECTOR('',#5150,1.);
#3061=VECTOR('',#5151,1.);
#3062=VECTOR('',#5152,1.);
#3063=VECTOR('',#5155,1.);
#3064=VECTOR('',#5156,1.);
#3065=VECTOR('',#5157,1.);
#3066=VECTOR('',#5158,1.);
#3067=VECTOR('',#5161,1.);
#3068=VECTOR('',#5162,1.);
#3069=VECTOR('',#5163,1.);
#3070=VECTOR('',#5164,1.);
#3071=VECTOR('',#5167,1.);
#3072=VECTOR('',#5168,1.);
#3073=VECTOR('',#5169,1.);
#3074=VECTOR('',#5170,1.);
#3075=VECTOR('',#5173,1.);
#3076=VECTOR('',#5174,1.);
#3077=VECTOR('',#5175,1.);
#3078=VECTOR('',#5176,1.);
#3079=VECTOR('',#5179,1.);
#3080=VECTOR('',#5182,1.);
#3081=VECTOR('',#5187,1.);
#3082=VECTOR('',#5188,1.);
#3083=VECTOR('',#5189,1.);
#3084=VECTOR('',#5190,1.);
#3085=VECTOR('',#5193,1.);
#3086=VECTOR('',#5194,1.);
#3087=VECTOR('',#5195,1.);
#3088=VECTOR('',#5196,1.);
#3089=VECTOR('',#5199,1.);
#3090=VECTOR('',#5200,1.);
#3091=VECTOR('',#5201,1.);
#3092=VECTOR('',#5202,1.);
#3093=VECTOR('',#5205,1.);
#3094=VECTOR('',#5206,1.);
#3095=VECTOR('',#5207,1.);
#3096=VECTOR('',#5208,1.);
#3097=VECTOR('',#5211,1.);
#3098=VECTOR('',#5212,1.);
#3099=VECTOR('',#5213,1.);
#3100=VECTOR('',#5214,1.);
#3101=VECTOR('',#5217,1.);
#3102=VECTOR('',#5218,1.);
#3103=VECTOR('',#5219,1.);
#3104=VECTOR('',#5220,1.);
#3105=VECTOR('',#5223,1.);
#3106=VECTOR('',#5224,1.);
#3107=VECTOR('',#5225,1.);
#3108=VECTOR('',#5226,1.);
#3109=VECTOR('',#5243,1.);
#3110=VECTOR('',#5244,1.);
#3111=VECTOR('',#5245,1.);
#3112=VECTOR('',#5246,1.);
#3113=VECTOR('',#5249,1.);
#3114=VECTOR('',#5250,1.);
#3115=VECTOR('',#5251,1.);
#3116=VECTOR('',#5252,1.);
#3117=VECTOR('',#5257,1.);
#3118=VECTOR('',#5260,1.);
#3119=VECTOR('',#5265,1.);
#3120=VECTOR('',#5266,1.);
#3121=VECTOR('',#5267,1.);
#3122=VECTOR('',#5272,1.);
#3123=VECTOR('',#5277,1.);
#3124=VECTOR('',#5278,1.);
#3125=VECTOR('',#5281,1.);
#3126=VECTOR('',#5284,1.);
#3127=VECTOR('',#5289,1.);
#3128=VECTOR('',#5290,1.);
#3129=VECTOR('',#5291,1.);
#3130=VECTOR('',#5294,1.);
#3131=VECTOR('',#5295,1.);
#3132=VECTOR('',#5296,1.);
#3133=VECTOR('',#5305,1.);
#3134=VECTOR('',#5308,1.);
#3135=VECTOR('',#5313,1.);
#3136=VECTOR('',#5314,1.);
#3137=VECTOR('',#5315,1.);
#3138=VECTOR('',#5320,1.);
#3139=VECTOR('',#5325,1.);
#3140=VECTOR('',#5326,1.);
#3141=VECTOR('',#5329,1.);
#3142=VECTOR('',#5330,1.);
#3143=VECTOR('',#5331,1.);
#3144=VECTOR('',#5332,1.);
#3145=VECTOR('',#5337,1.);
#3146=VECTOR('',#5342,1.);
#3147=VECTOR('',#5349,1.);
#3148=VECTOR('',#5350,1.);
#3149=VECTOR('',#5353,1.);
#3150=VECTOR('',#5356,1.);
#3151=VECTOR('',#5361,1.);
#3152=VECTOR('',#5364,1.);
#3153=VECTOR('',#5571,1.);
#3154=VECTOR('',#5572,1.);
#3155=VECTOR('',#5575,1.);
#3156=VECTOR('',#5578,1.);
#3157=VECTOR('',#5581,1.);
#3158=VECTOR('',#5584,1.);
#3159=VECTOR('',#5587,1.);
#3160=VECTOR('',#5590,1.);
#3161=VECTOR('',#5593,1.);
#3162=VECTOR('',#5596,1.);
#3163=VECTOR('',#5599,1.);
#3164=VECTOR('',#5602,1.);
#3165=VECTOR('',#5605,1.);
#3166=VECTOR('',#5608,1.);
#3167=VECTOR('',#5611,1.);
#3168=VECTOR('',#5614,1.);
#3169=VECTOR('',#5617,1.);
#3170=VECTOR('',#5620,1.);
#3171=VECTOR('',#5623,1.);
#3172=VECTOR('',#5626,1.);
#3173=VECTOR('',#5629,1.);
#3174=VECTOR('',#5632,1.);
#3175=VECTOR('',#5635,1.);
#3176=VECTOR('',#5638,1.);
#3177=VECTOR('',#5641,1.);
#3178=VECTOR('',#5644,1.);
#3179=VECTOR('',#5647,1.);
#3180=VECTOR('',#5650,1.);
#3181=VECTOR('',#5653,1.);
#3182=VECTOR('',#5656,1.);
#3183=VECTOR('',#5659,1.);
#3184=VECTOR('',#5662,1.);
#3185=VECTOR('',#5665,1.);
#3186=VECTOR('',#5668,1.);
#3187=VECTOR('',#5671,1.);
#3188=VECTOR('',#5674,1.);
#3189=VECTOR('',#5677,1.);
#3190=VECTOR('',#5680,1.);
#3191=VECTOR('',#5683,1.);
#3192=VECTOR('',#5686,1.);
#3193=VECTOR('',#5689,1.);
#3194=VECTOR('',#5692,1.);
#3195=VECTOR('',#5695,1.);
#3196=VECTOR('',#5698,1.);
#3197=VECTOR('',#5701,1.);
#3198=VECTOR('',#5704,1.);
#3199=VECTOR('',#5707,1.);
#3200=VECTOR('',#5710,1.);
#3201=VECTOR('',#5713,1.);
#3202=VECTOR('',#5716,1.);
#3203=VECTOR('',#5719,1.);
#3204=VECTOR('',#5722,1.);
#3205=VECTOR('',#5727,1.);
#3206=VECTOR('',#5730,1.);
#3207=VECTOR('',#5733,1.);
#3208=VECTOR('',#5736,1.);
#3209=VECTOR('',#5739,1.);
#3210=VECTOR('',#5742,1.);
#3211=VECTOR('',#5745,1.);
#3212=VECTOR('',#5748,1.);
#3213=VECTOR('',#5751,1.);
#3214=VECTOR('',#5754,1.);
#3215=VECTOR('',#5757,1.);
#3216=VECTOR('',#5760,1.);
#3217=VECTOR('',#5763,1.);
#3218=VECTOR('',#5766,1.);
#3219=VECTOR('',#5769,1.);
#3220=VECTOR('',#5772,1.);
#3221=VECTOR('',#5775,1.);
#3222=VECTOR('',#5778,1.);
#3223=VECTOR('',#5781,1.);
#3224=VECTOR('',#5784,1.);
#3225=VECTOR('',#5787,1.);
#3226=VECTOR('',#5790,1.);
#3227=VECTOR('',#5793,1.);
#3228=VECTOR('',#5796,1.);
#3229=VECTOR('',#5799,1.);
#3230=VECTOR('',#5802,1.);
#3231=VECTOR('',#5805,1.);
#3232=VECTOR('',#5808,1.);
#3233=VECTOR('',#5811,1.);
#3234=VECTOR('',#5814,1.);
#3235=VECTOR('',#5817,1.);
#3236=VECTOR('',#5820,1.);
#3237=VECTOR('',#5823,1.);
#3238=VECTOR('',#5826,1.);
#3239=VECTOR('',#5829,1.);
#3240=VECTOR('',#5832,1.);
#3241=VECTOR('',#5835,1.);
#3242=VECTOR('',#5838,1.);
#3243=VECTOR('',#5841,1.);
#3244=VECTOR('',#5844,1.);
#3245=VECTOR('',#5847,1.);
#3246=VECTOR('',#5850,1.);
#3247=VECTOR('',#5853,1.);
#3248=VECTOR('',#5856,1.);
#3249=VECTOR('',#5859,1.);
#3250=VECTOR('',#5862,1.);
#3251=VECTOR('',#5865,1.);
#3252=VECTOR('',#5868,1.);
#3253=VECTOR('',#5873,1.);
#3254=VECTOR('',#5874,1.);
#3255=VECTOR('',#5877,1.);
#3256=VECTOR('',#5880,1.);
#3257=VECTOR('',#5883,1.);
#3258=VECTOR('',#5886,1.);
#3259=VECTOR('',#5889,1.);
#3260=VECTOR('',#5892,1.);
#3261=VECTOR('',#5897,1.);
#3262=VECTOR('',#5898,1.);
#3263=VECTOR('',#5901,1.);
#3264=VECTOR('',#5904,1.);
#3265=VECTOR('',#5907,1.);
#3266=VECTOR('',#5910,1.);
#3267=VECTOR('',#5913,1.);
#3268=VECTOR('',#5916,1.);
#3269=VECTOR('',#5921,1.);
#3270=VECTOR('',#5922,1.);
#3271=VECTOR('',#5925,1.);
#3272=VECTOR('',#5928,1.);
#3273=VECTOR('',#5931,1.);
#3274=VECTOR('',#5934,1.);
#3275=VECTOR('',#5937,1.);
#3276=VECTOR('',#5940,1.);
#3277=VECTOR('',#5945,1.);
#3278=VECTOR('',#5946,1.);
#3279=VECTOR('',#5949,1.);
#3280=VECTOR('',#5952,1.);
#3281=VECTOR('',#5955,1.);
#3282=VECTOR('',#5958,1.);
#3283=VECTOR('',#5961,1.);
#3284=VECTOR('',#5964,1.);
#3285=VECTOR('',#5969,1.);
#3286=VECTOR('',#5970,1.);
#3287=VECTOR('',#5973,1.);
#3288=VECTOR('',#5976,1.);
#3289=VECTOR('',#5981,1.);
#3290=VECTOR('',#5982,1.);
#3291=VECTOR('',#5985,1.);
#3292=VECTOR('',#5988,1.);
#3293=VECTOR('',#5993,1.);
#3294=VECTOR('',#5994,1.);
#3295=VECTOR('',#5997,1.);
#3296=VECTOR('',#6000,1.);
#3297=VECTOR('',#6005,1.);
#3298=VECTOR('',#6006,1.);
#3299=VECTOR('',#6009,1.);
#3300=VECTOR('',#6012,1.);
#3301=VECTOR('',#6017,1.);
#3302=VECTOR('',#6018,1.);
#3303=VECTOR('',#6021,1.);
#3304=VECTOR('',#6024,1.);
#3305=VECTOR('',#6029,1.);
#3306=VECTOR('',#6030,1.);
#3307=VECTOR('',#6033,1.);
#3308=VECTOR('',#6036,1.);
#3309=VECTOR('',#6041,1.);
#3310=VECTOR('',#6042,1.);
#3311=VECTOR('',#6045,1.);
#3312=VECTOR('',#6048,1.);
#3313=VECTOR('',#6053,1.);
#3314=VECTOR('',#6054,1.);
#3315=VECTOR('',#6057,1.);
#3316=VECTOR('',#6060,1.);
#3317=EDGE_LOOP('',(#351,#352,#353,#354));
#3318=EDGE_LOOP('',(#355,#356,#357,#358,#359,#360,#361,#362));
#3319=EDGE_LOOP('',(#363,#364,#365,#366,#367,#368,#369,#370));
#3320=EDGE_LOOP('',(#371,#372,#373,#374,#375,#376,#377,#378,#379,#380,#381,
#382,#383,#384,#385,#386,#387,#388,#389,#390,#391,#392,#393,#394,#395,#396,
#397,#398,#399,#400,#401,#402,#403,#404,#405,#406,#407,#408,#409,#410,#411,
#412,#413,#414,#415,#416,#417,#418,#419,#420,#421,#422));
#3321=EDGE_LOOP('',(#423,#424,#425,#426));
#3322=EDGE_LOOP('',(#427,#428,#429,#430));
#3323=EDGE_LOOP('',(#431,#432,#433,#434));
#3324=EDGE_LOOP('',(#435,#436,#437,#438));
#3325=EDGE_LOOP('',(#439));
#3326=EDGE_LOOP('',(#440));
#3327=EDGE_LOOP('',(#441));
#3328=EDGE_LOOP('',(#442));
#3329=EDGE_LOOP('',(#443));
#3330=EDGE_LOOP('',(#444));
#3331=EDGE_LOOP('',(#445));
#3332=EDGE_LOOP('',(#446));
#3333=EDGE_LOOP('',(#447,#448,#449,#450,#451,#452,#453,#454));
#3334=EDGE_LOOP('',(#455,#456,#457,#458,#459,#460,#461,#462));
#3335=EDGE_LOOP('',(#463,#464,#465,#466,#467,#468,#469,#470,#471,#472,#473,
#474,#475,#476,#477,#478,#479,#480,#481,#482,#483,#484,#485,#486,#487,#488,
#489,#490,#491,#492,#493,#494,#495,#496,#497,#498,#499,#500,#501,#502,#503,
#504,#505,#506,#507,#508,#509,#510,#511,#512));
#3336=EDGE_LOOP('',(#513,#514,#515,#516));
#3337=EDGE_LOOP('',(#517,#518,#519,#520));
#3338=EDGE_LOOP('',(#521,#522,#523,#524));
#3339=EDGE_LOOP('',(#525,#526,#527,#528));
#3340=EDGE_LOOP('',(#529));
#3341=EDGE_LOOP('',(#530));
#3342=EDGE_LOOP('',(#531));
#3343=EDGE_LOOP('',(#532));
#3344=EDGE_LOOP('',(#533));
#3345=EDGE_LOOP('',(#534));
#3346=EDGE_LOOP('',(#535));
#3347=EDGE_LOOP('',(#536));
#3348=EDGE_LOOP('',(#537,#538,#539,#540));
#3349=EDGE_LOOP('',(#541,#542,#543,#544));
#3350=EDGE_LOOP('',(#545,#546,#547,#548));
#3351=EDGE_LOOP('',(#549,#550,#551,#552));
#3352=EDGE_LOOP('',(#553,#554,#555,#556));
#3353=EDGE_LOOP('',(#557,#558,#559,#560));
#3354=EDGE_LOOP('',(#561,#562,#563,#564));
#3355=EDGE_LOOP('',(#565,#566,#567,#568));
#3356=EDGE_LOOP('',(#569,#570,#571,#572));
#3357=EDGE_LOOP('',(#573,#574,#575,#576));
#3358=EDGE_LOOP('',(#577,#578,#579,#580));
#3359=EDGE_LOOP('',(#581,#582,#583,#584));
#3360=EDGE_LOOP('',(#585,#586,#587,#588));
#3361=EDGE_LOOP('',(#589,#590,#591,#592));
#3362=EDGE_LOOP('',(#593,#594,#595,#596));
#3363=EDGE_LOOP('',(#597,#598,#599,#600));
#3364=EDGE_LOOP('',(#601,#602,#603,#604));
#3365=EDGE_LOOP('',(#605,#606,#607,#608));
#3366=EDGE_LOOP('',(#609,#610,#611,#612));
#3367=EDGE_LOOP('',(#613,#614,#615,#616));
#3368=EDGE_LOOP('',(#617,#618,#619,#620,#621));
#3369=EDGE_LOOP('',(#622,#623,#624,#625));
#3370=EDGE_LOOP('',(#626,#627,#628,#629,#630));
#3371=EDGE_LOOP('',(#631,#632,#633,#634));
#3372=EDGE_LOOP('',(#635,#636,#637,#638));
#3373=EDGE_LOOP('',(#639,#640,#641,#642));
#3374=EDGE_LOOP('',(#643,#644,#645,#646));
#3375=EDGE_LOOP('',(#647,#648,#649,#650));
#3376=EDGE_LOOP('',(#651,#652,#653,#654));
#3377=EDGE_LOOP('',(#655));
#3378=EDGE_LOOP('',(#656));
#3379=EDGE_LOOP('',(#657));
#3380=EDGE_LOOP('',(#658));
#3381=EDGE_LOOP('',(#659));
#3382=EDGE_LOOP('',(#660));
#3383=EDGE_LOOP('',(#661));
#3384=EDGE_LOOP('',(#662));
#3385=EDGE_LOOP('',(#663));
#3386=EDGE_LOOP('',(#664));
#3387=EDGE_LOOP('',(#665));
#3388=EDGE_LOOP('',(#666));
#3389=EDGE_LOOP('',(#667));
#3390=EDGE_LOOP('',(#668));
#3391=EDGE_LOOP('',(#669,#670,#671,#672));
#3392=EDGE_LOOP('',(#673,#674,#675,#676));
#3393=EDGE_LOOP('',(#677));
#3394=EDGE_LOOP('',(#678));
#3395=EDGE_LOOP('',(#679,#680,#681,#682));
#3396=EDGE_LOOP('',(#683,#684,#685,#686));
#3397=EDGE_LOOP('',(#687,#688,#689,#690));
#3398=EDGE_LOOP('',(#691,#692,#693,#694));
#3399=EDGE_LOOP('',(#695,#696,#697,#698));
#3400=EDGE_LOOP('',(#699,#700,#701,#702));
#3401=EDGE_LOOP('',(#703,#704,#705,#706));
#3402=EDGE_LOOP('',(#707,#708,#709,#710));
#3403=EDGE_LOOP('',(#711,#712,#713,#714));
#3404=EDGE_LOOP('',(#715,#716,#717,#718));
#3405=EDGE_LOOP('',(#719,#720,#721,#722));
#3406=EDGE_LOOP('',(#723,#724,#725,#726));
#3407=EDGE_LOOP('',(#727,#728,#729,#730));
#3408=EDGE_LOOP('',(#731,#732,#733,#734));
#3409=EDGE_LOOP('',(#735,#736,#737,#738));
#3410=EDGE_LOOP('',(#739,#740,#741,#742));
#3411=EDGE_LOOP('',(#743,#744,#745,#746));
#3412=EDGE_LOOP('',(#747,#748,#749,#750));
#3413=EDGE_LOOP('',(#751,#752,#753,#754));
#3414=EDGE_LOOP('',(#755,#756,#757,#758));
#3415=EDGE_LOOP('',(#759,#760,#761,#762));
#3416=EDGE_LOOP('',(#763,#764,#765,#766));
#3417=EDGE_LOOP('',(#767,#768,#769,#770));
#3418=EDGE_LOOP('',(#771,#772,#773,#774));
#3419=EDGE_LOOP('',(#775,#776,#777,#778));
#3420=EDGE_LOOP('',(#779,#780,#781,#782));
#3421=EDGE_LOOP('',(#783,#784,#785,#786));
#3422=EDGE_LOOP('',(#787,#788,#789,#790));
#3423=EDGE_LOOP('',(#791,#792,#793,#794));
#3424=EDGE_LOOP('',(#795,#796,#797,#798));
#3425=EDGE_LOOP('',(#799,#800,#801,#802));
#3426=EDGE_LOOP('',(#803,#804,#805,#806));
#3427=EDGE_LOOP('',(#807,#808,#809,#810));
#3428=EDGE_LOOP('',(#811,#812,#813,#814));
#3429=EDGE_LOOP('',(#815,#816,#817,#818));
#3430=EDGE_LOOP('',(#819,#820,#821,#822));
#3431=EDGE_LOOP('',(#823,#824,#825,#826));
#3432=EDGE_LOOP('',(#827,#828,#829,#830));
#3433=EDGE_LOOP('',(#831,#832,#833,#834));
#3434=EDGE_LOOP('',(#835,#836,#837,#838));
#3435=EDGE_LOOP('',(#839,#840,#841,#842));
#3436=EDGE_LOOP('',(#843,#844,#845,#846));
#3437=EDGE_LOOP('',(#847,#848,#849,#850));
#3438=EDGE_LOOP('',(#851,#852,#853,#854));
#3439=EDGE_LOOP('',(#855,#856,#857,#858));
#3440=EDGE_LOOP('',(#859,#860,#861,#862));
#3441=EDGE_LOOP('',(#863,#864,#865,#866));
#3442=EDGE_LOOP('',(#867,#868,#869,#870));
#3443=EDGE_LOOP('',(#871,#872,#873,#874));
#3444=EDGE_LOOP('',(#875,#876,#877,#878));
#3445=EDGE_LOOP('',(#879,#880,#881,#882,#883,#884,#885,#886));
#3446=EDGE_LOOP('',(#887,#888,#889,#890));
#3447=EDGE_LOOP('',(#891,#892,#893,#894));
#3448=EDGE_LOOP('',(#895,#896,#897,#898));
#3449=EDGE_LOOP('',(#899,#900,#901,#902));
#3450=EDGE_LOOP('',(#903,#904,#905,#906));
#3451=EDGE_LOOP('',(#907,#908,#909,#910));
#3452=EDGE_LOOP('',(#911,#912,#913,#914));
#3453=EDGE_LOOP('',(#915,#916,#917,#918));
#3454=EDGE_LOOP('',(#919,#920,#921,#922));
#3455=EDGE_LOOP('',(#923,#924,#925,#926));
#3456=EDGE_LOOP('',(#927,#928,#929,#930));
#3457=EDGE_LOOP('',(#931,#932,#933,#934));
#3458=EDGE_LOOP('',(#935,#936,#937,#938));
#3459=EDGE_LOOP('',(#939,#940,#941,#942));
#3460=EDGE_LOOP('',(#943,#944,#945,#946));
#3461=EDGE_LOOP('',(#947,#948,#949,#950));
#3462=EDGE_LOOP('',(#951,#952,#953,#954));
#3463=EDGE_LOOP('',(#955,#956,#957,#958));
#3464=EDGE_LOOP('',(#959,#960,#961,#962));
#3465=EDGE_LOOP('',(#963,#964,#965,#966));
#3466=EDGE_LOOP('',(#967,#968,#969,#970));
#3467=EDGE_LOOP('',(#971,#972,#973,#974));
#3468=EDGE_LOOP('',(#975,#976,#977,#978));
#3469=EDGE_LOOP('',(#979,#980,#981,#982));
#3470=EDGE_LOOP('',(#983,#984,#985,#986));
#3471=EDGE_LOOP('',(#987,#988,#989,#990));
#3472=EDGE_LOOP('',(#991,#992,#993,#994));
#3473=EDGE_LOOP('',(#995,#996,#997,#998));
#3474=EDGE_LOOP('',(#999,#1000,#1001,#1002));
#3475=EDGE_LOOP('',(#1003,#1004,#1005,#1006));
#3476=EDGE_LOOP('',(#1007,#1008,#1009,#1010));
#3477=EDGE_LOOP('',(#1011,#1012,#1013,#1014));
#3478=EDGE_LOOP('',(#1015,#1016,#1017,#1018));
#3479=EDGE_LOOP('',(#1019,#1020,#1021,#1022));
#3480=EDGE_LOOP('',(#1023,#1024,#1025,#1026));
#3481=EDGE_LOOP('',(#1027,#1028,#1029,#1030));
#3482=EDGE_LOOP('',(#1031,#1032,#1033,#1034));
#3483=EDGE_LOOP('',(#1035,#1036,#1037,#1038));
#3484=EDGE_LOOP('',(#1039,#1040,#1041,#1042));
#3485=EDGE_LOOP('',(#1043,#1044,#1045,#1046));
#3486=EDGE_LOOP('',(#1047,#1048,#1049,#1050));
#3487=EDGE_LOOP('',(#1051,#1052,#1053,#1054));
#3488=EDGE_LOOP('',(#1055,#1056,#1057,#1058));
#3489=EDGE_LOOP('',(#1059,#1060,#1061,#1062));
#3490=EDGE_LOOP('',(#1063,#1064,#1065,#1066));
#3491=EDGE_LOOP('',(#1067,#1068,#1069,#1070));
#3492=EDGE_LOOP('',(#1071,#1072,#1073,#1074));
#3493=EDGE_LOOP('',(#1075,#1076,#1077,#1078));
#3494=EDGE_LOOP('',(#1079,#1080,#1081,#1082));
#3495=EDGE_LOOP('',(#1083,#1084,#1085,#1086));
#3496=EDGE_LOOP('',(#1087,#1088,#1089,#1090));
#3497=EDGE_LOOP('',(#1091,#1092,#1093,#1094));
#3498=EDGE_LOOP('',(#1095,#1096,#1097,#1098));
#3499=EDGE_LOOP('',(#1099,#1100,#1101,#1102));
#3500=EDGE_LOOP('',(#1103,#1104,#1105,#1106));
#3501=EDGE_LOOP('',(#1107,#1108,#1109,#1110));
#3502=EDGE_LOOP('',(#1111,#1112,#1113,#1114));
#3503=EDGE_LOOP('',(#1115,#1116,#1117,#1118));
#3504=EDGE_LOOP('',(#1119,#1120,#1121,#1122));
#3505=EDGE_LOOP('',(#1123,#1124,#1125,#1126));
#3506=EDGE_LOOP('',(#1127,#1128,#1129,#1130));
#3507=EDGE_LOOP('',(#1131,#1132,#1133,#1134));
#3508=EDGE_LOOP('',(#1135,#1136,#1137,#1138));
#3509=EDGE_LOOP('',(#1139,#1140,#1141,#1142));
#3510=EDGE_LOOP('',(#1143,#1144,#1145,#1146));
#3511=EDGE_LOOP('',(#1147,#1148,#1149,#1150));
#3512=EDGE_LOOP('',(#1151,#1152,#1153,#1154));
#3513=EDGE_LOOP('',(#1155,#1156,#1157,#1158));
#3514=EDGE_LOOP('',(#1159,#1160,#1161,#1162));
#3515=EDGE_LOOP('',(#1163,#1164,#1165,#1166));
#3516=EDGE_LOOP('',(#1167,#1168,#1169,#1170));
#3517=EDGE_LOOP('',(#1171,#1172,#1173,#1174));
#3518=EDGE_LOOP('',(#1175,#1176,#1177,#1178));
#3519=EDGE_LOOP('',(#1179,#1180,#1181,#1182));
#3520=EDGE_LOOP('',(#1183,#1184,#1185,#1186));
#3521=EDGE_LOOP('',(#1187,#1188,#1189,#1190));
#3522=EDGE_LOOP('',(#1191,#1192,#1193,#1194));
#3523=EDGE_LOOP('',(#1195,#1196,#1197,#1198));
#3524=EDGE_LOOP('',(#1199,#1200,#1201,#1202));
#3525=EDGE_LOOP('',(#1203,#1204,#1205,#1206));
#3526=EDGE_LOOP('',(#1207,#1208,#1209,#1210));
#3527=EDGE_LOOP('',(#1211,#1212,#1213,#1214));
#3528=EDGE_LOOP('',(#1215,#1216,#1217,#1218));
#3529=EDGE_LOOP('',(#1219,#1220,#1221,#1222));
#3530=EDGE_LOOP('',(#1223,#1224,#1225,#1226));
#3531=EDGE_LOOP('',(#1227,#1228,#1229,#1230));
#3532=EDGE_LOOP('',(#1231,#1232,#1233,#1234));
#3533=EDGE_LOOP('',(#1235,#1236,#1237,#1238));
#3534=EDGE_LOOP('',(#1239,#1240,#1241,#1242));
#3535=EDGE_LOOP('',(#1243,#1244,#1245,#1246));
#3536=EDGE_LOOP('',(#1247,#1248,#1249,#1250));
#3537=EDGE_LOOP('',(#1251,#1252,#1253,#1254));
#3538=EDGE_LOOP('',(#1255,#1256,#1257,#1258));
#3539=EDGE_LOOP('',(#1259,#1260,#1261,#1262));
#3540=EDGE_LOOP('',(#1263,#1264,#1265,#1266));
#3541=EDGE_LOOP('',(#1267,#1268,#1269,#1270));
#3542=EDGE_LOOP('',(#1271,#1272,#1273,#1274));
#3543=EDGE_LOOP('',(#1275,#1276,#1277,#1278));
#3544=EDGE_LOOP('',(#1279,#1280,#1281,#1282));
#3545=EDGE_LOOP('',(#1283,#1284,#1285,#1286));
#3546=EDGE_LOOP('',(#1287,#1288,#1289,#1290));
#3547=EDGE_LOOP('',(#1291,#1292,#1293,#1294));
#3548=EDGE_LOOP('',(#1295,#1296,#1297,#1298));
#3549=EDGE_LOOP('',(#1299,#1300,#1301,#1302));
#3550=EDGE_LOOP('',(#1303,#1304,#1305,#1306));
#3551=EDGE_LOOP('',(#1307,#1308,#1309,#1310));
#3552=EDGE_LOOP('',(#1311,#1312,#1313,#1314));
#3553=EDGE_LOOP('',(#1315,#1316,#1317,#1318));
#3554=EDGE_LOOP('',(#1319,#1320,#1321,#1322));
#3555=EDGE_LOOP('',(#1323,#1324,#1325,#1326));
#3556=EDGE_LOOP('',(#1327,#1328,#1329,#1330));
#3557=EDGE_LOOP('',(#1331,#1332,#1333,#1334));
#3558=EDGE_LOOP('',(#1335,#1336,#1337,#1338));
#3559=EDGE_LOOP('',(#1339,#1340,#1341,#1342));
#3560=EDGE_LOOP('',(#1343,#1344,#1345,#1346));
#3561=EDGE_LOOP('',(#1347,#1348,#1349,#1350));
#3562=EDGE_LOOP('',(#1351,#1352,#1353,#1354));
#3563=EDGE_LOOP('',(#1355,#1356,#1357,#1358));
#3564=EDGE_LOOP('',(#1359,#1360,#1361,#1362));
#3565=EDGE_LOOP('',(#1363,#1364,#1365,#1366));
#3566=EDGE_LOOP('',(#1367,#1368,#1369,#1370));
#3567=EDGE_LOOP('',(#1371,#1372,#1373,#1374));
#3568=EDGE_LOOP('',(#1375,#1376,#1377,#1378));
#3569=EDGE_LOOP('',(#1379,#1380,#1381,#1382));
#3570=EDGE_LOOP('',(#1383,#1384,#1385,#1386));
#3571=EDGE_LOOP('',(#1387,#1388,#1389,#1390));
#3572=EDGE_LOOP('',(#1391,#1392,#1393,#1394));
#3573=EDGE_LOOP('',(#1395,#1396,#1397,#1398));
#3574=EDGE_LOOP('',(#1399,#1400,#1401,#1402));
#3575=EDGE_LOOP('',(#1403,#1404,#1405,#1406));
#3576=EDGE_LOOP('',(#1407,#1408,#1409,#1410));
#3577=EDGE_LOOP('',(#1411,#1412,#1413,#1414));
#3578=EDGE_LOOP('',(#1415,#1416,#1417,#1418));
#3579=EDGE_LOOP('',(#1419,#1420,#1421,#1422));
#3580=EDGE_LOOP('',(#1423,#1424,#1425,#1426));
#3581=EDGE_LOOP('',(#1427,#1428,#1429,#1430));
#3582=EDGE_LOOP('',(#1431,#1432,#1433,#1434));
#3583=EDGE_LOOP('',(#1435,#1436,#1437,#1438));
#3584=EDGE_LOOP('',(#1439,#1440,#1441,#1442));
#3585=EDGE_LOOP('',(#1443,#1444,#1445,#1446));
#3586=EDGE_LOOP('',(#1447,#1448,#1449,#1450));
#3587=EDGE_LOOP('',(#1451,#1452,#1453,#1454));
#3588=EDGE_LOOP('',(#1455,#1456,#1457,#1458));
#3589=EDGE_LOOP('',(#1459,#1460,#1461,#1462));
#3590=EDGE_LOOP('',(#1463,#1464,#1465,#1466));
#3591=EDGE_LOOP('',(#1467,#1468,#1469,#1470));
#3592=EDGE_LOOP('',(#1471,#1472,#1473,#1474));
#3593=EDGE_LOOP('',(#1475,#1476,#1477,#1478));
#3594=EDGE_LOOP('',(#1479,#1480,#1481,#1482));
#3595=EDGE_LOOP('',(#1483,#1484,#1485,#1486));
#3596=EDGE_LOOP('',(#1487,#1488,#1489,#1490));
#3597=EDGE_LOOP('',(#1491,#1492,#1493,#1494));
#3598=EDGE_LOOP('',(#1495,#1496,#1497,#1498));
#3599=EDGE_LOOP('',(#1499,#1500,#1501,#1502));
#3600=EDGE_LOOP('',(#1503,#1504,#1505,#1506));
#3601=EDGE_LOOP('',(#1507,#1508,#1509,#1510));
#3602=EDGE_LOOP('',(#1511,#1512,#1513,#1514));
#3603=EDGE_LOOP('',(#1515,#1516,#1517,#1518));
#3604=EDGE_LOOP('',(#1519,#1520,#1521,#1522));
#3605=EDGE_LOOP('',(#1523,#1524,#1525,#1526));
#3606=EDGE_LOOP('',(#1527,#1528,#1529,#1530));
#3607=EDGE_LOOP('',(#1531,#1532,#1533,#1534));
#3608=EDGE_LOOP('',(#1535,#1536,#1537,#1538));
#3609=EDGE_LOOP('',(#1539,#1540,#1541,#1542));
#3610=EDGE_LOOP('',(#1543,#1544,#1545,#1546));
#3611=EDGE_LOOP('',(#1547,#1548,#1549,#1550));
#3612=EDGE_LOOP('',(#1551,#1552,#1553,#1554));
#3613=FACE_BOUND('',#3317,.T.);
#3614=FACE_BOUND('',#3318,.T.);
#3615=FACE_BOUND('',#3319,.T.);
#3616=FACE_BOUND('',#3320,.T.);
#3617=FACE_BOUND('',#3321,.T.);
#3618=FACE_BOUND('',#3322,.T.);
#3619=FACE_BOUND('',#3323,.T.);
#3620=FACE_BOUND('',#3324,.T.);
#3621=FACE_BOUND('',#3325,.T.);
#3622=FACE_BOUND('',#3326,.T.);
#3623=FACE_BOUND('',#3327,.T.);
#3624=FACE_BOUND('',#3328,.T.);
#3625=FACE_BOUND('',#3329,.T.);
#3626=FACE_BOUND('',#3330,.T.);
#3627=FACE_BOUND('',#3331,.T.);
#3628=FACE_BOUND('',#3332,.T.);
#3629=FACE_BOUND('',#3333,.T.);
#3630=FACE_BOUND('',#3334,.T.);
#3631=FACE_BOUND('',#3335,.T.);
#3632=FACE_BOUND('',#3336,.T.);
#3633=FACE_BOUND('',#3337,.T.);
#3634=FACE_BOUND('',#3338,.T.);
#3635=FACE_BOUND('',#3339,.T.);
#3636=FACE_BOUND('',#3340,.T.);
#3637=FACE_BOUND('',#3341,.T.);
#3638=FACE_BOUND('',#3342,.T.);
#3639=FACE_BOUND('',#3343,.T.);
#3640=FACE_BOUND('',#3344,.T.);
#3641=FACE_BOUND('',#3345,.T.);
#3642=FACE_BOUND('',#3346,.T.);
#3643=FACE_BOUND('',#3347,.T.);
#3644=FACE_BOUND('',#3348,.T.);
#3645=FACE_BOUND('',#3349,.T.);
#3646=FACE_BOUND('',#3350,.T.);
#3647=FACE_BOUND('',#3351,.T.);
#3648=FACE_BOUND('',#3352,.T.);
#3649=FACE_BOUND('',#3353,.T.);
#3650=FACE_BOUND('',#3354,.T.);
#3651=FACE_BOUND('',#3355,.T.);
#3652=FACE_BOUND('',#3356,.T.);
#3653=FACE_BOUND('',#3357,.T.);
#3654=FACE_BOUND('',#3358,.T.);
#3655=FACE_BOUND('',#3359,.T.);
#3656=FACE_BOUND('',#3360,.T.);
#3657=FACE_BOUND('',#3361,.T.);
#3658=FACE_BOUND('',#3362,.T.);
#3659=FACE_BOUND('',#3363,.T.);
#3660=FACE_BOUND('',#3364,.T.);
#3661=FACE_BOUND('',#3365,.T.);
#3662=FACE_BOUND('',#3366,.T.);
#3663=FACE_BOUND('',#3367,.T.);
#3664=FACE_BOUND('',#3368,.T.);
#3665=FACE_BOUND('',#3369,.T.);
#3666=FACE_BOUND('',#3370,.T.);
#3667=FACE_BOUND('',#3371,.T.);
#3668=FACE_BOUND('',#3372,.T.);
#3669=FACE_BOUND('',#3373,.T.);
#3670=FACE_BOUND('',#3374,.T.);
#3671=FACE_BOUND('',#3375,.T.);
#3672=FACE_BOUND('',#3376,.T.);
#3673=FACE_BOUND('',#3377,.T.);
#3674=FACE_BOUND('',#3378,.T.);
#3675=FACE_BOUND('',#3379,.T.);
#3676=FACE_BOUND('',#3380,.T.);
#3677=FACE_BOUND('',#3381,.T.);
#3678=FACE_BOUND('',#3382,.T.);
#3679=FACE_BOUND('',#3383,.T.);
#3680=FACE_BOUND('',#3384,.T.);
#3681=FACE_BOUND('',#3385,.T.);
#3682=FACE_BOUND('',#3386,.T.);
#3683=FACE_BOUND('',#3387,.T.);
#3684=FACE_BOUND('',#3388,.T.);
#3685=FACE_BOUND('',#3389,.T.);
#3686=FACE_BOUND('',#3390,.T.);
#3687=FACE_BOUND('',#3391,.T.);
#3688=FACE_BOUND('',#3392,.T.);
#3689=FACE_BOUND('',#3393,.T.);
#3690=FACE_BOUND('',#3394,.T.);
#3691=FACE_BOUND('',#3395,.T.);
#3692=FACE_BOUND('',#3396,.T.);
#3693=FACE_BOUND('',#3397,.T.);
#3694=FACE_BOUND('',#3398,.T.);
#3695=FACE_BOUND('',#3399,.T.);
#3696=FACE_BOUND('',#3400,.T.);
#3697=FACE_BOUND('',#3401,.T.);
#3698=FACE_BOUND('',#3402,.T.);
#3699=FACE_BOUND('',#3403,.T.);
#3700=FACE_BOUND('',#3404,.T.);
#3701=FACE_BOUND('',#3405,.T.);
#3702=FACE_BOUND('',#3406,.T.);
#3703=FACE_BOUND('',#3407,.T.);
#3704=FACE_BOUND('',#3408,.T.);
#3705=FACE_BOUND('',#3409,.T.);
#3706=FACE_BOUND('',#3410,.T.);
#3707=FACE_BOUND('',#3411,.T.);
#3708=FACE_BOUND('',#3412,.T.);
#3709=FACE_BOUND('',#3413,.T.);
#3710=FACE_BOUND('',#3414,.T.);
#3711=FACE_BOUND('',#3415,.T.);
#3712=FACE_BOUND('',#3416,.T.);
#3713=FACE_BOUND('',#3417,.T.);
#3714=FACE_BOUND('',#3418,.T.);
#3715=FACE_BOUND('',#3419,.T.);
#3716=FACE_BOUND('',#3420,.T.);
#3717=FACE_BOUND('',#3421,.T.);
#3718=FACE_BOUND('',#3422,.T.);
#3719=FACE_BOUND('',#3423,.T.);
#3720=FACE_BOUND('',#3424,.T.);
#3721=FACE_BOUND('',#3425,.T.);
#3722=FACE_BOUND('',#3426,.T.);
#3723=FACE_BOUND('',#3427,.T.);
#3724=FACE_BOUND('',#3428,.T.);
#3725=FACE_BOUND('',#3429,.T.);
#3726=FACE_BOUND('',#3430,.T.);
#3727=FACE_BOUND('',#3431,.T.);
#3728=FACE_BOUND('',#3432,.T.);
#3729=FACE_BOUND('',#3433,.T.);
#3730=FACE_BOUND('',#3434,.T.);
#3731=FACE_BOUND('',#3435,.T.);
#3732=FACE_BOUND('',#3436,.T.);
#3733=FACE_BOUND('',#3437,.T.);
#3734=FACE_BOUND('',#3438,.T.);
#3735=FACE_BOUND('',#3439,.T.);
#3736=FACE_BOUND('',#3440,.T.);
#3737=FACE_BOUND('',#3441,.T.);
#3738=FACE_BOUND('',#3442,.T.);
#3739=FACE_BOUND('',#3443,.T.);
#3740=FACE_BOUND('',#3444,.T.);
#3741=FACE_BOUND('',#3445,.T.);
#3742=FACE_BOUND('',#3446,.T.);
#3743=FACE_BOUND('',#3447,.T.);
#3744=FACE_BOUND('',#3448,.T.);
#3745=FACE_BOUND('',#3449,.T.);
#3746=FACE_BOUND('',#3450,.T.);
#3747=FACE_BOUND('',#3451,.T.);
#3748=FACE_BOUND('',#3452,.T.);
#3749=FACE_BOUND('',#3453,.T.);
#3750=FACE_BOUND('',#3454,.T.);
#3751=FACE_BOUND('',#3455,.T.);
#3752=FACE_BOUND('',#3456,.T.);
#3753=FACE_BOUND('',#3457,.T.);
#3754=FACE_BOUND('',#3458,.T.);
#3755=FACE_BOUND('',#3459,.T.);
#3756=FACE_BOUND('',#3460,.T.);
#3757=FACE_BOUND('',#3461,.T.);
#3758=FACE_BOUND('',#3462,.T.);
#3759=FACE_BOUND('',#3463,.T.);
#3760=FACE_BOUND('',#3464,.T.);
#3761=FACE_BOUND('',#3465,.T.);
#3762=FACE_BOUND('',#3466,.T.);
#3763=FACE_BOUND('',#3467,.T.);
#3764=FACE_BOUND('',#3468,.T.);
#3765=FACE_BOUND('',#3469,.T.);
#3766=FACE_BOUND('',#3470,.T.);
#3767=FACE_BOUND('',#3471,.T.);
#3768=FACE_BOUND('',#3472,.T.);
#3769=FACE_BOUND('',#3473,.T.);
#3770=FACE_BOUND('',#3474,.T.);
#3771=FACE_BOUND('',#3475,.T.);
#3772=FACE_BOUND('',#3476,.T.);
#3773=FACE_BOUND('',#3477,.T.);
#3774=FACE_BOUND('',#3478,.T.);
#3775=FACE_BOUND('',#3479,.T.);
#3776=FACE_BOUND('',#3480,.T.);
#3777=FACE_BOUND('',#3481,.T.);
#3778=FACE_BOUND('',#3482,.T.);
#3779=FACE_BOUND('',#3483,.T.);
#3780=FACE_BOUND('',#3484,.T.);
#3781=FACE_BOUND('',#3485,.T.);
#3782=FACE_BOUND('',#3486,.T.);
#3783=FACE_BOUND('',#3487,.T.);
#3784=FACE_BOUND('',#3488,.T.);
#3785=FACE_BOUND('',#3489,.T.);
#3786=FACE_BOUND('',#3490,.T.);
#3787=FACE_BOUND('',#3491,.T.);
#3788=FACE_BOUND('',#3492,.T.);
#3789=FACE_BOUND('',#3493,.T.);
#3790=FACE_BOUND('',#3494,.T.);
#3791=FACE_BOUND('',#3495,.T.);
#3792=FACE_BOUND('',#3496,.T.);
#3793=FACE_BOUND('',#3497,.T.);
#3794=FACE_BOUND('',#3498,.T.);
#3795=FACE_BOUND('',#3499,.T.);
#3796=FACE_BOUND('',#3500,.T.);
#3797=FACE_BOUND('',#3501,.T.);
#3798=FACE_BOUND('',#3502,.T.);
#3799=FACE_BOUND('',#3503,.T.);
#3800=FACE_BOUND('',#3504,.T.);
#3801=FACE_BOUND('',#3505,.T.);
#3802=FACE_BOUND('',#3506,.T.);
#3803=FACE_BOUND('',#3507,.T.);
#3804=FACE_BOUND('',#3508,.T.);
#3805=FACE_BOUND('',#3509,.T.);
#3806=FACE_BOUND('',#3510,.T.);
#3807=FACE_BOUND('',#3511,.T.);
#3808=FACE_BOUND('',#3512,.T.);
#3809=FACE_BOUND('',#3513,.T.);
#3810=FACE_BOUND('',#3514,.T.);
#3811=FACE_BOUND('',#3515,.T.);
#3812=FACE_BOUND('',#3516,.T.);
#3813=FACE_BOUND('',#3517,.T.);
#3814=FACE_BOUND('',#3518,.T.);
#3815=FACE_BOUND('',#3519,.T.);
#3816=FACE_BOUND('',#3520,.T.);
#3817=FACE_BOUND('',#3521,.T.);
#3818=FACE_BOUND('',#3522,.T.);
#3819=FACE_BOUND('',#3523,.T.);
#3820=FACE_BOUND('',#3524,.T.);
#3821=FACE_BOUND('',#3525,.T.);
#3822=FACE_BOUND('',#3526,.T.);
#3823=FACE_BOUND('',#3527,.T.);
#3824=FACE_BOUND('',#3528,.T.);
#3825=FACE_BOUND('',#3529,.T.);
#3826=FACE_BOUND('',#3530,.T.);
#3827=FACE_BOUND('',#3531,.T.);
#3828=FACE_BOUND('',#3532,.T.);
#3829=FACE_BOUND('',#3533,.T.);
#3830=FACE_BOUND('',#3534,.T.);
#3831=FACE_BOUND('',#3535,.T.);
#3832=FACE_BOUND('',#3536,.T.);
#3833=FACE_BOUND('',#3537,.T.);
#3834=FACE_BOUND('',#3538,.T.);
#3835=FACE_BOUND('',#3539,.T.);
#3836=FACE_BOUND('',#3540,.T.);
#3837=FACE_BOUND('',#3541,.T.);
#3838=FACE_BOUND('',#3542,.T.);
#3839=FACE_BOUND('',#3543,.T.);
#3840=FACE_BOUND('',#3544,.T.);
#3841=FACE_BOUND('',#3545,.T.);
#3842=FACE_BOUND('',#3546,.T.);
#3843=FACE_BOUND('',#3547,.T.);
#3844=FACE_BOUND('',#3548,.T.);
#3845=FACE_BOUND('',#3549,.T.);
#3846=FACE_BOUND('',#3550,.T.);
#3847=FACE_BOUND('',#3551,.T.);
#3848=FACE_BOUND('',#3552,.T.);
#3849=FACE_BOUND('',#3553,.T.);
#3850=FACE_BOUND('',#3554,.T.);
#3851=FACE_BOUND('',#3555,.T.);
#3852=FACE_BOUND('',#3556,.T.);
#3853=FACE_BOUND('',#3557,.T.);
#3854=FACE_BOUND('',#3558,.T.);
#3855=FACE_BOUND('',#3559,.T.);
#3856=FACE_BOUND('',#3560,.T.);
#3857=FACE_BOUND('',#3561,.T.);
#3858=FACE_BOUND('',#3562,.T.);
#3859=FACE_BOUND('',#3563,.T.);
#3860=FACE_BOUND('',#3564,.T.);
#3861=FACE_BOUND('',#3565,.T.);
#3862=FACE_BOUND('',#3566,.T.);
#3863=FACE_BOUND('',#3567,.T.);
#3864=FACE_BOUND('',#3568,.T.);
#3865=FACE_BOUND('',#3569,.T.);
#3866=FACE_BOUND('',#3570,.T.);
#3867=FACE_BOUND('',#3571,.T.);
#3868=FACE_BOUND('',#3572,.T.);
#3869=FACE_BOUND('',#3573,.T.);
#3870=FACE_BOUND('',#3574,.T.);
#3871=FACE_BOUND('',#3575,.T.);
#3872=FACE_BOUND('',#3576,.T.);
#3873=FACE_BOUND('',#3577,.T.);
#3874=FACE_BOUND('',#3578,.T.);
#3875=FACE_BOUND('',#3579,.T.);
#3876=FACE_BOUND('',#3580,.T.);
#3877=FACE_BOUND('',#3581,.T.);
#3878=FACE_BOUND('',#3582,.T.);
#3879=FACE_BOUND('',#3583,.T.);
#3880=FACE_BOUND('',#3584,.T.);
#3881=FACE_BOUND('',#3585,.T.);
#3882=FACE_BOUND('',#3586,.T.);
#3883=FACE_BOUND('',#3587,.T.);
#3884=FACE_BOUND('',#3588,.T.);
#3885=FACE_BOUND('',#3589,.T.);
#3886=FACE_BOUND('',#3590,.T.);
#3887=FACE_BOUND('',#3591,.T.);
#3888=FACE_BOUND('',#3592,.T.);
#3889=FACE_BOUND('',#3593,.T.);
#3890=FACE_BOUND('',#3594,.T.);
#3891=FACE_BOUND('',#3595,.T.);
#3892=FACE_BOUND('',#3596,.T.);
#3893=FACE_BOUND('',#3597,.T.);
#3894=FACE_BOUND('',#3598,.T.);
#3895=FACE_BOUND('',#3599,.T.);
#3896=FACE_BOUND('',#3600,.T.);
#3897=FACE_BOUND('',#3601,.T.);
#3898=FACE_BOUND('',#3602,.T.);
#3899=FACE_BOUND('',#3603,.T.);
#3900=FACE_BOUND('',#3604,.T.);
#3901=FACE_BOUND('',#3605,.T.);
#3902=FACE_BOUND('',#3606,.T.);
#3903=FACE_BOUND('',#3607,.T.);
#3904=FACE_BOUND('',#3608,.T.);
#3905=FACE_BOUND('',#3609,.T.);
#3906=FACE_BOUND('',#3610,.T.);
#3907=FACE_BOUND('',#3611,.T.);
#3908=FACE_BOUND('',#3612,.T.);
#3909=PLANE('',#4301);
#3910=PLANE('',#4302);
#3911=PLANE('',#4356);
#3912=PLANE('',#4408);
#3913=PLANE('',#4409);
#3914=PLANE('',#4410);
#3915=PLANE('',#4411);
#3916=PLANE('',#4412);
#3917=PLANE('',#4413);
#3918=PLANE('',#4414);
#3919=PLANE('',#4415);
#3920=PLANE('',#4416);
#3921=PLANE('',#4417);
#3922=PLANE('',#4418);
#3923=PLANE('',#4419);
#3924=PLANE('',#4420);
#3925=PLANE('',#4421);
#3926=PLANE('',#4422);
#3927=PLANE('',#4423);
#3928=PLANE('',#4424);
#3929=PLANE('',#4425);
#3930=PLANE('',#4426);
#3931=PLANE('',#4427);
#3932=PLANE('',#4428);
#3933=PLANE('',#4432);
#3934=PLANE('',#4433);
#3935=PLANE('',#4434);
#3936=PLANE('',#4435);
#3937=PLANE('',#4436);
#3938=PLANE('',#4437);
#3939=PLANE('',#4438);
#3940=PLANE('',#4446);
#3941=PLANE('',#4447);
#3942=PLANE('',#4452);
#3943=PLANE('',#4456);
#3944=PLANE('',#4460);
#3945=PLANE('',#4461);
#3946=PLANE('',#4468);
#3947=PLANE('',#4472);
#3948=PLANE('',#4473);
#3949=PLANE('',#4480);
#3950=PLANE('',#4588);
#3951=PLANE('',#4591);
#3952=PLANE('',#4592);
#3953=PLANE('',#4595);
#3954=PLANE('',#4596);
#3955=PLANE('',#4599);
#3956=PLANE('',#4600);
#3957=PLANE('',#4607);
#3958=PLANE('',#4608);
#3959=PLANE('',#4611);
#3960=PLANE('',#4612);
#3961=PLANE('',#4615);
#3962=PLANE('',#4616);
#3963=PLANE('',#4619);
#3964=PLANE('',#4620);
#3965=PLANE('',#4623);
#3966=PLANE('',#4624);
#3967=PLANE('',#4627);
#3968=PLANE('',#4628);
#3969=PLANE('',#4631);
#3970=PLANE('',#4632);
#3971=PLANE('',#4636);
#3972=PLANE('',#4639);
#3973=PLANE('',#4640);
#3974=PLANE('',#4642);
#3975=PLANE('',#4644);
#3976=PLANE('',#4646);
#3977=PLANE('',#4648);
#3978=PLANE('',#4650);
#3979=PLANE('',#4652);
#3980=PLANE('',#4656);
#3981=PLANE('',#4657);
#3982=PLANE('',#4660);
#3983=PLANE('',#4661);
#3984=PLANE('',#4664);
#3985=PLANE('',#4665);
#3986=PLANE('',#4668);
#3987=PLANE('',#4669);
#3988=PLANE('',#4672);
#3989=PLANE('',#4673);
#3990=PLANE('',#4676);
#3991=PLANE('',#4677);
#3992=PLANE('',#4680);
#3993=PLANE('',#4681);
#3994=PLANE('',#4685);
#3995=PLANE('',#4688);
#3996=PLANE('',#4689);
#3997=PLANE('',#4692);
#3998=PLANE('',#4693);
#3999=PLANE('',#4696);
#4000=PLANE('',#4697);
#4001=PLANE('',#4700);
#4002=PLANE('',#4701);
#4003=PLANE('',#4704);
#4004=PLANE('',#4705);
#4005=PLANE('',#4708);
#4006=PLANE('',#4709);
#4007=PLANE('',#4712);
#4008=PLANE('',#4713);
#4009=PLANE('',#4716);
#4010=PLANE('',#4717);
#4011=PLANE('',#4720);
#4012=PLANE('',#4721);
#4013=PLANE('',#4724);
#4014=PLANE('',#4725);
#4015=PLANE('',#4728);
#4016=PLANE('',#4730);
#4017=PLANE('',#4731);
#4018=PLANE('',#4733);
#4019=PLANE('',#4736);
#4020=PLANE('',#4737);
#4021=PLANE('',#4740);
#4022=PLANE('',#4741);
#4023=PLANE('',#4744);
#4024=PLANE('',#4746);
#4025=PLANE('',#4747);
#4026=PLANE('',#4749);
#4027=PLANE('',#4752);
#4028=ADVANCED_FACE('',(#3613),#3909,.T.);
#4029=ADVANCED_FACE('',(#3614,#3615,#3616,#3617,#3618,#3619,#3620,#3621,
#3622,#3623,#3624,#3625,#3626,#3627,#3628),#3910,.F.);
#4030=ADVANCED_FACE('',(#3629,#3630,#3631,#3632,#3633,#3634,#3635,#3636,
#3637,#3638,#3639,#3640,#3641,#3642,#3643),#3911,.T.);
#4031=ADVANCED_FACE('',(#3644),#3912,.T.);
#4032=ADVANCED_FACE('',(#3645),#3913,.T.);
#4033=ADVANCED_FACE('',(#3646),#3914,.T.);
#4034=ADVANCED_FACE('',(#3647),#3915,.T.);
#4035=ADVANCED_FACE('',(#3648),#3916,.T.);
#4036=ADVANCED_FACE('',(#3649),#3917,.T.);
#4037=ADVANCED_FACE('',(#3650),#3918,.T.);
#4038=ADVANCED_FACE('',(#3651),#3919,.T.);
#4039=ADVANCED_FACE('',(#3652),#3920,.T.);
#4040=ADVANCED_FACE('',(#3653),#3921,.T.);
#4041=ADVANCED_FACE('',(#3654),#3922,.T.);
#4042=ADVANCED_FACE('',(#3655),#3923,.T.);
#4043=ADVANCED_FACE('',(#3656),#3924,.T.);
#4044=ADVANCED_FACE('',(#3657),#3925,.T.);
#4045=ADVANCED_FACE('',(#3658),#3926,.T.);
#4046=ADVANCED_FACE('',(#3659),#3927,.T.);
#4047=ADVANCED_FACE('',(#3660),#3928,.T.);
#4048=ADVANCED_FACE('',(#3661),#3929,.T.);
#4049=ADVANCED_FACE('',(#3662),#3930,.F.);
#4050=ADVANCED_FACE('',(#3663),#3931,.T.);
#4051=ADVANCED_FACE('',(#3664),#3932,.F.);
#4052=ADVANCED_FACE('',(#3665),#100,.F.);
#4053=ADVANCED_FACE('',(#3666),#3933,.F.);
#4054=ADVANCED_FACE('',(#3667),#3934,.F.);
#4055=ADVANCED_FACE('',(#3668),#3935,.F.);
#4056=ADVANCED_FACE('',(#3669),#3936,.T.);
#4057=ADVANCED_FACE('',(#3670),#3937,.T.);
#4058=ADVANCED_FACE('',(#3671),#3938,.T.);
#4059=ADVANCED_FACE('',(#3672),#3939,.T.);
#4060=ADVANCED_FACE('',(#3673,#3674),#101,.F.);
#4061=ADVANCED_FACE('',(#3675,#3676),#102,.F.);
#4062=ADVANCED_FACE('',(#3677,#3678),#103,.F.);
#4063=ADVANCED_FACE('',(#3679,#3680),#104,.F.);
#4064=ADVANCED_FACE('',(#3681,#3682),#105,.F.);
#4065=ADVANCED_FACE('',(#3683,#3684),#106,.F.);
#4066=ADVANCED_FACE('',(#3685,#3686),#107,.F.);
#4067=ADVANCED_FACE('',(#3687),#3940,.T.);
#4068=ADVANCED_FACE('',(#3688),#3941,.T.);
#4069=ADVANCED_FACE('',(#3689,#3690),#108,.F.);
#4070=ADVANCED_FACE('',(#3691),#109,.F.);
#4071=ADVANCED_FACE('',(#3692),#3942,.T.);
#4072=ADVANCED_FACE('',(#3693),#110,.F.);
#4073=ADVANCED_FACE('',(#3694),#3943,.F.);
#4074=ADVANCED_FACE('',(#3695),#111,.F.);
#4075=ADVANCED_FACE('',(#3696),#3944,.F.);
#4076=ADVANCED_FACE('',(#3697),#3945,.T.);
#4077=ADVANCED_FACE('',(#3698),#112,.F.);
#4078=ADVANCED_FACE('',(#3699),#113,.F.);
#4079=ADVANCED_FACE('',(#3700),#3946,.T.);
#4080=ADVANCED_FACE('',(#3701),#114,.F.);
#4081=ADVANCED_FACE('',(#3702),#3947,.F.);
#4082=ADVANCED_FACE('',(#3703),#3948,.T.);
#4083=ADVANCED_FACE('',(#3704),#115,.F.);
#4084=ADVANCED_FACE('',(#3705),#116,.F.);
#4085=ADVANCED_FACE('',(#3706),#3949,.F.);
#4086=ADVANCED_FACE('',(#3707),#117,.T.);
#4087=ADVANCED_FACE('',(#3708),#118,.T.);
#4088=ADVANCED_FACE('',(#3709),#119,.F.);
#4089=ADVANCED_FACE('',(#3710),#120,.F.);
#4090=ADVANCED_FACE('',(#3711),#121,.F.);
#4091=ADVANCED_FACE('',(#3712),#122,.F.);
#4092=ADVANCED_FACE('',(#3713),#123,.F.);
#4093=ADVANCED_FACE('',(#3714),#124,.F.);
#4094=ADVANCED_FACE('',(#3715),#125,.F.);
#4095=ADVANCED_FACE('',(#3716),#126,.F.);
#4096=ADVANCED_FACE('',(#3717),#127,.F.);
#4097=ADVANCED_FACE('',(#3718),#128,.F.);
#4098=ADVANCED_FACE('',(#3719),#129,.F.);
#4099=ADVANCED_FACE('',(#3720),#130,.F.);
#4100=ADVANCED_FACE('',(#3721),#131,.F.);
#4101=ADVANCED_FACE('',(#3722),#132,.F.);
#4102=ADVANCED_FACE('',(#3723),#133,.F.);
#4103=ADVANCED_FACE('',(#3724),#134,.F.);
#4104=ADVANCED_FACE('',(#3725),#135,.F.);
#4105=ADVANCED_FACE('',(#3726),#136,.F.);
#4106=ADVANCED_FACE('',(#3727),#137,.F.);
#4107=ADVANCED_FACE('',(#3728),#138,.F.);
#4108=ADVANCED_FACE('',(#3729),#139,.T.);
#4109=ADVANCED_FACE('',(#3730),#140,.T.);
#4110=ADVANCED_FACE('',(#3731),#141,.T.);
#4111=ADVANCED_FACE('',(#3732),#142,.T.);
#4112=ADVANCED_FACE('',(#3733),#143,.T.);
#4113=ADVANCED_FACE('',(#3734),#144,.T.);
#4114=ADVANCED_FACE('',(#3735),#145,.T.);
#4115=ADVANCED_FACE('',(#3736),#146,.T.);
#4116=ADVANCED_FACE('',(#3737),#147,.T.);
#4117=ADVANCED_FACE('',(#3738),#148,.T.);
#4118=ADVANCED_FACE('',(#3739),#149,.T.);
#4119=ADVANCED_FACE('',(#3740),#150,.T.);
#4120=ADVANCED_FACE('',(#3741),#12,.F.);
#4121=ADVANCED_FACE('',(#3742),#151,.T.);
#4122=ADVANCED_FACE('',(#3743),#152,.T.);
#4123=ADVANCED_FACE('',(#3744),#3950,.T.);
#4124=ADVANCED_FACE('',(#3745),#13,.T.);
#4125=ADVANCED_FACE('',(#3746),#14,.F.);
#4126=ADVANCED_FACE('',(#3747),#3951,.F.);
#4127=ADVANCED_FACE('',(#3748),#3952,.T.);
#4128=ADVANCED_FACE('',(#3749),#15,.T.);
#4129=ADVANCED_FACE('',(#3750),#16,.F.);
#4130=ADVANCED_FACE('',(#3751),#3953,.T.);
#4131=ADVANCED_FACE('',(#3752),#3954,.T.);
#4132=ADVANCED_FACE('',(#3753),#17,.F.);
#4133=ADVANCED_FACE('',(#3754),#18,.T.);
#4134=ADVANCED_FACE('',(#3755),#3955,.F.);
#4135=ADVANCED_FACE('',(#3756),#3956,.T.);
#4136=ADVANCED_FACE('',(#3757),#19,.T.);
#4137=ADVANCED_FACE('',(#3758),#20,.F.);
#4138=ADVANCED_FACE('',(#3759),#21,.F.);
#4139=ADVANCED_FACE('',(#3760),#22,.T.);
#4140=ADVANCED_FACE('',(#3761),#23,.T.);
#4141=ADVANCED_FACE('',(#3762),#24,.F.);
#4142=ADVANCED_FACE('',(#3763),#3957,.F.);
#4143=ADVANCED_FACE('',(#3764),#3958,.T.);
#4144=ADVANCED_FACE('',(#3765),#25,.F.);
#4145=ADVANCED_FACE('',(#3766),#26,.T.);
#4146=ADVANCED_FACE('',(#3767),#3959,.F.);
#4147=ADVANCED_FACE('',(#3768),#3960,.T.);
#4148=ADVANCED_FACE('',(#3769),#27,.T.);
#4149=ADVANCED_FACE('',(#3770),#28,.T.);
#4150=ADVANCED_FACE('',(#3771),#3961,.F.);
#4151=ADVANCED_FACE('',(#3772),#3962,.T.);
#4152=ADVANCED_FACE('',(#3773),#29,.T.);
#4153=ADVANCED_FACE('',(#3774),#30,.T.);
#4154=ADVANCED_FACE('',(#3775),#3963,.T.);
#4155=ADVANCED_FACE('',(#3776),#3964,.T.);
#4156=ADVANCED_FACE('',(#3777),#31,.F.);
#4157=ADVANCED_FACE('',(#3778),#32,.F.);
#4158=ADVANCED_FACE('',(#3779),#3965,.T.);
#4159=ADVANCED_FACE('',(#3780),#3966,.T.);
#4160=ADVANCED_FACE('',(#3781),#33,.F.);
#4161=ADVANCED_FACE('',(#3782),#34,.F.);
#4162=ADVANCED_FACE('',(#3783),#3967,.T.);
#4163=ADVANCED_FACE('',(#3784),#3968,.T.);
#4164=ADVANCED_FACE('',(#3785),#35,.T.);
#4165=ADVANCED_FACE('',(#3786),#36,.T.);
#4166=ADVANCED_FACE('',(#3787),#3969,.T.);
#4167=ADVANCED_FACE('',(#3788),#3970,.T.);
#4168=ADVANCED_FACE('',(#3789),#37,.F.);
#4169=ADVANCED_FACE('',(#3790),#38,.T.);
#4170=ADVANCED_FACE('',(#3791),#39,.T.);
#4171=ADVANCED_FACE('',(#3792),#3971,.T.);
#4172=ADVANCED_FACE('',(#3793),#40,.F.);
#4173=ADVANCED_FACE('',(#3794),#41,.T.);
#4174=ADVANCED_FACE('',(#3795),#3972,.T.);
#4175=ADVANCED_FACE('',(#3796),#3973,.T.);
#4176=ADVANCED_FACE('',(#3797),#42,.F.);
#4177=ADVANCED_FACE('',(#3798),#3974,.F.);
#4178=ADVANCED_FACE('',(#3799),#43,.T.);
#4179=ADVANCED_FACE('',(#3800),#3975,.T.);
#4180=ADVANCED_FACE('',(#3801),#44,.T.);
#4181=ADVANCED_FACE('',(#3802),#3976,.F.);
#4182=ADVANCED_FACE('',(#3803),#45,.F.);
#4183=ADVANCED_FACE('',(#3804),#3977,.F.);
#4184=ADVANCED_FACE('',(#3805),#46,.F.);
#4185=ADVANCED_FACE('',(#3806),#3978,.F.);
#4186=ADVANCED_FACE('',(#3807),#47,.T.);
#4187=ADVANCED_FACE('',(#3808),#3979,.F.);
#4188=ADVANCED_FACE('',(#3809),#48,.F.);
#4189=ADVANCED_FACE('',(#3810),#49,.T.);
#4190=ADVANCED_FACE('',(#3811),#50,.F.);
#4191=ADVANCED_FACE('',(#3812),#3980,.T.);
#4192=ADVANCED_FACE('',(#3813),#3981,.F.);
#4193=ADVANCED_FACE('',(#3814),#51,.F.);
#4194=ADVANCED_FACE('',(#3815),#52,.T.);
#4195=ADVANCED_FACE('',(#3816),#3982,.T.);
#4196=ADVANCED_FACE('',(#3817),#3983,.F.);
#4197=ADVANCED_FACE('',(#3818),#53,.T.);
#4198=ADVANCED_FACE('',(#3819),#54,.T.);
#4199=ADVANCED_FACE('',(#3820),#3984,.T.);
#4200=ADVANCED_FACE('',(#3821),#3985,.F.);
#4201=ADVANCED_FACE('',(#3822),#55,.T.);
#4202=ADVANCED_FACE('',(#3823),#56,.T.);
#4203=ADVANCED_FACE('',(#3824),#3986,.F.);
#4204=ADVANCED_FACE('',(#3825),#3987,.F.);
#4205=ADVANCED_FACE('',(#3826),#57,.F.);
#4206=ADVANCED_FACE('',(#3827),#58,.F.);
#4207=ADVANCED_FACE('',(#3828),#3988,.F.);
#4208=ADVANCED_FACE('',(#3829),#3989,.F.);
#4209=ADVANCED_FACE('',(#3830),#59,.F.);
#4210=ADVANCED_FACE('',(#3831),#60,.F.);
#4211=ADVANCED_FACE('',(#3832),#3990,.F.);
#4212=ADVANCED_FACE('',(#3833),#3991,.F.);
#4213=ADVANCED_FACE('',(#3834),#61,.T.);
#4214=ADVANCED_FACE('',(#3835),#62,.T.);
#4215=ADVANCED_FACE('',(#3836),#3992,.F.);
#4216=ADVANCED_FACE('',(#3837),#3993,.F.);
#4217=ADVANCED_FACE('',(#3838),#63,.F.);
#4218=ADVANCED_FACE('',(#3839),#64,.T.);
#4219=ADVANCED_FACE('',(#3840),#65,.T.);
#4220=ADVANCED_FACE('',(#3841),#3994,.F.);
#4221=ADVANCED_FACE('',(#3842),#66,.F.);
#4222=ADVANCED_FACE('',(#3843),#67,.T.);
#4223=ADVANCED_FACE('',(#3844),#3995,.F.);
#4224=ADVANCED_FACE('',(#3845),#3996,.T.);
#4225=ADVANCED_FACE('',(#3846),#68,.F.);
#4226=ADVANCED_FACE('',(#3847),#69,.F.);
#4227=ADVANCED_FACE('',(#3848),#3997,.T.);
#4228=ADVANCED_FACE('',(#3849),#3998,.T.);
#4229=ADVANCED_FACE('',(#3850),#70,.F.);
#4230=ADVANCED_FACE('',(#3851),#71,.F.);
#4231=ADVANCED_FACE('',(#3852),#3999,.T.);
#4232=ADVANCED_FACE('',(#3853),#4000,.F.);
#4233=ADVANCED_FACE('',(#3854),#72,.F.);
#4234=ADVANCED_FACE('',(#3855),#73,.F.);
#4235=ADVANCED_FACE('',(#3856),#4001,.F.);
#4236=ADVANCED_FACE('',(#3857),#4002,.F.);
#4237=ADVANCED_FACE('',(#3858),#74,.F.);
#4238=ADVANCED_FACE('',(#3859),#75,.F.);
#4239=ADVANCED_FACE('',(#3860),#4003,.F.);
#4240=ADVANCED_FACE('',(#3861),#4004,.T.);
#4241=ADVANCED_FACE('',(#3862),#76,.F.);
#4242=ADVANCED_FACE('',(#3863),#77,.F.);
#4243=ADVANCED_FACE('',(#3864),#4005,.T.);
#4244=ADVANCED_FACE('',(#3865),#4006,.T.);
#4245=ADVANCED_FACE('',(#3866),#78,.F.);
#4246=ADVANCED_FACE('',(#3867),#79,.F.);
#4247=ADVANCED_FACE('',(#3868),#4007,.T.);
#4248=ADVANCED_FACE('',(#3869),#4008,.F.);
#4249=ADVANCED_FACE('',(#3870),#80,.F.);
#4250=ADVANCED_FACE('',(#3871),#81,.F.);
#4251=ADVANCED_FACE('',(#3872),#4009,.F.);
#4252=ADVANCED_FACE('',(#3873),#4010,.F.);
#4253=ADVANCED_FACE('',(#3874),#82,.F.);
#4254=ADVANCED_FACE('',(#3875),#83,.F.);
#4255=ADVANCED_FACE('',(#3876),#4011,.F.);
#4256=ADVANCED_FACE('',(#3877),#4012,.F.);
#4257=ADVANCED_FACE('',(#3878),#84,.F.);
#4258=ADVANCED_FACE('',(#3879),#85,.F.);
#4259=ADVANCED_FACE('',(#3880),#4013,.T.);
#4260=ADVANCED_FACE('',(#3881),#4014,.F.);
#4261=ADVANCED_FACE('',(#3882),#86,.F.);
#4262=ADVANCED_FACE('',(#3883),#87,.F.);
#4263=ADVANCED_FACE('',(#3884),#4015,.T.);
#4264=ADVANCED_FACE('',(#3885),#88,.F.);
#4265=ADVANCED_FACE('',(#3886),#4016,.F.);
#4266=ADVANCED_FACE('',(#3887),#4017,.T.);
#4267=ADVANCED_FACE('',(#3888),#89,.F.);
#4268=ADVANCED_FACE('',(#3889),#4018,.T.);
#4269=ADVANCED_FACE('',(#3890),#90,.F.);
#4270=ADVANCED_FACE('',(#3891),#91,.F.);
#4271=ADVANCED_FACE('',(#3892),#4019,.F.);
#4272=ADVANCED_FACE('',(#3893),#4020,.T.);
#4273=ADVANCED_FACE('',(#3894),#92,.F.);
#4274=ADVANCED_FACE('',(#3895),#93,.F.);
#4275=ADVANCED_FACE('',(#3896),#4021,.F.);
#4276=ADVANCED_FACE('',(#3897),#4022,.F.);
#4277=ADVANCED_FACE('',(#3898),#94,.F.);
#4278=ADVANCED_FACE('',(#3899),#95,.F.);
#4279=ADVANCED_FACE('',(#3900),#4023,.T.);
#4280=ADVANCED_FACE('',(#3901),#96,.F.);
#4281=ADVANCED_FACE('',(#3902),#4024,.F.);
#4282=ADVANCED_FACE('',(#3903),#4025,.T.);
#4283=ADVANCED_FACE('',(#3904),#97,.F.);
#4284=ADVANCED_FACE('',(#3905),#4026,.F.);
#4285=ADVANCED_FACE('',(#3906),#98,.F.);
#4286=ADVANCED_FACE('',(#3907),#99,.F.);
#4287=ADVANCED_FACE('',(#3908),#4027,.T.);
#4288=CLOSED_SHELL('',(#4028,#4029,#4030,#4031,#4032,#4033,#4034,#4035,
#4036,#4037,#4038,#4039,#4040,#4041,#4042,#4043,#4044,#4045,#4046,#4047,
#4048,#4049,#4050,#4051,#4052,#4053,#4054,#4055,#4056,#4057,#4058,#4059,
#4060,#4061,#4062,#4063,#4064,#4065,#4066,#4067,#4068,#4069,#4070,#4071,
#4072,#4073,#4074,#4075,#4076,#4077,#4078,#4079,#4080,#4081,#4082,#4083,
#4084,#4085,#4086,#4087,#4088,#4089,#4090,#4091,#4092,#4093,#4094,#4095,
#4096,#4097,#4098,#4099,#4100,#4101,#4102,#4103,#4104,#4105,#4106,#4107,
#4108,#4109,#4110,#4111,#4112,#4113,#4114,#4115,#4116,#4117,#4118,#4119,
#4120,#4121,#4122,#4123,#4124,#4125,#4126,#4127,#4128,#4129,#4130,#4131,
#4132,#4133,#4134,#4135,#4136,#4137,#4138,#4139,#4140,#4141,#4142,#4143,
#4144,#4145,#4146,#4147,#4148,#4149,#4150,#4151,#4152,#4153,#4154,#4155,
#4156,#4157,#4158,#4159,#4160,#4161,#4162,#4163,#4164,#4165,#4166,#4167,
#4168,#4169,#4170,#4171,#4172,#4173,#4174,#4175,#4176,#4177,#4178,#4179,
#4180,#4181,#4182,#4183,#4184,#4185,#4186,#4187,#4188,#4189,#4190,#4191,
#4192,#4193,#4194,#4195,#4196,#4197,#4198,#4199,#4200,#4201,#4202,#4203,
#4204,#4205,#4206,#4207,#4208,#4209,#4210,#4211,#4212,#4213,#4214,#4215,
#4216,#4217,#4218,#4219,#4220,#4221,#4222,#4223,#4224,#4225,#4226,#4227,
#4228,#4229,#4230,#4231,#4232,#4233,#4234,#4235,#4236,#4237,#4238,#4239,
#4240,#4241,#4242,#4243,#4244,#4245,#4246,#4247,#4248,#4249,#4250,#4251,
#4252,#4253,#4254,#4255,#4256,#4257,#4258,#4259,#4260,#4261,#4262,#4263,
#4264,#4265,#4266,#4267,#4268,#4269,#4270,#4271,#4272,#4273,#4274,#4275,
#4276,#4277,#4278,#4279,#4280,#4281,#4282,#4283,#4284,#4285,#4286,#4287));
#4289=STYLED_ITEM('',(#4290),#4297);
#4290=PRESENTATION_STYLE_ASSIGNMENT((#4291));
#4291=SURFACE_STYLE_USAGE(.BOTH.,#4292);
#4292=SURFACE_SIDE_STYLE('',(#4293));
#4293=SURFACE_STYLE_FILL_AREA(#4294);
#4294=FILL_AREA_STYLE('',(#4295));
#4295=FILL_AREA_STYLE_COLOUR('',#4296);
#4296=COLOUR_RGB('',0.501960784313726,0.501960784313726,0.501960784313726);
#4297=MANIFOLD_SOLID_BREP('Base-Bot',#4288);
#4298=SHAPE_DEFINITION_REPRESENTATION(#7302,#4299);
#4299=SHAPE_REPRESENTATION('Base-Bot',(#4300),#7297);
#4300=AXIS2_PLACEMENT_3D('',#6063,#4753,#4754);
#4301=AXIS2_PLACEMENT_3D('',#6064,#4755,#4756);
#4302=AXIS2_PLACEMENT_3D('',#6073,#4761,#4762);
#4303=AXIS2_PLACEMENT_3D('',#6074,#4763,#4764);
#4304=AXIS2_PLACEMENT_3D('',#6079,#4766,#4767);
#4305=AXIS2_PLACEMENT_3D('',#6083,#4769,#4770);
#4306=AXIS2_PLACEMENT_3D('',#6087,#4772,#4773);
#4307=AXIS2_PLACEMENT_3D('',#6090,#4775,#4776);
#4308=AXIS2_PLACEMENT_3D('',#6095,#4778,#4779);
#4309=AXIS2_PLACEMENT_3D('',#6099,#4781,#4782);
#4310=AXIS2_PLACEMENT_3D('',#6103,#4784,#4785);
#4311=AXIS2_PLACEMENT_3D('',#6106,#4787,#4788);
#4312=AXIS2_PLACEMENT_3D('',#6111,#4790,#4791);
#4313=AXIS2_PLACEMENT_3D('',#6113,#4792,#4793);
#4314=AXIS2_PLACEMENT_3D('',#6115,#4794,#4795);
#4315=AXIS2_PLACEMENT_3D('',#6119,#4797,#4798);
#4316=AXIS2_PLACEMENT_3D('',#6123,#4800,#4801);
#4317=AXIS2_PLACEMENT_3D('',#6127,#4803,#4804);
#4318=AXIS2_PLACEMENT_3D('',#6131,#4806,#4807);
#4319=AXIS2_PLACEMENT_3D('',#6135,#4809,#4810);
#4320=AXIS2_PLACEMENT_3D('',#6139,#4812,#4813);
#4321=AXIS2_PLACEMENT_3D('',#6143,#4815,#4816);
#4322=AXIS2_PLACEMENT_3D('',#6145,#4817,#4818);
#4323=AXIS2_PLACEMENT_3D('',#6147,#4819,#4820);
#4324=AXIS2_PLACEMENT_3D('',#6151,#4822,#4823);
#4325=AXIS2_PLACEMENT_3D('',#6155,#4825,#4826);
#4326=AXIS2_PLACEMENT_3D('',#6159,#4828,#4829);
#4327=AXIS2_PLACEMENT_3D('',#6163,#4831,#4832);
#4328=AXIS2_PLACEMENT_3D('',#6167,#4834,#4835);
#4329=AXIS2_PLACEMENT_3D('',#6171,#4837,#4838);
#4330=AXIS2_PLACEMENT_3D('',#6175,#4840,#4841);
#4331=AXIS2_PLACEMENT_3D('',#6177,#4842,#4843);
#4332=AXIS2_PLACEMENT_3D('',#6179,#4844,#4845);
#4333=AXIS2_PLACEMENT_3D('',#6183,#4847,#4848);
#4334=AXIS2_PLACEMENT_3D('',#6187,#4850,#4851);
#4335=AXIS2_PLACEMENT_3D('',#6191,#4853,#4854);
#4336=AXIS2_PLACEMENT_3D('',#6195,#4856,#4857);
#4337=AXIS2_PLACEMENT_3D('',#6199,#4859,#4860);
#4338=AXIS2_PLACEMENT_3D('',#6203,#4862,#4863);
#4339=AXIS2_PLACEMENT_3D('',#6207,#4865,#4866);
#4340=AXIS2_PLACEMENT_3D('',#6210,#4868,#4869);
#4341=AXIS2_PLACEMENT_3D('',#6215,#4871,#4872);
#4342=AXIS2_PLACEMENT_3D('',#6218,#4874,#4875);
#4343=AXIS2_PLACEMENT_3D('',#6223,#4877,#4878);
#4344=AXIS2_PLACEMENT_3D('',#6229,#4881,#4882);
#4345=AXIS2_PLACEMENT_3D('',#6233,#4884,#4885);
#4346=AXIS2_PLACEMENT_3D('',#6234,#4886,#4887);
#4347=AXIS2_PLACEMENT_3D('',#6239,#4889,#4890);
#4348=AXIS2_PLACEMENT_3D('',#6242,#4892,#4893);
#4349=AXIS2_PLACEMENT_3D('',#6244,#4894,#4895);
#4350=AXIS2_PLACEMENT_3D('',#6246,#4896,#4897);
#4351=AXIS2_PLACEMENT_3D('',#6248,#4898,#4899);
#4352=AXIS2_PLACEMENT_3D('',#6250,#4900,#4901);
#4353=AXIS2_PLACEMENT_3D('',#6252,#4902,#4903);
#4354=AXIS2_PLACEMENT_3D('',#6254,#4904,#4905);
#4355=AXIS2_PLACEMENT_3D('',#6256,#4906,#4907);
#4356=AXIS2_PLACEMENT_3D('',#6258,#4908,#4909);
#4357=AXIS2_PLACEMENT_3D('',#6259,#4910,#4911);
#4358=AXIS2_PLACEMENT_3D('',#6264,#4913,#4914);
#4359=AXIS2_PLACEMENT_3D('',#6268,#4916,#4917);
#4360=AXIS2_PLACEMENT_3D('',#6272,#4919,#4920);
#4361=AXIS2_PLACEMENT_3D('',#6275,#4922,#4923);
#4362=AXIS2_PLACEMENT_3D('',#6280,#4925,#4926);
#4363=AXIS2_PLACEMENT_3D('',#6284,#4928,#4929);
#4364=AXIS2_PLACEMENT_3D('',#6288,#4931,#4932);
#4365=AXIS2_PLACEMENT_3D('',#6291,#4934,#4935);
#4366=AXIS2_PLACEMENT_3D('',#6296,#4937,#4938);
#4367=AXIS2_PLACEMENT_3D('',#6300,#4940,#4941);
#4368=AXIS2_PLACEMENT_3D('',#6304,#4943,#4944);
#4369=AXIS2_PLACEMENT_3D('',#6308,#4946,#4947);
#4370=AXIS2_PLACEMENT_3D('',#6312,#4949,#4950);
#4371=AXIS2_PLACEMENT_3D('',#6316,#4952,#4953);
#4372=AXIS2_PLACEMENT_3D('',#6320,#4955,#4956);
#4373=AXIS2_PLACEMENT_3D('',#6322,#4957,#4958);
#4374=AXIS2_PLACEMENT_3D('',#6324,#4959,#4960);
#4375=AXIS2_PLACEMENT_3D('',#6328,#4962,#4963);
#4376=AXIS2_PLACEMENT_3D('',#6332,#4965,#4966);
#4377=AXIS2_PLACEMENT_3D('',#6336,#4968,#4969);
#4378=AXIS2_PLACEMENT_3D('',#6340,#4971,#4972);
#4379=AXIS2_PLACEMENT_3D('',#6344,#4974,#4975);
#4380=AXIS2_PLACEMENT_3D('',#6348,#4977,#4978);
#4381=AXIS2_PLACEMENT_3D('',#6352,#4980,#4981);
#4382=AXIS2_PLACEMENT_3D('',#6356,#4983,#4984);
#4383=AXIS2_PLACEMENT_3D('',#6360,#4986,#4987);
#4384=AXIS2_PLACEMENT_3D('',#6362,#4988,#4989);
#4385=AXIS2_PLACEMENT_3D('',#6364,#4990,#4991);
#4386=AXIS2_PLACEMENT_3D('',#6368,#4993,#4994);
#4387=AXIS2_PLACEMENT_3D('',#6372,#4996,#4997);
#4388=AXIS2_PLACEMENT_3D('',#6376,#4999,#5000);
#4389=AXIS2_PLACEMENT_3D('',#6380,#5002,#5003);
#4390=AXIS2_PLACEMENT_3D('',#6384,#5005,#5006);
#4391=AXIS2_PLACEMENT_3D('',#6388,#5008,#5009);
#4392=AXIS2_PLACEMENT_3D('',#6391,#5011,#5012);
#4393=AXIS2_PLACEMENT_3D('',#6396,#5014,#5015);
#4394=AXIS2_PLACEMENT_3D('',#6399,#5017,#5018);
#4395=AXIS2_PLACEMENT_3D('',#6404,#5020,#5021);
#4396=AXIS2_PLACEMENT_3D('',#6410,#5024,#5025);
#4397=AXIS2_PLACEMENT_3D('',#6414,#5027,#5028);
#4398=AXIS2_PLACEMENT_3D('',#6415,#5029,#5030);
#4399=AXIS2_PLACEMENT_3D('',#6420,#5032,#5033);
#4400=AXIS2_PLACEMENT_3D('',#6423,#5035,#5036);
#4401=AXIS2_PLACEMENT_3D('',#6425,#5037,#5038);
#4402=AXIS2_PLACEMENT_3D('',#6427,#5039,#5040);
#4403=AXIS2_PLACEMENT_3D('',#6429,#5041,#5042);
#4404=AXIS2_PLACEMENT_3D('',#6431,#5043,#5044);
#4405=AXIS2_PLACEMENT_3D('',#6433,#5045,#5046);
#4406=AXIS2_PLACEMENT_3D('',#6435,#5047,#5048);
#4407=AXIS2_PLACEMENT_3D('',#6437,#5049,#5050);
#4408=AXIS2_PLACEMENT_3D('',#6439,#5051,#5052);
#4409=AXIS2_PLACEMENT_3D('',#6448,#5057,#5058);
#4410=AXIS2_PLACEMENT_3D('',#6457,#5063,#5064);
#4411=AXIS2_PLACEMENT_3D('',#6466,#5069,#5070);
#4412=AXIS2_PLACEMENT_3D('',#6475,#5075,#5076);
#4413=AXIS2_PLACEMENT_3D('',#6484,#5081,#5082);
#4414=AXIS2_PLACEMENT_3D('',#6493,#5087,#5088);
#4415=AXIS2_PLACEMENT_3D('',#6502,#5093,#5094);
#4416=AXIS2_PLACEMENT_3D('',#6511,#5099,#5100);
#4417=AXIS2_PLACEMENT_3D('',#6520,#5105,#5106);
#4418=AXIS2_PLACEMENT_3D('',#6529,#5111,#5112);
#4419=AXIS2_PLACEMENT_3D('',#6538,#5117,#5118);
#4420=AXIS2_PLACEMENT_3D('',#6547,#5123,#5124);
#4421=AXIS2_PLACEMENT_3D('',#6556,#5129,#5130);
#4422=AXIS2_PLACEMENT_3D('',#6565,#5135,#5136);
#4423=AXIS2_PLACEMENT_3D('',#6574,#5141,#5142);
#4424=AXIS2_PLACEMENT_3D('',#6583,#5147,#5148);
#4425=AXIS2_PLACEMENT_3D('',#6592,#5153,#5154);
#4426=AXIS2_PLACEMENT_3D('',#6601,#5159,#5160);
#4427=AXIS2_PLACEMENT_3D('',#6610,#5165,#5166);
#4428=AXIS2_PLACEMENT_3D('',#6619,#5171,#5172);
#4429=AXIS2_PLACEMENT_3D('',#6633,#5177,#5178);
#4430=AXIS2_PLACEMENT_3D('',#6637,#5180,#5181);
#4431=AXIS2_PLACEMENT_3D('',#6641,#5183,#5184);
#4432=AXIS2_PLACEMENT_3D('',#6642,#5185,#5186);
#4433=AXIS2_PLACEMENT_3D('',#6656,#5191,#5192);
#4434=AXIS2_PLACEMENT_3D('',#6665,#5197,#5198);
#4435=AXIS2_PLACEMENT_3D('',#6674,#5203,#5204);
#4436=AXIS2_PLACEMENT_3D('',#6683,#5209,#5210);
#4437=AXIS2_PLACEMENT_3D('',#6692,#5215,#5216);
#4438=AXIS2_PLACEMENT_3D('',#6701,#5221,#5222);
#4439=AXIS2_PLACEMENT_3D('',#6710,#5227,#5228);
#4440=AXIS2_PLACEMENT_3D('',#6711,#5229,#5230);
#4441=AXIS2_PLACEMENT_3D('',#6712,#5231,#5232);
#4442=AXIS2_PLACEMENT_3D('',#6713,#5233,#5234);
#4443=AXIS2_PLACEMENT_3D('',#6714,#5235,#5236);
#4444=AXIS2_PLACEMENT_3D('',#6715,#5237,#5238);
#4445=AXIS2_PLACEMENT_3D('',#6716,#5239,#5240);
#4446=AXIS2_PLACEMENT_3D('',#6717,#5241,#5242);
#4447=AXIS2_PLACEMENT_3D('',#6726,#5247,#5248);
#4448=AXIS2_PLACEMENT_3D('',#6735,#5253,#5254);
#4449=AXIS2_PLACEMENT_3D('',#6736,#5255,#5256);
#4450=AXIS2_PLACEMENT_3D('',#6740,#5258,#5259);
#4451=AXIS2_PLACEMENT_3D('',#6744,#5261,#5262);
#4452=AXIS2_PLACEMENT_3D('',#6745,#5263,#5264);
#4453=AXIS2_PLACEMENT_3D('',#6751,#5268,#5269);
#4454=AXIS2_PLACEMENT_3D('',#6752,#5270,#5271);
#4455=AXIS2_PLACEMENT_3D('',#6756,#5273,#5274);
#4456=AXIS2_PLACEMENT_3D('',#6757,#5275,#5276);
#4457=AXIS2_PLACEMENT_3D('',#6760,#5279,#5280);
#4458=AXIS2_PLACEMENT_3D('',#6764,#5282,#5283);
#4459=AXIS2_PLACEMENT_3D('',#6768,#5285,#5286);
#4460=AXIS2_PLACEMENT_3D('',#6769,#5287,#5288);
#4461=AXIS2_PLACEMENT_3D('',#6775,#5292,#5293);
#4462=AXIS2_PLACEMENT_3D('',#6781,#5297,#5298);
#4463=AXIS2_PLACEMENT_3D('',#6782,#5299,#5300);
#4464=AXIS2_PLACEMENT_3D('',#6783,#5301,#5302);
#4465=AXIS2_PLACEMENT_3D('',#6784,#5303,#5304);
#4466=AXIS2_PLACEMENT_3D('',#6788,#5306,#5307);
#4467=AXIS2_PLACEMENT_3D('',#6792,#5309,#5310);
#4468=AXIS2_PLACEMENT_3D('',#6793,#5311,#5312);
#4469=AXIS2_PLACEMENT_3D('',#6799,#5316,#5317);
#4470=AXIS2_PLACEMENT_3D('',#6800,#5318,#5319);
#4471=AXIS2_PLACEMENT_3D('',#6804,#5321,#5322);
#4472=AXIS2_PLACEMENT_3D('',#6805,#5323,#5324);
#4473=AXIS2_PLACEMENT_3D('',#6808,#5327,#5328);
#4474=AXIS2_PLACEMENT_3D('',#6817,#5333,#5334);
#4475=AXIS2_PLACEMENT_3D('',#6818,#5335,#5336);
#4476=AXIS2_PLACEMENT_3D('',#6822,#5338,#5339);
#4477=AXIS2_PLACEMENT_3D('',#6823,#5340,#5341);
#4478=AXIS2_PLACEMENT_3D('',#6827,#5343,#5344);
#4479=AXIS2_PLACEMENT_3D('',#6828,#5345,#5346);
#4480=AXIS2_PLACEMENT_3D('',#6829,#5347,#5348);
#4481=AXIS2_PLACEMENT_3D('',#6832,#5351,#5352);
#4482=AXIS2_PLACEMENT_3D('',#6836,#5354,#5355);
#4483=AXIS2_PLACEMENT_3D('',#6840,#5357,#5358);
#4484=AXIS2_PLACEMENT_3D('',#6841,#5359,#5360);
#4485=AXIS2_PLACEMENT_3D('',#6845,#5362,#5363);
#4486=AXIS2_PLACEMENT_3D('',#6849,#5365,#5366);
#4487=AXIS2_PLACEMENT_3D('',#6850,#5367,#5368);
#4488=AXIS2_PLACEMENT_3D('',#6851,#5369,#5370);
#4489=AXIS2_PLACEMENT_3D('',#6852,#5371,#5372);
#4490=AXIS2_PLACEMENT_3D('',#6853,#5373,#5374);
#4491=AXIS2_PLACEMENT_3D('',#6854,#5375,#5376);
#4492=AXIS2_PLACEMENT_3D('',#6855,#5377,#5378);
#4493=AXIS2_PLACEMENT_3D('',#6856,#5379,#5380);
#4494=AXIS2_PLACEMENT_3D('',#6857,#5381,#5382);
#4495=AXIS2_PLACEMENT_3D('',#6858,#5383,#5384);
#4496=AXIS2_PLACEMENT_3D('',#6859,#5385,#5386);
#4497=AXIS2_PLACEMENT_3D('',#6860,#5387,#5388);
#4498=AXIS2_PLACEMENT_3D('',#6861,#5389,#5390);
#4499=AXIS2_PLACEMENT_3D('',#6862,#5391,#5392);
#4500=AXIS2_PLACEMENT_3D('',#6863,#5393,#5394);
#4501=AXIS2_PLACEMENT_3D('',#6864,#5395,#5396);
#4502=AXIS2_PLACEMENT_3D('',#6865,#5397,#5398);
#4503=AXIS2_PLACEMENT_3D('',#6866,#5399,#5400);
#4504=AXIS2_PLACEMENT_3D('',#6867,#5401,#5402);
#4505=AXIS2_PLACEMENT_3D('',#6868,#5403,#5404);
#4506=AXIS2_PLACEMENT_3D('',#6869,#5405,#5406);
#4507=AXIS2_PLACEMENT_3D('',#6870,#5407,#5408);
#4508=AXIS2_PLACEMENT_3D('',#6871,#5409,#5410);
#4509=AXIS2_PLACEMENT_3D('',#6872,#5411,#5412);
#4510=AXIS2_PLACEMENT_3D('',#6873,#5413,#5414);
#4511=AXIS2_PLACEMENT_3D('',#6874,#5415,#5416);
#4512=AXIS2_PLACEMENT_3D('',#6875,#5417,#5418);
#4513=AXIS2_PLACEMENT_3D('',#6876,#5419,#5420);
#4514=AXIS2_PLACEMENT_3D('',#6877,#5421,#5422);
#4515=AXIS2_PLACEMENT_3D('',#6878,#5423,#5424);
#4516=AXIS2_PLACEMENT_3D('',#6879,#5425,#5426);
#4517=AXIS2_PLACEMENT_3D('',#6880,#5427,#5428);
#4518=AXIS2_PLACEMENT_3D('',#6881,#5429,#5430);
#4519=AXIS2_PLACEMENT_3D('',#6882,#5431,#5432);
#4520=AXIS2_PLACEMENT_3D('',#6883,#5433,#5434);
#4521=AXIS2_PLACEMENT_3D('',#6884,#5435,#5436);
#4522=AXIS2_PLACEMENT_3D('',#6885,#5437,#5438);
#4523=AXIS2_PLACEMENT_3D('',#6886,#5439,#5440);
#4524=AXIS2_PLACEMENT_3D('',#6887,#5441,#5442);
#4525=AXIS2_PLACEMENT_3D('',#6888,#5443,#5444);
#4526=AXIS2_PLACEMENT_3D('',#6889,#5445,#5446);
#4527=AXIS2_PLACEMENT_3D('',#6890,#5447,#5448);
#4528=AXIS2_PLACEMENT_3D('',#6891,#5449,#5450);
#4529=AXIS2_PLACEMENT_3D('',#6892,#5451,#5452);
#4530=AXIS2_PLACEMENT_3D('',#6893,#5453,#5454);
#4531=AXIS2_PLACEMENT_3D('',#6894,#5455,#5456);
#4532=AXIS2_PLACEMENT_3D('',#6895,#5457,#5458);
#4533=AXIS2_PLACEMENT_3D('',#6896,#5459,#5460);
#4534=AXIS2_PLACEMENT_3D('',#6897,#5461,#5462);
#4535=AXIS2_PLACEMENT_3D('',#6898,#5463,#5464);
#4536=AXIS2_PLACEMENT_3D('',#6899,#5465,#5466);
#4537=AXIS2_PLACEMENT_3D('',#6900,#5467,#5468);
#4538=AXIS2_PLACEMENT_3D('',#6901,#5469,#5470);
#4539=AXIS2_PLACEMENT_3D('',#6902,#5471,#5472);
#4540=AXIS2_PLACEMENT_3D('',#6903,#5473,#5474);
#4541=AXIS2_PLACEMENT_3D('',#6904,#5475,#5476);
#4542=AXIS2_PLACEMENT_3D('',#6905,#5477,#5478);
#4543=AXIS2_PLACEMENT_3D('',#6906,#5479,#5480);
#4544=AXIS2_PLACEMENT_3D('',#6907,#5481,#5482);
#4545=AXIS2_PLACEMENT_3D('',#6908,#5483,#5484);
#4546=AXIS2_PLACEMENT_3D('',#6909,#5485,#5486);
#4547=AXIS2_PLACEMENT_3D('',#6910,#5487,#5488);
#4548=AXIS2_PLACEMENT_3D('',#6911,#5489,#5490);
#4549=AXIS2_PLACEMENT_3D('',#6912,#5491,#5492);
#4550=AXIS2_PLACEMENT_3D('',#6913,#5493,#5494);
#4551=AXIS2_PLACEMENT_3D('',#6914,#5495,#5496);
#4552=AXIS2_PLACEMENT_3D('',#6915,#5497,#5498);
#4553=AXIS2_PLACEMENT_3D('',#6916,#5499,#5500);
#4554=AXIS2_PLACEMENT_3D('',#6917,#5501,#5502);
#4555=AXIS2_PLACEMENT_3D('',#6918,#5503,#5504);
#4556=AXIS2_PLACEMENT_3D('',#6919,#5505,#5506);
#4557=AXIS2_PLACEMENT_3D('',#6920,#5507,#5508);
#4558=AXIS2_PLACEMENT_3D('',#6921,#5509,#5510);
#4559=AXIS2_PLACEMENT_3D('',#6922,#5511,#5512);
#4560=AXIS2_PLACEMENT_3D('',#6923,#5513,#5514);
#4561=AXIS2_PLACEMENT_3D('',#6924,#5515,#5516);
#4562=AXIS2_PLACEMENT_3D('',#6925,#5517,#5518);
#4563=AXIS2_PLACEMENT_3D('',#6926,#5519,#5520);
#4564=AXIS2_PLACEMENT_3D('',#6927,#5521,#5522);
#4565=AXIS2_PLACEMENT_3D('',#6928,#5523,#5524);
#4566=AXIS2_PLACEMENT_3D('',#6929,#5525,#5526);
#4567=AXIS2_PLACEMENT_3D('',#6930,#5527,#5528);
#4568=AXIS2_PLACEMENT_3D('',#6931,#5529,#5530);
#4569=AXIS2_PLACEMENT_3D('',#6932,#5531,#5532);
#4570=AXIS2_PLACEMENT_3D('',#6933,#5533,#5534);
#4571=AXIS2_PLACEMENT_3D('',#6934,#5535,#5536);
#4572=AXIS2_PLACEMENT_3D('',#6935,#5537,#5538);
#4573=AXIS2_PLACEMENT_3D('',#6936,#5539,#5540);
#4574=AXIS2_PLACEMENT_3D('',#6937,#5541,#5542);
#4575=AXIS2_PLACEMENT_3D('',#6938,#5543,#5544);
#4576=AXIS2_PLACEMENT_3D('',#6939,#5545,#5546);
#4577=AXIS2_PLACEMENT_3D('',#6940,#5547,#5548);
#4578=AXIS2_PLACEMENT_3D('',#6941,#5549,#5550);
#4579=AXIS2_PLACEMENT_3D('',#6942,#5551,#5552);
#4580=AXIS2_PLACEMENT_3D('',#6943,#5553,#5554);
#4581=AXIS2_PLACEMENT_3D('',#6944,#5555,#5556);
#4582=AXIS2_PLACEMENT_3D('',#6945,#5557,#5558);
#4583=AXIS2_PLACEMENT_3D('',#6946,#5559,#5560);
#4584=AXIS2_PLACEMENT_3D('',#6963,#5561,#5562);
#4585=AXIS2_PLACEMENT_3D('',#6964,#5563,#5564);
#4586=AXIS2_PLACEMENT_3D('',#6965,#5565,#5566);
#4587=AXIS2_PLACEMENT_3D('',#6966,#5567,#5568);
#4588=AXIS2_PLACEMENT_3D('',#6967,#5569,#5570);
#4589=AXIS2_PLACEMENT_3D('',#6970,#5573,#5574);
#4590=AXIS2_PLACEMENT_3D('',#6972,#5576,#5577);
#4591=AXIS2_PLACEMENT_3D('',#6974,#5579,#5580);
#4592=AXIS2_PLACEMENT_3D('',#6976,#5582,#5583);
#4593=AXIS2_PLACEMENT_3D('',#6978,#5585,#5586);
#4594=AXIS2_PLACEMENT_3D('',#6980,#5588,#5589);
#4595=AXIS2_PLACEMENT_3D('',#6982,#5591,#5592);
#4596=AXIS2_PLACEMENT_3D('',#6984,#5594,#5595);
#4597=AXIS2_PLACEMENT_3D('',#6986,#5597,#5598);
#4598=AXIS2_PLACEMENT_3D('',#6988,#5600,#5601);
#4599=AXIS2_PLACEMENT_3D('',#6990,#5603,#5604);
#4600=AXIS2_PLACEMENT_3D('',#6992,#5606,#5607);
#4601=AXIS2_PLACEMENT_3D('',#6994,#5609,#5610);
#4602=AXIS2_PLACEMENT_3D('',#6996,#5612,#5613);
#4603=AXIS2_PLACEMENT_3D('',#6998,#5615,#5616);
#4604=AXIS2_PLACEMENT_3D('',#7000,#5618,#5619);
#4605=AXIS2_PLACEMENT_3D('',#7002,#5621,#5622);
#4606=AXIS2_PLACEMENT_3D('',#7004,#5624,#5625);
#4607=AXIS2_PLACEMENT_3D('',#7006,#5627,#5628);
#4608=AXIS2_PLACEMENT_3D('',#7008,#5630,#5631);
#4609=AXIS2_PLACEMENT_3D('',#7010,#5633,#5634);
#4610=AXIS2_PLACEMENT_3D('',#7012,#5636,#5637);
#4611=AXIS2_PLACEMENT_3D('',#7014,#5639,#5640);
#4612=AXIS2_PLACEMENT_3D('',#7016,#5642,#5643);
#4613=AXIS2_PLACEMENT_3D('',#7018,#5645,#5646);
#4614=AXIS2_PLACEMENT_3D('',#7020,#5648,#5649);
#4615=AXIS2_PLACEMENT_3D('',#7022,#5651,#5652);
#4616=AXIS2_PLACEMENT_3D('',#7024,#5654,#5655);
#4617=AXIS2_PLACEMENT_3D('',#7026,#5657,#5658);
#4618=AXIS2_PLACEMENT_3D('',#7028,#5660,#5661);
#4619=AXIS2_PLACEMENT_3D('',#7030,#5663,#5664);
#4620=AXIS2_PLACEMENT_3D('',#7032,#5666,#5667);
#4621=AXIS2_PLACEMENT_3D('',#7034,#5669,#5670);
#4622=AXIS2_PLACEMENT_3D('',#7036,#5672,#5673);
#4623=AXIS2_PLACEMENT_3D('',#7038,#5675,#5676);
#4624=AXIS2_PLACEMENT_3D('',#7040,#5678,#5679);
#4625=AXIS2_PLACEMENT_3D('',#7042,#5681,#5682);
#4626=AXIS2_PLACEMENT_3D('',#7044,#5684,#5685);
#4627=AXIS2_PLACEMENT_3D('',#7046,#5687,#5688);
#4628=AXIS2_PLACEMENT_3D('',#7048,#5690,#5691);
#4629=AXIS2_PLACEMENT_3D('',#7050,#5693,#5694);
#4630=AXIS2_PLACEMENT_3D('',#7052,#5696,#5697);
#4631=AXIS2_PLACEMENT_3D('',#7054,#5699,#5700);
#4632=AXIS2_PLACEMENT_3D('',#7056,#5702,#5703);
#4633=AXIS2_PLACEMENT_3D('',#7058,#5705,#5706);
#4634=AXIS2_PLACEMENT_3D('',#7060,#5708,#5709);
#4635=AXIS2_PLACEMENT_3D('',#7062,#5711,#5712);
#4636=AXIS2_PLACEMENT_3D('',#7064,#5714,#5715);
#4637=AXIS2_PLACEMENT_3D('',#7066,#5717,#5718);
#4638=AXIS2_PLACEMENT_3D('',#7068,#5720,#5721);
#4639=AXIS2_PLACEMENT_3D('',#7070,#5723,#5724);
#4640=AXIS2_PLACEMENT_3D('',#7071,#5725,#5726);
#4641=AXIS2_PLACEMENT_3D('',#7073,#5728,#5729);
#4642=AXIS2_PLACEMENT_3D('',#7075,#5731,#5732);
#4643=AXIS2_PLACEMENT_3D('',#7077,#5734,#5735);
#4644=AXIS2_PLACEMENT_3D('',#7079,#5737,#5738);
#4645=AXIS2_PLACEMENT_3D('',#7081,#5740,#5741);
#4646=AXIS2_PLACEMENT_3D('',#7083,#5743,#5744);
#4647=AXIS2_PLACEMENT_3D('',#7085,#5746,#5747);
#4648=AXIS2_PLACEMENT_3D('',#7087,#5749,#5750);
#4649=AXIS2_PLACEMENT_3D('',#7089,#5752,#5753);
#4650=AXIS2_PLACEMENT_3D('',#7091,#5755,#5756);
#4651=AXIS2_PLACEMENT_3D('',#7093,#5758,#5759);
#4652=AXIS2_PLACEMENT_3D('',#7095,#5761,#5762);
#4653=AXIS2_PLACEMENT_3D('',#7097,#5764,#5765);
#4654=AXIS2_PLACEMENT_3D('',#7099,#5767,#5768);
#4655=AXIS2_PLACEMENT_3D('',#7101,#5770,#5771);
#4656=AXIS2_PLACEMENT_3D('',#7103,#5773,#5774);
#4657=AXIS2_PLACEMENT_3D('',#7105,#5776,#5777);
#4658=AXIS2_PLACEMENT_3D('',#7107,#5779,#5780);
#4659=AXIS2_PLACEMENT_3D('',#7109,#5782,#5783);
#4660=AXIS2_PLACEMENT_3D('',#7111,#5785,#5786);
#4661=AXIS2_PLACEMENT_3D('',#7113,#5788,#5789);
#4662=AXIS2_PLACEMENT_3D('',#7115,#5791,#5792);
#4663=AXIS2_PLACEMENT_3D('',#7117,#5794,#5795);
#4664=AXIS2_PLACEMENT_3D('',#7119,#5797,#5798);
#4665=AXIS2_PLACEMENT_3D('',#7121,#5800,#5801);
#4666=AXIS2_PLACEMENT_3D('',#7123,#5803,#5804);
#4667=AXIS2_PLACEMENT_3D('',#7125,#5806,#5807);
#4668=AXIS2_PLACEMENT_3D('',#7127,#5809,#5810);
#4669=AXIS2_PLACEMENT_3D('',#7129,#5812,#5813);
#4670=AXIS2_PLACEMENT_3D('',#7131,#5815,#5816);
#4671=AXIS2_PLACEMENT_3D('',#7133,#5818,#5819);
#4672=AXIS2_PLACEMENT_3D('',#7135,#5821,#5822);
#4673=AXIS2_PLACEMENT_3D('',#7137,#5824,#5825);
#4674=AXIS2_PLACEMENT_3D('',#7139,#5827,#5828);
#4675=AXIS2_PLACEMENT_3D('',#7141,#5830,#5831);
#4676=AXIS2_PLACEMENT_3D('',#7143,#5833,#5834);
#4677=AXIS2_PLACEMENT_3D('',#7145,#5836,#5837);
#4678=AXIS2_PLACEMENT_3D('',#7147,#5839,#5840);
#4679=AXIS2_PLACEMENT_3D('',#7149,#5842,#5843);
#4680=AXIS2_PLACEMENT_3D('',#7151,#5845,#5846);
#4681=AXIS2_PLACEMENT_3D('',#7153,#5848,#5849);
#4682=AXIS2_PLACEMENT_3D('',#7155,#5851,#5852);
#4683=AXIS2_PLACEMENT_3D('',#7157,#5854,#5855);
#4684=AXIS2_PLACEMENT_3D('',#7159,#5857,#5858);
#4685=AXIS2_PLACEMENT_3D('',#7161,#5860,#5861);
#4686=AXIS2_PLACEMENT_3D('',#7163,#5863,#5864);
#4687=AXIS2_PLACEMENT_3D('',#7165,#5866,#5867);
#4688=AXIS2_PLACEMENT_3D('',#7167,#5869,#5870);
#4689=AXIS2_PLACEMENT_3D('',#7168,#5871,#5872);
#4690=AXIS2_PLACEMENT_3D('',#7171,#5875,#5876);
#4691=AXIS2_PLACEMENT_3D('',#7173,#5878,#5879);
#4692=AXIS2_PLACEMENT_3D('',#7175,#5881,#5882);
#4693=AXIS2_PLACEMENT_3D('',#7177,#5884,#5885);
#4694=AXIS2_PLACEMENT_3D('',#7179,#5887,#5888);
#4695=AXIS2_PLACEMENT_3D('',#7181,#5890,#5891);
#4696=AXIS2_PLACEMENT_3D('',#7183,#5893,#5894);
#4697=AXIS2_PLACEMENT_3D('',#7184,#5895,#5896);
#4698=AXIS2_PLACEMENT_3D('',#7187,#5899,#5900);
#4699=AXIS2_PLACEMENT_3D('',#7189,#5902,#5903);
#4700=AXIS2_PLACEMENT_3D('',#7191,#5905,#5906);
#4701=AXIS2_PLACEMENT_3D('',#7193,#5908,#5909);
#4702=AXIS2_PLACEMENT_3D('',#7195,#5911,#5912);
#4703=AXIS2_PLACEMENT_3D('',#7197,#5914,#5915);
#4704=AXIS2_PLACEMENT_3D('',#7199,#5917,#5918);
#4705=AXIS2_PLACEMENT_3D('',#7200,#5919,#5920);
#4706=AXIS2_PLACEMENT_3D('',#7203,#5923,#5924);
#4707=AXIS2_PLACEMENT_3D('',#7205,#5926,#5927);
#4708=AXIS2_PLACEMENT_3D('',#7207,#5929,#5930);
#4709=AXIS2_PLACEMENT_3D('',#7209,#5932,#5933);
#4710=AXIS2_PLACEMENT_3D('',#7211,#5935,#5936);
#4711=AXIS2_PLACEMENT_3D('',#7213,#5938,#5939);
#4712=AXIS2_PLACEMENT_3D('',#7215,#5941,#5942);
#4713=AXIS2_PLACEMENT_3D('',#7216,#5943,#5944);
#4714=AXIS2_PLACEMENT_3D('',#7219,#5947,#5948);
#4715=AXIS2_PLACEMENT_3D('',#7221,#5950,#5951);
#4716=AXIS2_PLACEMENT_3D('',#7223,#5953,#5954);
#4717=AXIS2_PLACEMENT_3D('',#7225,#5956,#5957);
#4718=AXIS2_PLACEMENT_3D('',#7227,#5959,#5960);
#4719=AXIS2_PLACEMENT_3D('',#7229,#5962,#5963);
#4720=AXIS2_PLACEMENT_3D('',#7231,#5965,#5966);
#4721=AXIS2_PLACEMENT_3D('',#7232,#5967,#5968);
#4722=AXIS2_PLACEMENT_3D('',#7235,#5971,#5972);
#4723=AXIS2_PLACEMENT_3D('',#7237,#5974,#5975);
#4724=AXIS2_PLACEMENT_3D('',#7239,#5977,#5978);
#4725=AXIS2_PLACEMENT_3D('',#7240,#5979,#5980);
#4726=AXIS2_PLACEMENT_3D('',#7243,#5983,#5984);
#4727=AXIS2_PLACEMENT_3D('',#7245,#5986,#5987);
#4728=AXIS2_PLACEMENT_3D('',#7247,#5989,#5990);
#4729=AXIS2_PLACEMENT_3D('',#7248,#5991,#5992);
#4730=AXIS2_PLACEMENT_3D('',#7251,#5995,#5996);
#4731=AXIS2_PLACEMENT_3D('',#7253,#5998,#5999);
#4732=AXIS2_PLACEMENT_3D('',#7255,#6001,#6002);
#4733=AXIS2_PLACEMENT_3D('',#7256,#6003,#6004);
#4734=AXIS2_PLACEMENT_3D('',#7259,#6007,#6008);
#4735=AXIS2_PLACEMENT_3D('',#7261,#6010,#6011);
#4736=AXIS2_PLACEMENT_3D('',#7263,#6013,#6014);
#4737=AXIS2_PLACEMENT_3D('',#7264,#6015,#6016);
#4738=AXIS2_PLACEMENT_3D('',#7267,#6019,#6020);
#4739=AXIS2_PLACEMENT_3D('',#7269,#6022,#6023);
#4740=AXIS2_PLACEMENT_3D('',#7271,#6025,#6026);
#4741=AXIS2_PLACEMENT_3D('',#7272,#6027,#6028);
#4742=AXIS2_PLACEMENT_3D('',#7275,#6031,#6032);
#4743=AXIS2_PLACEMENT_3D('',#7277,#6034,#6035);
#4744=AXIS2_PLACEMENT_3D('',#7279,#6037,#6038);
#4745=AXIS2_PLACEMENT_3D('',#7280,#6039,#6040);
#4746=AXIS2_PLACEMENT_3D('',#7283,#6043,#6044);
#4747=AXIS2_PLACEMENT_3D('',#7285,#6046,#6047);
#4748=AXIS2_PLACEMENT_3D('',#7287,#6049,#6050);
#4749=AXIS2_PLACEMENT_3D('',#7288,#6051,#6052);
#4750=AXIS2_PLACEMENT_3D('',#7291,#6055,#6056);
#4751=AXIS2_PLACEMENT_3D('',#7293,#6058,#6059);
#4752=AXIS2_PLACEMENT_3D('',#7295,#6061,#6062);
#4753=DIRECTION('',(0.,0.,1.));
#4754=DIRECTION('',(1.,0.,0.));
#4755=DIRECTION('',(1.,0.,0.));
#4756=DIRECTION('',(0.,0.,-1.));
#4757=DIRECTION('',(0.,0.,1.));
#4758=DIRECTION('',(0.,1.,0.));
#4759=DIRECTION('',(0.,0.,-1.));
#4760=DIRECTION('',(0.,-1.,0.));
#4761=DIRECTION('',(0.,0.,1.));
#4762=DIRECTION('',(1.,0.,0.));
#4763=DIRECTION('',(0.,0.,1.));
#4764=DIRECTION('',(1.,0.,0.));
#4765=DIRECTION('',(-0.124034734589209,0.992277876713668,0.));
#4766=DIRECTION('',(0.,0.,1.));
#4767=DIRECTION('',(1.,0.,0.));
#4768=DIRECTION('',(-0.894427190999916,0.447213595499959,0.));
#4769=DIRECTION('',(0.,0.,1.));
#4770=DIRECTION('',(1.,0.,0.));
#4771=DIRECTION('',(-0.0499376169438927,-0.998752338877845,0.));
#4772=DIRECTION('',(0.,0.,1.));
#4773=DIRECTION('',(1.,0.,0.));
#4774=DIRECTION('',(1.,0.,0.));
#4775=DIRECTION('',(0.,0.,1.));
#4776=DIRECTION('',(1.,0.,0.));
#4777=DIRECTION('',(-0.0499376169438918,0.998752338877845,0.));
#4778=DIRECTION('',(0.,0.,1.));
#4779=DIRECTION('',(1.,0.,0.));
#4780=DIRECTION('',(-0.894427190999916,-0.447213595499959,0.));
#4781=DIRECTION('',(0.,0.,1.));
#4782=DIRECTION('',(1.,0.,0.));
#4783=DIRECTION('',(-0.124034734589208,-0.992277876713668,0.));
#4784=DIRECTION('',(0.,0.,1.));
#4785=DIRECTION('',(1.,0.,0.));
#4786=DIRECTION('',(1.,0.,0.));
#4787=DIRECTION('',(0.,0.,1.));
#4788=DIRECTION('',(1.,0.,0.));
#4789=DIRECTION('',(-1.10462130294717E-16,1.,0.));
#4790=DIRECTION('',(0.,0.,1.));
#4791=DIRECTION('',(1.,0.,0.));
#4792=DIRECTION('',(0.,0.,1.));
#4793=DIRECTION('',(1.,0.,0.));
#4794=DIRECTION('',(0.,0.,1.));
#4795=DIRECTION('',(1.,0.,0.));
#4796=DIRECTION('',(-0.573576436351046,0.819152044288992,0.));
#4797=DIRECTION('',(0.,0.,1.));
#4798=DIRECTION('',(1.,0.,0.));
#4799=DIRECTION('',(0.789288214532161,0.614022894036235,0.));
#4800=DIRECTION('',(0.,0.,1.));
#4801=DIRECTION('',(1.,0.,0.));
#4802=DIRECTION('',(0.,1.,0.));
#4803=DIRECTION('',(0.,0.,1.));
#4804=DIRECTION('',(1.,0.,0.));
#4805=DIRECTION('',(-0.789288214532161,0.614022894036235,0.));
#4806=DIRECTION('',(0.,0.,1.));
#4807=DIRECTION('',(1.,0.,0.));
#4808=DIRECTION('',(0.573576436351046,0.819152044288992,0.));
#4809=DIRECTION('',(0.,0.,1.));
#4810=DIRECTION('',(1.,0.,0.));
#4811=DIRECTION('',(0.84694525077901,-0.53168011264564,0.));
#4812=DIRECTION('',(0.,0.,1.));
#4813=DIRECTION('',(1.,0.,0.));
#4814=DIRECTION('',(1.,0.,0.));
#4815=DIRECTION('',(0.,0.,1.));
#4816=DIRECTION('',(1.,0.,0.));
#4817=DIRECTION('',(0.,0.,1.));
#4818=DIRECTION('',(1.,0.,0.));
#4819=DIRECTION('',(0.,0.,1.));
#4820=DIRECTION('',(1.,0.,0.));
#4821=DIRECTION('',(1.,0.,0.));
#4822=DIRECTION('',(0.,0.,1.));
#4823=DIRECTION('',(1.,0.,0.));
#4824=DIRECTION('',(0.846945250779009,0.53168011264564,0.));
#4825=DIRECTION('',(0.,0.,1.));
#4826=DIRECTION('',(1.,0.,0.));
#4827=DIRECTION('',(0.573576436351046,-0.819152044288992,0.));
#4828=DIRECTION('',(0.,0.,1.));
#4829=DIRECTION('',(1.,0.,0.));
#4830=DIRECTION('',(-0.789288214532161,-0.614022894036235,0.));
#4831=DIRECTION('',(0.,0.,1.));
#4832=DIRECTION('',(1.,0.,0.));
#4833=DIRECTION('',(0.,-1.,0.));
#4834=DIRECTION('',(0.,0.,1.));
#4835=DIRECTION('',(1.,0.,0.));
#4836=DIRECTION('',(0.789288214532161,-0.614022894036235,0.));
#4837=DIRECTION('',(0.,0.,1.));
#4838=DIRECTION('',(1.,0.,0.));
#4839=DIRECTION('',(-0.573576436351046,-0.819152044288992,0.));
#4840=DIRECTION('',(0.,0.,1.));
#4841=DIRECTION('',(1.,0.,0.));
#4842=DIRECTION('',(0.,0.,1.));
#4843=DIRECTION('',(1.,0.,0.));
#4844=DIRECTION('',(0.,0.,1.));
#4845=DIRECTION('',(1.,0.,0.));
#4846=DIRECTION('',(0.,-1.,0.));
#4847=DIRECTION('',(0.,0.,1.));
#4848=DIRECTION('',(1.,0.,0.));
#4849=DIRECTION('',(-0.707106781186548,-0.707106781186548,0.));
#4850=DIRECTION('',(0.,0.,1.));
#4851=DIRECTION('',(1.,0.,0.));
#4852=DIRECTION('',(-1.,0.,0.));
#4853=DIRECTION('',(0.,0.,1.));
#4854=DIRECTION('',(1.,0.,0.));
#4855=DIRECTION('',(-0.707106781186548,0.707106781186548,0.));
#4856=DIRECTION('',(0.,0.,1.));
#4857=DIRECTION('',(1.,0.,0.));
#4858=DIRECTION('',(-1.,0.,0.));
#4859=DIRECTION('',(0.,0.,1.));
#4860=DIRECTION('',(1.,0.,0.));
#4861=DIRECTION('',(-0.707106781186548,-0.707106781186548,0.));
#4862=DIRECTION('',(0.,0.,1.));
#4863=DIRECTION('',(1.,0.,0.));
#4864=DIRECTION('',(-1.,0.,0.));
#4865=DIRECTION('',(0.,0.,1.));
#4866=DIRECTION('',(1.,0.,0.));
#4867=DIRECTION('',(-0.707106781186548,0.707106781186548,0.));
#4868=DIRECTION('',(0.,0.,1.));
#4869=DIRECTION('',(1.,0.,0.));
#4870=DIRECTION('',(0.707106781186555,-0.70710678118654,0.));
#4871=DIRECTION('',(0.,0.,1.));
#4872=DIRECTION('',(1.,0.,0.));
#4873=DIRECTION('',(-0.707106781186555,0.70710678118654,0.));
#4874=DIRECTION('',(0.,0.,1.));
#4875=DIRECTION('',(1.,0.,0.));
#4876=DIRECTION('',(-0.707106781186556,-0.70710678118654,0.));
#4877=DIRECTION('',(0.,0.,1.));
#4878=DIRECTION('',(1.,0.,0.));
#4879=DIRECTION('',(0.707106781186556,0.70710678118654,0.));
#4880=DIRECTION('',(-0.707106781186556,0.70710678118654,0.));
#4881=DIRECTION('',(0.,0.,1.));
#4882=DIRECTION('',(1.,0.,0.));
#4883=DIRECTION('',(0.707106781186556,-0.70710678118654,0.));
#4884=DIRECTION('',(0.,0.,1.));
#4885=DIRECTION('',(1.,0.,0.));
#4886=DIRECTION('',(0.,0.,1.));
#4887=DIRECTION('',(1.,0.,0.));
#4888=DIRECTION('',(-0.707106781186555,-0.70710678118654,0.));
#4889=DIRECTION('',(0.,0.,1.));
#4890=DIRECTION('',(1.,0.,0.));
#4891=DIRECTION('',(0.707106781186555,0.70710678118654,0.));
#4892=DIRECTION('',(0.,0.,1.));
#4893=DIRECTION('',(1.,0.,0.));
#4894=DIRECTION('',(0.,0.,1.));
#4895=DIRECTION('',(1.,0.,0.));
#4896=DIRECTION('',(0.,0.,1.));
#4897=DIRECTION('',(1.,0.,0.));
#4898=DIRECTION('',(0.,0.,1.));
#4899=DIRECTION('',(1.,0.,0.));
#4900=DIRECTION('',(0.,0.,1.));
#4901=DIRECTION('',(1.,0.,0.));
#4902=DIRECTION('',(0.,0.,1.));
#4903=DIRECTION('',(1.,0.,0.));
#4904=DIRECTION('',(0.,0.,1.));
#4905=DIRECTION('',(1.,0.,0.));
#4906=DIRECTION('',(0.,0.,1.));
#4907=DIRECTION('',(1.,0.,0.));
#4908=DIRECTION('',(0.,0.,1.));
#4909=DIRECTION('',(1.,0.,0.));
#4910=DIRECTION('',(0.,0.,1.));
#4911=DIRECTION('',(1.,0.,0.));
#4912=DIRECTION('',(0.124034734589209,-0.992277876713668,0.));
#4913=DIRECTION('',(0.,0.,1.));
#4914=DIRECTION('',(1.,0.,0.));
#4915=DIRECTION('',(-1.,0.,0.));
#4916=DIRECTION('',(0.,0.,1.));
#4917=DIRECTION('',(1.,0.,0.));
#4918=DIRECTION('',(0.0499376169438927,0.998752338877845,0.));
#4919=DIRECTION('',(0.,0.,1.));
#4920=DIRECTION('',(1.,0.,0.));
#4921=DIRECTION('',(0.894427190999916,-0.447213595499959,0.));
#4922=DIRECTION('',(0.,0.,1.));
#4923=DIRECTION('',(1.,0.,0.));
#4924=DIRECTION('',(0.0499376169438918,-0.998752338877845,0.));
#4925=DIRECTION('',(0.,0.,1.));
#4926=DIRECTION('',(1.,0.,0.));
#4927=DIRECTION('',(-1.,0.,0.));
#4928=DIRECTION('',(0.,0.,1.));
#4929=DIRECTION('',(1.,0.,0.));
#4930=DIRECTION('',(0.124034734589208,0.992277876713668,0.));
#4931=DIRECTION('',(0.,0.,1.));
#4932=DIRECTION('',(1.,0.,0.));
#4933=DIRECTION('',(0.894427190999916,0.447213595499959,0.));
#4934=DIRECTION('',(0.,0.,1.));
#4935=DIRECTION('',(1.,0.,0.));
#4936=DIRECTION('',(-1.,0.,0.));
#4937=DIRECTION('',(0.,0.,1.));
#4938=DIRECTION('',(1.,0.,0.));
#4939=DIRECTION('',(-0.84694525077901,0.53168011264564,0.));
#4940=DIRECTION('',(0.,0.,1.));
#4941=DIRECTION('',(1.,0.,0.));
#4942=DIRECTION('',(-0.573576436351046,-0.819152044288992,0.));
#4943=DIRECTION('',(0.,0.,1.));
#4944=DIRECTION('',(1.,0.,0.));
#4945=DIRECTION('',(0.789288214532161,-0.614022894036235,0.));
#4946=DIRECTION('',(0.,0.,1.));
#4947=DIRECTION('',(1.,0.,0.));
#4948=DIRECTION('',(0.,-1.,0.));
#4949=DIRECTION('',(0.,0.,1.));
#4950=DIRECTION('',(1.,0.,0.));
#4951=DIRECTION('',(-0.789288214532161,-0.614022894036235,0.));
#4952=DIRECTION('',(0.,0.,1.));
#4953=DIRECTION('',(1.,0.,0.));
#4954=DIRECTION('',(0.573576436351046,-0.819152044288992,0.));
#4955=DIRECTION('',(0.,0.,1.));
#4956=DIRECTION('',(1.,0.,0.));
#4957=DIRECTION('',(0.,0.,1.));
#4958=DIRECTION('',(1.,0.,0.));
#4959=DIRECTION('',(0.,0.,1.));
#4960=DIRECTION('',(1.,0.,0.));
#4961=DIRECTION('',(1.10462130294717E-16,-1.,0.));
#4962=DIRECTION('',(0.,0.,1.));
#4963=DIRECTION('',(1.,0.,0.));
#4964=DIRECTION('',(0.707106781186548,-0.707106781186548,0.));
#4965=DIRECTION('',(0.,0.,1.));
#4966=DIRECTION('',(1.,0.,0.));
#4967=DIRECTION('',(1.,0.,0.));
#4968=DIRECTION('',(0.,0.,1.));
#4969=DIRECTION('',(1.,0.,0.));
#4970=DIRECTION('',(0.707106781186548,0.707106781186548,0.));
#4971=DIRECTION('',(0.,0.,1.));
#4972=DIRECTION('',(1.,0.,0.));
#4973=DIRECTION('',(1.,0.,0.));
#4974=DIRECTION('',(0.,0.,1.));
#4975=DIRECTION('',(1.,0.,0.));
#4976=DIRECTION('',(0.707106781186548,-0.707106781186548,0.));
#4977=DIRECTION('',(0.,0.,1.));
#4978=DIRECTION('',(1.,0.,0.));
#4979=DIRECTION('',(1.,0.,0.));
#4980=DIRECTION('',(0.,0.,1.));
#4981=DIRECTION('',(1.,0.,0.));
#4982=DIRECTION('',(0.707106781186548,0.707106781186548,0.));
#4983=DIRECTION('',(0.,0.,1.));
#4984=DIRECTION('',(1.,0.,0.));
#4985=DIRECTION('',(0.,1.,0.));
#4986=DIRECTION('',(0.,0.,1.));
#4987=DIRECTION('',(1.,0.,0.));
#4988=DIRECTION('',(0.,0.,1.));
#4989=DIRECTION('',(1.,0.,0.));
#4990=DIRECTION('',(0.,0.,1.));
#4991=DIRECTION('',(1.,0.,0.));
#4992=DIRECTION('',(0.573576436351046,0.819152044288992,0.));
#4993=DIRECTION('',(0.,0.,1.));
#4994=DIRECTION('',(1.,0.,0.));
#4995=DIRECTION('',(-0.789288214532161,0.614022894036235,0.));
#4996=DIRECTION('',(0.,0.,1.));
#4997=DIRECTION('',(1.,0.,0.));
#4998=DIRECTION('',(0.,1.,0.));
#4999=DIRECTION('',(0.,0.,1.));
#5000=DIRECTION('',(1.,0.,0.));
#5001=DIRECTION('',(0.789288214532161,0.614022894036235,0.));
#5002=DIRECTION('',(0.,0.,1.));
#5003=DIRECTION('',(1.,0.,0.));
#5004=DIRECTION('',(-0.573576436351046,0.819152044288992,0.));
#5005=DIRECTION('',(0.,0.,1.));
#5006=DIRECTION('',(1.,0.,0.));
#5007=DIRECTION('',(-0.846945250779009,-0.53168011264564,0.));
#5008=DIRECTION('',(0.,0.,1.));
#5009=DIRECTION('',(1.,0.,0.));
#5010=DIRECTION('',(-1.,0.,0.));
#5011=DIRECTION('',(0.,0.,1.));
#5012=DIRECTION('',(1.,0.,0.));
#5013=DIRECTION('',(0.707106781186555,-0.70710678118654,0.));
#5014=DIRECTION('',(0.,0.,1.));
#5015=DIRECTION('',(1.,0.,0.));
#5016=DIRECTION('',(-0.707106781186555,0.70710678118654,0.));
#5017=DIRECTION('',(0.,0.,1.));
#5018=DIRECTION('',(1.,0.,0.));
#5019=DIRECTION('',(0.707106781186556,0.70710678118654,0.));
#5020=DIRECTION('',(0.,0.,1.));
#5021=DIRECTION('',(1.,0.,0.));
#5022=DIRECTION('',(-0.707106781186556,-0.70710678118654,0.));
#5023=DIRECTION('',(-0.707106781186556,0.70710678118654,0.));
#5024=DIRECTION('',(0.,0.,1.));
#5025=DIRECTION('',(1.,0.,0.));
#5026=DIRECTION('',(0.707106781186556,-0.70710678118654,0.));
#5027=DIRECTION('',(0.,0.,1.));
#5028=DIRECTION('',(1.,0.,0.));
#5029=DIRECTION('',(0.,0.,1.));
#5030=DIRECTION('',(1.,0.,0.));
#5031=DIRECTION('',(0.707106781186555,0.70710678118654,0.));
#5032=DIRECTION('',(0.,0.,1.));
#5033=DIRECTION('',(1.,0.,0.));
#5034=DIRECTION('',(-0.707106781186555,-0.70710678118654,0.));
#5035=DIRECTION('',(0.,0.,1.));
#5036=DIRECTION('',(1.,0.,0.));
#5037=DIRECTION('',(0.,0.,1.));
#5038=DIRECTION('',(1.,0.,0.));
#5039=DIRECTION('',(0.,0.,1.));
#5040=DIRECTION('',(1.,0.,0.));
#5041=DIRECTION('',(0.,0.,1.));
#5042=DIRECTION('',(1.,0.,0.));
#5043=DIRECTION('',(0.,0.,1.));
#5044=DIRECTION('',(1.,0.,0.));
#5045=DIRECTION('',(0.,0.,1.));
#5046=DIRECTION('',(1.,0.,0.));
#5047=DIRECTION('',(0.,0.,1.));
#5048=DIRECTION('',(1.,0.,0.));
#5049=DIRECTION('',(0.,0.,1.));
#5050=DIRECTION('',(1.,0.,0.));
#5051=DIRECTION('',(0.,1.,0.));
#5052=DIRECTION('',(0.,0.,1.));
#5053=DIRECTION('',(0.,0.,1.));
#5054=DIRECTION('',(-1.,0.,0.));
#5055=DIRECTION('',(0.,0.,1.));
#5056=DIRECTION('',(1.,0.,0.));
#5057=DIRECTION('',(0.998752338877845,-0.0499376169438927,0.));
#5058=DIRECTION('',(0.0499376169438927,0.998752338877845,0.));
#5059=DIRECTION('',(0.,0.,1.));
#5060=DIRECTION('',(0.0499376169438927,0.998752338877845,0.));
#5061=DIRECTION('',(0.,0.,1.));
#5062=DIRECTION('',(-0.0499376169438927,-0.998752338877845,0.));
#5063=DIRECTION('',(-0.447213595499959,-0.894427190999916,0.));
#5064=DIRECTION('',(0.894427190999916,-0.447213595499959,0.));
#5065=DIRECTION('',(0.,0.,1.));
#5066=DIRECTION('',(0.894427190999916,-0.447213595499959,0.));
#5067=DIRECTION('',(0.,0.,1.));
#5068=DIRECTION('',(-0.894427190999916,0.447213595499959,0.));
#5069=DIRECTION('',(0.,1.,0.));
#5070=DIRECTION('',(0.,0.,1.));
#5071=DIRECTION('',(0.,0.,1.));
#5072=DIRECTION('',(-1.,0.,0.));
#5073=DIRECTION('',(0.,0.,1.));
#5074=DIRECTION('',(1.,0.,0.));
#5075=DIRECTION('',(0.992277876713668,-0.124034734589208,0.));
#5076=DIRECTION('',(0.124034734589208,0.992277876713668,0.));
#5077=DIRECTION('',(0.,0.,1.));
#5078=DIRECTION('',(0.124034734589208,0.992277876713668,0.));
#5079=DIRECTION('',(0.,0.,1.));
#5080=DIRECTION('',(-0.124034734589208,-0.992277876713668,0.));
#5081=DIRECTION('',(0.447213595499959,-0.894427190999916,0.));
#5082=DIRECTION('',(0.894427190999916,0.447213595499959,0.));
#5083=DIRECTION('',(0.,0.,1.));
#5084=DIRECTION('',(0.894427190999916,0.447213595499959,0.));
#5085=DIRECTION('',(0.,0.,1.));
#5086=DIRECTION('',(-0.894427190999916,-0.447213595499959,0.));
#5087=DIRECTION('',(-1.,-1.10462130294717E-16,0.));
#5088=DIRECTION('',(1.10462130294717E-16,-1.,0.));
#5089=DIRECTION('',(0.,0.,1.));
#5090=DIRECTION('',(1.10462130294717E-16,-1.,0.));
#5091=DIRECTION('',(0.,0.,1.));
#5092=DIRECTION('',(-1.10462130294717E-16,1.,0.));
#5093=DIRECTION('',(-0.707106781186548,-0.707106781186548,0.));
#5094=DIRECTION('',(0.707106781186548,-0.707106781186548,0.));
#5095=DIRECTION('',(0.,0.,1.));
#5096=DIRECTION('',(0.707106781186548,-0.707106781186548,0.));
#5097=DIRECTION('',(0.,0.,1.));
#5098=DIRECTION('',(-0.707106781186548,0.707106781186548,0.));
#5099=DIRECTION('',(0.,-1.,0.));
#5100=DIRECTION('',(0.,0.,-1.));
#5101=DIRECTION('',(0.,0.,1.));
#5102=DIRECTION('',(1.,0.,0.));
#5103=DIRECTION('',(0.,0.,1.));
#5104=DIRECTION('',(-1.,0.,0.));
#5105=DIRECTION('',(0.707106781186548,-0.707106781186548,0.));
#5106=DIRECTION('',(0.707106781186548,0.707106781186548,0.));
#5107=DIRECTION('',(0.,0.,1.));
#5108=DIRECTION('',(0.707106781186548,0.707106781186548,0.));
#5109=DIRECTION('',(0.,0.,1.));
#5110=DIRECTION('',(-0.707106781186548,-0.707106781186548,0.));
#5111=DIRECTION('',(0.,-1.,0.));
#5112=DIRECTION('',(0.,0.,-1.));
#5113=DIRECTION('',(0.,0.,1.));
#5114=DIRECTION('',(1.,0.,0.));
#5115=DIRECTION('',(0.,0.,1.));
#5116=DIRECTION('',(-1.,0.,0.));
#5117=DIRECTION('',(-0.707106781186548,-0.707106781186548,0.));
#5118=DIRECTION('',(0.707106781186548,-0.707106781186548,0.));
#5119=DIRECTION('',(0.,0.,1.));
#5120=DIRECTION('',(0.707106781186548,-0.707106781186548,0.));
#5121=DIRECTION('',(0.,0.,1.));
#5122=DIRECTION('',(-0.707106781186548,0.707106781186548,0.));
#5123=DIRECTION('',(0.,-1.,0.));
#5124=DIRECTION('',(0.,0.,-1.));
#5125=DIRECTION('',(0.,0.,1.));
#5126=DIRECTION('',(1.,0.,0.));
#5127=DIRECTION('',(0.,0.,1.));
#5128=DIRECTION('',(-1.,0.,0.));
#5129=DIRECTION('',(0.707106781186548,-0.707106781186548,0.));
#5130=DIRECTION('',(0.707106781186548,0.707106781186548,0.));
#5131=DIRECTION('',(0.,0.,1.));
#5132=DIRECTION('',(0.707106781186548,0.707106781186548,0.));
#5133=DIRECTION('',(0.,0.,1.));
#5134=DIRECTION('',(-0.707106781186548,-0.707106781186548,0.));
#5135=DIRECTION('',(0.819152044288992,-0.573576436351046,0.));
#5136=DIRECTION('',(0.573576436351046,0.819152044288992,0.));
#5137=DIRECTION('',(0.,0.,-1.));
#5138=DIRECTION('',(0.573576436351046,0.819152044288992,0.));
#5139=DIRECTION('',(0.,0.,1.));
#5140=DIRECTION('',(-0.573576436351046,-0.819152044288992,0.));
#5141=DIRECTION('',(0.614022894036235,0.789288214532161,0.));
#5142=DIRECTION('',(-0.789288214532161,0.614022894036235,0.));
#5143=DIRECTION('',(0.,0.,1.));
#5144=DIRECTION('',(-0.789288214532161,0.614022894036235,0.));
#5145=DIRECTION('',(0.,0.,1.));
#5146=DIRECTION('',(0.789288214532161,-0.614022894036235,0.));
#5147=DIRECTION('',(1.,0.,0.));
#5148=DIRECTION('',(0.,0.,-1.));
#5149=DIRECTION('',(0.,0.,1.));
#5150=DIRECTION('',(0.,1.,0.));
#5151=DIRECTION('',(0.,0.,1.));
#5152=DIRECTION('',(0.,-1.,0.));
#5153=DIRECTION('',(0.614022894036235,-0.789288214532161,0.));
#5154=DIRECTION('',(0.789288214532161,0.614022894036235,0.));
#5155=DIRECTION('',(0.,0.,1.));
#5156=DIRECTION('',(0.789288214532161,0.614022894036235,0.));
#5157=DIRECTION('',(0.,0.,1.));
#5158=DIRECTION('',(-0.789288214532161,-0.614022894036235,0.));
#5159=DIRECTION('',(-0.819152044288992,-0.573576436351046,0.));
#5160=DIRECTION('',(0.573576436351046,-0.819152044288992,0.));
#5161=DIRECTION('',(0.,0.,1.));
#5162=DIRECTION('',(-0.573576436351046,0.819152044288992,0.));
#5163=DIRECTION('',(0.,0.,1.));
#5164=DIRECTION('',(0.573576436351046,-0.819152044288992,0.));
#5165=DIRECTION('',(-0.53168011264564,0.846945250779009,0.));
#5166=DIRECTION('',(-0.846945250779009,-0.53168011264564,0.));
#5167=DIRECTION('',(0.,0.,1.));
#5168=DIRECTION('',(-0.846945250779009,-0.53168011264564,0.));
#5169=DIRECTION('',(0.,0.,1.));
#5170=DIRECTION('',(0.846945250779009,0.53168011264564,0.));
#5171=DIRECTION('',(0.,-1.,0.));
#5172=DIRECTION('',(0.,0.,-1.));
#5173=DIRECTION('',(0.,0.,1.));
#5174=DIRECTION('',(-1.,0.,0.));
#5175=DIRECTION('',(0.,0.,1.));
#5176=DIRECTION('',(1.,0.,0.));
#5177=DIRECTION('',(0.,0.,1.));
#5178=DIRECTION('',(1.,0.,0.));
#5179=DIRECTION('',(0.,0.,1.));
#5180=DIRECTION('',(0.,0.,1.));
#5181=DIRECTION('',(1.,0.,0.));
#5182=DIRECTION('',(0.,0.,1.));
#5183=DIRECTION('',(0.,0.,1.));
#5184=DIRECTION('',(1.,0.,0.));
#5185=DIRECTION('',(0.,-1.,0.));
#5186=DIRECTION('',(0.,0.,-1.));
#5187=DIRECTION('',(0.,0.,1.));
#5188=DIRECTION('',(1.,0.,0.));
#5189=DIRECTION('',(0.,0.,1.));
#5190=DIRECTION('',(-1.,0.,0.));
#5191=DIRECTION('',(-0.53168011264564,-0.84694525077901,0.));
#5192=DIRECTION('',(0.84694525077901,-0.53168011264564,0.));
#5193=DIRECTION('',(0.,0.,1.));
#5194=DIRECTION('',(0.84694525077901,-0.53168011264564,0.));
#5195=DIRECTION('',(0.,0.,1.));
#5196=DIRECTION('',(-0.84694525077901,0.53168011264564,0.));
#5197=DIRECTION('',(0.819152044288992,-0.573576436351046,0.));
#5198=DIRECTION('',(0.573576436351046,0.819152044288992,0.));
#5199=DIRECTION('',(0.,0.,1.));
#5200=DIRECTION('',(0.573576436351046,0.819152044288992,0.));
#5201=DIRECTION('',(0.,0.,1.));
#5202=DIRECTION('',(-0.573576436351046,-0.819152044288992,0.));
#5203=DIRECTION('',(-0.614022894036235,-0.789288214532161,0.));
#5204=DIRECTION('',(0.789288214532161,-0.614022894036235,0.));
#5205=DIRECTION('',(0.,0.,1.));
#5206=DIRECTION('',(-0.789288214532161,0.614022894036235,0.));
#5207=DIRECTION('',(0.,0.,1.));
#5208=DIRECTION('',(0.789288214532161,-0.614022894036235,0.));
#5209=DIRECTION('',(-1.,0.,0.));
#5210=DIRECTION('',(0.,0.,1.));
#5211=DIRECTION('',(0.,0.,1.));
#5212=DIRECTION('',(0.,1.,0.));
#5213=DIRECTION('',(0.,0.,1.));
#5214=DIRECTION('',(0.,-1.,0.));
#5215=DIRECTION('',(-0.614022894036235,0.789288214532161,0.));
#5216=DIRECTION('',(-0.789288214532161,-0.614022894036235,0.));
#5217=DIRECTION('',(0.,0.,1.));
#5218=DIRECTION('',(0.789288214532161,0.614022894036235,0.));
#5219=DIRECTION('',(0.,0.,1.));
#5220=DIRECTION('',(-0.789288214532161,-0.614022894036235,0.));
#5221=DIRECTION('',(-0.819152044288992,-0.573576436351046,0.));
#5222=DIRECTION('',(0.573576436351046,-0.819152044288992,0.));
#5223=DIRECTION('',(0.,0.,1.));
#5224=DIRECTION('',(-0.573576436351046,0.819152044288992,0.));
#5225=DIRECTION('',(0.,0.,1.));
#5226=DIRECTION('',(0.573576436351046,-0.819152044288992,0.));
#5227=DIRECTION('',(0.,0.,1.));
#5228=DIRECTION('',(1.,0.,0.));
#5229=DIRECTION('',(0.,0.,1.));
#5230=DIRECTION('',(1.,0.,0.));
#5231=DIRECTION('',(0.,0.,1.));
#5232=DIRECTION('',(1.,0.,0.));
#5233=DIRECTION('',(0.,0.,1.));
#5234=DIRECTION('',(1.,0.,0.));
#5235=DIRECTION('',(0.,0.,1.));
#5236=DIRECTION('',(1.,0.,0.));
#5237=DIRECTION('',(0.,0.,1.));
#5238=DIRECTION('',(1.,0.,0.));
#5239=DIRECTION('',(0.,0.,1.));
#5240=DIRECTION('',(1.,0.,0.));
#5241=DIRECTION('',(-0.992277876713668,-0.124034734589209,0.));
#5242=DIRECTION('',(0.124034734589209,-0.992277876713668,0.));
#5243=DIRECTION('',(0.,0.,1.));
#5244=DIRECTION('',(0.124034734589209,-0.992277876713668,0.));
#5245=DIRECTION('',(0.,0.,1.));
#5246=DIRECTION('',(-0.124034734589209,0.992277876713668,0.));
#5247=DIRECTION('',(-0.998752338877845,-0.0499376169438918,0.));
#5248=DIRECTION('',(0.0499376169438918,-0.998752338877845,0.));
#5249=DIRECTION('',(0.,0.,1.));
#5250=DIRECTION('',(0.0499376169438918,-0.998752338877845,0.));
#5251=DIRECTION('',(0.,0.,1.));
#5252=DIRECTION('',(-0.0499376169438918,0.998752338877845,0.));
#5253=DIRECTION('',(0.,0.,1.));
#5254=DIRECTION('',(1.,0.,0.));
#5255=DIRECTION('',(0.,0.,1.));
#5256=DIRECTION('',(1.,0.,0.));
#5257=DIRECTION('',(0.,0.,1.));
#5258=DIRECTION('',(0.,0.,1.));
#5259=DIRECTION('',(1.,0.,0.));
#5260=DIRECTION('',(0.,0.,1.));
#5261=DIRECTION('',(0.,0.,1.));
#5262=DIRECTION('',(1.,0.,0.));
#5263=DIRECTION('',(-0.70710678118654,-0.707106781186556,0.));
#5264=DIRECTION('',(0.707106781186556,-0.70710678118654,0.));
#5265=DIRECTION('',(0.707106781186556,-0.70710678118654,0.));
#5266=DIRECTION('',(0.,0.,1.));
#5267=DIRECTION('',(-0.707106781186556,0.70710678118654,0.));
#5268=DIRECTION('',(0.,0.,1.));
#5269=DIRECTION('',(1.,0.,0.));
#5270=DIRECTION('',(0.,0.,1.));
#5271=DIRECTION('',(1.,0.,0.));
#5272=DIRECTION('',(0.,0.,1.));
#5273=DIRECTION('',(0.,0.,1.));
#5274=DIRECTION('',(1.,0.,0.));
#5275=DIRECTION('',(-0.70710678118654,-0.707106781186556,0.));
#5276=DIRECTION('',(0.707106781186556,-0.70710678118654,0.));
#5277=DIRECTION('',(-0.707106781186556,0.70710678118654,0.));
#5278=DIRECTION('',(0.707106781186556,-0.70710678118654,0.));
#5279=DIRECTION('',(0.,0.,1.));
#5280=DIRECTION('',(1.,0.,0.));
#5281=DIRECTION('',(0.,0.,1.));
#5282=DIRECTION('',(0.,0.,1.));
#5283=DIRECTION('',(1.,0.,0.));
#5284=DIRECTION('',(0.,0.,1.));
#5285=DIRECTION('',(0.,0.,1.));
#5286=DIRECTION('',(1.,0.,0.));
#5287=DIRECTION('',(-0.70710678118654,0.707106781186555,0.));
#5288=DIRECTION('',(-0.707106781186555,-0.70710678118654,0.));
#5289=DIRECTION('',(0.707106781186555,0.70710678118654,0.));
#5290=DIRECTION('',(0.,0.,1.));
#5291=DIRECTION('',(-0.707106781186555,-0.70710678118654,0.));
#5292=DIRECTION('',(-0.70710678118654,0.707106781186555,0.));
#5293=DIRECTION('',(-0.707106781186555,-0.70710678118654,0.));
#5294=DIRECTION('',(0.,0.,1.));
#5295=DIRECTION('',(-0.707106781186555,-0.70710678118654,0.));
#5296=DIRECTION('',(0.707106781186555,0.70710678118654,0.));
#5297=DIRECTION('',(0.,0.,1.));
#5298=DIRECTION('',(1.,0.,0.));
#5299=DIRECTION('',(0.,0.,1.));
#5300=DIRECTION('',(1.,0.,0.));
#5301=DIRECTION('',(0.,0.,1.));
#5302=DIRECTION('',(1.,0.,0.));
#5303=DIRECTION('',(0.,0.,1.));
#5304=DIRECTION('',(1.,0.,0.));
#5305=DIRECTION('',(0.,0.,1.));
#5306=DIRECTION('',(0.,0.,1.));
#5307=DIRECTION('',(1.,0.,0.));
#5308=DIRECTION('',(0.,0.,1.));
#5309=DIRECTION('',(0.,0.,1.));
#5310=DIRECTION('',(1.,0.,0.));
#5311=DIRECTION('',(0.70710678118654,0.707106781186555,0.));
#5312=DIRECTION('',(-0.707106781186555,0.70710678118654,0.));
#5313=DIRECTION('',(-0.707106781186555,0.70710678118654,0.));
#5314=DIRECTION('',(0.,0.,1.));
#5315=DIRECTION('',(0.707106781186555,-0.70710678118654,0.));
#5316=DIRECTION('',(0.,0.,1.));
#5317=DIRECTION('',(1.,0.,0.));
#5318=DIRECTION('',(0.,0.,1.));
#5319=DIRECTION('',(1.,0.,0.));
#5320=DIRECTION('',(0.,0.,1.));
#5321=DIRECTION('',(0.,0.,1.));
#5322=DIRECTION('',(1.,0.,0.));
#5323=DIRECTION('',(0.70710678118654,0.707106781186555,0.));
#5324=DIRECTION('',(-0.707106781186555,0.70710678118654,0.));
#5325=DIRECTION('',(0.707106781186555,-0.70710678118654,0.));
#5326=DIRECTION('',(-0.707106781186555,0.70710678118654,0.));
#5327=DIRECTION('',(0.70710678118654,-0.707106781186556,0.));
#5328=DIRECTION('',(0.707106781186556,0.70710678118654,0.));
#5329=DIRECTION('',(0.,0.,1.));
#5330=DIRECTION('',(0.707106781186556,0.70710678118654,0.));
#5331=DIRECTION('',(0.,0.,1.));
#5332=DIRECTION('',(-0.707106781186556,-0.70710678118654,0.));
#5333=DIRECTION('',(0.,0.,1.));
#5334=DIRECTION('',(1.,0.,0.));
#5335=DIRECTION('',(0.,0.,1.));
#5336=DIRECTION('',(1.,0.,0.));
#5337=DIRECTION('',(0.,0.,1.));
#5338=DIRECTION('',(0.,0.,1.));
#5339=DIRECTION('',(1.,0.,0.));
#5340=DIRECTION('',(0.,0.,1.));
#5341=DIRECTION('',(1.,0.,0.));
#5342=DIRECTION('',(0.,0.,1.));
#5343=DIRECTION('',(0.,0.,1.));
#5344=DIRECTION('',(1.,0.,0.));
#5345=DIRECTION('',(0.,0.,1.));
#5346=DIRECTION('',(1.,0.,0.));
#5347=DIRECTION('',(0.70710678118654,-0.707106781186556,0.));
#5348=DIRECTION('',(0.707106781186556,0.70710678118654,0.));
#5349=DIRECTION('',(-0.707106781186556,-0.70710678118654,0.));
#5350=DIRECTION('',(0.707106781186556,0.70710678118654,0.));
#5351=DIRECTION('',(0.,0.,1.));
#5352=DIRECTION('',(1.,0.,0.));
#5353=DIRECTION('',(0.,0.,1.));
#5354=DIRECTION('',(0.,0.,1.));
#5355=DIRECTION('',(1.,0.,0.));
#5356=DIRECTION('',(0.,0.,1.));
#5357=DIRECTION('',(0.,0.,1.));
#5358=DIRECTION('',(1.,0.,0.));
#5359=DIRECTION('',(0.,0.,1.));
#5360=DIRECTION('',(1.,0.,0.));
#5361=DIRECTION('',(0.,0.,1.));
#5362=DIRECTION('',(0.,0.,1.));
#5363=DIRECTION('',(1.,0.,0.));
#5364=DIRECTION('',(0.,0.,1.));
#5365=DIRECTION('',(0.,0.,1.));
#5366=DIRECTION('',(1.,0.,0.));
#5367=DIRECTION('',(0.,0.,-1.));
#5368=DIRECTION('',(-1.,0.,0.));
#5369=DIRECTION('',(0.,0.,1.));
#5370=DIRECTION('',(1.,0.,0.));
#5371=DIRECTION('',(0.,0.,1.));
#5372=DIRECTION('',(1.,0.,0.));
#5373=DIRECTION('',(0.,0.,-1.));
#5374=DIRECTION('',(-1.,0.,0.));
#5375=DIRECTION('',(0.,0.,1.));
#5376=DIRECTION('',(1.,0.,0.));
#5377=DIRECTION('',(0.,0.,1.));
#5378=DIRECTION('',(1.,0.,0.));
#5379=DIRECTION('',(0.,0.,-1.));
#5380=DIRECTION('',(-1.,0.,0.));
#5381=DIRECTION('',(0.,0.,1.));
#5382=DIRECTION('',(1.,0.,0.));
#5383=DIRECTION('',(0.,0.,1.));
#5384=DIRECTION('',(1.,0.,0.));
#5385=DIRECTION('',(0.,0.,-1.));
#5386=DIRECTION('',(-1.,0.,0.));
#5387=DIRECTION('',(0.,0.,1.));
#5388=DIRECTION('',(1.,0.,0.));
#5389=DIRECTION('',(0.,0.,1.));
#5390=DIRECTION('',(1.,0.,0.));
#5391=DIRECTION('',(0.,0.,-1.));
#5392=DIRECTION('',(-1.,0.,0.));
#5393=DIRECTION('',(0.,0.,1.));
#5394=DIRECTION('',(1.,0.,0.));
#5395=DIRECTION('',(0.,0.,1.));
#5396=DIRECTION('',(1.,0.,0.));
#5397=DIRECTION('',(0.,0.,-1.));
#5398=DIRECTION('',(-1.,0.,0.));
#5399=DIRECTION('',(0.,0.,1.));
#5400=DIRECTION('',(1.,0.,0.));
#5401=DIRECTION('',(0.,0.,1.));
#5402=DIRECTION('',(1.,0.,0.));
#5403=DIRECTION('',(0.,0.,-1.));
#5404=DIRECTION('',(-1.,0.,0.));
#5405=DIRECTION('',(0.,0.,1.));
#5406=DIRECTION('',(1.,0.,0.));
#5407=DIRECTION('',(0.,0.,1.));
#5408=DIRECTION('',(1.,0.,0.));
#5409=DIRECTION('',(0.,0.,-1.));
#5410=DIRECTION('',(-1.,0.,0.));
#5411=DIRECTION('',(0.,0.,1.));
#5412=DIRECTION('',(1.,0.,0.));
#5413=DIRECTION('',(0.,0.,1.));
#5414=DIRECTION('',(1.,0.,0.));
#5415=DIRECTION('',(0.,0.,1.));
#5416=DIRECTION('',(1.,0.,0.));
#5417=DIRECTION('',(0.,0.,1.));
#5418=DIRECTION('',(1.,0.,0.));
#5419=DIRECTION('',(0.,0.,1.));
#5420=DIRECTION('',(1.,0.,0.));
#5421=DIRECTION('',(0.,0.,1.));
#5422=DIRECTION('',(1.,0.,0.));
#5423=DIRECTION('',(0.,0.,1.));
#5424=DIRECTION('',(1.,0.,0.));
#5425=DIRECTION('',(0.,0.,1.));
#5426=DIRECTION('',(1.,0.,0.));
#5427=DIRECTION('',(0.,0.,1.));
#5428=DIRECTION('',(1.,0.,0.));
#5429=DIRECTION('',(0.,0.,1.));
#5430=DIRECTION('',(1.,0.,0.));
#5431=DIRECTION('',(0.,0.,1.));
#5432=DIRECTION('',(1.,0.,0.));
#5433=DIRECTION('',(0.,0.,1.));
#5434=DIRECTION('',(1.,0.,0.));
#5435=DIRECTION('',(0.,0.,1.));
#5436=DIRECTION('',(1.,0.,0.));
#5437=DIRECTION('',(0.,0.,1.));
#5438=DIRECTION('',(1.,0.,0.));
#5439=DIRECTION('',(0.,0.,1.));
#5440=DIRECTION('',(1.,0.,0.));
#5441=DIRECTION('',(0.,0.,1.));
#5442=DIRECTION('',(1.,0.,0.));
#5443=DIRECTION('',(0.,0.,1.));
#5444=DIRECTION('',(1.,0.,0.));
#5445=DIRECTION('',(0.,0.,-1.));
#5446=DIRECTION('',(-1.,0.,0.));
#5447=DIRECTION('',(0.,0.,1.));
#5448=DIRECTION('',(1.,0.,0.));
#5449=DIRECTION('',(0.,0.,1.));
#5450=DIRECTION('',(1.,0.,0.));
#5451=DIRECTION('',(0.,0.,-1.));
#5452=DIRECTION('',(-1.,0.,0.));
#5453=DIRECTION('',(0.,0.,1.));
#5454=DIRECTION('',(1.,0.,0.));
#5455=DIRECTION('',(0.,0.,1.));
#5456=DIRECTION('',(1.,0.,0.));
#5457=DIRECTION('',(0.,0.,-1.));
#5458=DIRECTION('',(-1.,0.,0.));
#5459=DIRECTION('',(0.,0.,1.));
#5460=DIRECTION('',(1.,0.,0.));
#5461=DIRECTION('',(0.,0.,1.));
#5462=DIRECTION('',(1.,0.,0.));
#5463=DIRECTION('',(0.,0.,-1.));
#5464=DIRECTION('',(-1.,0.,0.));
#5465=DIRECTION('',(0.,0.,1.));
#5466=DIRECTION('',(1.,0.,0.));
#5467=DIRECTION('',(0.,0.,1.));
#5468=DIRECTION('',(1.,0.,0.));
#5469=DIRECTION('',(0.,0.,-1.));
#5470=DIRECTION('',(-1.,0.,0.));
#5471=DIRECTION('',(0.,0.,1.));
#5472=DIRECTION('',(1.,0.,0.));
#5473=DIRECTION('',(0.,0.,1.));
#5474=DIRECTION('',(1.,0.,0.));
#5475=DIRECTION('',(0.,0.,-1.));
#5476=DIRECTION('',(-1.,0.,0.));
#5477=DIRECTION('',(0.,0.,1.));
#5478=DIRECTION('',(1.,0.,0.));
#5479=DIRECTION('',(0.,0.,1.));
#5480=DIRECTION('',(1.,0.,0.));
#5481=DIRECTION('',(0.,0.,-1.));
#5482=DIRECTION('',(-1.,0.,0.));
#5483=DIRECTION('',(0.,0.,1.));
#5484=DIRECTION('',(1.,0.,0.));
#5485=DIRECTION('',(0.,0.,1.));
#5486=DIRECTION('',(1.,0.,0.));
#5487=DIRECTION('',(0.,0.,1.));
#5488=DIRECTION('',(1.,0.,0.));
#5489=DIRECTION('',(0.,0.,1.));
#5490=DIRECTION('',(1.,0.,0.));
#5491=DIRECTION('',(0.,0.,1.));
#5492=DIRECTION('',(1.,0.,0.));
#5493=DIRECTION('',(0.,0.,-1.));
#5494=DIRECTION('',(-1.,0.,0.));
#5495=DIRECTION('',(0.,0.,1.));
#5496=DIRECTION('',(1.,0.,0.));
#5497=DIRECTION('',(0.,0.,1.));
#5498=DIRECTION('',(1.,0.,0.));
#5499=DIRECTION('',(0.,0.,-1.));
#5500=DIRECTION('',(-1.,0.,0.));
#5501=DIRECTION('',(0.,0.,1.));
#5502=DIRECTION('',(1.,0.,0.));
#5503=DIRECTION('',(0.,0.,1.));
#5504=DIRECTION('',(1.,0.,0.));
#5505=DIRECTION('',(0.,0.,1.));
#5506=DIRECTION('',(1.,0.,0.));
#5507=DIRECTION('',(0.,0.,1.));
#5508=DIRECTION('',(1.,0.,0.));
#5509=DIRECTION('',(0.,0.,1.));
#5510=DIRECTION('',(1.,0.,0.));
#5511=DIRECTION('',(0.,0.,-1.));
#5512=DIRECTION('',(-1.,0.,0.));
#5513=DIRECTION('',(0.,0.,1.));
#5514=DIRECTION('',(1.,0.,0.));
#5515=DIRECTION('',(0.,0.,1.));
#5516=DIRECTION('',(1.,0.,0.));
#5517=DIRECTION('',(0.,0.,1.));
#5518=DIRECTION('',(1.,0.,0.));
#5519=DIRECTION('',(0.,0.,1.));
#5520=DIRECTION('',(1.,0.,0.));
#5521=DIRECTION('',(0.,0.,1.));
#5522=DIRECTION('',(1.,0.,0.));
#5523=DIRECTION('',(0.,0.,1.));
#5524=DIRECTION('',(1.,0.,0.));
#5525=DIRECTION('',(0.,0.,1.));
#5526=DIRECTION('',(1.,0.,0.));
#5527=DIRECTION('',(0.,0.,1.));
#5528=DIRECTION('',(1.,0.,0.));
#5529=DIRECTION('',(0.,0.,1.));
#5530=DIRECTION('',(1.,0.,0.));
#5531=DIRECTION('',(0.,0.,1.));
#5532=DIRECTION('',(1.,0.,0.));
#5533=DIRECTION('',(0.,0.,1.));
#5534=DIRECTION('',(1.,0.,0.));
#5535=DIRECTION('',(0.,0.,1.));
#5536=DIRECTION('',(1.,0.,0.));
#5537=DIRECTION('',(0.,0.,1.));
#5538=DIRECTION('',(1.,0.,0.));
#5539=DIRECTION('',(0.,0.,1.));
#5540=DIRECTION('',(1.,0.,0.));
#5541=DIRECTION('',(0.,0.,1.));
#5542=DIRECTION('',(1.,0.,0.));
#5543=DIRECTION('',(0.,0.,1.));
#5544=DIRECTION('',(1.,0.,0.));
#5545=DIRECTION('',(0.,0.,1.));
#5546=DIRECTION('',(1.,0.,0.));
#5547=DIRECTION('',(0.,0.,1.));
#5548=DIRECTION('',(1.,0.,0.));
#5549=DIRECTION('',(0.,0.,1.));
#5550=DIRECTION('',(1.,0.,0.));
#5551=DIRECTION('',(0.,0.,1.));
#5552=DIRECTION('',(1.,0.,0.));
#5553=DIRECTION('',(0.,0.,1.));
#5554=DIRECTION('',(1.,0.,0.));
#5555=DIRECTION('',(0.,0.,1.));
#5556=DIRECTION('',(1.,0.,0.));
#5557=DIRECTION('',(0.,0.,1.));
#5558=DIRECTION('',(1.,0.,0.));
#5559=DIRECTION('',(0.,0.,1.));
#5560=DIRECTION('',(1.,0.,0.));
#5561=DIRECTION('',(0.,0.,1.));
#5562=DIRECTION('',(1.,0.,0.));
#5563=DIRECTION('',(0.,0.,1.));
#5564=DIRECTION('',(1.,0.,0.));
#5565=DIRECTION('',(0.,0.,1.));
#5566=DIRECTION('',(1.,0.,0.));
#5567=DIRECTION('',(0.,0.,1.));
#5568=DIRECTION('',(1.,0.,0.));
#5569=DIRECTION('',(0.434179752176809,-0.558111048806313,-0.707106781186549));
#5570=DIRECTION('',(-0.789288214532161,-0.614022894036235,0.));
#5571=DIRECTION('',(0.434179752176808,-0.558111048806316,0.707106781186547));
#5572=DIRECTION('',(-0.434179752176812,0.558111048806317,-0.707106781186544));
#5573=DIRECTION('',(0.,0.,1.));
#5574=DIRECTION('',(1.,0.,0.));
#5575=DIRECTION('',(-0.57922796533957,-0.405579787672638,-0.707106781186548));
#5576=DIRECTION('',(0.,0.,-1.));
#5577=DIRECTION('',(-1.,0.,0.));
#5578=DIRECTION('',(0.707106781186548,0.,0.707106781186547));
#5579=DIRECTION('',(-0.57922796533957,-0.40557978767264,0.707106781186547));
#5580=DIRECTION('',(0.573576436351046,-0.819152044288992,0.));
#5581=DIRECTION('',(-0.579227965339568,-0.405579787672636,-0.70710678118655));
#5582=DIRECTION('',(0.707106781186547,0.,-0.707106781186548));
#5583=DIRECTION('',(0.,-1.,0.));
#5584=DIRECTION('',(0.707106781186548,0.,0.707106781186547));
#5585=DIRECTION('',(0.,0.,1.));
#5586=DIRECTION('',(1.,0.,0.));
#5587=DIRECTION('',(0.375954613073761,-0.598880730119579,-0.707106781186547));
#5588=DIRECTION('',(0.,0.,-1.));
#5589=DIRECTION('',(-1.,0.,0.));
#5590=DIRECTION('',(0.434179752176809,0.558111048806315,0.707106781186548));
#5591=DIRECTION('',(-0.375954613073758,0.598880730119576,-0.70710678118655));
#5592=DIRECTION('',(0.846945250779009,0.53168011264564,0.));
#5593=DIRECTION('',(0.37595461307376,-0.598880730119582,-0.707106781186545));
#5594=DIRECTION('',(0.434179752176811,0.558111048806315,-0.707106781186547));
#5595=DIRECTION('',(0.789288214532161,-0.614022894036235,0.));
#5596=DIRECTION('',(0.434179752176809,0.558111048806315,0.707106781186548));
#5597=DIRECTION('',(0.,0.,-1.));
#5598=DIRECTION('',(-1.,0.,0.));
#5599=DIRECTION('',(0.,-0.707106781186548,-0.707106781186547));
#5600=DIRECTION('',(0.,0.,1.));
#5601=DIRECTION('',(1.,0.,0.));
#5602=DIRECTION('',(0.57922796533957,-0.405579787672638,0.707106781186548));
#5603=DIRECTION('',(0.,-0.707106781186547,0.707106781186548));
#5604=DIRECTION('',(1.,0.,0.));
#5605=DIRECTION('',(0.,-0.707106781186548,-0.707106781186547));
#5606=DIRECTION('',(0.579227965339568,-0.405579787672638,-0.707106781186549));
#5607=DIRECTION('',(-0.573576436351046,-0.819152044288992,0.));
#5608=DIRECTION('',(0.579227965339573,-0.405579787672637,0.707106781186546));
#5609=DIRECTION('',(0.,0.,1.));
#5610=DIRECTION('',(1.,0.,0.));
#5611=DIRECTION('',(0.199958346349647,-0.678245279913627,-0.707106781186548));
#5612=DIRECTION('',(0.,0.,-1.));
#5613=DIRECTION('',(-1.,0.,0.));
#5614=DIRECTION('',(0.704803585838461,0.0570254801755375,0.707106781186545));
#5615=DIRECTION('',(0.,0.,-1.));
#5616=DIRECTION('',(-1.,0.,0.));
#5617=DIRECTION('',(-0.199958346349649,-0.678245279913627,-0.707106781186548));
#5618=DIRECTION('',(0.,0.,1.));
#5619=DIRECTION('',(1.,0.,0.));
#5620=DIRECTION('',(0.571342279198724,-0.416614930121336,0.707106781186549));
#5621=DIRECTION('',(0.,0.,1.));
#5622=DIRECTION('',(1.,0.,0.));
#5623=DIRECTION('',(0.,-0.707106781186548,-0.707106781186547));
#5624=DIRECTION('',(0.,0.,-1.));
#5625=DIRECTION('',(-1.,0.,0.));
#5626=DIRECTION('',(0.707106781186548,0.,0.707106781186547));
#5627=DIRECTION('',(0.,-0.707106781186547,0.707106781186548));
#5628=DIRECTION('',(1.,0.,0.));
#5629=DIRECTION('',(0.,-0.707106781186548,-0.707106781186547));
#5630=DIRECTION('',(0.707106781186547,0.,-0.707106781186548));
#5631=DIRECTION('',(0.,-1.,0.));
#5632=DIRECTION('',(0.707106781186548,0.,0.707106781186547));
#5633=DIRECTION('',(0.,0.,-1.));
#5634=DIRECTION('',(-1.,0.,0.));
#5635=DIRECTION('',(-0.375954613073761,-0.598880730119579,-0.707106781186547));
#5636=DIRECTION('',(0.,0.,1.));
#5637=DIRECTION('',(1.,0.,0.));
#5638=DIRECTION('',(0.5,-0.5,0.707106781186549));
#5639=DIRECTION('',(-0.37595461307376,-0.598880730119581,0.707106781186545));
#5640=DIRECTION('',(0.84694525077901,-0.53168011264564,0.));
#5641=DIRECTION('',(-0.375954613073758,-0.598880730119574,-0.707106781186552));
#5642=DIRECTION('',(0.5,-0.5,-0.707106781186543));
#5643=DIRECTION('',(-0.707106781186548,-0.707106781186548,0.));
#5644=DIRECTION('',(0.5,-0.5,0.70710678118655));
#5645=DIRECTION('',(0.,0.,1.));
#5646=DIRECTION('',(1.,0.,0.));
#5647=DIRECTION('',(0.57922796533957,-0.405579787672638,-0.707106781186548));
#5648=DIRECTION('',(0.,0.,1.));
#5649=DIRECTION('',(1.,0.,0.));
#5650=DIRECTION('',(0.,-0.707106781186548,0.707106781186547));
#5651=DIRECTION('',(0.57922796533957,-0.405579787672639,0.707106781186547));
#5652=DIRECTION('',(0.573576436351046,0.819152044288992,0.));
#5653=DIRECTION('',(0.57922796533957,-0.405579787672638,-0.707106781186547));
#5654=DIRECTION('',(0.,-0.707106781186547,-0.707106781186548));
#5655=DIRECTION('',(-1.,0.,0.));
#5656=DIRECTION('',(0.,-0.707106781186548,0.707106781186547));
#5657=DIRECTION('',(0.,0.,1.));
#5658=DIRECTION('',(1.,0.,0.));
#5659=DIRECTION('',(0.434179752176809,0.558111048806315,-0.707106781186548));
#5660=DIRECTION('',(0.,0.,1.));
#5661=DIRECTION('',(1.,0.,0.));
#5662=DIRECTION('',(-0.5,-0.5,0.707106781186547));
#5663=DIRECTION('',(-0.43417975217681,-0.558111048806314,-0.707106781186548));
#5664=DIRECTION('',(-0.789288214532161,0.614022894036235,0.));
#5665=DIRECTION('',(0.434179752176809,0.558111048806314,-0.707106781186548));
#5666=DIRECTION('',(-0.5,-0.5,-0.707106781186548));
#5667=DIRECTION('',(-0.707106781186548,0.707106781186548,0.));
#5668=DIRECTION('',(-0.5,-0.5,0.707106781186549));
#5669=DIRECTION('',(0.,0.,-1.));
#5670=DIRECTION('',(-1.,0.,0.));
#5671=DIRECTION('',(0.707106781186548,0.,-0.707106781186547));
#5672=DIRECTION('',(0.,0.,-1.));
#5673=DIRECTION('',(-1.,0.,0.));
#5674=DIRECTION('',(0.,-0.707106781186548,0.707106781186547));
#5675=DIRECTION('',(-0.707106781186547,0.,-0.707106781186548));
#5676=DIRECTION('',(0.,1.,0.));
#5677=DIRECTION('',(0.707106781186548,0.,-0.707106781186547));
#5678=DIRECTION('',(0.,-0.707106781186547,-0.707106781186548));
#5679=DIRECTION('',(-1.,0.,0.));
#5680=DIRECTION('',(0.,-0.707106781186548,0.707106781186547));
#5681=DIRECTION('',(0.,0.,-1.));
#5682=DIRECTION('',(-1.,0.,0.));
#5683=DIRECTION('',(0.434179752176809,-0.558111048806314,-0.707106781186548));
#5684=DIRECTION('',(0.,0.,-1.));
#5685=DIRECTION('',(-1.,0.,0.));
#5686=DIRECTION('',(0.5,-0.5,0.707106781186543));
#5687=DIRECTION('',(-0.43417975217681,0.558111048806314,-0.707106781186548));
#5688=DIRECTION('',(0.789288214532161,0.614022894036235,0.));
#5689=DIRECTION('',(0.434179752176808,-0.558111048806316,-0.707106781186547));
#5690=DIRECTION('',(0.5,-0.5,-0.707106781186548));
#5691=DIRECTION('',(-0.707106781186548,-0.707106781186548,0.));
#5692=DIRECTION('',(0.5,-0.5,0.707106781186549));
#5693=DIRECTION('',(0.,0.,1.));
#5694=DIRECTION('',(1.,0.,0.));
#5695=DIRECTION('',(0.57922796533957,0.405579787672638,-0.707106781186548));
#5696=DIRECTION('',(0.,0.,1.));
#5697=DIRECTION('',(1.,0.,0.));
#5698=DIRECTION('',(0.,-0.707106781186548,0.707106781186547));
#5699=DIRECTION('',(-0.579227965339572,-0.405579787672641,-0.707106781186544));
#5700=DIRECTION('',(-0.573576436351046,0.819152044288992,0.));
#5701=DIRECTION('',(0.579227965339568,0.405579787672636,-0.70710678118655));
#5702=DIRECTION('',(0.,-0.707106781186547,-0.707106781186548));
#5703=DIRECTION('',(-1.,0.,0.));
#5704=DIRECTION('',(0.,-0.707106781186548,0.707106781186547));
#5705=DIRECTION('',(0.,0.,-1.));
#5706=DIRECTION('',(-1.,0.,0.));
#5707=DIRECTION('',(0.704803585838458,-0.0570254801755426,-0.707106781186548));
#5708=DIRECTION('',(0.,0.,1.));
#5709=DIRECTION('',(1.,0.,0.));
#5710=DIRECTION('',(-0.5,-0.5,0.707106781186546));
#5711=DIRECTION('',(0.,0.,1.));
#5712=DIRECTION('',(1.,0.,0.));
#5713=DIRECTION('',(0.571342279198727,0.416614930121335,-0.707106781186547));
#5714=DIRECTION('',(-0.5,-0.5,-0.707106781186552));
#5715=DIRECTION('',(-0.707106781186548,0.707106781186548,0.));
#5716=DIRECTION('',(-0.5,-0.5,0.707106781186542));
#5717=DIRECTION('',(0.,0.,-1.));
#5718=DIRECTION('',(-1.,0.,0.));
#5719=DIRECTION('',(0.707106781186548,0.,-0.707106781186547));
#5720=DIRECTION('',(0.,0.,1.));
#5721=DIRECTION('',(1.,0.,0.));
#5722=DIRECTION('',(-0.707106781186548,0.,0.707106781186547));
#5723=DIRECTION('',(-0.707106781186547,-7.81085213957063E-17,-0.707106781186548));
#5724=DIRECTION('',(-1.10462130294717E-16,1.,0.));
#5725=DIRECTION('',(0.,0.707106781186547,0.707106781186548));
#5726=DIRECTION('',(-1.,0.,0.));
#5727=DIRECTION('',(0.,-0.707106781186548,0.707106781186547));
#5728=DIRECTION('',(0.,0.,1.));
#5729=DIRECTION('',(1.,0.,0.));
#5730=DIRECTION('',(0.37595461307376,-0.598880730119576,0.70710678118655));
#5731=DIRECTION('',(0.375954613073758,-0.598880730119576,-0.70710678118655));
#5732=DIRECTION('',(-0.846945250779009,-0.53168011264564,0.));
#5733=DIRECTION('',(0.375954613073764,-0.598880730119581,0.707106781186544));
#5734=DIRECTION('',(0.,0.,-1.));
#5735=DIRECTION('',(-1.,0.,0.));
#5736=DIRECTION('',(-0.57922796533957,-0.405579787672638,0.707106781186548));
#5737=DIRECTION('',(0.57922796533957,0.40557978767264,0.707106781186547));
#5738=DIRECTION('',(-0.573576436351046,0.819152044288992,0.));
#5739=DIRECTION('',(-0.579227965339566,-0.405579787672639,0.70710678118655));
#5740=DIRECTION('',(0.,0.,-1.));
#5741=DIRECTION('',(-1.,0.,0.));
#5742=DIRECTION('',(-0.434179752176809,0.558111048806315,0.707106781186548));
#5743=DIRECTION('',(-0.434179752176809,0.558111048806313,-0.707106781186549));
#5744=DIRECTION('',(0.789288214532161,0.614022894036235,0.));
#5745=DIRECTION('',(-0.434179752176809,0.558111048806317,0.707106781186546));
#5746=DIRECTION('',(0.,0.,1.));
#5747=DIRECTION('',(1.,0.,0.));
#5748=DIRECTION('',(-0.707106781186548,0.,0.707106781186548));
#5749=DIRECTION('',(-0.707106781186547,0.,-0.707106781186548));
#5750=DIRECTION('',(0.,1.,0.));
#5751=DIRECTION('',(-0.707106781186548,0.,0.707106781186547));
#5752=DIRECTION('',(0.,0.,1.));
#5753=DIRECTION('',(1.,0.,0.));
#5754=DIRECTION('',(-0.434179752176809,-0.558111048806314,0.707106781186548));
#5755=DIRECTION('',(-0.43417975217681,-0.558111048806314,-0.707106781186548));
#5756=DIRECTION('',(-0.789288214532161,0.614022894036235,0.));
#5757=DIRECTION('',(-0.434179752176808,-0.558111048806313,0.707106781186549));
#5758=DIRECTION('',(0.,0.,-1.));
#5759=DIRECTION('',(-1.,0.,0.));
#5760=DIRECTION('',(-0.57922796533957,0.405579787672638,0.707106781186548));
#5761=DIRECTION('',(-0.579227965339568,0.405579787672638,-0.707106781186549));
#5762=DIRECTION('',(0.573576436351046,0.819152044288992,0.));
#5763=DIRECTION('',(-0.579227965339573,0.405579787672637,0.707106781186545));
#5764=DIRECTION('',(0.,0.,1.));
#5765=DIRECTION('',(1.,0.,0.));
#5766=DIRECTION('',(-0.704803585838461,-0.0570254801755375,0.707106781186545));
#5767=DIRECTION('',(0.,0.,-1.));
#5768=DIRECTION('',(-1.,0.,0.));
#5769=DIRECTION('',(-0.571342279198723,0.41661493012134,0.707106781186547));
#5770=DIRECTION('',(0.,0.,1.));
#5771=DIRECTION('',(1.,0.,0.));
#5772=DIRECTION('',(-0.707106781186548,0.,0.707106781186547));
#5773=DIRECTION('',(0.,0.707106781186547,0.707106781186548));
#5774=DIRECTION('',(-1.,0.,0.));
#5775=DIRECTION('',(0.,0.707106781186548,-0.707106781186547));
#5776=DIRECTION('',(-0.707106781186547,0.,-0.707106781186548));
#5777=DIRECTION('',(0.,1.,0.));
#5778=DIRECTION('',(-0.707106781186548,0.,0.707106781186547));
#5779=DIRECTION('',(0.,0.,1.));
#5780=DIRECTION('',(1.,0.,0.));
#5781=DIRECTION('',(0.375954613073761,0.598880730119579,-0.707106781186547));
#5782=DIRECTION('',(0.,0.,-1.));
#5783=DIRECTION('',(-1.,0.,0.));
#5784=DIRECTION('',(-0.5,0.5,0.707106781186547));
#5785=DIRECTION('',(0.37595461307376,0.598880730119581,0.707106781186545));
#5786=DIRECTION('',(-0.84694525077901,0.53168011264564,0.));
#5787=DIRECTION('',(0.375954613073758,0.598880730119577,-0.70710678118655));
#5788=DIRECTION('',(-0.5,0.5,-0.707106781186543));
#5789=DIRECTION('',(0.707106781186548,0.707106781186548,0.));
#5790=DIRECTION('',(-0.5,0.5,0.707106781186551));
#5791=DIRECTION('',(0.,0.,-1.));
#5792=DIRECTION('',(-1.,0.,0.));
#5793=DIRECTION('',(-0.579227965339572,0.405579787672641,-0.707106781186544));
#5794=DIRECTION('',(0.,0.,-1.));
#5795=DIRECTION('',(-1.,0.,0.));
#5796=DIRECTION('',(0.,0.707106781186548,0.707106781186547));
#5797=DIRECTION('',(-0.57922796533957,0.405579787672639,0.707106781186547));
#5798=DIRECTION('',(-0.573576436351046,-0.819152044288992,0.));
#5799=DIRECTION('',(-0.579227965339569,0.40557978767264,-0.707106781186547));
#5800=DIRECTION('',(0.,0.707106781186547,-0.707106781186548));
#5801=DIRECTION('',(1.,0.,0.));
#5802=DIRECTION('',(0.,0.707106781186548,0.707106781186547));
#5803=DIRECTION('',(0.,0.,-1.));
#5804=DIRECTION('',(-1.,0.,0.));
#5805=DIRECTION('',(-0.434179752176814,-0.558111048806312,-0.707106781186547));
#5806=DIRECTION('',(0.,0.,-1.));
#5807=DIRECTION('',(-1.,0.,0.));
#5808=DIRECTION('',(0.5,0.5,0.707106781186548));
#5809=DIRECTION('',(0.43417975217681,0.558111048806314,-0.707106781186548));
#5810=DIRECTION('',(0.789288214532161,-0.614022894036235,0.));
#5811=DIRECTION('',(-0.434179752176811,-0.558111048806313,-0.707106781186547));
#5812=DIRECTION('',(0.5,0.5,-0.707106781186548));
#5813=DIRECTION('',(0.707106781186548,-0.707106781186548,0.));
#5814=DIRECTION('',(0.5,0.5,0.707106781186546));
#5815=DIRECTION('',(0.,0.,1.));
#5816=DIRECTION('',(1.,0.,0.));
#5817=DIRECTION('',(-0.70710678118655,0.,-0.707106781186545));
#5818=DIRECTION('',(0.,0.,1.));
#5819=DIRECTION('',(1.,0.,0.));
#5820=DIRECTION('',(0.,0.707106781186548,0.707106781186547));
#5821=DIRECTION('',(0.707106781186547,0.,-0.707106781186548));
#5822=DIRECTION('',(0.,-1.,0.));
#5823=DIRECTION('',(-0.707106781186548,0.,-0.707106781186547));
#5824=DIRECTION('',(0.,0.707106781186547,-0.707106781186548));
#5825=DIRECTION('',(1.,0.,0.));
#5826=DIRECTION('',(0.,0.707106781186548,0.707106781186547));
#5827=DIRECTION('',(0.,0.,1.));
#5828=DIRECTION('',(1.,0.,0.));
#5829=DIRECTION('',(-0.434179752176813,0.558111048806313,-0.707106781186546));
#5830=DIRECTION('',(0.,0.,1.));
#5831=DIRECTION('',(1.,0.,0.));
#5832=DIRECTION('',(-0.5,0.5,0.707106781186544));
#5833=DIRECTION('',(0.434179752176809,-0.558111048806313,-0.707106781186549));
#5834=DIRECTION('',(-0.789288214532161,-0.614022894036235,0.));
#5835=DIRECTION('',(-0.434179752176813,0.558111048806313,-0.707106781186547));
#5836=DIRECTION('',(-0.5,0.5,-0.707106781186548));
#5837=DIRECTION('',(0.707106781186548,0.707106781186548,0.));
#5838=DIRECTION('',(-0.5,0.5,0.707106781186548));
#5839=DIRECTION('',(0.,0.,-1.));
#5840=DIRECTION('',(-1.,0.,0.));
#5841=DIRECTION('',(-0.579227965339569,-0.40557978767264,-0.707106781186547));
#5842=DIRECTION('',(0.,0.,-1.));
#5843=DIRECTION('',(-1.,0.,0.));
#5844=DIRECTION('',(0.,0.707106781186548,0.707106781186547));
#5845=DIRECTION('',(0.579227965339572,0.405579787672641,-0.707106781186544));
#5846=DIRECTION('',(0.573576436351046,-0.819152044288992,0.));
#5847=DIRECTION('',(-0.579227965339567,-0.405579787672635,-0.707106781186552));
#5848=DIRECTION('',(0.,0.707106781186547,-0.707106781186548));
#5849=DIRECTION('',(1.,0.,0.));
#5850=DIRECTION('',(0.,0.707106781186548,0.707106781186547));
#5851=DIRECTION('',(0.,0.,1.));
#5852=DIRECTION('',(1.,0.,0.));
#5853=DIRECTION('',(-0.704803585838461,0.0570254801755424,-0.707106781186545));
#5854=DIRECTION('',(0.,0.,-1.));
#5855=DIRECTION('',(-1.,0.,0.));
#5856=DIRECTION('',(0.5,0.5,0.707106781186548));
#5857=DIRECTION('',(0.,0.,-1.));
#5858=DIRECTION('',(-1.,0.,0.));
#5859=DIRECTION('',(-0.571342279198727,-0.416614930121335,-0.707106781186547));
#5860=DIRECTION('',(0.5,0.5,-0.707106781186552));
#5861=DIRECTION('',(0.707106781186548,-0.707106781186548,0.));
#5862=DIRECTION('',(0.5,0.5,0.707106781186542));
#5863=DIRECTION('',(0.,0.,1.));
#5864=DIRECTION('',(1.,0.,0.));
#5865=DIRECTION('',(-0.70710678118655,0.,-0.707106781186545));
#5866=DIRECTION('',(0.,0.,-1.));
#5867=DIRECTION('',(-1.,0.,0.));
#5868=DIRECTION('',(0.70710678118655,0.,0.707106781186545));
#5869=DIRECTION('',(0.707106781186547,7.81085213957063E-17,-0.707106781186548));
#5870=DIRECTION('',(1.10462130294717E-16,-1.,0.));
#5871=DIRECTION('',(0.706224551546448,-0.0353112275773228,-0.707106781186548));
#5872=DIRECTION('',(-0.0499376169438927,-0.998752338877845,0.));
#5873=DIRECTION('',(0.706224551546449,-0.035311227577327,0.707106781186547));
#5874=DIRECTION('',(-0.706224551546449,0.035311227577327,-0.707106781186547));
#5875=DIRECTION('',(0.,0.,-1.));
#5876=DIRECTION('',(-1.,0.,0.));
#5877=DIRECTION('',(0.316227766016839,0.632455532033675,-0.707106781186548));
#5878=DIRECTION('',(0.,0.,-1.));
#5879=DIRECTION('',(-1.,0.,0.));
#5880=DIRECTION('',(0.,0.707106781186548,0.707106781186547));
#5881=DIRECTION('',(-0.316227766016839,-0.632455532033677,-0.707106781186546));
#5882=DIRECTION('',(-0.894427190999916,0.447213595499959,0.));
#5883=DIRECTION('',(0.316227766016837,0.632455532033675,-0.707106781186549));
#5884=DIRECTION('',(0.,0.707106781186547,-0.707106781186548));
#5885=DIRECTION('',(1.,0.,0.));
#5886=DIRECTION('',(0.,0.707106781186548,0.707106781186547));
#5887=DIRECTION('',(0.,0.,-1.));
#5888=DIRECTION('',(-1.,0.,0.));
#5889=DIRECTION('',(0.701646415445623,0.0877058019306998,-0.707106781186548));
#5890=DIRECTION('',(0.,0.,-1.));
#5891=DIRECTION('',(-1.,0.,0.));
#5892=DIRECTION('',(-0.701646415445624,-0.0877058019306997,0.707106781186547));
#5893=DIRECTION('',(-0.701646415445623,-0.0877058019307031,-0.707106781186548));
#5894=DIRECTION('',(-0.124034734589209,0.992277876713668,0.));
#5895=DIRECTION('',(-0.706224551546448,0.0353112275773228,-0.707106781186548));
#5896=DIRECTION('',(0.0499376169438927,0.998752338877845,0.));
#5897=DIRECTION('',(-0.706224551546449,0.035311227577327,0.707106781186547));
#5898=DIRECTION('',(0.706224551546449,-0.035311227577327,-0.707106781186547));
#5899=DIRECTION('',(0.,0.,1.));
#5900=DIRECTION('',(1.,0.,0.));
#5901=DIRECTION('',(-0.316227766016838,-0.632455532033675,-0.707106781186548));
#5902=DIRECTION('',(0.,0.,1.));
#5903=DIRECTION('',(1.,0.,0.));
#5904=DIRECTION('',(0.,-0.707106781186548,0.707106781186547));
#5905=DIRECTION('',(0.316227766016839,0.632455532033677,-0.707106781186546));
#5906=DIRECTION('',(0.894427190999916,-0.447213595499959,0.));
#5907=DIRECTION('',(-0.31622776601684,-0.632455532033675,-0.707106781186547));
#5908=DIRECTION('',(0.,-0.707106781186547,-0.707106781186548));
#5909=DIRECTION('',(-1.,0.,0.));
#5910=DIRECTION('',(0.,-0.707106781186548,0.707106781186547));
#5911=DIRECTION('',(0.,0.,1.));
#5912=DIRECTION('',(1.,0.,0.));
#5913=DIRECTION('',(-0.701646415445625,-0.0877058019306997,-0.707106781186547));
#5914=DIRECTION('',(0.,0.,1.));
#5915=DIRECTION('',(1.,0.,0.));
#5916=DIRECTION('',(0.701646415445626,0.0877058019306996,0.707106781186546));
#5917=DIRECTION('',(0.701646415445623,0.0877058019307031,-0.707106781186548));
#5918=DIRECTION('',(0.124034734589209,-0.992277876713668,0.));
#5919=DIRECTION('',(0.701646415445627,-0.0877058019307029,-0.707106781186544));
#5920=DIRECTION('',(-0.124034734589208,-0.992277876713668,0.));
#5921=DIRECTION('',(0.701646415445621,-0.0877058019307002,0.70710678118655));
#5922=DIRECTION('',(-0.70164641544562,0.0877058019307003,-0.707106781186551));
#5923=DIRECTION('',(0.,0.,-1.));
#5924=DIRECTION('',(-1.,0.,0.));
#5925=DIRECTION('',(-0.316227766016836,0.632455532033675,-0.707106781186549));
#5926=DIRECTION('',(0.,0.,-1.));
#5927=DIRECTION('',(-1.,0.,0.));
#5928=DIRECTION('',(0.,0.707106781186543,0.707106781186552));
#5929=DIRECTION('',(0.316227766016839,-0.632455532033678,-0.707106781186545));
#5930=DIRECTION('',(-0.894427190999916,-0.447213595499959,0.));
#5931=DIRECTION('',(-0.316227766016837,0.632455532033675,-0.707106781186549));
#5932=DIRECTION('',(0.,0.707106781186547,-0.707106781186548));
#5933=DIRECTION('',(1.,0.,0.));
#5934=DIRECTION('',(0.,0.707106781186548,0.707106781186547));
#5935=DIRECTION('',(0.,0.,-1.));
#5936=DIRECTION('',(-1.,0.,0.));
#5937=DIRECTION('',(0.706224551546448,0.035311227577327,-0.707106781186549));
#5938=DIRECTION('',(0.,0.,-1.));
#5939=DIRECTION('',(-1.,0.,0.));
#5940=DIRECTION('',(-0.706224551546446,-0.0353112275773272,0.707106781186551));
#5941=DIRECTION('',(-0.70622455154645,-0.0353112275773221,-0.707106781186546));
#5942=DIRECTION('',(-0.0499376169438918,0.998752338877845,0.));
#5943=DIRECTION('',(-0.701646415445627,0.0877058019307029,-0.707106781186544));
#5944=DIRECTION('',(0.124034734589208,0.992277876713668,0.));
#5945=DIRECTION('',(-0.70164641544562,0.0877058019307004,0.707106781186551));
#5946=DIRECTION('',(0.70164641544562,-0.0877058019307004,-0.707106781186551));
#5947=DIRECTION('',(0.,0.,1.));
#5948=DIRECTION('',(1.,0.,0.));
#5949=DIRECTION('',(0.316227766016837,-0.632455532033675,-0.707106781186548));
#5950=DIRECTION('',(0.,0.,1.));
#5951=DIRECTION('',(1.,0.,0.));
#5952=DIRECTION('',(0.,-0.707106781186543,0.707106781186552));
#5953=DIRECTION('',(-0.316227766016839,0.632455532033677,-0.707106781186546));
#5954=DIRECTION('',(0.894427190999916,0.447213595499959,0.));
#5955=DIRECTION('',(0.316227766016837,-0.632455532033676,-0.707106781186548));
#5956=DIRECTION('',(0.,-0.707106781186547,-0.707106781186548));
#5957=DIRECTION('',(-1.,0.,0.));
#5958=DIRECTION('',(0.,-0.707106781186548,0.707106781186547));
#5959=DIRECTION('',(0.,0.,1.));
#5960=DIRECTION('',(1.,0.,0.));
#5961=DIRECTION('',(-0.706224551546447,-0.035311227577327,-0.707106781186549));
#5962=DIRECTION('',(0.,0.,1.));
#5963=DIRECTION('',(1.,0.,0.));
#5964=DIRECTION('',(0.706224551546446,0.0353112275773272,0.707106781186551));
#5965=DIRECTION('',(0.70622455154645,0.0353112275773221,-0.707106781186546));
#5966=DIRECTION('',(0.0499376169438918,-0.998752338877845,0.));
#5967=DIRECTION('',(0.5,-0.500000000000009,0.707106781186543));
#5968=DIRECTION('',(-0.707106781186556,-0.70710678118654,0.));
#5969=DIRECTION('',(0.49999999999999,-0.5,-0.707106781186553));
#5970=DIRECTION('',(-0.499999999999992,0.5,0.707106781186552));
#5971=DIRECTION('',(0.,0.,-1.));
#5972=DIRECTION('',(-1.,0.,0.));
#5973=DIRECTION('',(0.499999999999994,-0.5,0.707106781186549));
#5974=DIRECTION('',(0.,0.,-1.));
#5975=DIRECTION('',(-1.,0.,0.));
#5976=DIRECTION('',(-0.499999999999994,0.5,-0.707106781186549));
#5977=DIRECTION('',(0.499999999999992,-0.5,-0.70710678118655));
#5978=DIRECTION('',(0.707106781186556,0.70710678118654,0.));
#5979=DIRECTION('',(0.5,0.500000000000007,0.707106781186546));
#5980=DIRECTION('',(0.707106781186555,-0.70710678118654,0.));
#5981=DIRECTION('',(0.499999999999992,0.5,-0.70710678118655));
#5982=DIRECTION('',(-0.499999999999994,-0.5,0.707106781186549));
#5983=DIRECTION('',(0.,0.,-1.));
#5984=DIRECTION('',(-1.,0.,0.));
#5985=DIRECTION('',(0.5,0.500000000000007,0.707106781186545));
#5986=DIRECTION('',(0.,0.,-1.));
#5987=DIRECTION('',(-1.,0.,0.));
#5988=DIRECTION('',(-0.499999999999994,-0.5,-0.707106781186549));
#5989=DIRECTION('',(0.5,0.500000000000006,-0.707106781186547));
#5990=DIRECTION('',(-0.707106781186555,0.70710678118654,0.));
#5991=DIRECTION('',(0.,0.,-1.));
#5992=DIRECTION('',(-1.,0.,0.));
#5993=DIRECTION('',(-0.499999999999994,-0.500000000000006,0.707106781186548));
#5994=DIRECTION('',(-0.499999999999994,-0.500000000000006,-0.707106781186548));
#5995=DIRECTION('',(-0.499999999999994,-0.5,0.707106781186548));
#5996=DIRECTION('',(-0.707106781186556,0.70710678118654,0.));
#5997=DIRECTION('',(-0.499999999999993,-0.500000000000007,-0.707106781186548));
#5998=DIRECTION('',(-0.5,-0.500000000000007,-0.707106781186545));
#5999=DIRECTION('',(0.707106781186556,-0.70710678118654,0.));
#6000=DIRECTION('',(-0.5,-0.5,0.707106781186549));
#6001=DIRECTION('',(0.,0.,-1.));
#6002=DIRECTION('',(-1.,0.,0.));
#6003=DIRECTION('',(-0.499999999999994,0.5,-0.707106781186548));
#6004=DIRECTION('',(-0.707106781186555,-0.70710678118654,0.));
#6005=DIRECTION('',(-0.5,0.500000000000006,0.707106781186547));
#6006=DIRECTION('',(0.5,-0.5,-0.707106781186547));
#6007=DIRECTION('',(0.,0.,-1.));
#6008=DIRECTION('',(-1.,0.,0.));
#6009=DIRECTION('',(-0.5,0.5,-0.707106781186547));
#6010=DIRECTION('',(0.,0.,-1.));
#6011=DIRECTION('',(-1.,0.,0.));
#6012=DIRECTION('',(0.499999999999994,-0.5,0.707106781186548));
#6013=DIRECTION('',(-0.5,0.500000000000006,0.707106781186547));
#6014=DIRECTION('',(0.707106781186555,0.70710678118654,0.));
#6015=DIRECTION('',(-0.5,0.500000000000009,0.707106781186543));
#6016=DIRECTION('',(-0.707106781186556,-0.70710678118654,0.));
#6017=DIRECTION('',(0.499999999999992,-0.5,0.707106781186552));
#6018=DIRECTION('',(-0.49999999999999,0.5,-0.707106781186553));
#6019=DIRECTION('',(0.,0.,1.));
#6020=DIRECTION('',(1.,0.,0.));
#6021=DIRECTION('',(0.499999999999992,-0.5,-0.70710678118655));
#6022=DIRECTION('',(0.,0.,1.));
#6023=DIRECTION('',(1.,0.,0.));
#6024=DIRECTION('',(-0.499999999999994,0.5,0.707106781186549));
#6025=DIRECTION('',(-0.499999999999992,0.5,-0.70710678118655));
#6026=DIRECTION('',(0.707106781186556,0.70710678118654,0.));
#6027=DIRECTION('',(-0.5,-0.500000000000006,-0.707106781186547));
#6028=DIRECTION('',(-0.707106781186555,0.70710678118654,0.));
#6029=DIRECTION('',(0.5,0.5,-0.707106781186547));
#6030=DIRECTION('',(-0.499999999999992,-0.500000000000009,0.707106781186547));
#6031=DIRECTION('',(0.,0.,1.));
#6032=DIRECTION('',(1.,0.,0.));
#6033=DIRECTION('',(0.499999999999994,0.5,0.707106781186549));
#6034=DIRECTION('',(0.,0.,1.));
#6035=DIRECTION('',(1.,0.,0.));
#6036=DIRECTION('',(-0.499999999999994,-0.5,-0.707106781186549));
#6037=DIRECTION('',(-0.5,-0.500000000000007,0.707106781186546));
#6038=DIRECTION('',(0.707106781186555,-0.70710678118654,0.));
#6039=DIRECTION('',(0.,0.,1.));
#6040=DIRECTION('',(1.,0.,0.));
#6041=DIRECTION('',(0.5,0.5,-0.707106781186547));
#6042=DIRECTION('',(0.499999999999993,0.500000000000006,0.707106781186548));
#6043=DIRECTION('',(0.5,0.500000000000007,-0.707106781186545));
#6044=DIRECTION('',(0.707106781186556,-0.70710678118654,0.));
#6045=DIRECTION('',(0.499999999999993,0.5,0.707106781186549));
#6046=DIRECTION('',(0.499999999999994,0.5,0.707106781186548));
#6047=DIRECTION('',(-0.707106781186556,0.70710678118654,0.));
#6048=DIRECTION('',(0.5,0.500000000000006,-0.707106781186546));
#6049=DIRECTION('',(0.,0.,1.));
#6050=DIRECTION('',(1.,0.,0.));
#6051=DIRECTION('',(0.499999999999994,-0.5,-0.707106781186548));
#6052=DIRECTION('',(-0.707106781186555,-0.70710678118654,0.));
#6053=DIRECTION('',(-0.5,0.5,-0.707106781186547));
#6054=DIRECTION('',(0.5,-0.5,0.707106781186547));
#6055=DIRECTION('',(0.,0.,1.));
#6056=DIRECTION('',(1.,0.,0.));
#6057=DIRECTION('',(-0.5,0.5,0.707106781186547));
#6058=DIRECTION('',(0.,0.,1.));
#6059=DIRECTION('',(1.,0.,0.));
#6060=DIRECTION('',(0.5,-0.500000000000006,-0.707106781186547));
#6061=DIRECTION('',(0.5,-0.500000000000006,0.707106781186547));
#6062=DIRECTION('',(0.707106781186555,0.70710678118654,0.));
#6063=CARTESIAN_POINT('',(0.,0.,0.));
#6064=CARTESIAN_POINT('',(0.01675,-0.0595,-0.0025));
#6065=CARTESIAN_POINT('',(0.01675,-0.0607426406871193,-0.0025));
#6066=CARTESIAN_POINT('',(0.01675,-0.0607426406871193,-0.0005));
#6067=CARTESIAN_POINT('',(0.01675,-0.0607426406871193,-0.002));
#6068=CARTESIAN_POINT('',(0.01675,-0.0276823905279044,-0.002));
#6069=CARTESIAN_POINT('',(0.01675,-0.0276823905279044,-0.002));
#6070=CARTESIAN_POINT('',(0.01675,-0.0276823905279044,0.));
#6071=CARTESIAN_POINT('',(0.01675,-0.0276823905279044,-0.0005));
#6072=CARTESIAN_POINT('',(0.01675,-0.0595,-0.0005));
#6073=CARTESIAN_POINT('',(0.00813488623910507,-0.00825,-0.0025));
#6074=CARTESIAN_POINT('',(0.0085605786705358,-0.05545,-0.0025));
#6075=CARTESIAN_POINT('',(0.0085605786705358,-0.057,-0.0025));
#6076=CARTESIAN_POINT('',(0.010098609379442,-0.0552577461613867,-0.0025));
#6077=CARTESIAN_POINT('',(0.00806583938256936,-0.0389955861864057,-0.0025));
#6078=CARTESIAN_POINT('',(0.00806583938256936,-0.0389955861864057,-0.0025));
#6079=CARTESIAN_POINT('',(0.00652780867366317,-0.039187840025019,-0.0025));
#6080=CARTESIAN_POINT('',(0.0072209897466881,-0.0378014778789691,-0.0025));
#6081=CARTESIAN_POINT('',(0.00516158584990484,-0.0367717759305774,-0.0025));
#6082=CARTESIAN_POINT('',(0.00516158584990484,-0.0367717759305774,-0.0025));
#6083=CARTESIAN_POINT('',(0.0044684047768799,-0.0381581380766273,-0.0025));
#6084=CARTESIAN_POINT('',(0.00292033865161925,-0.0380807347703643,-0.0025));
#6085=CARTESIAN_POINT('',(0.0020557455554506,-0.0553725966937369,-0.0025));
#6086=CARTESIAN_POINT('',(0.0020557455554506,-0.0553725966937369,-0.0025));
#6087=CARTESIAN_POINT('',(0.00360381168071126,-0.05545,-0.0025));
#6088=CARTESIAN_POINT('',(0.00360381168071126,-0.057,-0.0025));
#6089=CARTESIAN_POINT('',(0.0085605786705358,-0.057,-0.0025));
#6090=CARTESIAN_POINT('',(-0.00360381168071132,-0.05545,-0.0025));
#6091=CARTESIAN_POINT('',(-0.00360381168071132,-0.057,-0.0025));
#6092=CARTESIAN_POINT('',(-0.00205574555545066,-0.0553725966937369,-0.0025));
#6093=CARTESIAN_POINT('',(-0.00292033865161928,-0.0380807347703643,-0.0025));
#6094=CARTESIAN_POINT('',(-0.00292033865161928,-0.0380807347703643,-0.0025));
#6095=CARTESIAN_POINT('',(-0.00446840477687994,-0.0381581380766274,-0.0025));
#6096=CARTESIAN_POINT('',(-0.00516158584990488,-0.0367717759305774,-0.0025));
#6097=CARTESIAN_POINT('',(-0.00722098974668814,-0.0378014778789691,-0.0025));
#6098=CARTESIAN_POINT('',(-0.00722098974668814,-0.0378014778789691,-0.0025));
#6099=CARTESIAN_POINT('',(-0.0065278086736632,-0.039187840025019,-0.0025));
#6100=CARTESIAN_POINT('',(-0.00806583938256939,-0.0389955861864057,-0.0025));
#6101=CARTESIAN_POINT('',(-0.010098609379442,-0.0552577461613867,-0.0025));
#6102=CARTESIAN_POINT('',(-0.010098609379442,-0.0552577461613867,-0.0025));
#6103=CARTESIAN_POINT('',(-0.00856057867053582,-0.05545,-0.0025));
#6104=CARTESIAN_POINT('',(-0.00856057867053582,-0.057,-0.0025));
#6105=CARTESIAN_POINT('',(-0.00360381168071132,-0.057,-0.0025));
#6106=CARTESIAN_POINT('',(-0.01575,-0.0607426406871193,-0.0025));
#6107=CARTESIAN_POINT('',(-0.0161035533905933,-0.0610961940777125,-0.0025));
#6108=CARTESIAN_POINT('',(-0.01625,-0.0607426406871193,-0.0025));
#6109=CARTESIAN_POINT('',(-0.01625,-0.0276823905279044,-0.0025));
#6110=CARTESIAN_POINT('',(-0.01625,-0.0276823905279044,-0.0025));
#6111=CARTESIAN_POINT('',(-0.0178,-0.0276823905279044,-0.0025));
#6112=CARTESIAN_POINT('',(-0.0165476,-0.0267691576769841,-0.0025));
#6113=CARTESIAN_POINT('',(-0.01275,-0.024,-0.0025));
#6114=CARTESIAN_POINT('',(-0.0174346911125392,-0.023620962824914,-0.0025));
#6115=CARTESIAN_POINT('',(-0.0189796424368871,-0.0234959612033431,-0.0025));
#6116=CARTESIAN_POINT('',(-0.0177099567682392,-0.022606917726999,-0.0025));
#6117=CARTESIAN_POINT('',(-0.0251068986306545,-0.0120429899502033,-0.0025));
#6118=CARTESIAN_POINT('',(-0.0251068986306545,-0.0120429899502033,-0.0025));
#6119=CARTESIAN_POINT('',(-0.02469732260851,-0.0117562017320278,-0.0025));
#6120=CARTESIAN_POINT('',(-0.0250043340555282,-0.0113615576247617,-0.0025));
#6121=CARTESIAN_POINT('',(-0.0180982645142438,-0.00598901470814361,-0.0025));
#6122=CARTESIAN_POINT('',(-0.0180982645142438,-0.00598901470814362,-0.0025));
#6123=CARTESIAN_POINT('',(-0.01905,-0.00476561797561876,-0.0025));
#6124=CARTESIAN_POINT('',(-0.0175,-0.00476561797561876,-0.0025));
#6125=CARTESIAN_POINT('',(-0.0175,0.00476561797561876,-0.0025));
#6126=CARTESIAN_POINT('',(-0.0175,0.00476561797561876,-0.0025));
#6127=CARTESIAN_POINT('',(-0.01905,0.00476561797561876,-0.0025));
#6128=CARTESIAN_POINT('',(-0.0180982645142438,0.00598901470814361,-0.0025));
#6129=CARTESIAN_POINT('',(-0.0250043340555282,0.0113615576247617,-0.0025));
#6130=CARTESIAN_POINT('',(-0.0250043340555282,0.0113615576247617,-0.0025));
#6131=CARTESIAN_POINT('',(-0.02469732260851,0.0117562017320278,-0.0025));
#6132=CARTESIAN_POINT('',(-0.0251068986306545,0.0120429899502033,-0.0025));
#6133=CARTESIAN_POINT('',(-0.0237052726634971,0.0140447192813971,-0.0025));
#6134=CARTESIAN_POINT('',(-0.0199037738565244,0.0194738222252078,-0.0025));
#6135=CARTESIAN_POINT('',(-0.0194941978343799,0.0191870340070322,-0.0025));
#6136=CARTESIAN_POINT('',(-0.0192283577780571,0.0196105066324218,-0.0025));
#6137=CARTESIAN_POINT('',(0.0129454381056502,-0.000586982407103858,-0.0025));
#6138=CARTESIAN_POINT('',(-0.0154478303376684,0.0172372348612925,-0.0025));
#6139=CARTESIAN_POINT('',(-0.0146237261630676,0.01855,-0.0025));
#6140=CARTESIAN_POINT('',(-0.0146237261630676,0.017,-0.0025));
#6141=CARTESIAN_POINT('',(0.00813488623910507,0.017,-0.0025));
#6142=CARTESIAN_POINT('',(-0.00692820323027551,0.017,-0.0025));
#6143=CARTESIAN_POINT('',(-0.00692820323027551,0.0075,-0.0025));
#6144=CARTESIAN_POINT('',(-0.00424175707976052,0.0166122448979592,-0.0025));
#6145=CARTESIAN_POINT('',(8.67361737988404E-19,0.031,-0.0025));
#6146=CARTESIAN_POINT('',(0.00424175707976052,0.0166122448979592,-0.0025));
#6147=CARTESIAN_POINT('',(0.00692820323027552,0.0075,-0.0025));
#6148=CARTESIAN_POINT('',(0.00692820323027552,0.017,-0.0025));
#6149=CARTESIAN_POINT('',(0.00813488623910507,0.017,-0.0025));
#6150=CARTESIAN_POINT('',(0.0146237261630676,0.017,-0.0025));
#6151=CARTESIAN_POINT('',(0.0146237261630676,0.01855,-0.0025));
#6152=CARTESIAN_POINT('',(0.0154478303376684,0.0172372348612925,-0.0025));
#6153=CARTESIAN_POINT('',(0.0192283577780571,0.0196105066324218,-0.0025));
#6154=CARTESIAN_POINT('',(0.0192283577780571,0.0196105066324218,-0.0025));
#6155=CARTESIAN_POINT('',(0.0194941978343799,0.0191870340070322,-0.0025));
#6156=CARTESIAN_POINT('',(0.0199037738565244,0.0194738222252078,-0.0025));
#6157=CARTESIAN_POINT('',(0.0290578639451655,0.00640042671157724,-0.0025));
#6158=CARTESIAN_POINT('',(0.0251068986306545,0.0120429899502033,-0.0025));
#6159=CARTESIAN_POINT('',(0.02469732260851,0.0117562017320278,-0.0025));
#6160=CARTESIAN_POINT('',(0.0250043340555282,0.0113615576247617,-0.0025));
#6161=CARTESIAN_POINT('',(0.0180982645142438,0.0059890147081436,-0.0025));
#6162=CARTESIAN_POINT('',(0.0180982645142438,0.0059890147081436,-0.0025));
#6163=CARTESIAN_POINT('',(0.01905,0.00476561797561875,-0.0025));
#6164=CARTESIAN_POINT('',(0.0175,0.00476561797561875,-0.0025));
#6165=CARTESIAN_POINT('',(0.0175,-0.00476561797561878,-0.0025));
#6166=CARTESIAN_POINT('',(0.0175,-0.00476561797561878,-0.0025));
#6167=CARTESIAN_POINT('',(0.01905,-0.00476561797561878,-0.0025));
#6168=CARTESIAN_POINT('',(0.0180982645142438,-0.00598901470814363,-0.0025));
#6169=CARTESIAN_POINT('',(0.0250043340555282,-0.0113615576247617,-0.0025));
#6170=CARTESIAN_POINT('',(0.0250043340555282,-0.0113615576247617,-0.0025));
#6171=CARTESIAN_POINT('',(0.02469732260851,-0.0117562017320278,-0.0025));
#6172=CARTESIAN_POINT('',(0.0251068986306545,-0.0120429899502033,-0.0025));
#6173=CARTESIAN_POINT('',(0.0177099567682392,-0.022606917726999,-0.0025));
#6174=CARTESIAN_POINT('',(0.0177099567682392,-0.022606917726999,-0.0025));
#6175=CARTESIAN_POINT('',(0.0189796424368871,-0.0234959612033431,-0.0025));
#6176=CARTESIAN_POINT('',(0.0174346911125392,-0.023620962824914,-0.0025));
#6177=CARTESIAN_POINT('',(0.01275,-0.024,-0.0025));
#6178=CARTESIAN_POINT('',(0.0165476,-0.0267691576769841,-0.0025));
#6179=CARTESIAN_POINT('',(0.0178,-0.0276823905279044,-0.0025));
#6180=CARTESIAN_POINT('',(0.01625,-0.0276823905279044,-0.0025));
#6181=CARTESIAN_POINT('',(0.01625,-0.0607426406871193,-0.0025));
#6182=CARTESIAN_POINT('',(0.01625,-0.0607426406871193,-0.0025));
#6183=CARTESIAN_POINT('',(0.01575,-0.0607426406871193,-0.0025));
#6184=CARTESIAN_POINT('',(0.0161035533905933,-0.0610961940777125,-0.0025));
#6185=CARTESIAN_POINT('',(0.0143461940777126,-0.0628535533905932,-0.0025));
#6186=CARTESIAN_POINT('',(0.0143461940777126,-0.0628535533905932,-0.0025));
#6187=CARTESIAN_POINT('',(0.0139926406871193,-0.0625,-0.0025));
#6188=CARTESIAN_POINT('',(0.0139926406871193,-0.063,-0.0025));
#6189=CARTESIAN_POINT('',(0.0115073593128807,-0.063,-0.0025));
#6190=CARTESIAN_POINT('',(0.0115073593128807,-0.063,-0.0025));
#6191=CARTESIAN_POINT('',(0.0115073593128807,-0.0625,-0.0025));
#6192=CARTESIAN_POINT('',(0.0111538059222874,-0.0628535533905932,-0.0025));
#6193=CARTESIAN_POINT('',(0.00875423702085501,-0.0604539844891608,-0.0025));
#6194=CARTESIAN_POINT('',(0.00875423702085501,-0.0604539844891608,-0.0025));
#6195=CARTESIAN_POINT('',(0.00765822151001587,-0.06155,-0.0025));
#6196=CARTESIAN_POINT('',(0.00765822151001587,-0.06,-0.0025));
#6197=CARTESIAN_POINT('',(-0.00765822151001589,-0.06,-0.0025));
#6198=CARTESIAN_POINT('',(-0.00765822151001589,-0.06,-0.0025));
#6199=CARTESIAN_POINT('',(-0.00765822151001589,-0.06155,-0.0025));
#6200=CARTESIAN_POINT('',(-0.00875423702085504,-0.0604539844891608,-0.0025));
#6201=CARTESIAN_POINT('',(-0.0111538059222874,-0.0628535533905932,-0.0025));
#6202=CARTESIAN_POINT('',(-0.0111538059222874,-0.0628535533905932,-0.0025));
#6203=CARTESIAN_POINT('',(-0.0115073593128807,-0.0625,-0.0025));
#6204=CARTESIAN_POINT('',(-0.0115073593128807,-0.063,-0.0025));
#6205=CARTESIAN_POINT('',(-0.0139926406871193,-0.063,-0.0025));
#6206=CARTESIAN_POINT('',(-0.0139926406871193,-0.063,-0.0025));
#6207=CARTESIAN_POINT('',(-0.0139926406871193,-0.0625,-0.0025));
#6208=CARTESIAN_POINT('',(-0.0143461940777126,-0.0628535533905932,-0.0025));
#6209=CARTESIAN_POINT('',(-0.0161035533905933,-0.0610961940777125,-0.0025));
#6210=CARTESIAN_POINT('',(0.01025,-0.0215,-0.0025));
#6211=CARTESIAN_POINT('',(0.0119470562748477,-0.0198029437251523,-0.0025));
#6212=CARTESIAN_POINT('',(0.00855294372515233,-0.0231970562748477,-0.0025));
#6213=CARTESIAN_POINT('',(0.0110529437251523,-0.0256970562748476,-0.0025));
#6214=CARTESIAN_POINT('',(0.0110529437251524,-0.0256970562748476,-0.0025));
#6215=CARTESIAN_POINT('',(0.01275,-0.024,-0.0025));
#6216=CARTESIAN_POINT('',(0.0144470562748477,-0.0223029437251522,-0.0025));
#6217=CARTESIAN_POINT('',(0.00426449939440022,-0.0121203868447049,-0.0025));
#6218=CARTESIAN_POINT('',(-0.01025,-0.0215,-0.0025));
#6219=CARTESIAN_POINT('',(-0.00855294372515233,-0.0231970562748477,-0.0025));
#6220=CARTESIAN_POINT('',(-0.0119470562748477,-0.0198029437251523,-0.0025));
#6221=CARTESIAN_POINT('',(-0.0144470562748477,-0.0223029437251522,-0.0025));
#6222=CARTESIAN_POINT('',(-0.0144470562748477,-0.0223029437251522,-0.0025));
#6223=CARTESIAN_POINT('',(-0.01275,-0.024,-0.0025));
#6224=CARTESIAN_POINT('',(-0.0110529437251523,-0.0256970562748476,-0.0025));
#6225=CARTESIAN_POINT('',(0.00726449939440042,-0.00737961315529531,-0.0025));
#6226=CARTESIAN_POINT('',(-0.0110529437251523,0.00319705627484773,-0.0025));
#6227=CARTESIAN_POINT('',(-0.00855294372515233,0.000697056274847762,-0.0025));
#6228=CARTESIAN_POINT('',(-0.0110529437251523,0.00319705627484773,-0.0025));
#6229=CARTESIAN_POINT('',(-0.01275,0.0015,-0.0025));
#6230=CARTESIAN_POINT('',(-0.0144470562748477,-0.000197056274847734,-0.0025));
#6231=CARTESIAN_POINT('',(0.000870386844705041,-0.0155144993944002,-0.0025));
#6232=CARTESIAN_POINT('',(-0.0119470562748477,-0.00269705627484771,-0.0025));
#6233=CARTESIAN_POINT('',(-0.01025,-0.000999999999999971,-0.0025));
#6234=CARTESIAN_POINT('',(0.01275,0.0015,-0.0025));
#6235=CARTESIAN_POINT('',(0.0144470562748477,-0.00019705627484773,-0.0025));
#6236=CARTESIAN_POINT('',(0.0110529437251523,0.00319705627484774,-0.0025));
#6237=CARTESIAN_POINT('',(0.00387038684470482,-0.00398550060559964,-0.0025));
#6238=CARTESIAN_POINT('',(0.00855294372515232,0.000697056274847766,-0.0025));
#6239=CARTESIAN_POINT('',(0.01025,-0.000999999999999967,-0.0025));
#6240=CARTESIAN_POINT('',(0.0119470562748477,-0.0026970562748477,-0.0025));
#6241=CARTESIAN_POINT('',(0.0144470562748477,-0.00019705627484773,-0.0025));
#6242=CARTESIAN_POINT('',(-0.01275,-0.0595,-0.0025));
#6243=CARTESIAN_POINT('',(-0.01145,-0.0595,-0.0025));
#6244=CARTESIAN_POINT('',(0.01275,-0.0595,-0.0025));
#6245=CARTESIAN_POINT('',(0.01405,-0.0595,-0.0025));
#6246=CARTESIAN_POINT('',(0.01275,-0.037,-0.0025));
#6247=CARTESIAN_POINT('',(0.01405,-0.037,-0.0025));
#6248=CARTESIAN_POINT('',(-0.01275,-0.037,-0.0025));
#6249=CARTESIAN_POINT('',(-0.01145,-0.037,-0.0025));
#6250=CARTESIAN_POINT('',(0.018,-0.0126037356877748,-0.0025));
#6251=CARTESIAN_POINT('',(0.0193,-0.0126037356877748,-0.0025));
#6252=CARTESIAN_POINT('',(-0.018,-0.0126037356877748,-0.0025));
#6253=CARTESIAN_POINT('',(-0.0167,-0.0126037356877748,-0.0025));
#6254=CARTESIAN_POINT('',(-0.018,0.0126037356877748,-0.0025));
#6255=CARTESIAN_POINT('',(-0.0167,0.0126037356877748,-0.0025));
#6256=CARTESIAN_POINT('',(0.018,0.0126037356877748,-0.0025));
#6257=CARTESIAN_POINT('',(0.0193,0.0126037356877748,-0.0025));
#6258=CARTESIAN_POINT('',(0.00813488623910507,-0.00825,0.));
#6259=CARTESIAN_POINT('',(0.00652780867366317,-0.039187840025019,0.));
#6260=CARTESIAN_POINT('',(0.0072209897466881,-0.0378014778789691,0.));
#6261=CARTESIAN_POINT('',(0.00806583938256936,-0.0389955861864057,0.));
#6262=CARTESIAN_POINT('',(0.00428282949588151,-0.00873150709290293,0.));
#6263=CARTESIAN_POINT('',(0.010098609379442,-0.0552577461613867,0.));
#6264=CARTESIAN_POINT('',(0.0085605786705358,-0.05545,0.));
#6265=CARTESIAN_POINT('',(0.0085605786705358,-0.057,0.));
#6266=CARTESIAN_POINT('',(0.00813488623910507,-0.057,0.));
#6267=CARTESIAN_POINT('',(0.00360381168071126,-0.057,0.));
#6268=CARTESIAN_POINT('',(0.00360381168071126,-0.05545,0.));
#6269=CARTESIAN_POINT('',(0.0020557455554506,-0.0553725966937369,0.));
#6270=CARTESIAN_POINT('',(0.00442115970646906,-0.00806431367336818,0.));
#6271=CARTESIAN_POINT('',(0.00292033865161925,-0.0380807347703643,0.));
#6272=CARTESIAN_POINT('',(0.0044684047768799,-0.0381581380766273,0.));
#6273=CARTESIAN_POINT('',(0.00516158584990484,-0.0367717759305774,0.));
#6274=CARTESIAN_POINT('',(-0.00386848421096598,-0.0322567409001421,0.));
#6275=CARTESIAN_POINT('',(-0.00446840477687994,-0.0381581380766274,0.));
#6276=CARTESIAN_POINT('',(-0.00516158584990488,-0.0367717759305774,0.));
#6277=CARTESIAN_POINT('',(-0.00292033865161929,-0.0380807347703643,0.));
#6278=CARTESIAN_POINT('',(-0.0043805867077703,-0.00887577364734375,0.));
#6279=CARTESIAN_POINT('',(-0.00205574555545066,-0.0553725966937369,0.));
#6280=CARTESIAN_POINT('',(-0.00360381168071132,-0.05545,0.));
#6281=CARTESIAN_POINT('',(-0.00360381168071132,-0.057,0.));
#6282=CARTESIAN_POINT('',(0.00813488623910507,-0.057,0.));
#6283=CARTESIAN_POINT('',(-0.00856057867053582,-0.057,0.));
#6284=CARTESIAN_POINT('',(-0.00856057867053582,-0.05545,0.));
#6285=CARTESIAN_POINT('',(-0.010098609379442,-0.0552577461613867,0.));
#6286=CARTESIAN_POINT('',(-0.0040325253039091,-0.00672907355712322,0.));
#6287=CARTESIAN_POINT('',(-0.00806583938256938,-0.0389955861864057,0.));
#6288=CARTESIAN_POINT('',(-0.0065278086736632,-0.039187840025019,0.));
#6289=CARTESIAN_POINT('',(-0.00722098974668814,-0.0378014778789691,0.));
#6290=CARTESIAN_POINT('',(0.0168843021935341,-0.025748831908858,0.));
#6291=CARTESIAN_POINT('',(8.67361737988404E-19,0.031,0.));
#6292=CARTESIAN_POINT('',(0.00834805366537614,0.017,0.));
#6293=CARTESIAN_POINT('',(-0.00834805366537614,0.017,0.));
#6294=CARTESIAN_POINT('',(-0.0146237261630676,0.017,0.));
#6295=CARTESIAN_POINT('',(-0.0146237261630676,0.017,0.));
#6296=CARTESIAN_POINT('',(-0.0146237261630676,0.01855,0.));
#6297=CARTESIAN_POINT('',(-0.0154478303376684,0.0172372348612925,0.));
#6298=CARTESIAN_POINT('',(-0.0192283577780571,0.0196105066324218,0.));
#6299=CARTESIAN_POINT('',(-0.0192283577780571,0.0196105066324218,0.));
#6300=CARTESIAN_POINT('',(-0.0194941978343799,0.0191870340070322,0.));
#6301=CARTESIAN_POINT('',(-0.0199037738565244,0.0194738222252078,0.));
#6302=CARTESIAN_POINT('',(-0.0251068986306545,0.0120429899502033,0.));
#6303=CARTESIAN_POINT('',(-0.0251068986306545,0.0120429899502033,0.));
#6304=CARTESIAN_POINT('',(-0.02469732260851,0.0117562017320278,0.));
#6305=CARTESIAN_POINT('',(-0.0250043340555282,0.0113615576247617,0.));
#6306=CARTESIAN_POINT('',(0.0051451666156336,-0.0120930985008554,0.));
#6307=CARTESIAN_POINT('',(-0.0180982645142438,0.00598901470814362,0.));
#6308=CARTESIAN_POINT('',(-0.01905,0.00476561797561876,0.));
#6309=CARTESIAN_POINT('',(-0.0175,0.00476561797561876,0.));
#6310=CARTESIAN_POINT('',(-0.0175,-0.00825,0.));
#6311=CARTESIAN_POINT('',(-0.0175,-0.00476561797561876,0.));
#6312=CARTESIAN_POINT('',(-0.01905,-0.00476561797561876,0.));
#6313=CARTESIAN_POINT('',(-0.0180982645142438,-0.00598901470814362,0.));
#6314=CARTESIAN_POINT('',(-0.00285141044067593,0.00587220061324497,0.));
#6315=CARTESIAN_POINT('',(-0.0250043340555282,-0.0113615576247617,0.));
#6316=CARTESIAN_POINT('',(-0.02469732260851,-0.0117562017320278,0.));
#6317=CARTESIAN_POINT('',(-0.0251068986306545,-0.0120429899502033,0.));
#6318=CARTESIAN_POINT('',(-0.0159528085420134,-0.0251163854638339,0.));
#6319=CARTESIAN_POINT('',(-0.0177099567682392,-0.022606917726999,0.));
#6320=CARTESIAN_POINT('',(-0.0189796424368871,-0.0234959612033431,0.));
#6321=CARTESIAN_POINT('',(-0.0174346911125392,-0.023620962824914,0.));
#6322=CARTESIAN_POINT('',(-0.01275,-0.024,0.));
#6323=CARTESIAN_POINT('',(-0.0165476,-0.0267691576769841,0.));
#6324=CARTESIAN_POINT('',(-0.0178,-0.0276823905279044,0.));
#6325=CARTESIAN_POINT('',(-0.01625,-0.0276823905279044,0.));
#6326=CARTESIAN_POINT('',(-0.01625,-0.00825,0.));
#6327=CARTESIAN_POINT('',(-0.01625,-0.0607426406871193,0.));
#6328=CARTESIAN_POINT('',(-0.01575,-0.0607426406871193,0.));
#6329=CARTESIAN_POINT('',(-0.0161035533905933,-0.0610961940777125,0.));
#6330=CARTESIAN_POINT('',(-0.0304074306146003,-0.0467923168537054,0.));
#6331=CARTESIAN_POINT('',(-0.0143461940777125,-0.0628535533905932,0.));
#6332=CARTESIAN_POINT('',(-0.0139926406871193,-0.0625,0.));
#6333=CARTESIAN_POINT('',(-0.0139926406871193,-0.063,0.));
#6334=CARTESIAN_POINT('',(0.00813488623910507,-0.063,0.));
#6335=CARTESIAN_POINT('',(-0.0115073593128807,-0.063,0.));
#6336=CARTESIAN_POINT('',(-0.0115073593128807,-0.0625,0.));
#6337=CARTESIAN_POINT('',(-0.0111538059222874,-0.0628535533905932,0.));
#6338=CARTESIAN_POINT('',(0.0257923168537054,-0.0259074306146003,0.));
#6339=CARTESIAN_POINT('',(-0.00875423702085503,-0.0604539844891608,0.));
#6340=CARTESIAN_POINT('',(-0.00765822151001589,-0.06155,0.));
#6341=CARTESIAN_POINT('',(-0.00765822151001589,-0.06,0.));
#6342=CARTESIAN_POINT('',(0.00813488623910507,-0.06,0.));
#6343=CARTESIAN_POINT('',(0.00765822151001587,-0.06,0.));
#6344=CARTESIAN_POINT('',(0.00765822151001587,-0.06155,0.));
#6345=CARTESIAN_POINT('',(0.00875423702085502,-0.0604539844891608,0.));
#6346=CARTESIAN_POINT('',(-0.0176574306146004,-0.0340423168537054,0.));
#6347=CARTESIAN_POINT('',(0.0111538059222874,-0.0628535533905932,0.));
#6348=CARTESIAN_POINT('',(0.0115073593128807,-0.0625,0.));
#6349=CARTESIAN_POINT('',(0.0115073593128807,-0.063,0.));
#6350=CARTESIAN_POINT('',(0.00813488623910507,-0.063,0.));
#6351=CARTESIAN_POINT('',(0.0139926406871193,-0.063,0.));
#6352=CARTESIAN_POINT('',(0.0139926406871193,-0.0625,0.));
#6353=CARTESIAN_POINT('',(0.0143461940777125,-0.0628535533905932,0.));
#6354=CARTESIAN_POINT('',(0.0385423168537054,-0.0386574306146003,0.));
#6355=CARTESIAN_POINT('',(0.0161035533905933,-0.0610961940777125,0.));
#6356=CARTESIAN_POINT('',(0.01575,-0.0607426406871193,0.));
#6357=CARTESIAN_POINT('',(0.01625,-0.0607426406871193,0.));
#6358=CARTESIAN_POINT('',(0.01625,-0.00825,0.));
#6359=CARTESIAN_POINT('',(0.01625,-0.0276823905279044,0.));
#6360=CARTESIAN_POINT('',(0.0178,-0.0276823905279044,0.));
#6361=CARTESIAN_POINT('',(0.0165476,-0.0267691576769841,0.));
#6362=CARTESIAN_POINT('',(0.01275,-0.024,0.));
#6363=CARTESIAN_POINT('',(0.0174346911125392,-0.023620962824914,0.));
#6364=CARTESIAN_POINT('',(0.0189796424368871,-0.0234959612033431,0.));
#6365=CARTESIAN_POINT('',(0.0177099567682392,-0.022606917726999,0.));
#6366=CARTESIAN_POINT('',(0.0213053998236818,-0.017472092894014,0.));
#6367=CARTESIAN_POINT('',(0.0251068986306545,-0.0120429899502033,0.));
#6368=CARTESIAN_POINT('',(0.02469732260851,-0.0117562017320278,0.));
#6369=CARTESIAN_POINT('',(0.0250043340555282,-0.0113615576247617,0.));
#6370=CARTESIAN_POINT('',(0.0129870863587891,-0.00201279873891453,0.));
#6371=CARTESIAN_POINT('',(0.0180982645142438,-0.00598901470814363,0.));
#6372=CARTESIAN_POINT('',(0.01905,-0.00476561797561878,0.));
#6373=CARTESIAN_POINT('',(0.0175,-0.00476561797561878,0.));
#6374=CARTESIAN_POINT('',(0.0175,-0.00825,0.));
#6375=CARTESIAN_POINT('',(0.0175,0.00476561797561875,0.));
#6376=CARTESIAN_POINT('',(0.01905,0.00476561797561875,0.));
#6377=CARTESIAN_POINT('',(0.0180982645142438,0.0059890147081436,0.));
#6378=CARTESIAN_POINT('',(0.00499050930247958,-0.00420809914869593,0.));
#6379=CARTESIAN_POINT('',(0.0250043340555282,0.0113615576247617,0.));
#6380=CARTESIAN_POINT('',(0.02469732260851,0.0117562017320278,0.));
#6381=CARTESIAN_POINT('',(0.0251068986306545,0.0120429899502033,0.));
#6382=CARTESIAN_POINT('',(0.0199037738565244,0.0194738222252078,0.));
#6383=CARTESIAN_POINT('',(0.0199037738565244,0.0194738222252078,0.));
#6384=CARTESIAN_POINT('',(0.0194941978343799,0.0191870340070322,0.));
#6385=CARTESIAN_POINT('',(0.0192283577780571,0.0196105066324218,0.));
#6386=CARTESIAN_POINT('',(-0.00127486579604458,0.00673936034586975,0.));
#6387=CARTESIAN_POINT('',(0.0154478303376684,0.0172372348612925,0.));
#6388=CARTESIAN_POINT('',(0.0146237261630676,0.01855,0.));
#6389=CARTESIAN_POINT('',(0.0146237261630676,0.017,0.));
#6390=CARTESIAN_POINT('',(0.00913454979733539,0.017,0.));
#6391=CARTESIAN_POINT('',(0.01025,-0.0215,0.));
#6392=CARTESIAN_POINT('',(0.00855294372515233,-0.0231970562748477,0.));
#6393=CARTESIAN_POINT('',(0.0119470562748477,-0.0198029437251523,0.));
#6394=CARTESIAN_POINT('',(0.0144470562748477,-0.0223029437251522,0.));
#6395=CARTESIAN_POINT('',(0.0144470562748477,-0.0223029437251522,0.));
#6396=CARTESIAN_POINT('',(0.01275,-0.024,0.));
#6397=CARTESIAN_POINT('',(0.0110529437251523,-0.0256970562748477,0.));
#6398=CARTESIAN_POINT('',(0.000870386844704836,-0.0155144993944004,0.));
#6399=CARTESIAN_POINT('',(-0.01275,-0.024,0.));
#6400=CARTESIAN_POINT('',(-0.0110529437251524,-0.0256970562748476,0.));
#6401=CARTESIAN_POINT('',(-0.0144470562748477,-0.0223029437251522,0.));
#6402=CARTESIAN_POINT('',(0.00387038684470503,-0.00398550060559984,0.));
#6403=CARTESIAN_POINT('',(-0.0119470562748477,-0.0198029437251523,0.));
#6404=CARTESIAN_POINT('',(-0.01025,-0.0215,0.));
#6405=CARTESIAN_POINT('',(-0.00855294372515232,-0.0231970562748477,0.));
#6406=CARTESIAN_POINT('',(-0.0110529437251524,-0.0256970562748476,0.));
#6407=CARTESIAN_POINT('',(-0.0144470562748477,-0.000197056274847734,0.));
#6408=CARTESIAN_POINT('',(-0.0119470562748477,-0.00269705627484771,0.));
#6409=CARTESIAN_POINT('',(-0.0144470562748477,-0.000197056274847735,0.));
#6410=CARTESIAN_POINT('',(-0.01275,0.0015,0.));
#6411=CARTESIAN_POINT('',(-0.0110529437251523,0.00319705627484773,0.));
#6412=CARTESIAN_POINT('',(0.00426449939440043,-0.0121203868447047,0.));
#6413=CARTESIAN_POINT('',(-0.00855294372515233,0.000697056274847764,0.));
#6414=CARTESIAN_POINT('',(-0.01025,-0.000999999999999971,0.));
#6415=CARTESIAN_POINT('',(0.01025,-0.000999999999999967,0.));
#6416=CARTESIAN_POINT('',(0.0119470562748477,-0.0026970562748477,0.));
#6417=CARTESIAN_POINT('',(0.00855294372515232,0.000697056274847767,0.));
#6418=CARTESIAN_POINT('',(0.0110529437251523,0.00319705627484774,0.));
#6419=CARTESIAN_POINT('',(0.0110529437251523,0.00319705627484774,0.));
#6420=CARTESIAN_POINT('',(0.01275,0.0015,0.));
#6421=CARTESIAN_POINT('',(0.0144470562748477,-0.000197056274847728,0.));
#6422=CARTESIAN_POINT('',(0.00726449939440021,-0.00737961315529511,0.));
#6423=CARTESIAN_POINT('',(0.018,0.0126037356877748,0.));
#6424=CARTESIAN_POINT('',(0.0193,0.0126037356877748,0.));
#6425=CARTESIAN_POINT('',(-0.018,0.0126037356877748,0.));
#6426=CARTESIAN_POINT('',(-0.0167,0.0126037356877748,0.));
#6427=CARTESIAN_POINT('',(-0.018,-0.0126037356877748,0.));
#6428=CARTESIAN_POINT('',(-0.0167,-0.0126037356877748,0.));
#6429=CARTESIAN_POINT('',(0.018,-0.0126037356877748,0.));
#6430=CARTESIAN_POINT('',(0.0193,-0.0126037356877748,0.));
#6431=CARTESIAN_POINT('',(-0.01275,-0.037,0.));
#6432=CARTESIAN_POINT('',(-0.01145,-0.037,0.));
#6433=CARTESIAN_POINT('',(0.01275,-0.037,0.));
#6434=CARTESIAN_POINT('',(0.01405,-0.037,0.));
#6435=CARTESIAN_POINT('',(0.01275,-0.0595,0.));
#6436=CARTESIAN_POINT('',(0.01405,-0.0595,0.));
#6437=CARTESIAN_POINT('',(-0.01275,-0.0595,0.));
#6438=CARTESIAN_POINT('',(-0.01145,-0.0595,0.));
#6439=CARTESIAN_POINT('',(0.006125,-0.0565,-0.0025));
#6440=CARTESIAN_POINT('',(0.0085605786705358,-0.0565,-0.0025));
#6441=CARTESIAN_POINT('',(0.0085605786705358,-0.0565,-0.0005));
#6442=CARTESIAN_POINT('',(0.0085605786705358,-0.0565,-0.002));
#6443=CARTESIAN_POINT('',(0.00360381168071126,-0.0565,-0.002));
#6444=CARTESIAN_POINT('',(0.00360381168071126,-0.0565,-0.002));
#6445=CARTESIAN_POINT('',(0.00360381168071126,-0.0565,-8.67361737988404E-19));
#6446=CARTESIAN_POINT('',(0.00360381168071126,-0.0565,-0.0005));
#6447=CARTESIAN_POINT('',(0.006125,-0.0565,-0.0005));
#6448=CARTESIAN_POINT('',(0.003,-0.0465,-0.0025));
#6449=CARTESIAN_POINT('',(0.00255512172488953,-0.0553975655022089,-0.0025));
#6450=CARTESIAN_POINT('',(0.00255512172488953,-0.0553975655022089,-0.0005));
#6451=CARTESIAN_POINT('',(0.00255512172488953,-0.0553975655022089,-0.002));
#6452=CARTESIAN_POINT('',(0.00341971482105817,-0.0381057035788362,-0.002));
#6453=CARTESIAN_POINT('',(0.00341971482105817,-0.0381057035788362,-0.002));
#6454=CARTESIAN_POINT('',(0.00341971482105817,-0.0381057035788362,0.));
#6455=CARTESIAN_POINT('',(0.00341971482105817,-0.0381057035788362,-0.0005));
#6456=CARTESIAN_POINT('',(0.003,-0.0465,-0.0005));
#6457=CARTESIAN_POINT('',(0.0055,-0.0375,-0.0025));
#6458=CARTESIAN_POINT('',(0.00493797905215486,-0.0372189895260774,-0.0025));
#6459=CARTESIAN_POINT('',(0.00493797905215486,-0.0372189895260774,-0.0005));
#6460=CARTESIAN_POINT('',(0.00493797905215486,-0.0372189895260774,-0.002));
#6461=CARTESIAN_POINT('',(0.00699738294893812,-0.038248691474469,-0.002));
#6462=CARTESIAN_POINT('',(0.00699738294893813,-0.038248691474469,-0.002));
#6463=CARTESIAN_POINT('',(0.00699738294893813,-0.038248691474469,0.));
#6464=CARTESIAN_POINT('',(0.00699738294893813,-0.038248691474469,-0.0005));
#6465=CARTESIAN_POINT('',(0.0055,-0.0375,-0.0005));
#6466=CARTESIAN_POINT('',(-0.006125,-0.0565,-0.0025));
#6467=CARTESIAN_POINT('',(-0.00360381168071132,-0.0565,-0.0025));
#6468=CARTESIAN_POINT('',(-0.00360381168071132,-0.0565,-0.0005));
#6469=CARTESIAN_POINT('',(-0.00360381168071132,-0.0565,-0.002));
#6470=CARTESIAN_POINT('',(-0.00856057867053582,-0.0565,-0.002));
#6471=CARTESIAN_POINT('',(-0.00856057867053582,-0.0565,-0.002));
#6472=CARTESIAN_POINT('',(-0.00856057867053582,-0.0565,-8.67361737988404E-19));
#6473=CARTESIAN_POINT('',(-0.00856057867053582,-0.0565,-0.0005));
#6474=CARTESIAN_POINT('',(-0.006125,-0.0565,-0.0005));
#6475=CARTESIAN_POINT('',(-0.008625,-0.0475,-0.0025));
#6476=CARTESIAN_POINT('',(-0.00960247044108517,-0.0553197635286813,-0.0025));
#6477=CARTESIAN_POINT('',(-0.00960247044108517,-0.0553197635286813,-0.0005));
#6478=CARTESIAN_POINT('',(-0.00960247044108517,-0.0553197635286813,-0.002));
#6479=CARTESIAN_POINT('',(-0.00756970044421255,-0.0390576035537003,-0.002));
#6480=CARTESIAN_POINT('',(-0.00756970044421255,-0.0390576035537003,-0.002));
#6481=CARTESIAN_POINT('',(-0.00756970044421255,-0.0390576035537003,0.));
#6482=CARTESIAN_POINT('',(-0.00756970044421255,-0.0390576035537003,-0.0005));
#6483=CARTESIAN_POINT('',(-0.008625,-0.0475,-0.0005));
#6484=CARTESIAN_POINT('',(-0.0055,-0.0375,-0.0025));
#6485=CARTESIAN_POINT('',(-0.00699738294893816,-0.038248691474469,-0.0025));
#6486=CARTESIAN_POINT('',(-0.00699738294893816,-0.038248691474469,-0.0005));
#6487=CARTESIAN_POINT('',(-0.00699738294893816,-0.038248691474469,-0.002));
#6488=CARTESIAN_POINT('',(-0.0049379790521549,-0.0372189895260774,-0.002));
#6489=CARTESIAN_POINT('',(-0.0049379790521549,-0.0372189895260774,-0.002));
#6490=CARTESIAN_POINT('',(-0.0049379790521549,-0.0372189895260774,0.));
#6491=CARTESIAN_POINT('',(-0.0049379790521549,-0.0372189895260774,-0.0005));
#6492=CARTESIAN_POINT('',(-0.0055,-0.0375,-0.0005));
#6493=CARTESIAN_POINT('',(-0.01675,-0.0421389087296526,-0.0025));
#6494=CARTESIAN_POINT('',(-0.01675,-0.0276823905279044,-0.0025));
#6495=CARTESIAN_POINT('',(-0.01675,-0.0276823905279044,-0.0005));
#6496=CARTESIAN_POINT('',(-0.01675,-0.0276823905279044,-0.002));
#6497=CARTESIAN_POINT('',(-0.01675,-0.0607426406871193,-0.002));
#6498=CARTESIAN_POINT('',(-0.01675,-0.0607426406871193,-0.002));
#6499=CARTESIAN_POINT('',(-0.01675,-0.0607426406871193,-0.0025));
#6500=CARTESIAN_POINT('',(-0.01675,-0.0607426406871193,-0.0005));
#6501=CARTESIAN_POINT('',(-0.01675,-0.0421389087296526,-0.0005));
#6502=CARTESIAN_POINT('',(-0.0155784271247462,-0.0623284271247462,-0.0025));
#6503=CARTESIAN_POINT('',(-0.0164571067811866,-0.0614497474683058,-0.0025));
#6504=CARTESIAN_POINT('',(-0.0164571067811866,-0.0614497474683058,-0.0005));
#6505=CARTESIAN_POINT('',(-0.0164571067811866,-0.0614497474683058,-0.002));
#6506=CARTESIAN_POINT('',(-0.0146997474683058,-0.0632071067811865,-0.002));
#6507=CARTESIAN_POINT('',(-0.0146997474683058,-0.0632071067811865,-0.002));
#6508=CARTESIAN_POINT('',(-0.0146997474683058,-0.0632071067811865,-0.0025));
#6509=CARTESIAN_POINT('',(-0.0146997474683058,-0.0632071067811865,-0.0005));
#6510=CARTESIAN_POINT('',(-0.0155784271247462,-0.0623284271247462,-0.0005));
#6511=CARTESIAN_POINT('',(-0.01275,-0.0635,-0.0025));
#6512=CARTESIAN_POINT('',(-0.0139926406871193,-0.0635,-0.0025));
#6513=CARTESIAN_POINT('',(-0.0139926406871193,-0.0635,-0.0005));
#6514=CARTESIAN_POINT('',(-0.0139926406871193,-0.0635,-0.002));
#6515=CARTESIAN_POINT('',(-0.0115073593128807,-0.0635,-0.002));
#6516=CARTESIAN_POINT('',(-0.0115073593128807,-0.0635,-0.002));
#6517=CARTESIAN_POINT('',(-0.0115073593128807,-0.0635,-0.0025));
#6518=CARTESIAN_POINT('',(-0.0115073593128807,-0.0635,-0.0005));
#6519=CARTESIAN_POINT('',(-0.01275,-0.0635,-0.0005));
#6520=CARTESIAN_POINT('',(-0.00959314575050763,-0.062,-0.0025));
#6521=CARTESIAN_POINT('',(-0.0108002525316942,-0.0632071067811865,-0.0025));
#6522=CARTESIAN_POINT('',(-0.0108002525316942,-0.0632071067811865,-0.0005));
#6523=CARTESIAN_POINT('',(-0.0108002525316942,-0.0632071067811865,-0.002));
#6524=CARTESIAN_POINT('',(-0.00840068363026176,-0.0608075378797541,-0.002));
#6525=CARTESIAN_POINT('',(-0.00840068363026176,-0.0608075378797541,-0.002));
#6526=CARTESIAN_POINT('',(-0.00840068363026176,-0.0608075378797541,0.));
#6527=CARTESIAN_POINT('',(-0.00840068363026176,-0.0608075378797541,-0.0005));
#6528=CARTESIAN_POINT('',(-0.00959314575050763,-0.062,-0.0005));
#6529=CARTESIAN_POINT('',(-1.21430643318376E-17,-0.0605,-0.0025));
#6530=CARTESIAN_POINT('',(-0.00765822151001589,-0.0605,-0.0025));
#6531=CARTESIAN_POINT('',(-0.00765822151001589,-0.0605,-0.0005));
#6532=CARTESIAN_POINT('',(-0.00765822151001589,-0.0605,-0.002));
#6533=CARTESIAN_POINT('',(0.00765822151001587,-0.0605,-0.002));
#6534=CARTESIAN_POINT('',(0.00765822151001587,-0.0605,-0.002));
#6535=CARTESIAN_POINT('',(0.00765822151001587,-0.0605,0.));
#6536=CARTESIAN_POINT('',(0.00765822151001587,-0.0605,-0.0005));
#6537=CARTESIAN_POINT('',(-1.21430643318376E-17,-0.0605,-0.0005));
#6538=CARTESIAN_POINT('',(0.00959314575050761,-0.062,-0.0025));
#6539=CARTESIAN_POINT('',(0.00840068363026174,-0.0608075378797541,-0.0025));
#6540=CARTESIAN_POINT('',(0.00840068363026174,-0.0608075378797541,-0.0005));
#6541=CARTESIAN_POINT('',(0.00840068363026174,-0.0608075378797541,-0.002));
#6542=CARTESIAN_POINT('',(0.0108002525316942,-0.0632071067811865,-0.002));
#6543=CARTESIAN_POINT('',(0.0108002525316942,-0.0632071067811865,-0.002));
#6544=CARTESIAN_POINT('',(0.0108002525316942,-0.0632071067811865,-0.0025));
#6545=CARTESIAN_POINT('',(0.0108002525316942,-0.0632071067811865,-0.0005));
#6546=CARTESIAN_POINT('',(0.00959314575050761,-0.062,-0.0005));
#6547=CARTESIAN_POINT('',(0.01275,-0.0635,-0.0025));
#6548=CARTESIAN_POINT('',(0.0115073593128807,-0.0635,-0.0025));
#6549=CARTESIAN_POINT('',(0.0115073593128807,-0.0635,-0.0005));
#6550=CARTESIAN_POINT('',(0.0115073593128807,-0.0635,-0.002));
#6551=CARTESIAN_POINT('',(0.0139926406871193,-0.0635,-0.002));
#6552=CARTESIAN_POINT('',(0.0139926406871193,-0.0635,-0.002));
#6553=CARTESIAN_POINT('',(0.0139926406871193,-0.0635,-0.0025));
#6554=CARTESIAN_POINT('',(0.0139926406871193,-0.0635,-0.0005));
#6555=CARTESIAN_POINT('',(0.01275,-0.0635,-0.0005));
#6556=CARTESIAN_POINT('',(0.0155784271247462,-0.0623284271247462,-0.0025));
#6557=CARTESIAN_POINT('',(0.0146997474683058,-0.0632071067811865,-0.0025));
#6558=CARTESIAN_POINT('',(0.0146997474683058,-0.0632071067811865,-0.0005));
#6559=CARTESIAN_POINT('',(0.0146997474683058,-0.0632071067811865,-0.002));
#6560=CARTESIAN_POINT('',(0.0164571067811866,-0.0614497474683058,-0.002));
#6561=CARTESIAN_POINT('',(0.0164571067811866,-0.0614497474683058,-0.002));
#6562=CARTESIAN_POINT('',(0.0164571067811866,-0.0614497474683058,-0.0025));
#6563=CARTESIAN_POINT('',(0.0164571067811866,-0.0614497474683058,-0.0005));
#6564=CARTESIAN_POINT('',(0.0155784271247462,-0.0623284271247462,-0.0005));
#6565=CARTESIAN_POINT('',(0.0229149122657339,-0.016045194305881,-0.0025));
#6566=CARTESIAN_POINT('',(0.0181195327903837,-0.0228937059451746,-0.0025));
#6567=CARTESIAN_POINT('',(0.0181195327903837,-0.0228937059451746,-0.0005));
#6568=CARTESIAN_POINT('',(0.0181195327903837,-0.0228937059451746,-0.002));
#6569=CARTESIAN_POINT('',(0.025516474652799,-0.0123297781683788,-0.002));
#6570=CARTESIAN_POINT('',(0.025516474652799,-0.0123297781683788,-0.002));
#6571=CARTESIAN_POINT('',(0.025516474652799,-0.0123297781683788,-0.0025));
#6572=CARTESIAN_POINT('',(0.025516474652799,-0.0123297781683788,-0.0005));
#6573=CARTESIAN_POINT('',(0.0229149122657339,-0.016045194305881,-0.0005));
#6574=CARTESIAN_POINT('',(0.0220309559697341,-0.00841495057491271,-0.0025));
#6575=CARTESIAN_POINT('',(0.0253113455025463,-0.0109669135174956,-0.0025));
#6576=CARTESIAN_POINT('',(0.0253113455025463,-0.0109669135174956,-0.0005));
#6577=CARTESIAN_POINT('',(0.0253113455025463,-0.0109669135174956,-0.002));
#6578=CARTESIAN_POINT('',(0.0184052759612619,-0.00559437060087755,-0.002));
#6579=CARTESIAN_POINT('',(0.0184052759612619,-0.00559437060087755,-0.002));
#6580=CARTESIAN_POINT('',(0.0184052759612619,-0.00559437060087755,0.));
#6581=CARTESIAN_POINT('',(0.0184052759612619,-0.00559437060087755,-0.0005));
#6582=CARTESIAN_POINT('',(0.0220309559697341,-0.00841495057491271,-0.0005));
#6583=CARTESIAN_POINT('',(0.018,8.67361737988404E-19,-0.0025));
#6584=CARTESIAN_POINT('',(0.018,-0.00476561797561878,-0.0025));
#6585=CARTESIAN_POINT('',(0.018,-0.00476561797561878,-0.0005));
#6586=CARTESIAN_POINT('',(0.018,-0.00476561797561878,-0.002));
#6587=CARTESIAN_POINT('',(0.018,0.00476561797561875,-0.002));
#6588=CARTESIAN_POINT('',(0.018,0.00476561797561875,-0.002));
#6589=CARTESIAN_POINT('',(0.018,0.00476561797561875,-8.67361737988404E-19));
#6590=CARTESIAN_POINT('',(0.018,0.00476561797561875,-0.0005));
#6591=CARTESIAN_POINT('',(0.018,8.67361737988404E-19,-0.0005));
#6592=CARTESIAN_POINT('',(0.0220309559697341,0.0084149505749127,-0.0025));
#6593=CARTESIAN_POINT('',(0.0184052759612619,0.00559437060087752,-0.0025));
#6594=CARTESIAN_POINT('',(0.0184052759612619,0.00559437060087752,-0.0005));
#6595=CARTESIAN_POINT('',(0.0184052759612619,0.00559437060087752,-0.002));
#6596=CARTESIAN_POINT('',(0.0253113455025463,0.0109669135174956,-0.002));
#6597=CARTESIAN_POINT('',(0.0253113455025463,0.0109669135174956,-0.002));
#6598=CARTESIAN_POINT('',(0.0253113455025463,0.0109669135174956,0.));
#6599=CARTESIAN_POINT('',(0.0253113455025463,0.0109669135174956,-0.0005));
#6600=CARTESIAN_POINT('',(0.0220309559697341,0.0084149505749127,-0.0005));
#6601=CARTESIAN_POINT('',(0.0229149122657339,0.016045194305881,-0.0025));
#6602=CARTESIAN_POINT('',(0.025516474652799,0.0123297781683788,-0.0025));
#6603=CARTESIAN_POINT('',(0.025516474652799,0.0123297781683788,-0.0005));
#6604=CARTESIAN_POINT('',(0.025516474652799,0.0123297781683788,-0.002));
#6605=CARTESIAN_POINT('',(0.0229149122657339,0.016045194305881,-0.002));
#6606=CARTESIAN_POINT('',(0.0203133498786689,0.0197606104433833,-0.002));
#6607=CARTESIAN_POINT('',(0.0203133498786689,0.0197606104433833,0.));
#6608=CARTESIAN_POINT('',(0.0203133498786689,0.0197606104433833,-0.0005));
#6609=CARTESIAN_POINT('',(0.025516474652799,0.0123297781683788,-0.0005));
#6610=CARTESIAN_POINT('',(0.0173469511227877,0.0190197878085714,-0.0025));
#6611=CARTESIAN_POINT('',(0.0189625177217343,0.0200339792578113,-0.0025));
#6612=CARTESIAN_POINT('',(0.0189625177217343,0.0200339792578113,-0.0005));
#6613=CARTESIAN_POINT('',(0.0189625177217343,0.0200339792578113,-0.002));
#6614=CARTESIAN_POINT('',(0.0151819902813456,0.0176607074866821,-0.002));
#6615=CARTESIAN_POINT('',(0.0151819902813456,0.0176607074866821,-0.002));
#6616=CARTESIAN_POINT('',(0.0151819902813456,0.0176607074866821,-0.0025));
#6617=CARTESIAN_POINT('',(0.0151819902813456,0.0176607074866821,-0.0005));
#6618=CARTESIAN_POINT('',(0.0173469511227877,0.0190197878085714,-0.0005));
#6619=CARTESIAN_POINT('',(0.0101087461378525,0.0175,-0.0025));
#6620=CARTESIAN_POINT('',(0.0146237261630676,0.0175,-0.0025));
#6621=CARTESIAN_POINT('',(0.0146237261630676,0.0175,-0.0005));
#6622=CARTESIAN_POINT('',(0.0146237261630676,0.0175,-0.002));
#6623=CARTESIAN_POINT('',(0.0101087461378525,0.0175,-0.002));
#6624=CARTESIAN_POINT('',(0.00692820323027552,0.0175,-0.002));
#6625=CARTESIAN_POINT('',(0.00692820323027552,0.0175,-0.0025));
#6626=CARTESIAN_POINT('',(0.00692820323027554,0.0175,-0.00112600909450647));
#6627=CARTESIAN_POINT('',(0.00692820323027554,0.0175,-0.00112600909450647));
#6628=CARTESIAN_POINT('',(0.00736047569264312,0.0175,-0.00092864035422009));
#6629=CARTESIAN_POINT('',(0.0077871247064926,0.0175,-0.000719265403965698));
#6630=CARTESIAN_POINT('',(0.00820914124619624,0.0175,-0.000499999999999991));
#6631=CARTESIAN_POINT('',(0.00820914124619625,0.0175,-0.000500000000000019));
#6632=CARTESIAN_POINT('',(0.0146237261630676,0.0175,-0.0005));
#6633=CARTESIAN_POINT('',(8.67361737988404E-19,0.031,-0.0025));
#6634=CARTESIAN_POINT('',(0.00410036517710183,0.0170918367346939,-0.0025));
#6635=CARTESIAN_POINT('',(0.00410036517710183,0.0170918367346939,-0.0018));
#6636=CARTESIAN_POINT('',(0.00410036517710183,0.0170918367346939,-0.002));
#6637=CARTESIAN_POINT('',(8.67361737988404E-19,0.031,-0.002));
#6638=CARTESIAN_POINT('',(-0.00410036517710183,0.0170918367346939,-0.002));
#6639=CARTESIAN_POINT('',(-0.00410036517710183,0.0170918367346939,-0.0025));
#6640=CARTESIAN_POINT('',(-0.00410036517710183,0.0170918367346939,-0.0018));
#6641=CARTESIAN_POINT('',(8.67361737988404E-19,0.031,-0.0018));
#6642=CARTESIAN_POINT('',(-0.0101087461378525,0.0175,-0.0025));
#6643=CARTESIAN_POINT('',(-0.0146237261630676,0.0175,0.));
#6644=CARTESIAN_POINT('',(-0.0146237261630676,0.0175,-0.002));
#6645=CARTESIAN_POINT('',(-0.0146237261630676,0.0175,-0.0005));
#6646=CARTESIAN_POINT('',(-0.00913454979733539,0.0175,-0.0005));
#6647=CARTESIAN_POINT('',(-0.0082091412462074,0.0175,-0.000499999999994225));
#6648=CARTESIAN_POINT('',(-0.0082091412462074,0.0175,-0.000499999999994222));
#6649=CARTESIAN_POINT('',(-0.00778712470650012,0.0175,-0.000719265403962039));
#6650=CARTESIAN_POINT('',(-0.00736047569264691,0.0175,-0.000928640354218357));
#6651=CARTESIAN_POINT('',(-0.00692820323027552,0.0175,-0.00112600909450648));
#6652=CARTESIAN_POINT('',(-0.00692820323027552,0.0175,-0.00112600909450648));
#6653=CARTESIAN_POINT('',(-0.00692820323027551,0.0175,-0.0025));
#6654=CARTESIAN_POINT('',(-0.00692820323027551,0.0175,-0.002));
#6655=CARTESIAN_POINT('',(-0.0101087461378525,0.0175,-0.002));
#6656=CARTESIAN_POINT('',(-0.0173469511227877,0.0190197878085713,-0.0025));
#6657=CARTESIAN_POINT('',(-0.0189625177217343,0.0200339792578113,-0.0025));
#6658=CARTESIAN_POINT('',(-0.0189625177217343,0.0200339792578113,-0.002));
#6659=CARTESIAN_POINT('',(-0.0189625177217343,0.0200339792578113,-0.0005));
#6660=CARTESIAN_POINT('',(-0.0151819902813456,0.0176607074866821,-0.0005));
#6661=CARTESIAN_POINT('',(-0.0151819902813456,0.0176607074866821,-0.0005));
#6662=CARTESIAN_POINT('',(-0.0151819902813456,0.0176607074866821,-0.0025));
#6663=CARTESIAN_POINT('',(-0.0151819902813456,0.0176607074866821,-0.002));
#6664=CARTESIAN_POINT('',(-0.0173469511227877,0.0190197878085713,-0.002));
#6665=CARTESIAN_POINT('',(-0.0229149122657339,0.016045194305881,-0.0025));
#6666=CARTESIAN_POINT('',(-0.025516474652799,0.0123297781683788,0.));
#6667=CARTESIAN_POINT('',(-0.025516474652799,0.0123297781683788,-0.002));
#6668=CARTESIAN_POINT('',(-0.025516474652799,0.0123297781683788,-0.0005));
#6669=CARTESIAN_POINT('',(-0.0203133498786689,0.0197606104433833,-0.0005));
#6670=CARTESIAN_POINT('',(-0.0203133498786689,0.0197606104433833,-0.0005));
#6671=CARTESIAN_POINT('',(-0.0203133498786689,0.0197606104433833,-0.0025));
#6672=CARTESIAN_POINT('',(-0.0203133498786689,0.0197606104433833,-0.002));
#6673=CARTESIAN_POINT('',(-0.0229149122657339,0.016045194305881,-0.002));
#6674=CARTESIAN_POINT('',(-0.0220309559697341,0.00841495057491271,-0.0025));
#6675=CARTESIAN_POINT('',(-0.0184052759612619,0.00559437060087753,0.));
#6676=CARTESIAN_POINT('',(-0.0184052759612619,0.00559437060087753,-0.002));
#6677=CARTESIAN_POINT('',(-0.0184052759612619,0.00559437060087753,-0.0005));
#6678=CARTESIAN_POINT('',(-0.0220309559697341,0.00841495057491271,-0.0005));
#6679=CARTESIAN_POINT('',(-0.0253113455025463,0.0109669135174956,-0.0005));
#6680=CARTESIAN_POINT('',(-0.0253113455025463,0.0109669135174956,-0.0025));
#6681=CARTESIAN_POINT('',(-0.0253113455025463,0.0109669135174956,-0.002));
#6682=CARTESIAN_POINT('',(-0.0184052759612619,0.00559437060087753,-0.002));
#6683=CARTESIAN_POINT('',(-0.018,4.33680868994202E-19,-0.0025));
#6684=CARTESIAN_POINT('',(-0.018,-0.00476561797561876,0.));
#6685=CARTESIAN_POINT('',(-0.018,-0.00476561797561876,-0.002));
#6686=CARTESIAN_POINT('',(-0.018,-0.00476561797561876,-0.0005));
#6687=CARTESIAN_POINT('',(-0.018,4.33680868994202E-19,-0.0005));
#6688=CARTESIAN_POINT('',(-0.018,0.00476561797561876,-0.0005));
#6689=CARTESIAN_POINT('',(-0.018,0.00476561797561876,-0.0025));
#6690=CARTESIAN_POINT('',(-0.018,0.00476561797561876,-0.002));
#6691=CARTESIAN_POINT('',(-0.018,-0.00476561797561876,-0.002));
#6692=CARTESIAN_POINT('',(-0.0220309559697341,-0.00841495057491271,-0.0025));
#6693=CARTESIAN_POINT('',(-0.0253113455025463,-0.0109669135174956,-0.0025));
#6694=CARTESIAN_POINT('',(-0.0253113455025463,-0.0109669135174956,-0.002));
#6695=CARTESIAN_POINT('',(-0.0253113455025463,-0.0109669135174956,-0.0005));
#6696=CARTESIAN_POINT('',(-0.0220309559697341,-0.00841495057491271,-0.0005));
#6697=CARTESIAN_POINT('',(-0.0184052759612619,-0.00559437060087753,-0.0005));
#6698=CARTESIAN_POINT('',(-0.0184052759612619,-0.00559437060087753,-0.0025));
#6699=CARTESIAN_POINT('',(-0.0184052759612619,-0.00559437060087753,-0.002));
#6700=CARTESIAN_POINT('',(-0.0253113455025463,-0.0109669135174956,-0.002));
#6701=CARTESIAN_POINT('',(-0.0229149122657339,-0.016045194305881,-0.0025));
#6702=CARTESIAN_POINT('',(-0.0181195327903837,-0.0228937059451746,-0.0025));
#6703=CARTESIAN_POINT('',(-0.0181195327903837,-0.0228937059451746,-0.002));
#6704=CARTESIAN_POINT('',(-0.0181195327903837,-0.0228937059451746,-0.0005));
#6705=CARTESIAN_POINT('',(-0.0229149122657339,-0.016045194305881,-0.0005));
#6706=CARTESIAN_POINT('',(-0.025516474652799,-0.0123297781683788,-0.0005));
#6707=CARTESIAN_POINT('',(-0.025516474652799,-0.0123297781683788,-0.0025));
#6708=CARTESIAN_POINT('',(-0.025516474652799,-0.0123297781683788,-0.002));
#6709=CARTESIAN_POINT('',(-0.0181195327903837,-0.0228937059451746,-0.002));
#6710=CARTESIAN_POINT('',(0.01275,-0.0595,-0.0025));
#6711=CARTESIAN_POINT('',(0.01275,-0.037,-0.0025));
#6712=CARTESIAN_POINT('',(-0.01275,-0.037,-0.0025));
#6713=CARTESIAN_POINT('',(0.018,-0.0126037356877748,-0.0025));
#6714=CARTESIAN_POINT('',(-0.018,-0.0126037356877748,-0.0025));
#6715=CARTESIAN_POINT('',(-0.018,0.0126037356877748,-0.0025));
#6716=CARTESIAN_POINT('',(0.018,0.0126037356877748,-0.0025));
#6717=CARTESIAN_POINT('',(0.008625,-0.0475,-0.0025));
#6718=CARTESIAN_POINT('',(0.00756970044421252,-0.0390576035537003,-0.0025));
#6719=CARTESIAN_POINT('',(0.00756970044421252,-0.0390576035537003,-0.0005));
#6720=CARTESIAN_POINT('',(0.00756970044421252,-0.0390576035537003,-0.002));
#6721=CARTESIAN_POINT('',(0.00960247044108515,-0.0553197635286813,-0.002));
#6722=CARTESIAN_POINT('',(0.00960247044108515,-0.0553197635286813,-0.002));
#6723=CARTESIAN_POINT('',(0.00960247044108515,-0.0553197635286813,0.));
#6724=CARTESIAN_POINT('',(0.00960247044108515,-0.0553197635286813,-0.0005));
#6725=CARTESIAN_POINT('',(0.008625,-0.0475,-0.0005));
#6726=CARTESIAN_POINT('',(-0.003,-0.0465,-0.0025));
#6727=CARTESIAN_POINT('',(-0.00341971482105821,-0.0381057035788362,-0.0025));
#6728=CARTESIAN_POINT('',(-0.00341971482105821,-0.0381057035788362,-0.0005));
#6729=CARTESIAN_POINT('',(-0.00341971482105821,-0.0381057035788362,-0.002));
#6730=CARTESIAN_POINT('',(-0.00255512172488958,-0.0553975655022089,-0.002));
#6731=CARTESIAN_POINT('',(-0.00255512172488958,-0.0553975655022089,-0.002));
#6732=CARTESIAN_POINT('',(-0.00255512172488958,-0.0553975655022089,-8.67361737988404E-19));
#6733=CARTESIAN_POINT('',(-0.00255512172488958,-0.0553975655022089,-0.0005));
#6734=CARTESIAN_POINT('',(-0.003,-0.0465,-0.0005));
#6735=CARTESIAN_POINT('',(-0.01275,-0.0595,-0.0025));
#6736=CARTESIAN_POINT('',(-0.01275,0.0015,-0.002502));
#6737=CARTESIAN_POINT('',(-0.0140935028842545,0.000156497115745545,-0.002502));
#6738=CARTESIAN_POINT('',(-0.0140935028842545,0.000156497115745545,-0.002));
#6739=CARTESIAN_POINT('',(-0.0140935028842545,0.000156497115745545,-0.0005));
#6740=CARTESIAN_POINT('',(-0.01275,0.0015,-0.002));
#6741=CARTESIAN_POINT('',(-0.0114064971157456,0.00284350288425445,-0.002));
#6742=CARTESIAN_POINT('',(-0.0114064971157456,0.00284350288425445,-0.002502));
#6743=CARTESIAN_POINT('',(-0.0114064971157456,0.00284350288425445,-0.0005));
#6744=CARTESIAN_POINT('',(-0.01275,0.0015,-0.0005));
#6745=CARTESIAN_POINT('',(-0.0101564971157456,0.00159350288425447,-0.002502));
#6746=CARTESIAN_POINT('',(-0.0089064971157456,0.000343502884254486,-0.002));
#6747=CARTESIAN_POINT('',(-0.0089064971157456,0.000343502884254487,-0.002));
#6748=CARTESIAN_POINT('',(-0.0089064971157456,0.000343502884254487,-0.002502));
#6749=CARTESIAN_POINT('',(-0.0089064971157456,0.000343502884254487,-0.0005));
#6750=CARTESIAN_POINT('',(-0.0101564971157456,0.00159350288425447,-0.0005));
#6751=CARTESIAN_POINT('',(-0.01025,-0.000999999999999971,-0.002502));
#6752=CARTESIAN_POINT('',(-0.01025,-0.000999999999999971,-0.002));
#6753=CARTESIAN_POINT('',(-0.0115935028842544,-0.00234350288425442,-0.002));
#6754=CARTESIAN_POINT('',(-0.0115935028842544,-0.00234350288425442,-0.002502));
#6755=CARTESIAN_POINT('',(-0.0115935028842544,-0.00234350288425442,-0.0005));
#6756=CARTESIAN_POINT('',(-0.01025,-0.000999999999999971,-0.0005));
#6757=CARTESIAN_POINT('',(-0.0128435028842545,-0.00109350288425444,-0.002502));
#6758=CARTESIAN_POINT('',(-0.0128435028842545,-0.00109350288425444,-0.002));
#6759=CARTESIAN_POINT('',(-0.0115935028842544,-0.00234350288425442,-0.0005));
#6760=CARTESIAN_POINT('',(0.01025,-0.000999999999999967,-0.002502));
#6761=CARTESIAN_POINT('',(0.0115935028842544,-0.00234350288425442,-0.002502));
#6762=CARTESIAN_POINT('',(0.0115935028842544,-0.00234350288425442,-0.002));
#6763=CARTESIAN_POINT('',(0.0115935028842544,-0.00234350288425442,-0.0005));
#6764=CARTESIAN_POINT('',(0.01025,-0.000999999999999967,-0.002));
#6765=CARTESIAN_POINT('',(0.00890649711574559,0.000343502884254488,-0.002));
#6766=CARTESIAN_POINT('',(0.00890649711574559,0.000343502884254488,-0.002502));
#6767=CARTESIAN_POINT('',(0.00890649711574559,0.000343502884254488,-0.0005));
#6768=CARTESIAN_POINT('',(0.01025,-0.000999999999999967,-0.0005));
#6769=CARTESIAN_POINT('',(0.0101564971157456,0.00159350288425448,-0.002502));
#6770=CARTESIAN_POINT('',(0.0101564971157456,0.00159350288425448,-0.002));
#6771=CARTESIAN_POINT('',(0.0114064971157456,0.00284350288425446,-0.002));
#6772=CARTESIAN_POINT('',(0.0114064971157456,0.00284350288425446,-0.002502));
#6773=CARTESIAN_POINT('',(0.0114064971157456,0.00284350288425446,-0.0005));
#6774=CARTESIAN_POINT('',(0.00890649711574559,0.000343502884254489,-0.0005));
#6775=CARTESIAN_POINT('',(0.0128435028842545,-0.00109350288425444,-0.002502));
#6776=CARTESIAN_POINT('',(0.0140935028842545,0.000156497115745549,-0.002502));
#6777=CARTESIAN_POINT('',(0.0140935028842545,0.000156497115745549,-0.002));
#6778=CARTESIAN_POINT('',(0.0140935028842545,0.000156497115745549,-0.0005));
#6779=CARTESIAN_POINT('',(0.0115935028842544,-0.00234350288425442,-0.002));
#6780=CARTESIAN_POINT('',(0.0128435028842545,-0.00109350288425444,-0.0005));
#6781=CARTESIAN_POINT('',(0.01275,0.0015,-0.002502));
#6782=CARTESIAN_POINT('',(0.01275,0.0015,-0.002));
#6783=CARTESIAN_POINT('',(0.01275,0.0015,-0.0005));
#6784=CARTESIAN_POINT('',(0.01275,-0.024,-0.002502));
#6785=CARTESIAN_POINT('',(0.0140935028842545,-0.0226564971157455,-0.002502));
#6786=CARTESIAN_POINT('',(0.0140935028842545,-0.0226564971157455,-0.002));
#6787=CARTESIAN_POINT('',(0.0140935028842545,-0.0226564971157455,-0.0005));
#6788=CARTESIAN_POINT('',(0.01275,-0.024,-0.002));
#6789=CARTESIAN_POINT('',(0.0114064971157456,-0.0253435028842544,-0.002));
#6790=CARTESIAN_POINT('',(0.0114064971157456,-0.0253435028842544,-0.002502));
#6791=CARTESIAN_POINT('',(0.0114064971157456,-0.0253435028842544,-0.0005));
#6792=CARTESIAN_POINT('',(0.01275,-0.024,-0.0005));
#6793=CARTESIAN_POINT('',(0.0101564971157456,-0.0240935028842544,-0.002502));
#6794=CARTESIAN_POINT('',(0.0089064971157456,-0.0228435028842544,-0.002));
#6795=CARTESIAN_POINT('',(0.00890649711574559,-0.0228435028842544,-0.002));
#6796=CARTESIAN_POINT('',(0.00890649711574559,-0.0228435028842544,-0.002502));
#6797=CARTESIAN_POINT('',(0.00890649711574559,-0.0228435028842544,-0.0005));
#6798=CARTESIAN_POINT('',(0.0101564971157456,-0.0240935028842544,-0.0005));
#6799=CARTESIAN_POINT('',(0.01025,-0.0215,-0.002502));
#6800=CARTESIAN_POINT('',(0.01025,-0.0215,-0.002));
#6801=CARTESIAN_POINT('',(0.0115935028842544,-0.0201564971157455,-0.002));
#6802=CARTESIAN_POINT('',(0.0115935028842544,-0.0201564971157455,-0.002502));
#6803=CARTESIAN_POINT('',(0.0115935028842544,-0.0201564971157455,-0.0005));
#6804=CARTESIAN_POINT('',(0.01025,-0.0215,-0.0005));
#6805=CARTESIAN_POINT('',(0.0128435028842545,-0.0214064971157455,-0.002502));
#6806=CARTESIAN_POINT('',(0.0128435028842545,-0.0214064971157455,-0.002));
#6807=CARTESIAN_POINT('',(0.0115935028842544,-0.0201564971157455,-0.0005));
#6808=CARTESIAN_POINT('',(-0.0128435028842545,-0.0214064971157455,-0.002502));
#6809=CARTESIAN_POINT('',(-0.0140935028842545,-0.0226564971157455,-0.002502));
#6810=CARTESIAN_POINT('',(-0.0140935028842545,-0.0226564971157455,-0.002));
#6811=CARTESIAN_POINT('',(-0.0140935028842545,-0.0226564971157455,-0.0005));
#6812=CARTESIAN_POINT('',(-0.0115935028842544,-0.0201564971157455,-0.002));
#6813=CARTESIAN_POINT('',(-0.0115935028842544,-0.0201564971157455,-0.002));
#6814=CARTESIAN_POINT('',(-0.0115935028842544,-0.0201564971157455,-0.002502));
#6815=CARTESIAN_POINT('',(-0.0115935028842544,-0.0201564971157455,-0.0005));
#6816=CARTESIAN_POINT('',(-0.0128435028842545,-0.0214064971157455,-0.0005));
#6817=CARTESIAN_POINT('',(-0.01025,-0.0215,-0.002502));
#6818=CARTESIAN_POINT('',(-0.01025,-0.0215,-0.002));
#6819=CARTESIAN_POINT('',(-0.0089064971157456,-0.0228435028842544,-0.002));
#6820=CARTESIAN_POINT('',(-0.0089064971157456,-0.0228435028842544,-0.002502));
#6821=CARTESIAN_POINT('',(-0.0089064971157456,-0.0228435028842544,-0.0005));
#6822=CARTESIAN_POINT('',(-0.01025,-0.0215,-0.0005));
#6823=CARTESIAN_POINT('',(-0.01275,-0.024,-0.002502));
#6824=CARTESIAN_POINT('',(-0.0114064971157456,-0.0253435028842544,-0.002502));
#6825=CARTESIAN_POINT('',(-0.0114064971157456,-0.0253435028842544,-0.002));
#6826=CARTESIAN_POINT('',(-0.0114064971157456,-0.0253435028842544,-0.0005));
#6827=CARTESIAN_POINT('',(-0.01275,-0.024,-0.002));
#6828=CARTESIAN_POINT('',(-0.01275,-0.024,-0.0005));
#6829=CARTESIAN_POINT('',(-0.0101564971157456,-0.0240935028842544,-0.002502));
#6830=CARTESIAN_POINT('',(-0.0101564971157456,-0.0240935028842544,-0.002));
#6831=CARTESIAN_POINT('',(-0.00890649711574559,-0.0228435028842544,-0.0005));
#6832=CARTESIAN_POINT('',(0.01275,-0.024,-0.002502));
#6833=CARTESIAN_POINT('',(0.0169516,-0.0270637489192165,-0.002502));
#6834=CARTESIAN_POINT('',(0.0169516,-0.0270637489192165,-0.0005));
#6835=CARTESIAN_POINT('',(0.0169516,-0.0270637489192165,-0.002));
#6836=CARTESIAN_POINT('',(0.01275,-0.024,-0.002));
#6837=CARTESIAN_POINT('',(0.0179330625074902,-0.0235806397211815,-0.002));
#6838=CARTESIAN_POINT('',(0.0179330625074902,-0.0235806397211815,-0.002502));
#6839=CARTESIAN_POINT('',(0.0179330625074902,-0.0235806397211815,-0.0005));
#6840=CARTESIAN_POINT('',(0.01275,-0.024,-0.0005));
#6841=CARTESIAN_POINT('',(-0.01275,-0.024,-0.002502));
#6842=CARTESIAN_POINT('',(-0.0169516,-0.0270637489192165,-0.002502));
#6843=CARTESIAN_POINT('',(-0.0169516,-0.0270637489192165,-0.002));
#6844=CARTESIAN_POINT('',(-0.0169516,-0.0270637489192165,-0.0005));
#6845=CARTESIAN_POINT('',(-0.01275,-0.024,-0.0005));
#6846=CARTESIAN_POINT('',(-0.0179330625074901,-0.0235806397211815,-0.0005));
#6847=CARTESIAN_POINT('',(-0.0179330625074901,-0.0235806397211815,-0.002502));
#6848=CARTESIAN_POINT('',(-0.0179330625074901,-0.0235806397211815,-0.002));
#6849=CARTESIAN_POINT('',(-0.01275,-0.024,-0.002));
#6850=CARTESIAN_POINT('',(0.0085605786705358,-0.05545,-0.0025));
#6851=CARTESIAN_POINT('',(0.0085605786705358,-0.05545,-0.002));
#6852=CARTESIAN_POINT('',(0.0085605786705358,-0.05545,-0.0005));
#6853=CARTESIAN_POINT('',(-0.00360381168071132,-0.05545,-0.0025));
#6854=CARTESIAN_POINT('',(-0.00360381168071132,-0.05545,-0.002));
#6855=CARTESIAN_POINT('',(-0.00360381168071132,-0.05545,-0.0005));
#6856=CARTESIAN_POINT('',(-0.00856057867053582,-0.05545,-0.0025));
#6857=CARTESIAN_POINT('',(-0.00856057867053582,-0.05545,-0.002));
#6858=CARTESIAN_POINT('',(-0.00856057867053582,-0.05545,-0.0005));
#6859=CARTESIAN_POINT('',(0.00360381168071126,-0.05545,-0.0025));
#6860=CARTESIAN_POINT('',(0.00360381168071126,-0.05545,-0.002));
#6861=CARTESIAN_POINT('',(0.00360381168071126,-0.05545,-0.0005));
#6862=CARTESIAN_POINT('',(0.0044684047768799,-0.0381581380766273,-0.0025));
#6863=CARTESIAN_POINT('',(0.0044684047768799,-0.0381581380766273,-0.002));
#6864=CARTESIAN_POINT('',(0.0044684047768799,-0.0381581380766273,-0.0005));
#6865=CARTESIAN_POINT('',(-0.0065278086736632,-0.039187840025019,-0.0025));
#6866=CARTESIAN_POINT('',(-0.0065278086736632,-0.039187840025019,-0.002));
#6867=CARTESIAN_POINT('',(-0.0065278086736632,-0.039187840025019,-0.0005));
#6868=CARTESIAN_POINT('',(0.00652780867366317,-0.039187840025019,-0.0025));
#6869=CARTESIAN_POINT('',(0.00652780867366317,-0.039187840025019,-0.002));
#6870=CARTESIAN_POINT('',(0.00652780867366317,-0.039187840025019,-0.0005));
#6871=CARTESIAN_POINT('',(-0.00446840477687994,-0.0381581380766274,-0.0025));
#6872=CARTESIAN_POINT('',(-0.00446840477687994,-0.0381581380766274,-0.002));
#6873=CARTESIAN_POINT('',(-0.00446840477687994,-0.0381581380766274,-0.0005));
#6874=CARTESIAN_POINT('',(-0.0178,-0.0276823905279044,-0.002502));
#6875=CARTESIAN_POINT('',(-0.0178,-0.0276823905279044,-0.0005));
#6876=CARTESIAN_POINT('',(-0.0178,-0.0276823905279044,-0.002));
#6877=CARTESIAN_POINT('',(-0.0189796424368871,-0.0234959612033431,-0.002502));
#6878=CARTESIAN_POINT('',(-0.0189796424368871,-0.0234959612033431,-0.0005));
#6879=CARTESIAN_POINT('',(-0.0189796424368871,-0.0234959612033431,-0.002));
#6880=CARTESIAN_POINT('',(0.0189796424368871,-0.0234959612033431,-0.002502));
#6881=CARTESIAN_POINT('',(0.0189796424368871,-0.0234959612033431,-0.002));
#6882=CARTESIAN_POINT('',(0.0189796424368871,-0.0234959612033431,-0.0005));
#6883=CARTESIAN_POINT('',(0.0178,-0.0276823905279044,-0.002502));
#6884=CARTESIAN_POINT('',(0.0178,-0.0276823905279044,-0.002));
#6885=CARTESIAN_POINT('',(0.0178,-0.0276823905279044,-0.0005));
#6886=CARTESIAN_POINT('',(0.0146237261630676,0.01855,-0.0025));
#6887=CARTESIAN_POINT('',(0.0146237261630676,0.01855,-0.002));
#6888=CARTESIAN_POINT('',(0.0146237261630676,0.01855,-0.0005));
#6889=CARTESIAN_POINT('',(-0.0146237261630676,0.01855,-0.0025));
#6890=CARTESIAN_POINT('',(-0.0146237261630676,0.01855,-0.0005));
#6891=CARTESIAN_POINT('',(-0.0146237261630676,0.01855,-0.002));
#6892=CARTESIAN_POINT('',(-0.01905,-0.00476561797561876,-0.0025));
#6893=CARTESIAN_POINT('',(-0.01905,-0.00476561797561876,-0.0005));
#6894=CARTESIAN_POINT('',(-0.01905,-0.00476561797561876,-0.002));
#6895=CARTESIAN_POINT('',(-0.01905,0.00476561797561876,-0.0025));
#6896=CARTESIAN_POINT('',(-0.01905,0.00476561797561876,-0.0005));
#6897=CARTESIAN_POINT('',(-0.01905,0.00476561797561876,-0.002));
#6898=CARTESIAN_POINT('',(0.01905,-0.00476561797561878,-0.0025));
#6899=CARTESIAN_POINT('',(0.01905,-0.00476561797561878,-0.002));
#6900=CARTESIAN_POINT('',(0.01905,-0.00476561797561878,-0.0005));
#6901=CARTESIAN_POINT('',(0.01905,0.00476561797561875,-0.0025));
#6902=CARTESIAN_POINT('',(0.01905,0.00476561797561875,-0.002));
#6903=CARTESIAN_POINT('',(0.01905,0.00476561797561875,-0.0005));
#6904=CARTESIAN_POINT('',(-0.00765822151001589,-0.06155,-0.0025));
#6905=CARTESIAN_POINT('',(-0.00765822151001589,-0.06155,-0.002));
#6906=CARTESIAN_POINT('',(-0.00765822151001589,-0.06155,-0.0005));
#6907=CARTESIAN_POINT('',(0.00765822151001587,-0.06155,-0.0025));
#6908=CARTESIAN_POINT('',(0.00765822151001587,-0.06155,-0.002));
#6909=CARTESIAN_POINT('',(0.00765822151001587,-0.06155,-0.0005));
#6910=CARTESIAN_POINT('',(-0.0194941978343799,0.0191870340070322,-0.0025));
#6911=CARTESIAN_POINT('',(-0.0194941978343799,0.0191870340070322,-0.0005));
#6912=CARTESIAN_POINT('',(-0.0194941978343799,0.0191870340070322,-0.002));
#6913=CARTESIAN_POINT('',(0.0194941978343799,0.0191870340070322,-0.0025));
#6914=CARTESIAN_POINT('',(0.0194941978343799,0.0191870340070322,-0.002));
#6915=CARTESIAN_POINT('',(0.0194941978343799,0.0191870340070322,-0.0005));
#6916=CARTESIAN_POINT('',(0.02469732260851,0.0117562017320278,-0.0025));
#6917=CARTESIAN_POINT('',(0.02469732260851,0.0117562017320278,-0.002));
#6918=CARTESIAN_POINT('',(0.02469732260851,0.0117562017320278,-0.0005));
#6919=CARTESIAN_POINT('',(0.02469732260851,-0.0117562017320278,-0.0025));
#6920=CARTESIAN_POINT('',(0.02469732260851,-0.0117562017320278,-0.002));
#6921=CARTESIAN_POINT('',(0.02469732260851,-0.0117562017320278,-0.0005));
#6922=CARTESIAN_POINT('',(-0.02469732260851,0.0117562017320278,-0.0025));
#6923=CARTESIAN_POINT('',(-0.02469732260851,0.0117562017320278,-0.0005));
#6924=CARTESIAN_POINT('',(-0.02469732260851,0.0117562017320278,-0.002));
#6925=CARTESIAN_POINT('',(-0.02469732260851,-0.0117562017320278,-0.0025));
#6926=CARTESIAN_POINT('',(-0.02469732260851,-0.0117562017320278,-0.0005));
#6927=CARTESIAN_POINT('',(-0.02469732260851,-0.0117562017320278,-0.002));
#6928=CARTESIAN_POINT('',(0.01575,-0.0607426406871193,-0.0025));
#6929=CARTESIAN_POINT('',(0.01575,-0.0607426406871193,-0.002));
#6930=CARTESIAN_POINT('',(0.01575,-0.0607426406871193,-0.0005));
#6931=CARTESIAN_POINT('',(0.0139926406871193,-0.0625,-0.0025));
#6932=CARTESIAN_POINT('',(0.0139926406871193,-0.0625,-0.002));
#6933=CARTESIAN_POINT('',(0.0139926406871193,-0.0625,-0.0005));
#6934=CARTESIAN_POINT('',(0.0115073593128807,-0.0625,-0.0025));
#6935=CARTESIAN_POINT('',(0.0115073593128807,-0.0625,-0.002));
#6936=CARTESIAN_POINT('',(0.0115073593128807,-0.0625,-0.0005));
#6937=CARTESIAN_POINT('',(-0.0115073593128807,-0.0625,-0.0025));
#6938=CARTESIAN_POINT('',(-0.0115073593128807,-0.0625,-0.002));
#6939=CARTESIAN_POINT('',(-0.0115073593128807,-0.0625,-0.0005));
#6940=CARTESIAN_POINT('',(-0.0139926406871193,-0.0625,-0.0025));
#6941=CARTESIAN_POINT('',(-0.0139926406871193,-0.0625,-0.002));
#6942=CARTESIAN_POINT('',(-0.0139926406871193,-0.0625,-0.0005));
#6943=CARTESIAN_POINT('',(-0.01575,-0.0607426406871193,-0.0025));
#6944=CARTESIAN_POINT('',(-0.01575,-0.0607426406871193,-0.002));
#6945=CARTESIAN_POINT('',(-0.01575,-0.0607426406871193,-0.0005));
#6946=CARTESIAN_POINT('',(8.67361737988404E-19,0.031,-0.0018));
#6947=CARTESIAN_POINT('',(-0.0082091412462101,0.0175,-0.0005));
#6948=CARTESIAN_POINT('',(-0.00825582248124179,0.0173333857165559,-0.000333385716555893));
#6949=CARTESIAN_POINT('',(-0.00830212057735499,0.0171667182103552,-0.000166718210355232));
#6950=CARTESIAN_POINT('',(-0.00834805366537614,0.017,-2.44030098723027E-19));
#6951=CARTESIAN_POINT('',(0.00834805366537614,0.017,0.));
#6952=CARTESIAN_POINT('',(0.00830212057735459,0.0171667182103567,-0.000166718210356664));
#6953=CARTESIAN_POINT('',(0.00825582248122824,0.0173333857165545,-0.000333385716554463));
#6954=CARTESIAN_POINT('',(0.00820914124619622,0.0175,-0.0005));
#6955=CARTESIAN_POINT('',(0.00692820323027552,0.0175,-0.00112600909450647));
#6956=CARTESIAN_POINT('',(0.00602386237988752,0.0175,-0.00153891676263087));
#6957=CARTESIAN_POINT('',(0.00505672186985118,0.0173737870975876,-0.0018));
#6958=CARTESIAN_POINT('',(0.00410036517710183,0.0170918367346939,-0.0018));
#6959=CARTESIAN_POINT('',(-0.00410036517710183,0.0170918367346939,-0.0018));
#6960=CARTESIAN_POINT('',(-0.00505826830500533,0.0173742430132059,-0.0018));
#6961=CARTESIAN_POINT('',(-0.00602197817041144,0.0175,-0.00153977706274968));
#6962=CARTESIAN_POINT('',(-0.00692820323027551,0.0175,-0.00112600909450648));
#6963=CARTESIAN_POINT('',(0.00692820323027552,0.0075,-0.0025));
#6964=CARTESIAN_POINT('',(0.00692820323027552,0.0075,-0.002));
#6965=CARTESIAN_POINT('',(-0.00692820323027551,0.0075,-0.0025));
#6966=CARTESIAN_POINT('',(-0.00692820323027551,0.0075,-0.002));
#6967=CARTESIAN_POINT('',(0.0220309559697341,0.0084149505749127,-0.002));
#6968=CARTESIAN_POINT('',(0.0180982645142438,0.0059890147081436,-0.0025));
#6969=CARTESIAN_POINT('',(0.0253113455025463,0.0109669135174956,-0.002));
#6970=CARTESIAN_POINT('',(0.02469732260851,0.0117562017320278,-0.0025));
#6971=CARTESIAN_POINT('',(0.025516474652799,0.0123297781683788,-0.002));
#6972=CARTESIAN_POINT('',(0.01905,0.00476561797561875,-0.0025));
#6973=CARTESIAN_POINT('',(0.0175,0.00476561797561875,-0.0025));
#6974=CARTESIAN_POINT('',(0.0290578639451655,0.00640042671157724,-0.0025));
#6975=CARTESIAN_POINT('',(0.0203133498786689,0.0197606104433833,-0.002));
#6976=CARTESIAN_POINT('',(0.018,8.67361737988404E-19,-0.002));
#6977=CARTESIAN_POINT('',(0.0175,-0.00476561797561878,-0.0025));
#6978=CARTESIAN_POINT('',(0.0194941978343799,0.0191870340070322,-0.0025));
#6979=CARTESIAN_POINT('',(0.0189625177217343,0.0200339792578113,-0.002));
#6980=CARTESIAN_POINT('',(0.01905,-0.00476561797561878,-0.0025));
#6981=CARTESIAN_POINT('',(0.0180982645142438,-0.00598901470814363,-0.0025));
#6982=CARTESIAN_POINT('',(0.0173469511227877,0.0190197878085714,-0.002));
#6983=CARTESIAN_POINT('',(0.0151819902813456,0.0176607074866821,-0.002));
#6984=CARTESIAN_POINT('',(0.0220309559697341,-0.00841495057491271,-0.002));
#6985=CARTESIAN_POINT('',(0.0250043340555282,-0.0113615576247617,-0.0025));
#6986=CARTESIAN_POINT('',(0.0146237261630676,0.01855,-0.0025));
#6987=CARTESIAN_POINT('',(0.0146237261630676,0.0175,-0.002));
#6988=CARTESIAN_POINT('',(0.02469732260851,-0.0117562017320278,-0.0025));
#6989=CARTESIAN_POINT('',(0.0251068986306545,-0.0120429899502033,-0.0025));
#6990=CARTESIAN_POINT('',(0.00813488623910507,0.017,-0.0025));
#6991=CARTESIAN_POINT('',(0.00692820323027552,0.0175,-0.002));
#6992=CARTESIAN_POINT('',(0.0229149122657339,-0.016045194305881,-0.002));
#6993=CARTESIAN_POINT('',(0.0177099567682392,-0.022606917726999,-0.0025));
#6994=CARTESIAN_POINT('',(0.00692820323027552,0.0075,-0.0025));
#6995=CARTESIAN_POINT('',(0.00410036517710183,0.0170918367346939,-0.002));
#6996=CARTESIAN_POINT('',(0.0189796424368871,-0.0234959612033431,-0.0025));
#6997=CARTESIAN_POINT('',(0.0174346911125392,-0.023620962824914,-0.0025));
#6998=CARTESIAN_POINT('',(8.67361737988404E-19,0.031,-0.0025));
#6999=CARTESIAN_POINT('',(-0.00410036517710183,0.0170918367346939,-0.002));
#7000=CARTESIAN_POINT('',(0.01275,-0.024,-0.0025));
#7001=CARTESIAN_POINT('',(0.0165476,-0.0267691576769841,-0.0025));
#7002=CARTESIAN_POINT('',(-0.00692820323027551,0.0075,-0.0025));
#7003=CARTESIAN_POINT('',(-0.00692820323027551,0.0175,-0.002));
#7004=CARTESIAN_POINT('',(0.0178,-0.0276823905279044,-0.0025));
#7005=CARTESIAN_POINT('',(0.01625,-0.0276823905279044,-0.0025));
#7006=CARTESIAN_POINT('',(0.00813488623910507,0.017,-0.0025));
#7007=CARTESIAN_POINT('',(-0.0146237261630676,0.0175,-0.002));
#7008=CARTESIAN_POINT('',(0.01675,-0.0595,-0.002));
#7009=CARTESIAN_POINT('',(0.01625,-0.0607426406871193,-0.0025));
#7010=CARTESIAN_POINT('',(-0.0146237261630676,0.01855,-0.0025));
#7011=CARTESIAN_POINT('',(-0.0151819902813456,0.0176607074866821,-0.002));
#7012=CARTESIAN_POINT('',(0.01575,-0.0607426406871193,-0.0025));
#7013=CARTESIAN_POINT('',(0.0161035533905933,-0.0610961940777125,-0.0025));
#7014=CARTESIAN_POINT('',(0.0129454381056502,-0.000586982407103859,-0.0025));
#7015=CARTESIAN_POINT('',(-0.0189625177217343,0.0200339792578113,-0.002));
#7016=CARTESIAN_POINT('',(0.0155784271247462,-0.0623284271247462,-0.002));
#7017=CARTESIAN_POINT('',(0.0143461940777126,-0.0628535533905932,-0.0025));
#7018=CARTESIAN_POINT('',(-0.0194941978343799,0.0191870340070322,-0.0025));
#7019=CARTESIAN_POINT('',(-0.0203133498786689,0.0197606104433833,-0.002));
#7020=CARTESIAN_POINT('',(0.0139926406871193,-0.0625,-0.0025));
#7021=CARTESIAN_POINT('',(0.0139926406871193,-0.063,-0.0025));
#7022=CARTESIAN_POINT('',(-0.0237052726634971,0.0140447192813971,-0.0025));
#7023=CARTESIAN_POINT('',(-0.025516474652799,0.0123297781683788,-0.002));
#7024=CARTESIAN_POINT('',(0.01275,-0.0635,-0.002));
#7025=CARTESIAN_POINT('',(0.0115073593128807,-0.063,-0.0025));
#7026=CARTESIAN_POINT('',(-0.02469732260851,0.0117562017320278,-0.0025));
#7027=CARTESIAN_POINT('',(-0.0253113455025463,0.0109669135174956,-0.002));
#7028=CARTESIAN_POINT('',(0.0115073593128807,-0.0625,-0.0025));
#7029=CARTESIAN_POINT('',(0.0111538059222874,-0.0628535533905932,-0.0025));
#7030=CARTESIAN_POINT('',(-0.0220309559697341,0.00841495057491271,-0.002));
#7031=CARTESIAN_POINT('',(-0.0184052759612619,0.00559437060087753,-0.002));
#7032=CARTESIAN_POINT('',(0.00959314575050761,-0.062,-0.002));
#7033=CARTESIAN_POINT('',(0.00875423702085501,-0.0604539844891608,-0.0025));
#7034=CARTESIAN_POINT('',(-0.01905,0.00476561797561876,-0.0025));
#7035=CARTESIAN_POINT('',(-0.018,0.00476561797561876,-0.002));
#7036=CARTESIAN_POINT('',(0.00765822151001587,-0.06155,-0.0025));
#7037=CARTESIAN_POINT('',(0.00765822151001587,-0.06,-0.0025));
#7038=CARTESIAN_POINT('',(-0.018,4.33680868994202E-19,-0.002));
#7039=CARTESIAN_POINT('',(-0.018,-0.00476561797561876,-0.002));
#7040=CARTESIAN_POINT('',(-1.21430643318376E-17,-0.0605,-0.002));
#7041=CARTESIAN_POINT('',(-0.00765822151001589,-0.06,-0.0025));
#7042=CARTESIAN_POINT('',(-0.01905,-0.00476561797561876,-0.0025));
#7043=CARTESIAN_POINT('',(-0.0184052759612619,-0.00559437060087753,-0.002));
#7044=CARTESIAN_POINT('',(-0.00765822151001589,-0.06155,-0.0025));
#7045=CARTESIAN_POINT('',(-0.00875423702085504,-0.0604539844891608,-0.0025));
#7046=CARTESIAN_POINT('',(-0.0220309559697341,-0.00841495057491271,-0.002));
#7047=CARTESIAN_POINT('',(-0.0253113455025463,-0.0109669135174956,-0.002));
#7048=CARTESIAN_POINT('',(-0.00959314575050763,-0.062,-0.002));
#7049=CARTESIAN_POINT('',(-0.0111538059222874,-0.0628535533905932,-0.0025));
#7050=CARTESIAN_POINT('',(-0.02469732260851,-0.0117562017320278,-0.0025));
#7051=CARTESIAN_POINT('',(-0.025516474652799,-0.0123297781683788,-0.002));
#7052=CARTESIAN_POINT('',(-0.0115073593128807,-0.0625,-0.0025));
#7053=CARTESIAN_POINT('',(-0.0115073593128807,-0.063,-0.0025));
#7054=CARTESIAN_POINT('',(-0.0229149122657339,-0.016045194305881,-0.002));
#7055=CARTESIAN_POINT('',(-0.0181195327903837,-0.0228937059451746,-0.002));
#7056=CARTESIAN_POINT('',(-0.01275,-0.0635,-0.002));
#7057=CARTESIAN_POINT('',(-0.0139926406871193,-0.063,-0.0025));
#7058=CARTESIAN_POINT('',(-0.0189796424368871,-0.0234959612033431,-0.0025));
#7059=CARTESIAN_POINT('',(-0.0179330625074901,-0.0235806397211815,-0.002));
#7060=CARTESIAN_POINT('',(-0.0139926406871193,-0.0625,-0.0025));
#7061=CARTESIAN_POINT('',(-0.0143461940777126,-0.0628535533905932,-0.0025));
#7062=CARTESIAN_POINT('',(-0.01275,-0.024,-0.002));
#7063=CARTESIAN_POINT('',(-0.0169516,-0.0270637489192165,-0.002));
#7064=CARTESIAN_POINT('',(-0.0155784271247462,-0.0623284271247462,-0.002));
#7065=CARTESIAN_POINT('',(-0.0161035533905933,-0.0610961940777125,-0.0025));
#7066=CARTESIAN_POINT('',(-0.0178,-0.0276823905279044,-0.0025));
#7067=CARTESIAN_POINT('',(-0.01675,-0.0276823905279044,-0.002));
#7068=CARTESIAN_POINT('',(-0.01575,-0.0607426406871193,-0.0025));
#7069=CARTESIAN_POINT('',(-0.01625,-0.0607426406871193,-0.0025));
#7070=CARTESIAN_POINT('',(-0.01675,-0.0421389087296526,-0.002));
#7071=CARTESIAN_POINT('',(0.0101087461378525,0.0175,-0.0005));
#7072=CARTESIAN_POINT('',(0.0146237261630676,0.0175,-0.0005));
#7073=CARTESIAN_POINT('',(0.0146237261630676,0.01855,0.));
#7074=CARTESIAN_POINT('',(0.0151819902813456,0.0176607074866821,-0.0005));
#7075=CARTESIAN_POINT('',(-0.00127486579604458,0.00673936034586975,0.));
#7076=CARTESIAN_POINT('',(0.0189625177217343,0.0200339792578113,-0.0005));
#7077=CARTESIAN_POINT('',(0.0194941978343799,0.0191870340070322,0.));
#7078=CARTESIAN_POINT('',(0.0203133498786689,0.0197606104433833,-0.0005));
#7079=CARTESIAN_POINT('',(0.0229149122657339,0.016045194305881,-0.0005));
#7080=CARTESIAN_POINT('',(0.025516474652799,0.0123297781683788,-0.0005));
#7081=CARTESIAN_POINT('',(0.02469732260851,0.0117562017320278,0.));
#7082=CARTESIAN_POINT('',(0.0253113455025463,0.0109669135174956,-0.0005));
#7083=CARTESIAN_POINT('',(0.00499050930247958,-0.00420809914869593,0.));
#7084=CARTESIAN_POINT('',(0.0184052759612619,0.00559437060087752,-0.0005));
#7085=CARTESIAN_POINT('',(0.01905,0.00476561797561875,0.));
#7086=CARTESIAN_POINT('',(0.018,0.00476561797561875,-0.0005));
#7087=CARTESIAN_POINT('',(0.0175,-0.00825,0.));
#7088=CARTESIAN_POINT('',(0.018,-0.00476561797561878,-0.0005));
#7089=CARTESIAN_POINT('',(0.01905,-0.00476561797561878,0.));
#7090=CARTESIAN_POINT('',(0.0184052759612619,-0.00559437060087755,-0.0005));
#7091=CARTESIAN_POINT('',(0.0129870863587891,-0.00201279873891453,0.));
#7092=CARTESIAN_POINT('',(0.0253113455025463,-0.0109669135174956,-0.0005));
#7093=CARTESIAN_POINT('',(0.02469732260851,-0.0117562017320278,0.));
#7094=CARTESIAN_POINT('',(0.025516474652799,-0.0123297781683788,-0.0005));
#7095=CARTESIAN_POINT('',(0.0213053998236818,-0.017472092894014,0.));
#7096=CARTESIAN_POINT('',(0.0181195327903837,-0.0228937059451746,-0.0005));
#7097=CARTESIAN_POINT('',(0.0189796424368871,-0.0234959612033431,0.));
#7098=CARTESIAN_POINT('',(0.0179330625074902,-0.0235806397211815,-0.0005));
#7099=CARTESIAN_POINT('',(0.01275,-0.024,0.));
#7100=CARTESIAN_POINT('',(0.0169516,-0.0270637489192165,-0.0005));
#7101=CARTESIAN_POINT('',(0.0178,-0.0276823905279044,0.));
#7102=CARTESIAN_POINT('',(0.01675,-0.0276823905279044,-0.0005));
#7103=CARTESIAN_POINT('',(-0.0101087461378525,0.0175,-0.0005));
#7104=CARTESIAN_POINT('',(-0.0146237261630676,0.017,0.));
#7105=CARTESIAN_POINT('',(0.01625,-0.00825,0.));
#7106=CARTESIAN_POINT('',(0.01675,-0.0607426406871193,-0.0005));
#7107=CARTESIAN_POINT('',(-0.0146237261630676,0.01855,0.));
#7108=CARTESIAN_POINT('',(-0.0154478303376684,0.0172372348612925,0.));
#7109=CARTESIAN_POINT('',(0.01575,-0.0607426406871193,0.));
#7110=CARTESIAN_POINT('',(0.0164571067811866,-0.0614497474683058,-0.0005));
#7111=CARTESIAN_POINT('',(-0.0173469511227877,0.0190197878085713,-0.0005));
#7112=CARTESIAN_POINT('',(-0.0192283577780571,0.0196105066324218,0.));
#7113=CARTESIAN_POINT('',(0.0385423168537054,-0.0386574306146003,0.));
#7114=CARTESIAN_POINT('',(0.0146997474683058,-0.0632071067811865,-0.0005));
#7115=CARTESIAN_POINT('',(-0.0194941978343799,0.0191870340070322,0.));
#7116=CARTESIAN_POINT('',(-0.0199037738565244,0.0194738222252078,0.));
#7117=CARTESIAN_POINT('',(0.0139926406871193,-0.0625,0.));
#7118=CARTESIAN_POINT('',(0.0139926406871193,-0.0635,-0.0005));
#7119=CARTESIAN_POINT('',(-0.0229149122657339,0.016045194305881,-0.0005));
#7120=CARTESIAN_POINT('',(-0.0251068986306545,0.0120429899502033,0.));
#7121=CARTESIAN_POINT('',(0.00813488623910507,-0.063,0.));
#7122=CARTESIAN_POINT('',(0.0115073593128807,-0.0635,-0.0005));
#7123=CARTESIAN_POINT('',(-0.02469732260851,0.0117562017320278,0.));
#7124=CARTESIAN_POINT('',(-0.0250043340555282,0.0113615576247617,0.));
#7125=CARTESIAN_POINT('',(0.0115073593128807,-0.0625,0.));
#7126=CARTESIAN_POINT('',(0.0108002525316941,-0.0632071067811865,-0.0005));
#7127=CARTESIAN_POINT('',(0.0051451666156336,-0.0120930985008554,0.));
#7128=CARTESIAN_POINT('',(-0.0180982645142438,0.00598901470814362,0.));
#7129=CARTESIAN_POINT('',(-0.0176574306146004,-0.0340423168537054,0.));
#7130=CARTESIAN_POINT('',(0.00840068363026174,-0.0608075378797541,-0.0005));
#7131=CARTESIAN_POINT('',(-0.01905,0.00476561797561876,0.));
#7132=CARTESIAN_POINT('',(-0.0175,0.00476561797561876,0.));
#7133=CARTESIAN_POINT('',(0.00765822151001587,-0.06155,0.));
#7134=CARTESIAN_POINT('',(0.00765822151001587,-0.0605,-0.0005));
#7135=CARTESIAN_POINT('',(-0.0175,-0.00825,0.));
#7136=CARTESIAN_POINT('',(-0.0175,-0.00476561797561876,0.));
#7137=CARTESIAN_POINT('',(0.00813488623910507,-0.06,0.));
#7138=CARTESIAN_POINT('',(-0.00765822151001589,-0.0605,-0.0005));
#7139=CARTESIAN_POINT('',(-0.01905,-0.00476561797561876,0.));
#7140=CARTESIAN_POINT('',(-0.0180982645142438,-0.00598901470814362,0.));
#7141=CARTESIAN_POINT('',(-0.00765822151001589,-0.06155,0.));
#7142=CARTESIAN_POINT('',(-0.00840068363026176,-0.0608075378797541,-0.0005));
#7143=CARTESIAN_POINT('',(-0.00285141044067592,0.00587220061324497,0.));
#7144=CARTESIAN_POINT('',(-0.0250043340555282,-0.0113615576247617,0.));
#7145=CARTESIAN_POINT('',(0.0257923168537054,-0.0259074306146003,0.));
#7146=CARTESIAN_POINT('',(-0.0108002525316942,-0.0632071067811865,-0.0005));
#7147=CARTESIAN_POINT('',(-0.02469732260851,-0.0117562017320278,0.));
#7148=CARTESIAN_POINT('',(-0.0251068986306545,-0.0120429899502033,0.));
#7149=CARTESIAN_POINT('',(-0.0115073593128807,-0.0625,0.));
#7150=CARTESIAN_POINT('',(-0.0115073593128807,-0.0635,-0.0005));
#7151=CARTESIAN_POINT('',(-0.0159528085420134,-0.0251163854638339,0.));
#7152=CARTESIAN_POINT('',(-0.0177099567682392,-0.022606917726999,0.));
#7153=CARTESIAN_POINT('',(0.00813488623910507,-0.063,0.));
#7154=CARTESIAN_POINT('',(-0.0139926406871193,-0.0635,-0.0005));
#7155=CARTESIAN_POINT('',(-0.0189796424368871,-0.0234959612033431,0.));
#7156=CARTESIAN_POINT('',(-0.0174346911125392,-0.023620962824914,0.));
#7157=CARTESIAN_POINT('',(-0.0139926406871193,-0.0625,0.));
#7158=CARTESIAN_POINT('',(-0.0146997474683058,-0.0632071067811865,-0.0005));
#7159=CARTESIAN_POINT('',(-0.01275,-0.024,-0.0005));
#7160=CARTESIAN_POINT('',(-0.0165476,-0.0267691576769841,0.));
#7161=CARTESIAN_POINT('',(-0.0304074306146003,-0.0467923168537054,0.));
#7162=CARTESIAN_POINT('',(-0.0164571067811866,-0.0614497474683058,-0.0005));
#7163=CARTESIAN_POINT('',(-0.0178,-0.0276823905279044,0.));
#7164=CARTESIAN_POINT('',(-0.01625,-0.0276823905279044,0.));
#7165=CARTESIAN_POINT('',(-0.01575,-0.0607426406871193,0.));
#7166=CARTESIAN_POINT('',(-0.01675,-0.0607426406871193,-0.0005));
#7167=CARTESIAN_POINT('',(-0.01625,-0.00825,0.));
#7168=CARTESIAN_POINT('',(0.003,-0.0465,-0.002));
#7169=CARTESIAN_POINT('',(0.0020557455554506,-0.0553725966937369,-0.0025));
#7170=CARTESIAN_POINT('',(0.00341971482105817,-0.0381057035788362,-0.002));
#7171=CARTESIAN_POINT('',(0.0044684047768799,-0.0381581380766273,-0.0025));
#7172=CARTESIAN_POINT('',(0.00493797905215486,-0.0372189895260774,-0.002));
#7173=CARTESIAN_POINT('',(0.00360381168071126,-0.05545,-0.0025));
#7174=CARTESIAN_POINT('',(0.00360381168071126,-0.057,-0.0025));
#7175=CARTESIAN_POINT('',(0.0055,-0.0375,-0.002));
#7176=CARTESIAN_POINT('',(0.00699738294893812,-0.038248691474469,-0.002));
#7177=CARTESIAN_POINT('',(0.006125,-0.0565,-0.002));
#7178=CARTESIAN_POINT('',(0.0085605786705358,-0.057,-0.0025));
#7179=CARTESIAN_POINT('',(0.00652780867366317,-0.039187840025019,-0.0025));
#7180=CARTESIAN_POINT('',(0.00756970044421252,-0.0390576035537003,-0.002));
#7181=CARTESIAN_POINT('',(0.0085605786705358,-0.05545,-0.0025));
#7182=CARTESIAN_POINT('',(0.010098609379442,-0.0552577461613867,-0.0025));
#7183=CARTESIAN_POINT('',(0.008625,-0.0475,-0.002));
#7184=CARTESIAN_POINT('',(0.00442115970646906,-0.00806431367336818,0.));
#7185=CARTESIAN_POINT('',(0.00255512172488953,-0.0553975655022089,-0.0005));
#7186=CARTESIAN_POINT('',(0.00292033865161925,-0.0380807347703643,0.));
#7187=CARTESIAN_POINT('',(0.0044684047768799,-0.0381581380766273,0.));
#7188=CARTESIAN_POINT('',(0.00516158584990484,-0.0367717759305774,0.));
#7189=CARTESIAN_POINT('',(0.00360381168071126,-0.05545,0.));
#7190=CARTESIAN_POINT('',(0.00360381168071126,-0.0565,-0.0005));
#7191=CARTESIAN_POINT('',(-0.00386848421096598,-0.0322567409001421,0.));
#7192=CARTESIAN_POINT('',(0.0072209897466881,-0.0378014778789691,0.));
#7193=CARTESIAN_POINT('',(0.00813488623910507,-0.057,0.));
#7194=CARTESIAN_POINT('',(0.0085605786705358,-0.0565,-0.0005));
#7195=CARTESIAN_POINT('',(0.00652780867366317,-0.039187840025019,0.));
#7196=CARTESIAN_POINT('',(0.00806583938256936,-0.0389955861864057,0.));
#7197=CARTESIAN_POINT('',(0.0085605786705358,-0.05545,0.));
#7198=CARTESIAN_POINT('',(0.00960247044108515,-0.0553197635286813,-0.0005));
#7199=CARTESIAN_POINT('',(0.00428282949588151,-0.00873150709290293,0.));
#7200=CARTESIAN_POINT('',(-0.008625,-0.0475,-0.002));
#7201=CARTESIAN_POINT('',(-0.010098609379442,-0.0552577461613867,-0.0025));
#7202=CARTESIAN_POINT('',(-0.00756970044421255,-0.0390576035537003,-0.002));
#7203=CARTESIAN_POINT('',(-0.0065278086736632,-0.039187840025019,-0.0025));
#7204=CARTESIAN_POINT('',(-0.00699738294893816,-0.038248691474469,-0.002));
#7205=CARTESIAN_POINT('',(-0.00856057867053582,-0.05545,-0.0025));
#7206=CARTESIAN_POINT('',(-0.00856057867053582,-0.057,-0.0025));
#7207=CARTESIAN_POINT('',(-0.0055,-0.0375,-0.002));
#7208=CARTESIAN_POINT('',(-0.0049379790521549,-0.0372189895260774,-0.002));
#7209=CARTESIAN_POINT('',(-0.006125,-0.0565,-0.002));
#7210=CARTESIAN_POINT('',(-0.00360381168071132,-0.057,-0.0025));
#7211=CARTESIAN_POINT('',(-0.00446840477687994,-0.0381581380766274,-0.0025));
#7212=CARTESIAN_POINT('',(-0.00341971482105821,-0.0381057035788362,-0.002));
#7213=CARTESIAN_POINT('',(-0.00360381168071132,-0.05545,-0.0025));
#7214=CARTESIAN_POINT('',(-0.00205574555545066,-0.0553725966937369,-0.0025));
#7215=CARTESIAN_POINT('',(-0.003,-0.0465,-0.002));
#7216=CARTESIAN_POINT('',(-0.0040325253039091,-0.00672907355712322,0.));
#7217=CARTESIAN_POINT('',(-0.00960247044108517,-0.0553197635286813,-0.0005));
#7218=CARTESIAN_POINT('',(-0.00806583938256938,-0.0389955861864057,0.));
#7219=CARTESIAN_POINT('',(-0.0065278086736632,-0.039187840025019,0.));
#7220=CARTESIAN_POINT('',(-0.00722098974668814,-0.0378014778789691,0.));
#7221=CARTESIAN_POINT('',(-0.00856057867053582,-0.05545,0.));
#7222=CARTESIAN_POINT('',(-0.00856057867053582,-0.0565,-0.0005));
#7223=CARTESIAN_POINT('',(0.0168843021935341,-0.025748831908858,0.));
#7224=CARTESIAN_POINT('',(-0.00516158584990488,-0.0367717759305774,0.));
#7225=CARTESIAN_POINT('',(0.00813488623910507,-0.057,0.));
#7226=CARTESIAN_POINT('',(-0.00360381168071132,-0.0565,-0.0005));
#7227=CARTESIAN_POINT('',(-0.00446840477687994,-0.0381581380766274,0.));
#7228=CARTESIAN_POINT('',(-0.00292033865161929,-0.0380807347703643,0.));
#7229=CARTESIAN_POINT('',(-0.00360381168071132,-0.05545,0.));
#7230=CARTESIAN_POINT('',(-0.00255512172488958,-0.0553975655022089,-0.0005));
#7231=CARTESIAN_POINT('',(-0.0043805867077703,-0.00887577364734375,0.));
#7232=CARTESIAN_POINT('',(-0.0101564971157456,-0.0240935028842544,-0.002));
#7233=CARTESIAN_POINT('',(-0.0114064971157456,-0.0253435028842544,-0.002));
#7234=CARTESIAN_POINT('',(-0.00855294372515233,-0.0231970562748477,-0.0025));
#7235=CARTESIAN_POINT('',(-0.01025,-0.0215,-0.0025));
#7236=CARTESIAN_POINT('',(-0.0119470562748477,-0.0198029437251523,-0.0025));
#7237=CARTESIAN_POINT('',(-0.01275,-0.024,-0.0025));
#7238=CARTESIAN_POINT('',(-0.0140935028842545,-0.0226564971157455,-0.002));
#7239=CARTESIAN_POINT('',(0.00387038684470503,-0.00398550060559984,-0.0025));
#7240=CARTESIAN_POINT('',(0.0128435028842545,-0.0214064971157455,-0.002));
#7241=CARTESIAN_POINT('',(0.0140935028842545,-0.0226564971157455,-0.002));
#7242=CARTESIAN_POINT('',(0.0119470562748477,-0.0198029437251523,-0.0025));
#7243=CARTESIAN_POINT('',(0.01025,-0.0215,-0.002));
#7244=CARTESIAN_POINT('',(0.00855294372515233,-0.0231970562748477,-0.0025));
#7245=CARTESIAN_POINT('',(0.01275,-0.024,-0.002));
#7246=CARTESIAN_POINT('',(0.0114064971157456,-0.0253435028842544,-0.002));
#7247=CARTESIAN_POINT('',(0.000870386844704835,-0.0155144993944004,-0.0025));
#7248=CARTESIAN_POINT('',(-0.01025,-0.000999999999999971,-0.002));
#7249=CARTESIAN_POINT('',(-0.00855294372515233,0.000697056274847764,-0.0025));
#7250=CARTESIAN_POINT('',(-0.0115935028842544,-0.00234350288425442,-0.002));
#7251=CARTESIAN_POINT('',(-0.0128435028842545,-0.00109350288425444,-0.002));
#7252=CARTESIAN_POINT('',(-0.0140935028842545,0.000156497115745544,-0.002));
#7253=CARTESIAN_POINT('',(0.00426449939440043,-0.0121203868447047,-0.0025));
#7254=CARTESIAN_POINT('',(-0.0110529437251523,0.00319705627484773,-0.0025));
#7255=CARTESIAN_POINT('',(-0.01275,0.0015,-0.002));
#7256=CARTESIAN_POINT('',(0.00726449939440021,-0.00737961315529511,-0.0025));
#7257=CARTESIAN_POINT('',(0.0144470562748477,-0.00019705627484773,-0.0025));
#7258=CARTESIAN_POINT('',(0.0115935028842544,-0.00234350288425442,-0.002));
#7259=CARTESIAN_POINT('',(0.01025,-0.000999999999999967,-0.0025));
#7260=CARTESIAN_POINT('',(0.00890649711574559,0.000343502884254489,-0.002));
#7261=CARTESIAN_POINT('',(0.01275,0.0015,-0.0025));
#7262=CARTESIAN_POINT('',(0.0110529437251523,0.00319705627484774,-0.0025));
#7263=CARTESIAN_POINT('',(0.0101564971157456,0.00159350288425448,-0.002));
#7264=CARTESIAN_POINT('',(-0.0101564971157456,-0.0240935028842544,-0.0005));
#7265=CARTESIAN_POINT('',(-0.00890649711574559,-0.0228435028842544,-0.0005));
#7266=CARTESIAN_POINT('',(-0.0110529437251524,-0.0256970562748476,0.));
#7267=CARTESIAN_POINT('',(-0.01275,-0.024,0.));
#7268=CARTESIAN_POINT('',(-0.0144470562748477,-0.0223029437251522,0.));
#7269=CARTESIAN_POINT('',(-0.01025,-0.0215,0.));
#7270=CARTESIAN_POINT('',(-0.0115935028842544,-0.0201564971157455,-0.0005));
#7271=CARTESIAN_POINT('',(0.00387038684470503,-0.00398550060559984,0.));
#7272=CARTESIAN_POINT('',(0.000870386844704835,-0.0155144993944004,0.));
#7273=CARTESIAN_POINT('',(0.00855294372515232,-0.0231970562748477,0.));
#7274=CARTESIAN_POINT('',(0.0114064971157456,-0.0253435028842544,-0.0005));
#7275=CARTESIAN_POINT('',(0.01275,-0.024,-0.0005));
#7276=CARTESIAN_POINT('',(0.0140935028842545,-0.0226564971157455,-0.0005));
#7277=CARTESIAN_POINT('',(0.01025,-0.0215,-0.0005));
#7278=CARTESIAN_POINT('',(0.0119470562748477,-0.0198029437251523,0.));
#7279=CARTESIAN_POINT('',(0.0128435028842545,-0.0214064971157455,-0.0005));
#7280=CARTESIAN_POINT('',(-0.01025,-0.000999999999999971,-0.0005));
#7281=CARTESIAN_POINT('',(-0.0119470562748477,-0.00269705627484771,0.));
#7282=CARTESIAN_POINT('',(-0.0089064971157456,0.000343502884254486,-0.0005));
#7283=CARTESIAN_POINT('',(0.00426449939440043,-0.0121203868447047,0.));
#7284=CARTESIAN_POINT('',(-0.0114064971157456,0.00284350288425445,-0.0005));
#7285=CARTESIAN_POINT('',(-0.0128435028842545,-0.00109350288425444,-0.0005));
#7286=CARTESIAN_POINT('',(-0.0144470562748477,-0.000197056274847735,0.));
#7287=CARTESIAN_POINT('',(-0.01275,0.0015,-0.0005));
#7288=CARTESIAN_POINT('',(0.00726449939440021,-0.00737961315529511,0.));
#7289=CARTESIAN_POINT('',(0.0119470562748477,-0.0026970562748477,0.));
#7290=CARTESIAN_POINT('',(0.0140935028842545,0.000156497115745548,-0.0005));
#7291=CARTESIAN_POINT('',(0.01275,0.0015,0.));
#7292=CARTESIAN_POINT('',(0.0114064971157456,0.00284350288425446,-0.0005));
#7293=CARTESIAN_POINT('',(0.01025,-0.000999999999999967,0.));
#7294=CARTESIAN_POINT('',(0.00855294372515232,0.000697056274847767,0.));
#7295=CARTESIAN_POINT('',(0.0101564971157456,0.00159350288425448,-0.0005));
#7296=MECHANICAL_DESIGN_GEOMETRIC_PRESENTATION_REPRESENTATION('',(#4289),
#7297);
#7297=(
GEOMETRIC_REPRESENTATION_CONTEXT(3)
GLOBAL_UNCERTAINTY_ASSIGNED_CONTEXT((#7298))
GLOBAL_UNIT_ASSIGNED_CONTEXT((#7301,#7300,#7299))
REPRESENTATION_CONTEXT('Base-Bot','TOP_LEVEL_ASSEMBLY_PART')
);
#7298=UNCERTAINTY_MEASURE_WITH_UNIT(LENGTH_MEASURE(2.E-5),#7301,
'DISTANCE_ACCURACY_VALUE','Maximum Tolerance applied to model');
#7299=(
NAMED_UNIT(*)
SI_UNIT($,.STERADIAN.)
SOLID_ANGLE_UNIT()
);
#7300=(
NAMED_UNIT(*)
PLANE_ANGLE_UNIT()
SI_UNIT($,.RADIAN.)
);
#7301=(
LENGTH_UNIT()
NAMED_UNIT(*)
SI_UNIT($,.METRE.)
);
#7302=PRODUCT_DEFINITION_SHAPE('','',#7303);
#7303=PRODUCT_DEFINITION('','',#7305,#7304);
#7304=PRODUCT_DEFINITION_CONTEXT('',#7311,'design');
#7305=PRODUCT_DEFINITION_FORMATION_WITH_SPECIFIED_SOURCE('','',#7307,
 .NOT_KNOWN.);
#7306=PRODUCT_RELATED_PRODUCT_CATEGORY('','',(#7307));
#7307=PRODUCT('Base-Bot','Base-Bot','Base-Bot',(#7309));
#7308=PRODUCT_CATEGORY('','');
#7309=PRODUCT_CONTEXT('',#7311,'mechanical');
#7310=APPLICATION_PROTOCOL_DEFINITION('international standard',
'ap242_managed_model_based_3d_engineering',2020,#7311);
#7311=APPLICATION_CONTEXT('managed model based 3d engineering');
ENDSEC;
END-ISO-10303-21;
