ISO-10303-21;
HEADER;
/* Generated by software containing ST-Developer
 * from STEP Tools, Inc. (www.steptools.com) 
 */
/* OPTION: using custom renumber hook */

FILE_DESCRIPTION(
/* description */ ('STEP AP242 Edition 2',
'CAx-IF Rec.Pracs.---Representation and Presentation of Product Manufa
cturing Information (PMI)---4.0---2014-10-13',
'CAx-IF Rec.Pracs.---3D Tessellated Geometry---0.4---2014-09-14','2;1',
'CAx-IF Rec.Pracs.---User Defined Attributes---1.5---2016-08-15'),
/* implementation_level */ '2;1');

FILE_NAME(
/* name */ 'frame - Top',
/* time_stamp */ '2026-07-05T17:28:42Z',
/* author */ (''),
/* organization */ (''),
/* preprocessor_version */ 'ST-DEVELOPER v20',
/* originating_system */ 'ONSHAPE BY PTC INC, 1.217',
/* authorisation */ '  ');

FILE_SCHEMA (('AP242_MANAGED_MODEL_BASED_3D_ENGINEERING_MIM_LF { 1 0 10303 442 3 1 4 }'));
ENDSEC;

DATA;
#10=SHAPE_REPRESENTATION_RELATIONSHIP('','',#6267,#11);
#11=ADVANCED_BREP_SHAPE_REPRESENTATION('',(#6265),#10657);
#12=CONICAL_SURFACE('',#6692,0.0005,0.785398163397448);
#13=CONICAL_SURFACE('',#6693,0.0005,0.785398163397448);
#14=CONICAL_SURFACE('',#6696,0.00155,0.785398163397446);
#15=CONICAL_SURFACE('',#6697,0.00155,0.785398163397448);
#16=CONICAL_SURFACE('',#6700,0.0005,0.785398163397446);
#17=CONICAL_SURFACE('',#6701,0.00155,0.785398163397446);
#18=CONICAL_SURFACE('',#6704,0.0005,0.785398163397448);
#19=CONICAL_SURFACE('',#6705,0.0005,0.785398163397448);
#20=CONICAL_SURFACE('',#6708,0.0005,0.785398163397448);
#21=CONICAL_SURFACE('',#6709,0.0005,0.785398163397448);
#22=CONICAL_SURFACE('',#6712,0.0005,0.785398163397448);
#23=CONICAL_SURFACE('',#6713,0.0005,0.785398163397448);
#24=CONICAL_SURFACE('',#6716,0.00155,0.78539816339745);
#25=CONICAL_SURFACE('',#6717,0.0005,0.785398163397448);
#26=CONICAL_SURFACE('',#6720,0.00155,0.785398163397448);
#27=CONICAL_SURFACE('',#6721,0.00155,0.78539816339745);
#28=CONICAL_SURFACE('',#6724,0.00155,0.785398163397448);
#29=CONICAL_SURFACE('',#6725,0.00155,0.785398163397448);
#30=CONICAL_SURFACE('',#6728,0.00155,0.785398163397448);
#31=CONICAL_SURFACE('',#6729,0.0005,0.785398163397448);
#32=CONICAL_SURFACE('',#6732,0.00155,0.78539816339745);
#33=CONICAL_SURFACE('',#6733,0.0005,0.785398163397448);
#34=CONICAL_SURFACE('',#6736,0.00155,0.785398163397448);
#35=CONICAL_SURFACE('',#6737,0.0005,0.785398163397448);
#36=CONICAL_SURFACE('',#6740,0.00155,0.785398163397448);
#37=CONICAL_SURFACE('',#6741,0.0005,0.785398163397448);
#38=CONICAL_SURFACE('',#6744,0.00155,0.785398163397448);
#39=CONICAL_SURFACE('',#6745,0.00155,0.785398163397448);
#40=CONICAL_SURFACE('',#6748,0.0005,0.785398163397448);
#41=CONICAL_SURFACE('',#6749,0.00155,0.785398163397446);
#42=CONICAL_SURFACE('',#6752,0.0005,0.785398163397448);
#43=CONICAL_SURFACE('',#6753,0.0005,0.785398163397446);
#44=CONICAL_SURFACE('',#6756,0.0005,0.785398163397446);
#45=CONICAL_SURFACE('',#6757,0.0005,0.785398163397448);
#46=CONICAL_SURFACE('',#6760,0.0005,0.785398163397448);
#47=CONICAL_SURFACE('',#6761,0.00155,0.785398163397448);
#48=CONICAL_SURFACE('',#6764,0.0005,0.785398163397448);
#49=CONICAL_SURFACE('',#6765,0.0005,0.785398163397448);
#50=CONICAL_SURFACE('',#6768,0.00155,0.785398163397446);
#51=CONICAL_SURFACE('',#6769,0.00155,0.785398163397448);
#52=CONICAL_SURFACE('',#6772,0.0005,0.785398163397446);
#53=CONICAL_SURFACE('',#6773,0.00155,0.785398163397446);
#54=CONICAL_SURFACE('',#6776,0.0005,0.785398163397448);
#55=CONICAL_SURFACE('',#6777,0.0005,0.785398163397448);
#56=CONICAL_SURFACE('',#6780,0.0005,0.785398163397448);
#57=CONICAL_SURFACE('',#6781,0.0005,0.785398163397448);
#58=CONICAL_SURFACE('',#6784,0.0005,0.785398163397448);
#59=CONICAL_SURFACE('',#6785,0.0005,0.785398163397448);
#60=CONICAL_SURFACE('',#6788,0.00155,0.78539816339745);
#61=CONICAL_SURFACE('',#6789,0.0005,0.785398163397448);
#62=CONICAL_SURFACE('',#6792,0.00155,0.785398163397448);
#63=CONICAL_SURFACE('',#6793,0.00155,0.78539816339745);
#64=CONICAL_SURFACE('',#6796,0.00155,0.785398163397448);
#65=CONICAL_SURFACE('',#6797,0.00155,0.785398163397448);
#66=CONICAL_SURFACE('',#6800,0.00155,0.785398163397448);
#67=CONICAL_SURFACE('',#6801,0.0005,0.785398163397448);
#68=CONICAL_SURFACE('',#6804,0.00155,0.78539816339745);
#69=CONICAL_SURFACE('',#6805,0.0005,0.785398163397448);
#70=CONICAL_SURFACE('',#6808,0.00155,0.785398163397448);
#71=CONICAL_SURFACE('',#6809,0.0005,0.785398163397448);
#72=CONICAL_SURFACE('',#6812,0.00155,0.785398163397448);
#73=CONICAL_SURFACE('',#6813,0.0005,0.785398163397448);
#74=CONICAL_SURFACE('',#6816,0.00155,0.785398163397448);
#75=CONICAL_SURFACE('',#6817,0.00155,0.785398163397448);
#76=CONICAL_SURFACE('',#6820,0.0005,0.785398163397448);
#77=CONICAL_SURFACE('',#6821,0.00155,0.785398163397446);
#78=CONICAL_SURFACE('',#6824,0.0005,0.785398163397448);
#79=CONICAL_SURFACE('',#6825,0.0005,0.785398163397446);
#80=CONICAL_SURFACE('',#6828,0.0005,0.785398163397446);
#81=CONICAL_SURFACE('',#6829,0.0005,0.785398163397448);
#82=CONICAL_SURFACE('',#6832,0.0005,0.785398163397448);
#83=CONICAL_SURFACE('',#6833,0.00155,0.785398163397448);
#84=CONICAL_SURFACE('',#6836,0.00155,0.785398163397448);
#85=CONICAL_SURFACE('',#6837,0.00155,0.785398163397448);
#86=CONICAL_SURFACE('',#6838,0.020625,0.785398163397448);
#87=CONICAL_SURFACE('',#6840,0.00155,0.78539816339745);
#88=CONICAL_SURFACE('',#6841,0.00155,0.785398163397448);
#89=CONICAL_SURFACE('',#6844,0.00155,0.785398163397448);
#90=CONICAL_SURFACE('',#6845,0.00155,0.785398163397448);
#91=CONICAL_SURFACE('',#6846,0.020625,0.785398163397445);
#92=CONICAL_SURFACE('',#6848,0.00155,0.785398163397448);
#93=CONICAL_SURFACE('',#6849,0.00155,0.785398163397448);
#94=CONICAL_SURFACE('',#6850,0.021125,0.785398163397448);
#95=CONICAL_SURFACE('',#6852,0.00155,0.78539816339745);
#96=CONICAL_SURFACE('',#6853,0.00155,0.785398163397448);
#97=CONICAL_SURFACE('',#6856,0.00155,0.785398163397448);
#98=CONICAL_SURFACE('',#6857,0.00155,0.785398163397448);
#99=CONICAL_SURFACE('',#6858,0.021125,0.785398163397448);
#100=CONICAL_SURFACE('',#6860,0.00155,0.785398163397448);
#101=CONICAL_SURFACE('',#6861,0.00155,0.785398163397449);
#102=CONICAL_SURFACE('',#6864,0.00155,0.785398163397449);
#103=CONICAL_SURFACE('',#6865,0.00155,0.785398163397449);
#104=CONICAL_SURFACE('',#6868,0.00155,0.785398163397448);
#105=CONICAL_SURFACE('',#6869,0.00155,0.785398163397449);
#106=CONICAL_SURFACE('',#6872,0.00155,0.785398163397449);
#107=CONICAL_SURFACE('',#6873,0.00155,0.785398163397449);
#108=CONICAL_SURFACE('',#6876,0.00155,0.785398163397449);
#109=CONICAL_SURFACE('',#6877,0.00155,0.785398163397449);
#110=CONICAL_SURFACE('',#6880,0.00155,0.785398163397449);
#111=CONICAL_SURFACE('',#6881,0.00155,0.785398163397449);
#112=CONICAL_SURFACE('',#6884,0.00155,0.785398163397449);
#113=CONICAL_SURFACE('',#6885,0.00155,0.785398163397449);
#114=CONICAL_SURFACE('',#6888,0.00155,0.785398163397449);
#115=CONICAL_SURFACE('',#6889,0.00155,0.785398163397449);
#116=CONICAL_SURFACE('',#6892,0.00155,0.785398163397448);
#117=CONICAL_SURFACE('',#6893,0.00155,0.785398163397445);
#118=CONICAL_SURFACE('',#6894,0.0145,0.785398163397448);
#119=CONICAL_SURFACE('',#6895,0.0145,0.785398163397446);
#120=CONICAL_SURFACE('',#6896,0.00155,0.785398163397446);
#121=CONICAL_SURFACE('',#6897,0.00155,0.785398163397448);
#122=CONICAL_SURFACE('',#6900,0.00155,0.785398163397448);
#123=CONICAL_SURFACE('',#6901,0.00155,0.785398163397445);
#124=CONICAL_SURFACE('',#6902,0.015,0.785398163397446);
#125=CONICAL_SURFACE('',#6903,0.015,0.785398163397445);
#126=CONICAL_SURFACE('',#6904,0.00155,0.785398163397446);
#127=CONICAL_SURFACE('',#6905,0.00155,0.785398163397448);
#128=CONICAL_SURFACE('',#6908,0.00155,0.785398163397448);
#129=CONICAL_SURFACE('',#6909,0.00155,0.785398163397448);
#130=CONICAL_SURFACE('',#6910,0.0145,0.785398163397445);
#131=CONICAL_SURFACE('',#6911,0.0145,0.785398163397448);
#132=CONICAL_SURFACE('',#6912,0.00155,0.785398163397448);
#133=CONICAL_SURFACE('',#6913,0.00155,0.785398163397446);
#134=CONICAL_SURFACE('',#6916,0.00155,0.785398163397448);
#135=CONICAL_SURFACE('',#6917,0.00155,0.785398163397448);
#136=CONICAL_SURFACE('',#6918,0.015,0.785398163397448);
#137=CONICAL_SURFACE('',#6919,0.015,0.785398163397448);
#138=CONICAL_SURFACE('',#6920,0.00155,0.785398163397448);
#139=CONICAL_SURFACE('',#6921,0.00155,0.785398163397446);
#140=CONICAL_SURFACE('',#6924,0.00155,0.785398163397448);
#141=CONICAL_SURFACE('',#6925,0.00155,0.785398163397449);
#142=CONICAL_SURFACE('',#6928,0.00155,0.785398163397449);
#143=CONICAL_SURFACE('',#6929,0.00155,0.785398163397449);
#144=CONICAL_SURFACE('',#6932,0.00155,0.785398163397448);
#145=CONICAL_SURFACE('',#6933,0.00155,0.785398163397449);
#146=CONICAL_SURFACE('',#6936,0.00155,0.785398163397449);
#147=CONICAL_SURFACE('',#6937,0.00155,0.785398163397449);
#148=CIRCLE('',#6271,0.015);
#149=CIRCLE('',#6272,0.015);
#150=CIRCLE('',#6276,0.015);
#151=CIRCLE('',#6277,0.015);
#152=CIRCLE('',#6280,0.021125);
#153=CIRCLE('',#6281,0.021125);
#154=CIRCLE('',#6286,0.021125);
#155=CIRCLE('',#6287,0.021125);
#156=CIRCLE('',#6333,0.015);
#157=CIRCLE('',#6334,0.015);
#158=CIRCLE('',#6337,0.0013);
#159=CIRCLE('',#6338,0.0013);
#160=CIRCLE('',#6340,0.0013);
#161=CIRCLE('',#6341,0.0013);
#162=CIRCLE('',#6343,0.0013);
#163=CIRCLE('',#6344,0.0013);
#164=CIRCLE('',#6346,0.0013);
#165=CIRCLE('',#6347,0.0013);
#166=CIRCLE('',#6349,0.0013);
#167=CIRCLE('',#6350,0.0013);
#168=CIRCLE('',#6352,0.0013);
#169=CIRCLE('',#6353,0.0013);
#170=CIRCLE('',#6355,0.0013);
#171=CIRCLE('',#6356,0.0013);
#172=CIRCLE('',#6358,0.0013);
#173=CIRCLE('',#6359,0.0013);
#174=CIRCLE('',#6365,0.015);
#175=CIRCLE('',#6366,0.015);
#176=CIRCLE('',#6368,0.00155);
#177=CIRCLE('',#6369,0.00155);
#178=CIRCLE('',#6370,0.00155);
#179=CIRCLE('',#6371,0.00155);
#180=CIRCLE('',#6372,0.00155);
#181=CIRCLE('',#6373,0.00155);
#182=CIRCLE('',#6374,0.00155);
#183=CIRCLE('',#6375,0.00155);
#184=CIRCLE('',#6376,0.00155);
#185=CIRCLE('',#6377,0.00155);
#186=CIRCLE('',#6378,0.0145);
#187=CIRCLE('',#6379,0.00155);
#188=CIRCLE('',#6380,0.00155);
#189=CIRCLE('',#6381,0.0145);
#190=CIRCLE('',#6382,0.00155);
#191=CIRCLE('',#6383,0.00155);
#192=CIRCLE('',#6384,0.0145);
#193=CIRCLE('',#6385,0.00155);
#194=CIRCLE('',#6386,0.00155);
#195=CIRCLE('',#6387,0.0145);
#196=CIRCLE('',#6388,0.00155);
#197=CIRCLE('',#6389,0.00155);
#198=CIRCLE('',#6390,0.00155);
#199=CIRCLE('',#6391,0.00155);
#200=CIRCLE('',#6392,0.00155);
#201=CIRCLE('',#6393,0.020625);
#202=CIRCLE('',#6394,0.00155);
#203=CIRCLE('',#6395,0.00155);
#204=CIRCLE('',#6396,0.00155);
#205=CIRCLE('',#6397,0.00155);
#206=CIRCLE('',#6398,0.020625);
#207=CIRCLE('',#6399,0.00155);
#208=CIRCLE('',#6400,0.00155);
#209=CIRCLE('',#6401,0.0005);
#210=CIRCLE('',#6402,0.0005);
#211=CIRCLE('',#6403,0.0005);
#212=CIRCLE('',#6404,0.0005);
#213=CIRCLE('',#6405,0.00155);
#214=CIRCLE('',#6406,0.00155);
#215=CIRCLE('',#6407,0.00155);
#216=CIRCLE('',#6408,0.00155);
#217=CIRCLE('',#6409,0.00155);
#218=CIRCLE('',#6410,0.00155);
#219=CIRCLE('',#6411,0.00155);
#220=CIRCLE('',#6412,0.00155);
#221=CIRCLE('',#6413,0.0005);
#222=CIRCLE('',#6414,0.0005);
#223=CIRCLE('',#6415,0.0005);
#224=CIRCLE('',#6416,0.0005);
#225=CIRCLE('',#6417,0.00155);
#226=CIRCLE('',#6418,0.0005);
#227=CIRCLE('',#6419,0.0005);
#228=CIRCLE('',#6420,0.00155);
#229=CIRCLE('',#6421,0.00155);
#230=CIRCLE('',#6422,0.0005);
#231=CIRCLE('',#6423,0.0005);
#232=CIRCLE('',#6424,0.0005);
#233=CIRCLE('',#6425,0.0005);
#234=CIRCLE('',#6426,0.00155);
#235=CIRCLE('',#6427,0.00155);
#236=CIRCLE('',#6428,0.0005);
#237=CIRCLE('',#6429,0.0005);
#238=CIRCLE('',#6430,0.0005);
#239=CIRCLE('',#6431,0.0005);
#240=CIRCLE('',#6432,0.00155);
#241=CIRCLE('',#6433,0.00155);
#242=CIRCLE('',#6434,0.0005);
#243=CIRCLE('',#6435,0.0005);
#244=CIRCLE('',#6437,0.00155);
#245=CIRCLE('',#6438,0.00155);
#246=CIRCLE('',#6439,0.00155);
#247=CIRCLE('',#6440,0.00155);
#248=CIRCLE('',#6441,0.00155);
#249=CIRCLE('',#6442,0.00155);
#250=CIRCLE('',#6443,0.00155);
#251=CIRCLE('',#6444,0.00155);
#252=CIRCLE('',#6445,0.00155);
#253=CIRCLE('',#6446,0.00155);
#254=CIRCLE('',#6447,0.0145);
#255=CIRCLE('',#6448,0.00155);
#256=CIRCLE('',#6449,0.00155);
#257=CIRCLE('',#6450,0.0145);
#258=CIRCLE('',#6451,0.00155);
#259=CIRCLE('',#6452,0.00155);
#260=CIRCLE('',#6453,0.0145);
#261=CIRCLE('',#6454,0.00155);
#262=CIRCLE('',#6455,0.00155);
#263=CIRCLE('',#6456,0.0145);
#264=CIRCLE('',#6457,0.00155);
#265=CIRCLE('',#6458,0.00155);
#266=CIRCLE('',#6459,0.00155);
#267=CIRCLE('',#6460,0.00155);
#268=CIRCLE('',#6461,0.00155);
#269=CIRCLE('',#6462,0.020625);
#270=CIRCLE('',#6463,0.00155);
#271=CIRCLE('',#6464,0.00155);
#272=CIRCLE('',#6465,0.020625);
#273=CIRCLE('',#6466,0.00155);
#274=CIRCLE('',#6467,0.00155);
#275=CIRCLE('',#6468,0.00155);
#276=CIRCLE('',#6469,0.0005);
#277=CIRCLE('',#6470,0.00155);
#278=CIRCLE('',#6471,0.0005);
#279=CIRCLE('',#6472,0.0005);
#280=CIRCLE('',#6473,0.00155);
#281=CIRCLE('',#6474,0.00155);
#282=CIRCLE('',#6475,0.0005);
#283=CIRCLE('',#6476,0.0005);
#284=CIRCLE('',#6477,0.0005);
#285=CIRCLE('',#6478,0.0005);
#286=CIRCLE('',#6479,0.00155);
#287=CIRCLE('',#6480,0.00155);
#288=CIRCLE('',#6481,0.0005);
#289=CIRCLE('',#6482,0.0005);
#290=CIRCLE('',#6483,0.0005);
#291=CIRCLE('',#6484,0.0005);
#292=CIRCLE('',#6485,0.00155);
#293=CIRCLE('',#6486,0.00155);
#294=CIRCLE('',#6487,0.0005);
#295=CIRCLE('',#6488,0.0005);
#296=CIRCLE('',#6489,0.00155);
#297=CIRCLE('',#6490,0.0005);
#298=CIRCLE('',#6491,0.0005);
#299=CIRCLE('',#6492,0.0005);
#300=CIRCLE('',#6493,0.0005);
#301=CIRCLE('',#6494,0.00155);
#302=CIRCLE('',#6495,0.00155);
#303=CIRCLE('',#6496,0.00155);
#304=CIRCLE('',#6497,0.00155);
#305=CIRCLE('',#6498,0.00155);
#306=CIRCLE('',#6499,0.00155);
#307=CIRCLE('',#6500,0.00155);
#308=CIRCLE('',#6501,0.00155);
#309=CIRCLE('',#6502,0.0005);
#310=CIRCLE('',#6503,0.0005);
#311=CIRCLE('',#6504,0.0005);
#312=CIRCLE('',#6506,0.00105);
#313=CIRCLE('',#6507,0.00105);
#314=CIRCLE('',#6509,0.00105);
#315=CIRCLE('',#6510,0.00105);
#316=CIRCLE('',#6512,0.00105);
#317=CIRCLE('',#6513,0.00105);
#318=CIRCLE('',#6515,0.00105);
#319=CIRCLE('',#6516,0.00105);
#320=CIRCLE('',#6518,0.00105);
#321=CIRCLE('',#6519,0.00105);
#322=CIRCLE('',#6521,0.00105);
#323=CIRCLE('',#6522,0.00105);
#324=CIRCLE('',#6524,0.00105);
#325=CIRCLE('',#6525,0.00105);
#326=CIRCLE('',#6527,0.00105);
#327=CIRCLE('',#6528,0.00105);
#328=CIRCLE('',#6530,0.00105);
#329=CIRCLE('',#6531,0.00105);
#330=CIRCLE('',#6533,0.00105);
#331=CIRCLE('',#6534,0.00105);
#332=CIRCLE('',#6536,0.00105);
#333=CIRCLE('',#6537,0.00105);
#334=CIRCLE('',#6539,0.00105);
#335=CIRCLE('',#6540,0.00105);
#336=CIRCLE('',#6542,0.00105);
#337=CIRCLE('',#6543,0.00105);
#338=CIRCLE('',#6545,0.00105);
#339=CIRCLE('',#6546,0.00105);
#340=CIRCLE('',#6548,0.00105);
#341=CIRCLE('',#6549,0.00105);
#342=CIRCLE('',#6551,0.00105);
#343=CIRCLE('',#6552,0.00105);
#344=CIRCLE('',#6554,0.00105);
#345=CIRCLE('',#6555,0.00105);
#346=CIRCLE('',#6557,0.00105);
#347=CIRCLE('',#6558,0.00105);
#348=CIRCLE('',#6560,0.00105);
#349=CIRCLE('',#6561,0.00105);
#350=CIRCLE('',#6563,0.00105);
#351=CIRCLE('',#6564,0.00105);
#352=CIRCLE('',#6566,0.00105);
#353=CIRCLE('',#6567,0.00105);
#354=CIRCLE('',#6569,0.00105);
#355=CIRCLE('',#6570,0.00105);
#356=CIRCLE('',#6572,0.00105);
#357=CIRCLE('',#6573,0.00105);
#358=CIRCLE('',#6575,0.00105);
#359=CIRCLE('',#6576,0.00105);
#360=CIRCLE('',#6578,0.00105);
#361=CIRCLE('',#6579,0.00105);
#362=CIRCLE('',#6581,0.00105);
#363=CIRCLE('',#6582,0.00105);
#364=CIRCLE('',#6584,0.00105);
#365=CIRCLE('',#6585,0.00105);
#366=CIRCLE('',#6587,0.00105);
#367=CIRCLE('',#6588,0.00105);
#368=CIRCLE('',#6590,0.00105);
#369=CIRCLE('',#6591,0.00105);
#370=CIRCLE('',#6593,0.00105);
#371=CIRCLE('',#6594,0.00105);
#372=CIRCLE('',#6596,0.00105);
#373=CIRCLE('',#6597,0.00105);
#374=CIRCLE('',#6599,0.00105);
#375=CIRCLE('',#6600,0.00105);
#376=CIRCLE('',#6602,0.00105);
#377=CIRCLE('',#6603,0.00105);
#378=CIRCLE('',#6605,0.00105);
#379=CIRCLE('',#6606,0.00105);
#380=CIRCLE('',#6608,0.00105);
#381=CIRCLE('',#6609,0.00105);
#382=CIRCLE('',#6611,0.00105);
#383=CIRCLE('',#6612,0.00105);
#384=CIRCLE('',#6614,0.00105);
#385=CIRCLE('',#6615,0.00105);
#386=CIRCLE('',#6617,0.00105);
#387=CIRCLE('',#6618,0.00105);
#388=CIRCLE('',#6620,0.00105);
#389=CIRCLE('',#6621,0.00105);
#390=CIRCLE('',#6623,0.00105);
#391=CIRCLE('',#6624,0.00105);
#392=CIRCLE('',#6626,0.00105);
#393=CIRCLE('',#6627,0.00105);
#394=CIRCLE('',#6629,0.00105);
#395=CIRCLE('',#6630,0.00105);
#396=CIRCLE('',#6632,0.001);
#397=CIRCLE('',#6633,0.001);
#398=CIRCLE('',#6635,0.001);
#399=CIRCLE('',#6636,0.001);
#400=CIRCLE('',#6638,0.001);
#401=CIRCLE('',#6639,0.001);
#402=CIRCLE('',#6641,0.001);
#403=CIRCLE('',#6642,0.001);
#404=CIRCLE('',#6644,0.001);
#405=CIRCLE('',#6645,0.001);
#406=CIRCLE('',#6647,0.001);
#407=CIRCLE('',#6648,0.001);
#408=CIRCLE('',#6650,0.001);
#409=CIRCLE('',#6651,0.001);
#410=CIRCLE('',#6653,0.001);
#411=CIRCLE('',#6654,0.001);
#412=CIRCLE('',#6656,0.001);
#413=CIRCLE('',#6657,0.001);
#414=CIRCLE('',#6659,0.001);
#415=CIRCLE('',#6660,0.001);
#416=CIRCLE('',#6662,0.001);
#417=CIRCLE('',#6663,0.001);
#418=CIRCLE('',#6665,0.001);
#419=CIRCLE('',#6666,0.001);
#420=CIRCLE('',#6668,0.001);
#421=CIRCLE('',#6669,0.001);
#422=CIRCLE('',#6671,0.001);
#423=CIRCLE('',#6672,0.001);
#424=CIRCLE('',#6674,0.001);
#425=CIRCLE('',#6675,0.001);
#426=CIRCLE('',#6677,0.001);
#427=CIRCLE('',#6678,0.001);
#428=CIRCLE('',#6680,0.001);
#429=CIRCLE('',#6681,0.001);
#430=CIRCLE('',#6683,0.001);
#431=CIRCLE('',#6684,0.001);
#432=CIRCLE('',#6686,0.001);
#433=CIRCLE('',#6687,0.001);
#434=CIRCLE('',#6689,0.001);
#435=CIRCLE('',#6690,0.001);
#436=CYLINDRICAL_SURFACE('',#6270,0.015);
#437=CYLINDRICAL_SURFACE('',#6275,0.015);
#438=CYLINDRICAL_SURFACE('',#6279,0.021125);
#439=CYLINDRICAL_SURFACE('',#6285,0.021125);
#440=CYLINDRICAL_SURFACE('',#6332,0.015);
#441=CYLINDRICAL_SURFACE('',#6336,0.0013);
#442=CYLINDRICAL_SURFACE('',#6339,0.0013);
#443=CYLINDRICAL_SURFACE('',#6342,0.0013);
#444=CYLINDRICAL_SURFACE('',#6345,0.0013);
#445=CYLINDRICAL_SURFACE('',#6348,0.0013);
#446=CYLINDRICAL_SURFACE('',#6351,0.0013);
#447=CYLINDRICAL_SURFACE('',#6354,0.0013);
#448=CYLINDRICAL_SURFACE('',#6357,0.0013);
#449=CYLINDRICAL_SURFACE('',#6364,0.015);
#450=CYLINDRICAL_SURFACE('',#6505,0.00105);
#451=CYLINDRICAL_SURFACE('',#6508,0.00105);
#452=CYLINDRICAL_SURFACE('',#6511,0.00105);
#453=CYLINDRICAL_SURFACE('',#6514,0.00105);
#454=CYLINDRICAL_SURFACE('',#6517,0.00105);
#455=CYLINDRICAL_SURFACE('',#6520,0.00105);
#456=CYLINDRICAL_SURFACE('',#6523,0.00105);
#457=CYLINDRICAL_SURFACE('',#6526,0.00105);
#458=CYLINDRICAL_SURFACE('',#6529,0.00105);
#459=CYLINDRICAL_SURFACE('',#6532,0.00105);
#460=CYLINDRICAL_SURFACE('',#6535,0.00105);
#461=CYLINDRICAL_SURFACE('',#6538,0.00105);
#462=CYLINDRICAL_SURFACE('',#6541,0.00105);
#463=CYLINDRICAL_SURFACE('',#6544,0.00105);
#464=CYLINDRICAL_SURFACE('',#6547,0.00105);
#465=CYLINDRICAL_SURFACE('',#6550,0.00105);
#466=CYLINDRICAL_SURFACE('',#6553,0.00105);
#467=CYLINDRICAL_SURFACE('',#6556,0.00105);
#468=CYLINDRICAL_SURFACE('',#6559,0.00105);
#469=CYLINDRICAL_SURFACE('',#6562,0.00105);
#470=CYLINDRICAL_SURFACE('',#6565,0.00105);
#471=CYLINDRICAL_SURFACE('',#6568,0.00105);
#472=CYLINDRICAL_SURFACE('',#6571,0.00105);
#473=CYLINDRICAL_SURFACE('',#6574,0.00105);
#474=CYLINDRICAL_SURFACE('',#6577,0.00105);
#475=CYLINDRICAL_SURFACE('',#6580,0.00105);
#476=CYLINDRICAL_SURFACE('',#6583,0.00105);
#477=CYLINDRICAL_SURFACE('',#6586,0.00105);
#478=CYLINDRICAL_SURFACE('',#6589,0.00105);
#479=CYLINDRICAL_SURFACE('',#6592,0.00105);
#480=CYLINDRICAL_SURFACE('',#6595,0.00105);
#481=CYLINDRICAL_SURFACE('',#6598,0.00105);
#482=CYLINDRICAL_SURFACE('',#6601,0.00105);
#483=CYLINDRICAL_SURFACE('',#6604,0.00105);
#484=CYLINDRICAL_SURFACE('',#6607,0.00105);
#485=CYLINDRICAL_SURFACE('',#6610,0.00105);
#486=CYLINDRICAL_SURFACE('',#6613,0.00105);
#487=CYLINDRICAL_SURFACE('',#6616,0.00105);
#488=CYLINDRICAL_SURFACE('',#6619,0.00105);
#489=CYLINDRICAL_SURFACE('',#6622,0.00105);
#490=CYLINDRICAL_SURFACE('',#6625,0.00105);
#491=CYLINDRICAL_SURFACE('',#6628,0.00105);
#492=CYLINDRICAL_SURFACE('',#6631,0.001);
#493=CYLINDRICAL_SURFACE('',#6634,0.001);
#494=CYLINDRICAL_SURFACE('',#6637,0.001);
#495=CYLINDRICAL_SURFACE('',#6640,0.001);
#496=CYLINDRICAL_SURFACE('',#6643,0.001);
#497=CYLINDRICAL_SURFACE('',#6646,0.001);
#498=CYLINDRICAL_SURFACE('',#6649,0.001);
#499=CYLINDRICAL_SURFACE('',#6652,0.001);
#500=CYLINDRICAL_SURFACE('',#6655,0.001);
#501=CYLINDRICAL_SURFACE('',#6658,0.001);
#502=CYLINDRICAL_SURFACE('',#6661,0.001);
#503=CYLINDRICAL_SURFACE('',#6664,0.001);
#504=CYLINDRICAL_SURFACE('',#6667,0.001);
#505=CYLINDRICAL_SURFACE('',#6670,0.001);
#506=CYLINDRICAL_SURFACE('',#6673,0.001);
#507=CYLINDRICAL_SURFACE('',#6676,0.001);
#508=CYLINDRICAL_SURFACE('',#6679,0.001);
#509=CYLINDRICAL_SURFACE('',#6682,0.001);
#510=CYLINDRICAL_SURFACE('',#6685,0.001);
#511=CYLINDRICAL_SURFACE('',#6688,0.001);
#512=ORIENTED_EDGE('',*,*,#2280,.T.);
#513=ORIENTED_EDGE('',*,*,#2281,.T.);
#514=ORIENTED_EDGE('',*,*,#2282,.T.);
#515=ORIENTED_EDGE('',*,*,#2283,.T.);
#516=ORIENTED_EDGE('',*,*,#2284,.T.);
#517=ORIENTED_EDGE('',*,*,#2285,.T.);
#518=ORIENTED_EDGE('',*,*,#2286,.T.);
#519=ORIENTED_EDGE('',*,*,#2287,.T.);
#520=ORIENTED_EDGE('',*,*,#2288,.T.);
#521=ORIENTED_EDGE('',*,*,#2289,.T.);
#522=ORIENTED_EDGE('',*,*,#2290,.T.);
#523=ORIENTED_EDGE('',*,*,#2291,.T.);
#524=ORIENTED_EDGE('',*,*,#2292,.T.);
#525=ORIENTED_EDGE('',*,*,#2293,.T.);
#526=ORIENTED_EDGE('',*,*,#2294,.T.);
#527=ORIENTED_EDGE('',*,*,#2295,.T.);
#528=ORIENTED_EDGE('',*,*,#2296,.T.);
#529=ORIENTED_EDGE('',*,*,#2297,.T.);
#530=ORIENTED_EDGE('',*,*,#2298,.T.);
#531=ORIENTED_EDGE('',*,*,#2299,.T.);
#532=ORIENTED_EDGE('',*,*,#2300,.T.);
#533=ORIENTED_EDGE('',*,*,#2301,.T.);
#534=ORIENTED_EDGE('',*,*,#2302,.T.);
#535=ORIENTED_EDGE('',*,*,#2303,.T.);
#536=ORIENTED_EDGE('',*,*,#2304,.T.);
#537=ORIENTED_EDGE('',*,*,#2305,.T.);
#538=ORIENTED_EDGE('',*,*,#2306,.T.);
#539=ORIENTED_EDGE('',*,*,#2307,.T.);
#540=ORIENTED_EDGE('',*,*,#2308,.T.);
#541=ORIENTED_EDGE('',*,*,#2309,.T.);
#542=ORIENTED_EDGE('',*,*,#2310,.T.);
#543=ORIENTED_EDGE('',*,*,#2311,.T.);
#544=ORIENTED_EDGE('',*,*,#2312,.T.);
#545=ORIENTED_EDGE('',*,*,#2313,.T.);
#546=ORIENTED_EDGE('',*,*,#2314,.T.);
#547=ORIENTED_EDGE('',*,*,#2315,.T.);
#548=ORIENTED_EDGE('',*,*,#2316,.T.);
#549=ORIENTED_EDGE('',*,*,#2317,.T.);
#550=ORIENTED_EDGE('',*,*,#2318,.T.);
#551=ORIENTED_EDGE('',*,*,#2319,.T.);
#552=ORIENTED_EDGE('',*,*,#2320,.T.);
#553=ORIENTED_EDGE('',*,*,#2321,.T.);
#554=ORIENTED_EDGE('',*,*,#2322,.T.);
#555=ORIENTED_EDGE('',*,*,#2323,.T.);
#556=ORIENTED_EDGE('',*,*,#2324,.T.);
#557=ORIENTED_EDGE('',*,*,#2325,.T.);
#558=ORIENTED_EDGE('',*,*,#2326,.T.);
#559=ORIENTED_EDGE('',*,*,#2327,.T.);
#560=ORIENTED_EDGE('',*,*,#2328,.T.);
#561=ORIENTED_EDGE('',*,*,#2329,.T.);
#562=ORIENTED_EDGE('',*,*,#2330,.T.);
#563=ORIENTED_EDGE('',*,*,#2331,.T.);
#564=ORIENTED_EDGE('',*,*,#2332,.T.);
#565=ORIENTED_EDGE('',*,*,#2333,.T.);
#566=ORIENTED_EDGE('',*,*,#2334,.T.);
#567=ORIENTED_EDGE('',*,*,#2335,.T.);
#568=ORIENTED_EDGE('',*,*,#2336,.T.);
#569=ORIENTED_EDGE('',*,*,#2337,.T.);
#570=ORIENTED_EDGE('',*,*,#2338,.T.);
#571=ORIENTED_EDGE('',*,*,#2339,.T.);
#572=ORIENTED_EDGE('',*,*,#2340,.T.);
#573=ORIENTED_EDGE('',*,*,#2341,.T.);
#574=ORIENTED_EDGE('',*,*,#2342,.T.);
#575=ORIENTED_EDGE('',*,*,#2343,.T.);
#576=ORIENTED_EDGE('',*,*,#2344,.T.);
#577=ORIENTED_EDGE('',*,*,#2345,.T.);
#578=ORIENTED_EDGE('',*,*,#2346,.T.);
#579=ORIENTED_EDGE('',*,*,#2347,.T.);
#580=ORIENTED_EDGE('',*,*,#2348,.T.);
#581=ORIENTED_EDGE('',*,*,#2349,.T.);
#582=ORIENTED_EDGE('',*,*,#2350,.T.);
#583=ORIENTED_EDGE('',*,*,#2351,.T.);
#584=ORIENTED_EDGE('',*,*,#2352,.T.);
#585=ORIENTED_EDGE('',*,*,#2353,.T.);
#586=ORIENTED_EDGE('',*,*,#2354,.T.);
#587=ORIENTED_EDGE('',*,*,#2355,.T.);
#588=ORIENTED_EDGE('',*,*,#2356,.T.);
#589=ORIENTED_EDGE('',*,*,#2357,.T.);
#590=ORIENTED_EDGE('',*,*,#2358,.T.);
#591=ORIENTED_EDGE('',*,*,#2359,.T.);
#592=ORIENTED_EDGE('',*,*,#2360,.T.);
#593=ORIENTED_EDGE('',*,*,#2361,.T.);
#594=ORIENTED_EDGE('',*,*,#2362,.T.);
#595=ORIENTED_EDGE('',*,*,#2363,.T.);
#596=ORIENTED_EDGE('',*,*,#2364,.T.);
#597=ORIENTED_EDGE('',*,*,#2365,.T.);
#598=ORIENTED_EDGE('',*,*,#2366,.T.);
#599=ORIENTED_EDGE('',*,*,#2367,.T.);
#600=ORIENTED_EDGE('',*,*,#2368,.T.);
#601=ORIENTED_EDGE('',*,*,#2369,.T.);
#602=ORIENTED_EDGE('',*,*,#2370,.T.);
#603=ORIENTED_EDGE('',*,*,#2371,.T.);
#604=ORIENTED_EDGE('',*,*,#2372,.T.);
#605=ORIENTED_EDGE('',*,*,#2373,.T.);
#606=ORIENTED_EDGE('',*,*,#2374,.T.);
#607=ORIENTED_EDGE('',*,*,#2375,.T.);
#608=ORIENTED_EDGE('',*,*,#2376,.T.);
#609=ORIENTED_EDGE('',*,*,#2377,.T.);
#610=ORIENTED_EDGE('',*,*,#2378,.T.);
#611=ORIENTED_EDGE('',*,*,#2379,.T.);
#612=ORIENTED_EDGE('',*,*,#2380,.T.);
#613=ORIENTED_EDGE('',*,*,#2381,.T.);
#614=ORIENTED_EDGE('',*,*,#2382,.T.);
#615=ORIENTED_EDGE('',*,*,#2383,.T.);
#616=ORIENTED_EDGE('',*,*,#2384,.T.);
#617=ORIENTED_EDGE('',*,*,#2385,.T.);
#618=ORIENTED_EDGE('',*,*,#2386,.T.);
#619=ORIENTED_EDGE('',*,*,#2387,.T.);
#620=ORIENTED_EDGE('',*,*,#2388,.T.);
#621=ORIENTED_EDGE('',*,*,#2389,.T.);
#622=ORIENTED_EDGE('',*,*,#2390,.T.);
#623=ORIENTED_EDGE('',*,*,#2391,.T.);
#624=ORIENTED_EDGE('',*,*,#2392,.T.);
#625=ORIENTED_EDGE('',*,*,#2393,.T.);
#626=ORIENTED_EDGE('',*,*,#2394,.T.);
#627=ORIENTED_EDGE('',*,*,#2395,.T.);
#628=ORIENTED_EDGE('',*,*,#2396,.T.);
#629=ORIENTED_EDGE('',*,*,#2397,.T.);
#630=ORIENTED_EDGE('',*,*,#2398,.T.);
#631=ORIENTED_EDGE('',*,*,#2399,.T.);
#632=ORIENTED_EDGE('',*,*,#2400,.T.);
#633=ORIENTED_EDGE('',*,*,#2401,.T.);
#634=ORIENTED_EDGE('',*,*,#2402,.T.);
#635=ORIENTED_EDGE('',*,*,#2403,.T.);
#636=ORIENTED_EDGE('',*,*,#2404,.T.);
#637=ORIENTED_EDGE('',*,*,#2405,.T.);
#638=ORIENTED_EDGE('',*,*,#2406,.T.);
#639=ORIENTED_EDGE('',*,*,#2407,.T.);
#640=ORIENTED_EDGE('',*,*,#2408,.T.);
#641=ORIENTED_EDGE('',*,*,#2409,.T.);
#642=ORIENTED_EDGE('',*,*,#2410,.T.);
#643=ORIENTED_EDGE('',*,*,#2411,.T.);
#644=ORIENTED_EDGE('',*,*,#2412,.T.);
#645=ORIENTED_EDGE('',*,*,#2413,.T.);
#646=ORIENTED_EDGE('',*,*,#2414,.T.);
#647=ORIENTED_EDGE('',*,*,#2415,.T.);
#648=ORIENTED_EDGE('',*,*,#2416,.T.);
#649=ORIENTED_EDGE('',*,*,#2417,.T.);
#650=ORIENTED_EDGE('',*,*,#2418,.T.);
#651=ORIENTED_EDGE('',*,*,#2419,.T.);
#652=ORIENTED_EDGE('',*,*,#2420,.T.);
#653=ORIENTED_EDGE('',*,*,#2421,.T.);
#654=ORIENTED_EDGE('',*,*,#2422,.T.);
#655=ORIENTED_EDGE('',*,*,#2423,.T.);
#656=ORIENTED_EDGE('',*,*,#2424,.T.);
#657=ORIENTED_EDGE('',*,*,#2425,.T.);
#658=ORIENTED_EDGE('',*,*,#2426,.T.);
#659=ORIENTED_EDGE('',*,*,#2427,.T.);
#660=ORIENTED_EDGE('',*,*,#2428,.T.);
#661=ORIENTED_EDGE('',*,*,#2429,.T.);
#662=ORIENTED_EDGE('',*,*,#2430,.T.);
#663=ORIENTED_EDGE('',*,*,#2431,.T.);
#664=ORIENTED_EDGE('',*,*,#2432,.T.);
#665=ORIENTED_EDGE('',*,*,#2433,.T.);
#666=ORIENTED_EDGE('',*,*,#2434,.T.);
#667=ORIENTED_EDGE('',*,*,#2435,.T.);
#668=ORIENTED_EDGE('',*,*,#2436,.T.);
#669=ORIENTED_EDGE('',*,*,#2437,.T.);
#670=ORIENTED_EDGE('',*,*,#2438,.T.);
#671=ORIENTED_EDGE('',*,*,#2439,.T.);
#672=ORIENTED_EDGE('',*,*,#2440,.T.);
#673=ORIENTED_EDGE('',*,*,#2441,.T.);
#674=ORIENTED_EDGE('',*,*,#2442,.T.);
#675=ORIENTED_EDGE('',*,*,#2443,.T.);
#676=ORIENTED_EDGE('',*,*,#2444,.T.);
#677=ORIENTED_EDGE('',*,*,#2445,.T.);
#678=ORIENTED_EDGE('',*,*,#2446,.T.);
#679=ORIENTED_EDGE('',*,*,#2447,.T.);
#680=ORIENTED_EDGE('',*,*,#2448,.T.);
#681=ORIENTED_EDGE('',*,*,#2449,.T.);
#682=ORIENTED_EDGE('',*,*,#2450,.T.);
#683=ORIENTED_EDGE('',*,*,#2451,.T.);
#684=ORIENTED_EDGE('',*,*,#2452,.T.);
#685=ORIENTED_EDGE('',*,*,#2453,.T.);
#686=ORIENTED_EDGE('',*,*,#2454,.T.);
#687=ORIENTED_EDGE('',*,*,#2455,.T.);
#688=ORIENTED_EDGE('',*,*,#2456,.T.);
#689=ORIENTED_EDGE('',*,*,#2457,.T.);
#690=ORIENTED_EDGE('',*,*,#2458,.T.);
#691=ORIENTED_EDGE('',*,*,#2459,.T.);
#692=ORIENTED_EDGE('',*,*,#2460,.T.);
#693=ORIENTED_EDGE('',*,*,#2461,.T.);
#694=ORIENTED_EDGE('',*,*,#2462,.T.);
#695=ORIENTED_EDGE('',*,*,#2463,.T.);
#696=ORIENTED_EDGE('',*,*,#2464,.T.);
#697=ORIENTED_EDGE('',*,*,#2465,.T.);
#698=ORIENTED_EDGE('',*,*,#2466,.T.);
#699=ORIENTED_EDGE('',*,*,#2467,.T.);
#700=ORIENTED_EDGE('',*,*,#2468,.T.);
#701=ORIENTED_EDGE('',*,*,#2469,.T.);
#702=ORIENTED_EDGE('',*,*,#2470,.T.);
#703=ORIENTED_EDGE('',*,*,#2471,.T.);
#704=ORIENTED_EDGE('',*,*,#2472,.T.);
#705=ORIENTED_EDGE('',*,*,#2473,.T.);
#706=ORIENTED_EDGE('',*,*,#2474,.T.);
#707=ORIENTED_EDGE('',*,*,#2475,.T.);
#708=ORIENTED_EDGE('',*,*,#2476,.T.);
#709=ORIENTED_EDGE('',*,*,#2477,.T.);
#710=ORIENTED_EDGE('',*,*,#2478,.T.);
#711=ORIENTED_EDGE('',*,*,#2479,.T.);
#712=ORIENTED_EDGE('',*,*,#2480,.T.);
#713=ORIENTED_EDGE('',*,*,#2481,.T.);
#714=ORIENTED_EDGE('',*,*,#2482,.T.);
#715=ORIENTED_EDGE('',*,*,#2483,.T.);
#716=ORIENTED_EDGE('',*,*,#2484,.T.);
#717=ORIENTED_EDGE('',*,*,#2485,.T.);
#718=ORIENTED_EDGE('',*,*,#2486,.T.);
#719=ORIENTED_EDGE('',*,*,#2487,.T.);
#720=ORIENTED_EDGE('',*,*,#2488,.T.);
#721=ORIENTED_EDGE('',*,*,#2489,.T.);
#722=ORIENTED_EDGE('',*,*,#2490,.T.);
#723=ORIENTED_EDGE('',*,*,#2491,.T.);
#724=ORIENTED_EDGE('',*,*,#2492,.T.);
#725=ORIENTED_EDGE('',*,*,#2493,.T.);
#726=ORIENTED_EDGE('',*,*,#2494,.T.);
#727=ORIENTED_EDGE('',*,*,#2495,.T.);
#728=ORIENTED_EDGE('',*,*,#2496,.T.);
#729=ORIENTED_EDGE('',*,*,#2497,.T.);
#730=ORIENTED_EDGE('',*,*,#2498,.T.);
#731=ORIENTED_EDGE('',*,*,#2499,.T.);
#732=ORIENTED_EDGE('',*,*,#2500,.T.);
#733=ORIENTED_EDGE('',*,*,#2501,.T.);
#734=ORIENTED_EDGE('',*,*,#2502,.T.);
#735=ORIENTED_EDGE('',*,*,#2503,.T.);
#736=ORIENTED_EDGE('',*,*,#2504,.T.);
#737=ORIENTED_EDGE('',*,*,#2505,.T.);
#738=ORIENTED_EDGE('',*,*,#2506,.T.);
#739=ORIENTED_EDGE('',*,*,#2507,.T.);
#740=ORIENTED_EDGE('',*,*,#2508,.T.);
#741=ORIENTED_EDGE('',*,*,#2509,.F.);
#742=ORIENTED_EDGE('',*,*,#2510,.T.);
#743=ORIENTED_EDGE('',*,*,#2511,.F.);
#744=ORIENTED_EDGE('',*,*,#2512,.T.);
#745=ORIENTED_EDGE('',*,*,#2513,.F.);
#746=ORIENTED_EDGE('',*,*,#2514,.T.);
#747=ORIENTED_EDGE('',*,*,#2515,.F.);
#748=ORIENTED_EDGE('',*,*,#2516,.T.);
#749=ORIENTED_EDGE('',*,*,#2517,.F.);
#750=ORIENTED_EDGE('',*,*,#2518,.T.);
#751=ORIENTED_EDGE('',*,*,#2519,.F.);
#752=ORIENTED_EDGE('',*,*,#2520,.T.);
#753=ORIENTED_EDGE('',*,*,#2521,.F.);
#754=ORIENTED_EDGE('',*,*,#2522,.T.);
#755=ORIENTED_EDGE('',*,*,#2523,.F.);
#756=ORIENTED_EDGE('',*,*,#2524,.T.);
#757=ORIENTED_EDGE('',*,*,#2525,.T.);
#758=ORIENTED_EDGE('',*,*,#2526,.T.);
#759=ORIENTED_EDGE('',*,*,#2527,.T.);
#760=ORIENTED_EDGE('',*,*,#2528,.T.);
#761=ORIENTED_EDGE('',*,*,#2529,.T.);
#762=ORIENTED_EDGE('',*,*,#2530,.T.);
#763=ORIENTED_EDGE('',*,*,#2531,.T.);
#764=ORIENTED_EDGE('',*,*,#2532,.T.);
#765=ORIENTED_EDGE('',*,*,#2533,.T.);
#766=ORIENTED_EDGE('',*,*,#2534,.T.);
#767=ORIENTED_EDGE('',*,*,#2535,.T.);
#768=ORIENTED_EDGE('',*,*,#2536,.T.);
#769=ORIENTED_EDGE('',*,*,#2537,.T.);
#770=ORIENTED_EDGE('',*,*,#2538,.T.);
#771=ORIENTED_EDGE('',*,*,#2539,.T.);
#772=ORIENTED_EDGE('',*,*,#2540,.T.);
#773=ORIENTED_EDGE('',*,*,#2541,.T.);
#774=ORIENTED_EDGE('',*,*,#2542,.T.);
#775=ORIENTED_EDGE('',*,*,#2543,.T.);
#776=ORIENTED_EDGE('',*,*,#2544,.T.);
#777=ORIENTED_EDGE('',*,*,#2545,.T.);
#778=ORIENTED_EDGE('',*,*,#2546,.T.);
#779=ORIENTED_EDGE('',*,*,#2547,.T.);
#780=ORIENTED_EDGE('',*,*,#2548,.T.);
#781=ORIENTED_EDGE('',*,*,#2549,.T.);
#782=ORIENTED_EDGE('',*,*,#2550,.T.);
#783=ORIENTED_EDGE('',*,*,#2551,.T.);
#784=ORIENTED_EDGE('',*,*,#2552,.T.);
#785=ORIENTED_EDGE('',*,*,#2553,.T.);
#786=ORIENTED_EDGE('',*,*,#2554,.T.);
#787=ORIENTED_EDGE('',*,*,#2555,.T.);
#788=ORIENTED_EDGE('',*,*,#2556,.T.);
#789=ORIENTED_EDGE('',*,*,#2557,.T.);
#790=ORIENTED_EDGE('',*,*,#2558,.T.);
#791=ORIENTED_EDGE('',*,*,#2559,.T.);
#792=ORIENTED_EDGE('',*,*,#2560,.T.);
#793=ORIENTED_EDGE('',*,*,#2561,.T.);
#794=ORIENTED_EDGE('',*,*,#2562,.T.);
#795=ORIENTED_EDGE('',*,*,#2563,.T.);
#796=ORIENTED_EDGE('',*,*,#2564,.T.);
#797=ORIENTED_EDGE('',*,*,#2565,.T.);
#798=ORIENTED_EDGE('',*,*,#2566,.T.);
#799=ORIENTED_EDGE('',*,*,#2567,.T.);
#800=ORIENTED_EDGE('',*,*,#2568,.T.);
#801=ORIENTED_EDGE('',*,*,#2569,.T.);
#802=ORIENTED_EDGE('',*,*,#2570,.T.);
#803=ORIENTED_EDGE('',*,*,#2571,.T.);
#804=ORIENTED_EDGE('',*,*,#2572,.T.);
#805=ORIENTED_EDGE('',*,*,#2573,.T.);
#806=ORIENTED_EDGE('',*,*,#2574,.T.);
#807=ORIENTED_EDGE('',*,*,#2575,.T.);
#808=ORIENTED_EDGE('',*,*,#2576,.T.);
#809=ORIENTED_EDGE('',*,*,#2577,.T.);
#810=ORIENTED_EDGE('',*,*,#2578,.T.);
#811=ORIENTED_EDGE('',*,*,#2579,.T.);
#812=ORIENTED_EDGE('',*,*,#2580,.T.);
#813=ORIENTED_EDGE('',*,*,#2581,.T.);
#814=ORIENTED_EDGE('',*,*,#2582,.T.);
#815=ORIENTED_EDGE('',*,*,#2583,.T.);
#816=ORIENTED_EDGE('',*,*,#2584,.T.);
#817=ORIENTED_EDGE('',*,*,#2585,.T.);
#818=ORIENTED_EDGE('',*,*,#2586,.T.);
#819=ORIENTED_EDGE('',*,*,#2587,.T.);
#820=ORIENTED_EDGE('',*,*,#2588,.T.);
#821=ORIENTED_EDGE('',*,*,#2589,.T.);
#822=ORIENTED_EDGE('',*,*,#2590,.T.);
#823=ORIENTED_EDGE('',*,*,#2591,.T.);
#824=ORIENTED_EDGE('',*,*,#2592,.T.);
#825=ORIENTED_EDGE('',*,*,#2593,.T.);
#826=ORIENTED_EDGE('',*,*,#2594,.T.);
#827=ORIENTED_EDGE('',*,*,#2595,.T.);
#828=ORIENTED_EDGE('',*,*,#2596,.T.);
#829=ORIENTED_EDGE('',*,*,#2597,.T.);
#830=ORIENTED_EDGE('',*,*,#2598,.T.);
#831=ORIENTED_EDGE('',*,*,#2599,.T.);
#832=ORIENTED_EDGE('',*,*,#2600,.T.);
#833=ORIENTED_EDGE('',*,*,#2601,.T.);
#834=ORIENTED_EDGE('',*,*,#2602,.T.);
#835=ORIENTED_EDGE('',*,*,#2603,.T.);
#836=ORIENTED_EDGE('',*,*,#2604,.T.);
#837=ORIENTED_EDGE('',*,*,#2605,.T.);
#838=ORIENTED_EDGE('',*,*,#2606,.T.);
#839=ORIENTED_EDGE('',*,*,#2607,.T.);
#840=ORIENTED_EDGE('',*,*,#2608,.T.);
#841=ORIENTED_EDGE('',*,*,#2609,.T.);
#842=ORIENTED_EDGE('',*,*,#2610,.T.);
#843=ORIENTED_EDGE('',*,*,#2611,.T.);
#844=ORIENTED_EDGE('',*,*,#2612,.T.);
#845=ORIENTED_EDGE('',*,*,#2613,.T.);
#846=ORIENTED_EDGE('',*,*,#2614,.T.);
#847=ORIENTED_EDGE('',*,*,#2615,.T.);
#848=ORIENTED_EDGE('',*,*,#2616,.T.);
#849=ORIENTED_EDGE('',*,*,#2617,.T.);
#850=ORIENTED_EDGE('',*,*,#2618,.T.);
#851=ORIENTED_EDGE('',*,*,#2619,.T.);
#852=ORIENTED_EDGE('',*,*,#2620,.T.);
#853=ORIENTED_EDGE('',*,*,#2621,.T.);
#854=ORIENTED_EDGE('',*,*,#2622,.T.);
#855=ORIENTED_EDGE('',*,*,#2623,.T.);
#856=ORIENTED_EDGE('',*,*,#2624,.T.);
#857=ORIENTED_EDGE('',*,*,#2625,.T.);
#858=ORIENTED_EDGE('',*,*,#2626,.T.);
#859=ORIENTED_EDGE('',*,*,#2627,.T.);
#860=ORIENTED_EDGE('',*,*,#2628,.T.);
#861=ORIENTED_EDGE('',*,*,#2629,.T.);
#862=ORIENTED_EDGE('',*,*,#2630,.T.);
#863=ORIENTED_EDGE('',*,*,#2631,.T.);
#864=ORIENTED_EDGE('',*,*,#2632,.T.);
#865=ORIENTED_EDGE('',*,*,#2633,.T.);
#866=ORIENTED_EDGE('',*,*,#2634,.T.);
#867=ORIENTED_EDGE('',*,*,#2635,.T.);
#868=ORIENTED_EDGE('',*,*,#2636,.T.);
#869=ORIENTED_EDGE('',*,*,#2637,.T.);
#870=ORIENTED_EDGE('',*,*,#2638,.T.);
#871=ORIENTED_EDGE('',*,*,#2639,.T.);
#872=ORIENTED_EDGE('',*,*,#2640,.T.);
#873=ORIENTED_EDGE('',*,*,#2641,.T.);
#874=ORIENTED_EDGE('',*,*,#2642,.T.);
#875=ORIENTED_EDGE('',*,*,#2643,.T.);
#876=ORIENTED_EDGE('',*,*,#2644,.T.);
#877=ORIENTED_EDGE('',*,*,#2645,.T.);
#878=ORIENTED_EDGE('',*,*,#2646,.T.);
#879=ORIENTED_EDGE('',*,*,#2647,.T.);
#880=ORIENTED_EDGE('',*,*,#2648,.T.);
#881=ORIENTED_EDGE('',*,*,#2649,.T.);
#882=ORIENTED_EDGE('',*,*,#2650,.T.);
#883=ORIENTED_EDGE('',*,*,#2651,.T.);
#884=ORIENTED_EDGE('',*,*,#2652,.T.);
#885=ORIENTED_EDGE('',*,*,#2653,.T.);
#886=ORIENTED_EDGE('',*,*,#2654,.T.);
#887=ORIENTED_EDGE('',*,*,#2655,.T.);
#888=ORIENTED_EDGE('',*,*,#2656,.T.);
#889=ORIENTED_EDGE('',*,*,#2657,.T.);
#890=ORIENTED_EDGE('',*,*,#2658,.T.);
#891=ORIENTED_EDGE('',*,*,#2659,.T.);
#892=ORIENTED_EDGE('',*,*,#2660,.T.);
#893=ORIENTED_EDGE('',*,*,#2661,.T.);
#894=ORIENTED_EDGE('',*,*,#2662,.T.);
#895=ORIENTED_EDGE('',*,*,#2663,.T.);
#896=ORIENTED_EDGE('',*,*,#2664,.T.);
#897=ORIENTED_EDGE('',*,*,#2665,.T.);
#898=ORIENTED_EDGE('',*,*,#2666,.T.);
#899=ORIENTED_EDGE('',*,*,#2667,.T.);
#900=ORIENTED_EDGE('',*,*,#2522,.F.);
#901=ORIENTED_EDGE('',*,*,#2520,.F.);
#902=ORIENTED_EDGE('',*,*,#2518,.F.);
#903=ORIENTED_EDGE('',*,*,#2516,.F.);
#904=ORIENTED_EDGE('',*,*,#2514,.F.);
#905=ORIENTED_EDGE('',*,*,#2512,.F.);
#906=ORIENTED_EDGE('',*,*,#2510,.F.);
#907=ORIENTED_EDGE('',*,*,#2508,.F.);
#908=ORIENTED_EDGE('',*,*,#2668,.T.);
#909=ORIENTED_EDGE('',*,*,#2669,.T.);
#910=ORIENTED_EDGE('',*,*,#2670,.T.);
#911=ORIENTED_EDGE('',*,*,#2671,.T.);
#912=ORIENTED_EDGE('',*,*,#2672,.T.);
#913=ORIENTED_EDGE('',*,*,#2673,.T.);
#914=ORIENTED_EDGE('',*,*,#2674,.T.);
#915=ORIENTED_EDGE('',*,*,#2675,.T.);
#916=ORIENTED_EDGE('',*,*,#2676,.T.);
#917=ORIENTED_EDGE('',*,*,#2677,.T.);
#918=ORIENTED_EDGE('',*,*,#2678,.T.);
#919=ORIENTED_EDGE('',*,*,#2679,.T.);
#920=ORIENTED_EDGE('',*,*,#2680,.T.);
#921=ORIENTED_EDGE('',*,*,#2681,.T.);
#922=ORIENTED_EDGE('',*,*,#2682,.T.);
#923=ORIENTED_EDGE('',*,*,#2683,.T.);
#924=ORIENTED_EDGE('',*,*,#2684,.T.);
#925=ORIENTED_EDGE('',*,*,#2685,.T.);
#926=ORIENTED_EDGE('',*,*,#2686,.T.);
#927=ORIENTED_EDGE('',*,*,#2687,.T.);
#928=ORIENTED_EDGE('',*,*,#2688,.T.);
#929=ORIENTED_EDGE('',*,*,#2689,.T.);
#930=ORIENTED_EDGE('',*,*,#2690,.T.);
#931=ORIENTED_EDGE('',*,*,#2691,.T.);
#932=ORIENTED_EDGE('',*,*,#2692,.T.);
#933=ORIENTED_EDGE('',*,*,#2693,.T.);
#934=ORIENTED_EDGE('',*,*,#2694,.T.);
#935=ORIENTED_EDGE('',*,*,#2695,.T.);
#936=ORIENTED_EDGE('',*,*,#2696,.T.);
#937=ORIENTED_EDGE('',*,*,#2697,.T.);
#938=ORIENTED_EDGE('',*,*,#2698,.T.);
#939=ORIENTED_EDGE('',*,*,#2699,.T.);
#940=ORIENTED_EDGE('',*,*,#2700,.T.);
#941=ORIENTED_EDGE('',*,*,#2701,.T.);
#942=ORIENTED_EDGE('',*,*,#2702,.T.);
#943=ORIENTED_EDGE('',*,*,#2703,.T.);
#944=ORIENTED_EDGE('',*,*,#2704,.T.);
#945=ORIENTED_EDGE('',*,*,#2705,.T.);
#946=ORIENTED_EDGE('',*,*,#2706,.T.);
#947=ORIENTED_EDGE('',*,*,#2707,.T.);
#948=ORIENTED_EDGE('',*,*,#2708,.T.);
#949=ORIENTED_EDGE('',*,*,#2709,.T.);
#950=ORIENTED_EDGE('',*,*,#2710,.T.);
#951=ORIENTED_EDGE('',*,*,#2711,.T.);
#952=ORIENTED_EDGE('',*,*,#2712,.T.);
#953=ORIENTED_EDGE('',*,*,#2713,.T.);
#954=ORIENTED_EDGE('',*,*,#2714,.T.);
#955=ORIENTED_EDGE('',*,*,#2715,.T.);
#956=ORIENTED_EDGE('',*,*,#2716,.T.);
#957=ORIENTED_EDGE('',*,*,#2717,.T.);
#958=ORIENTED_EDGE('',*,*,#2718,.T.);
#959=ORIENTED_EDGE('',*,*,#2719,.T.);
#960=ORIENTED_EDGE('',*,*,#2720,.T.);
#961=ORIENTED_EDGE('',*,*,#2721,.T.);
#962=ORIENTED_EDGE('',*,*,#2722,.T.);
#963=ORIENTED_EDGE('',*,*,#2723,.T.);
#964=ORIENTED_EDGE('',*,*,#2724,.T.);
#965=ORIENTED_EDGE('',*,*,#2725,.T.);
#966=ORIENTED_EDGE('',*,*,#2726,.T.);
#967=ORIENTED_EDGE('',*,*,#2727,.T.);
#968=ORIENTED_EDGE('',*,*,#2728,.T.);
#969=ORIENTED_EDGE('',*,*,#2729,.T.);
#970=ORIENTED_EDGE('',*,*,#2730,.T.);
#971=ORIENTED_EDGE('',*,*,#2731,.T.);
#972=ORIENTED_EDGE('',*,*,#2732,.T.);
#973=ORIENTED_EDGE('',*,*,#2733,.T.);
#974=ORIENTED_EDGE('',*,*,#2734,.T.);
#975=ORIENTED_EDGE('',*,*,#2735,.T.);
#976=ORIENTED_EDGE('',*,*,#2736,.T.);
#977=ORIENTED_EDGE('',*,*,#2737,.T.);
#978=ORIENTED_EDGE('',*,*,#2738,.T.);
#979=ORIENTED_EDGE('',*,*,#2739,.T.);
#980=ORIENTED_EDGE('',*,*,#2740,.T.);
#981=ORIENTED_EDGE('',*,*,#2741,.T.);
#982=ORIENTED_EDGE('',*,*,#2742,.T.);
#983=ORIENTED_EDGE('',*,*,#2743,.T.);
#984=ORIENTED_EDGE('',*,*,#2744,.T.);
#985=ORIENTED_EDGE('',*,*,#2745,.T.);
#986=ORIENTED_EDGE('',*,*,#2746,.T.);
#987=ORIENTED_EDGE('',*,*,#2747,.T.);
#988=ORIENTED_EDGE('',*,*,#2748,.T.);
#989=ORIENTED_EDGE('',*,*,#2749,.T.);
#990=ORIENTED_EDGE('',*,*,#2750,.T.);
#991=ORIENTED_EDGE('',*,*,#2751,.T.);
#992=ORIENTED_EDGE('',*,*,#2752,.T.);
#993=ORIENTED_EDGE('',*,*,#2753,.T.);
#994=ORIENTED_EDGE('',*,*,#2754,.T.);
#995=ORIENTED_EDGE('',*,*,#2755,.T.);
#996=ORIENTED_EDGE('',*,*,#2756,.T.);
#997=ORIENTED_EDGE('',*,*,#2757,.T.);
#998=ORIENTED_EDGE('',*,*,#2758,.T.);
#999=ORIENTED_EDGE('',*,*,#2759,.T.);
#1000=ORIENTED_EDGE('',*,*,#2760,.T.);
#1001=ORIENTED_EDGE('',*,*,#2761,.T.);
#1002=ORIENTED_EDGE('',*,*,#2762,.T.);
#1003=ORIENTED_EDGE('',*,*,#2763,.T.);
#1004=ORIENTED_EDGE('',*,*,#2764,.T.);
#1005=ORIENTED_EDGE('',*,*,#2765,.T.);
#1006=ORIENTED_EDGE('',*,*,#2766,.T.);
#1007=ORIENTED_EDGE('',*,*,#2767,.T.);
#1008=ORIENTED_EDGE('',*,*,#2768,.T.);
#1009=ORIENTED_EDGE('',*,*,#2769,.T.);
#1010=ORIENTED_EDGE('',*,*,#2770,.T.);
#1011=ORIENTED_EDGE('',*,*,#2771,.T.);
#1012=ORIENTED_EDGE('',*,*,#2772,.T.);
#1013=ORIENTED_EDGE('',*,*,#2773,.T.);
#1014=ORIENTED_EDGE('',*,*,#2774,.T.);
#1015=ORIENTED_EDGE('',*,*,#2775,.T.);
#1016=ORIENTED_EDGE('',*,*,#2776,.T.);
#1017=ORIENTED_EDGE('',*,*,#2777,.T.);
#1018=ORIENTED_EDGE('',*,*,#2778,.T.);
#1019=ORIENTED_EDGE('',*,*,#2779,.T.);
#1020=ORIENTED_EDGE('',*,*,#2780,.T.);
#1021=ORIENTED_EDGE('',*,*,#2781,.T.);
#1022=ORIENTED_EDGE('',*,*,#2782,.T.);
#1023=ORIENTED_EDGE('',*,*,#2783,.T.);
#1024=ORIENTED_EDGE('',*,*,#2784,.T.);
#1025=ORIENTED_EDGE('',*,*,#2785,.T.);
#1026=ORIENTED_EDGE('',*,*,#2786,.T.);
#1027=ORIENTED_EDGE('',*,*,#2787,.T.);
#1028=ORIENTED_EDGE('',*,*,#2788,.T.);
#1029=ORIENTED_EDGE('',*,*,#2789,.T.);
#1030=ORIENTED_EDGE('',*,*,#2790,.T.);
#1031=ORIENTED_EDGE('',*,*,#2791,.T.);
#1032=ORIENTED_EDGE('',*,*,#2523,.T.);
#1033=ORIENTED_EDGE('',*,*,#2521,.T.);
#1034=ORIENTED_EDGE('',*,*,#2519,.T.);
#1035=ORIENTED_EDGE('',*,*,#2517,.T.);
#1036=ORIENTED_EDGE('',*,*,#2515,.T.);
#1037=ORIENTED_EDGE('',*,*,#2513,.T.);
#1038=ORIENTED_EDGE('',*,*,#2511,.T.);
#1039=ORIENTED_EDGE('',*,*,#2509,.T.);
#1040=ORIENTED_EDGE('',*,*,#2366,.F.);
#1041=ORIENTED_EDGE('',*,*,#2792,.T.);
#1042=ORIENTED_EDGE('',*,*,#2360,.F.);
#1043=ORIENTED_EDGE('',*,*,#2793,.T.);
#1044=ORIENTED_EDGE('',*,*,#2378,.F.);
#1045=ORIENTED_EDGE('',*,*,#2794,.T.);
#1046=ORIENTED_EDGE('',*,*,#2372,.F.);
#1047=ORIENTED_EDGE('',*,*,#2795,.T.);
#1048=ORIENTED_EDGE('',*,*,#2442,.F.);
#1049=ORIENTED_EDGE('',*,*,#2796,.T.);
#1050=ORIENTED_EDGE('',*,*,#2436,.F.);
#1051=ORIENTED_EDGE('',*,*,#2797,.T.);
#1052=ORIENTED_EDGE('',*,*,#2430,.F.);
#1053=ORIENTED_EDGE('',*,*,#2798,.T.);
#1054=ORIENTED_EDGE('',*,*,#2424,.F.);
#1055=ORIENTED_EDGE('',*,*,#2799,.T.);
#1056=ORIENTED_EDGE('',*,*,#2334,.F.);
#1057=ORIENTED_EDGE('',*,*,#2800,.T.);
#1058=ORIENTED_EDGE('',*,*,#2328,.F.);
#1059=ORIENTED_EDGE('',*,*,#2801,.T.);
#1060=ORIENTED_EDGE('',*,*,#2346,.F.);
#1061=ORIENTED_EDGE('',*,*,#2802,.T.);
#1062=ORIENTED_EDGE('',*,*,#2340,.F.);
#1063=ORIENTED_EDGE('',*,*,#2803,.T.);
#1064=ORIENTED_EDGE('',*,*,#2526,.F.);
#1065=ORIENTED_EDGE('',*,*,#2804,.T.);
#1066=ORIENTED_EDGE('',*,*,#2332,.F.);
#1067=ORIENTED_EDGE('',*,*,#2805,.T.);
#1068=ORIENTED_EDGE('',*,*,#2530,.F.);
#1069=ORIENTED_EDGE('',*,*,#2806,.T.);
#1070=ORIENTED_EDGE('',*,*,#2344,.F.);
#1071=ORIENTED_EDGE('',*,*,#2807,.T.);
#1072=ORIENTED_EDGE('',*,*,#2326,.F.);
#1073=ORIENTED_EDGE('',*,*,#2808,.T.);
#1074=ORIENTED_EDGE('',*,*,#2524,.F.);
#1075=ORIENTED_EDGE('',*,*,#2809,.T.);
#1076=ORIENTED_EDGE('',*,*,#2338,.F.);
#1077=ORIENTED_EDGE('',*,*,#2810,.T.);
#1078=ORIENTED_EDGE('',*,*,#2528,.F.);
#1079=ORIENTED_EDGE('',*,*,#2811,.T.);
#1080=ORIENTED_EDGE('',*,*,#2330,.F.);
#1081=ORIENTED_EDGE('',*,*,#2812,.T.);
#1082=ORIENTED_EDGE('',*,*,#2324,.F.);
#1083=ORIENTED_EDGE('',*,*,#2813,.T.);
#1084=ORIENTED_EDGE('',*,*,#2342,.F.);
#1085=ORIENTED_EDGE('',*,*,#2814,.T.);
#1086=ORIENTED_EDGE('',*,*,#2336,.F.);
#1087=ORIENTED_EDGE('',*,*,#2815,.T.);
#1088=ORIENTED_EDGE('',*,*,#2298,.F.);
#1089=ORIENTED_EDGE('',*,*,#2816,.T.);
#1090=ORIENTED_EDGE('',*,*,#2292,.F.);
#1091=ORIENTED_EDGE('',*,*,#2817,.T.);
#1092=ORIENTED_EDGE('',*,*,#2294,.F.);
#1093=ORIENTED_EDGE('',*,*,#2818,.T.);
#1094=ORIENTED_EDGE('',*,*,#2500,.F.);
#1095=ORIENTED_EDGE('',*,*,#2819,.T.);
#1096=ORIENTED_EDGE('',*,*,#2290,.F.);
#1097=ORIENTED_EDGE('',*,*,#2820,.T.);
#1098=ORIENTED_EDGE('',*,*,#2284,.F.);
#1099=ORIENTED_EDGE('',*,*,#2821,.T.);
#1100=ORIENTED_EDGE('',*,*,#2542,.F.);
#1101=ORIENTED_EDGE('',*,*,#2822,.T.);
#1102=ORIENTED_EDGE('',*,*,#2288,.F.);
#1103=ORIENTED_EDGE('',*,*,#2823,.T.);
#1104=ORIENTED_EDGE('',*,*,#2502,.F.);
#1105=ORIENTED_EDGE('',*,*,#2824,.T.);
#1106=ORIENTED_EDGE('',*,*,#2300,.F.);
#1107=ORIENTED_EDGE('',*,*,#2825,.T.);
#1108=ORIENTED_EDGE('',*,*,#2302,.F.);
#1109=ORIENTED_EDGE('',*,*,#2826,.T.);
#1110=ORIENTED_EDGE('',*,*,#2296,.F.);
#1111=ORIENTED_EDGE('',*,*,#2827,.T.);
#1112=ORIENTED_EDGE('',*,*,#2282,.F.);
#1113=ORIENTED_EDGE('',*,*,#2828,.T.);
#1114=ORIENTED_EDGE('',*,*,#2540,.F.);
#1115=ORIENTED_EDGE('',*,*,#2829,.T.);
#1116=ORIENTED_EDGE('',*,*,#2286,.F.);
#1117=ORIENTED_EDGE('',*,*,#2830,.T.);
#1118=ORIENTED_EDGE('',*,*,#2280,.F.);
#1119=ORIENTED_EDGE('',*,*,#2831,.T.);
#1120=ORIENTED_EDGE('',*,*,#2350,.F.);
#1121=ORIENTED_EDGE('',*,*,#2832,.T.);
#1122=ORIENTED_EDGE('',*,*,#2532,.F.);
#1123=ORIENTED_EDGE('',*,*,#2833,.T.);
#1124=ORIENTED_EDGE('',*,*,#2322,.F.);
#1125=ORIENTED_EDGE('',*,*,#2834,.T.);
#1126=ORIENTED_EDGE('',*,*,#2316,.F.);
#1127=ORIENTED_EDGE('',*,*,#2835,.T.);
#1128=ORIENTED_EDGE('',*,*,#2318,.F.);
#1129=ORIENTED_EDGE('',*,*,#2836,.T.);
#1130=ORIENTED_EDGE('',*,*,#2312,.F.);
#1131=ORIENTED_EDGE('',*,*,#2837,.T.);
#1132=ORIENTED_EDGE('',*,*,#2310,.F.);
#1133=ORIENTED_EDGE('',*,*,#2838,.T.);
#1134=ORIENTED_EDGE('',*,*,#2304,.F.);
#1135=ORIENTED_EDGE('',*,*,#2839,.T.);
#1136=ORIENTED_EDGE('',*,*,#2306,.F.);
#1137=ORIENTED_EDGE('',*,*,#2840,.T.);
#1138=ORIENTED_EDGE('',*,*,#2504,.F.);
#1139=ORIENTED_EDGE('',*,*,#2841,.T.);
#1140=ORIENTED_EDGE('',*,*,#2506,.F.);
#1141=ORIENTED_EDGE('',*,*,#2842,.T.);
#1142=ORIENTED_EDGE('',*,*,#2320,.F.);
#1143=ORIENTED_EDGE('',*,*,#2843,.T.);
#1144=ORIENTED_EDGE('',*,*,#2534,.F.);
#1145=ORIENTED_EDGE('',*,*,#2844,.T.);
#1146=ORIENTED_EDGE('',*,*,#2356,.F.);
#1147=ORIENTED_EDGE('',*,*,#2845,.T.);
#1148=ORIENTED_EDGE('',*,*,#2358,.F.);
#1149=ORIENTED_EDGE('',*,*,#2846,.T.);
#1150=ORIENTED_EDGE('',*,*,#2352,.F.);
#1151=ORIENTED_EDGE('',*,*,#2847,.T.);
#1152=ORIENTED_EDGE('',*,*,#2354,.F.);
#1153=ORIENTED_EDGE('',*,*,#2848,.T.);
#1154=ORIENTED_EDGE('',*,*,#2348,.F.);
#1155=ORIENTED_EDGE('',*,*,#2849,.T.);
#1156=ORIENTED_EDGE('',*,*,#2314,.F.);
#1157=ORIENTED_EDGE('',*,*,#2850,.T.);
#1158=ORIENTED_EDGE('',*,*,#2308,.F.);
#1159=ORIENTED_EDGE('',*,*,#2851,.T.);
#1160=ORIENTED_EDGE('',*,*,#2490,.F.);
#1161=ORIENTED_EDGE('',*,*,#2852,.T.);
#1162=ORIENTED_EDGE('',*,*,#2484,.F.);
#1163=ORIENTED_EDGE('',*,*,#2853,.T.);
#1164=ORIENTED_EDGE('',*,*,#2486,.F.);
#1165=ORIENTED_EDGE('',*,*,#2854,.T.);
#1166=ORIENTED_EDGE('',*,*,#2480,.F.);
#1167=ORIENTED_EDGE('',*,*,#2855,.T.);
#1168=ORIENTED_EDGE('',*,*,#2402,.F.);
#1169=ORIENTED_EDGE('',*,*,#2856,.T.);
#1170=ORIENTED_EDGE('',*,*,#2396,.F.);
#1171=ORIENTED_EDGE('',*,*,#2857,.T.);
#1172=ORIENTED_EDGE('',*,*,#2406,.F.);
#1173=ORIENTED_EDGE('',*,*,#2858,.T.);
#1174=ORIENTED_EDGE('',*,*,#2400,.F.);
#1175=ORIENTED_EDGE('',*,*,#2859,.T.);
#1176=ORIENTED_EDGE('',*,*,#2382,.F.);
#1177=ORIENTED_EDGE('',*,*,#2860,.T.);
#1178=ORIENTED_EDGE('',*,*,#2376,.F.);
#1179=ORIENTED_EDGE('',*,*,#2861,.T.);
#1180=ORIENTED_EDGE('',*,*,#2426,.F.);
#1181=ORIENTED_EDGE('',*,*,#2862,.T.);
#1182=ORIENTED_EDGE('',*,*,#2420,.F.);
#1183=ORIENTED_EDGE('',*,*,#2863,.T.);
#1184=ORIENTED_EDGE('',*,*,#2462,.F.);
#1185=ORIENTED_EDGE('',*,*,#2864,.T.);
#1186=ORIENTED_EDGE('',*,*,#2456,.F.);
#1187=ORIENTED_EDGE('',*,*,#2865,.T.);
#1188=ORIENTED_EDGE('',*,*,#2466,.F.);
#1189=ORIENTED_EDGE('',*,*,#2866,.T.);
#1190=ORIENTED_EDGE('',*,*,#2460,.F.);
#1191=ORIENTED_EDGE('',*,*,#2867,.T.);
#1192=ORIENTED_EDGE('',*,*,#2478,.F.);
#1193=ORIENTED_EDGE('',*,*,#2868,.T.);
#1194=ORIENTED_EDGE('',*,*,#2472,.F.);
#1195=ORIENTED_EDGE('',*,*,#2869,.T.);
#1196=ORIENTED_EDGE('',*,*,#2482,.F.);
#1197=ORIENTED_EDGE('',*,*,#2870,.T.);
#1198=ORIENTED_EDGE('',*,*,#2476,.F.);
#1199=ORIENTED_EDGE('',*,*,#2871,.T.);
#1200=ORIENTED_EDGE('',*,*,#2474,.F.);
#1201=ORIENTED_EDGE('',*,*,#2872,.T.);
#1202=ORIENTED_EDGE('',*,*,#2468,.F.);
#1203=ORIENTED_EDGE('',*,*,#2873,.T.);
#1204=ORIENTED_EDGE('',*,*,#2470,.F.);
#1205=ORIENTED_EDGE('',*,*,#2874,.T.);
#1206=ORIENTED_EDGE('',*,*,#2464,.F.);
#1207=ORIENTED_EDGE('',*,*,#2875,.T.);
#1208=ORIENTED_EDGE('',*,*,#2438,.F.);
#1209=ORIENTED_EDGE('',*,*,#2876,.T.);
#1210=ORIENTED_EDGE('',*,*,#2432,.F.);
#1211=ORIENTED_EDGE('',*,*,#2877,.T.);
#1212=ORIENTED_EDGE('',*,*,#2434,.F.);
#1213=ORIENTED_EDGE('',*,*,#2878,.T.);
#1214=ORIENTED_EDGE('',*,*,#2428,.F.);
#1215=ORIENTED_EDGE('',*,*,#2879,.T.);
#1216=ORIENTED_EDGE('',*,*,#2370,.F.);
#1217=ORIENTED_EDGE('',*,*,#2880,.T.);
#1218=ORIENTED_EDGE('',*,*,#2364,.F.);
#1219=ORIENTED_EDGE('',*,*,#2881,.T.);
#1220=ORIENTED_EDGE('',*,*,#2374,.F.);
#1221=ORIENTED_EDGE('',*,*,#2882,.T.);
#1222=ORIENTED_EDGE('',*,*,#2368,.F.);
#1223=ORIENTED_EDGE('',*,*,#2883,.T.);
#1224=ORIENTED_EDGE('',*,*,#2494,.F.);
#1225=ORIENTED_EDGE('',*,*,#2884,.T.);
#1226=ORIENTED_EDGE('',*,*,#2488,.F.);
#1227=ORIENTED_EDGE('',*,*,#2885,.T.);
#1228=ORIENTED_EDGE('',*,*,#2458,.F.);
#1229=ORIENTED_EDGE('',*,*,#2886,.T.);
#1230=ORIENTED_EDGE('',*,*,#2452,.F.);
#1231=ORIENTED_EDGE('',*,*,#2887,.T.);
#1232=ORIENTED_EDGE('',*,*,#2498,.F.);
#1233=ORIENTED_EDGE('',*,*,#2888,.T.);
#1234=ORIENTED_EDGE('',*,*,#2492,.F.);
#1235=ORIENTED_EDGE('',*,*,#2889,.T.);
#1236=ORIENTED_EDGE('',*,*,#2398,.F.);
#1237=ORIENTED_EDGE('',*,*,#2890,.T.);
#1238=ORIENTED_EDGE('',*,*,#2392,.F.);
#1239=ORIENTED_EDGE('',*,*,#2891,.T.);
#1240=ORIENTED_EDGE('',*,*,#2394,.F.);
#1241=ORIENTED_EDGE('',*,*,#2892,.T.);
#1242=ORIENTED_EDGE('',*,*,#2388,.F.);
#1243=ORIENTED_EDGE('',*,*,#2893,.T.);
#1244=ORIENTED_EDGE('',*,*,#2390,.F.);
#1245=ORIENTED_EDGE('',*,*,#2894,.T.);
#1246=ORIENTED_EDGE('',*,*,#2384,.F.);
#1247=ORIENTED_EDGE('',*,*,#2895,.T.);
#1248=ORIENTED_EDGE('',*,*,#2410,.F.);
#1249=ORIENTED_EDGE('',*,*,#2896,.T.);
#1250=ORIENTED_EDGE('',*,*,#2404,.F.);
#1251=ORIENTED_EDGE('',*,*,#2897,.T.);
#1252=ORIENTED_EDGE('',*,*,#2414,.F.);
#1253=ORIENTED_EDGE('',*,*,#2898,.T.);
#1254=ORIENTED_EDGE('',*,*,#2408,.F.);
#1255=ORIENTED_EDGE('',*,*,#2899,.T.);
#1256=ORIENTED_EDGE('',*,*,#2418,.F.);
#1257=ORIENTED_EDGE('',*,*,#2900,.T.);
#1258=ORIENTED_EDGE('',*,*,#2412,.F.);
#1259=ORIENTED_EDGE('',*,*,#2901,.T.);
#1260=ORIENTED_EDGE('',*,*,#2422,.F.);
#1261=ORIENTED_EDGE('',*,*,#2902,.T.);
#1262=ORIENTED_EDGE('',*,*,#2416,.F.);
#1263=ORIENTED_EDGE('',*,*,#2903,.T.);
#1264=ORIENTED_EDGE('',*,*,#2386,.F.);
#1265=ORIENTED_EDGE('',*,*,#2904,.T.);
#1266=ORIENTED_EDGE('',*,*,#2380,.F.);
#1267=ORIENTED_EDGE('',*,*,#2905,.T.);
#1268=ORIENTED_EDGE('',*,*,#2454,.F.);
#1269=ORIENTED_EDGE('',*,*,#2906,.T.);
#1270=ORIENTED_EDGE('',*,*,#2448,.F.);
#1271=ORIENTED_EDGE('',*,*,#2907,.T.);
#1272=ORIENTED_EDGE('',*,*,#2362,.F.);
#1273=ORIENTED_EDGE('',*,*,#2908,.T.);
#1274=ORIENTED_EDGE('',*,*,#2536,.F.);
#1275=ORIENTED_EDGE('',*,*,#2909,.T.);
#1276=ORIENTED_EDGE('',*,*,#2538,.F.);
#1277=ORIENTED_EDGE('',*,*,#2910,.T.);
#1278=ORIENTED_EDGE('',*,*,#2496,.F.);
#1279=ORIENTED_EDGE('',*,*,#2911,.T.);
#1280=ORIENTED_EDGE('',*,*,#2446,.F.);
#1281=ORIENTED_EDGE('',*,*,#2912,.T.);
#1282=ORIENTED_EDGE('',*,*,#2440,.F.);
#1283=ORIENTED_EDGE('',*,*,#2913,.T.);
#1284=ORIENTED_EDGE('',*,*,#2450,.F.);
#1285=ORIENTED_EDGE('',*,*,#2914,.T.);
#1286=ORIENTED_EDGE('',*,*,#2444,.F.);
#1287=ORIENTED_EDGE('',*,*,#2915,.T.);
#1288=ORIENTED_EDGE('',*,*,#2916,.F.);
#1289=ORIENTED_EDGE('',*,*,#2633,.F.);
#1290=ORIENTED_EDGE('',*,*,#2917,.F.);
#1291=ORIENTED_EDGE('',*,*,#2369,.F.);
#1292=ORIENTED_EDGE('',*,*,#2917,.T.);
#1293=ORIENTED_EDGE('',*,*,#2632,.F.);
#1294=ORIENTED_EDGE('',*,*,#2918,.F.);
#1295=ORIENTED_EDGE('',*,*,#2880,.F.);
#1296=ORIENTED_EDGE('',*,*,#2916,.T.);
#1297=ORIENTED_EDGE('',*,*,#2882,.F.);
#1298=ORIENTED_EDGE('',*,*,#2919,.F.);
#1299=ORIENTED_EDGE('',*,*,#2634,.F.);
#1300=ORIENTED_EDGE('',*,*,#2918,.T.);
#1301=ORIENTED_EDGE('',*,*,#2631,.F.);
#1302=ORIENTED_EDGE('',*,*,#2920,.F.);
#1303=ORIENTED_EDGE('',*,*,#2365,.F.);
#1304=ORIENTED_EDGE('',*,*,#2919,.T.);
#1305=ORIENTED_EDGE('',*,*,#2373,.F.);
#1306=ORIENTED_EDGE('',*,*,#2921,.F.);
#1307=ORIENTED_EDGE('',*,*,#2635,.F.);
#1308=ORIENTED_EDGE('',*,*,#2920,.T.);
#1309=ORIENTED_EDGE('',*,*,#2630,.F.);
#1310=ORIENTED_EDGE('',*,*,#2922,.F.);
#1311=ORIENTED_EDGE('',*,*,#2792,.F.);
#1312=ORIENTED_EDGE('',*,*,#2921,.T.);
#1313=ORIENTED_EDGE('',*,*,#2794,.F.);
#1314=ORIENTED_EDGE('',*,*,#2923,.F.);
#1315=ORIENTED_EDGE('',*,*,#2636,.F.);
#1316=ORIENTED_EDGE('',*,*,#2922,.T.);
#1317=ORIENTED_EDGE('',*,*,#2629,.F.);
#1318=ORIENTED_EDGE('',*,*,#2924,.F.);
#1319=ORIENTED_EDGE('',*,*,#2361,.F.);
#1320=ORIENTED_EDGE('',*,*,#2923,.T.);
#1321=ORIENTED_EDGE('',*,*,#2377,.F.);
#1322=ORIENTED_EDGE('',*,*,#2925,.F.);
#1323=ORIENTED_EDGE('',*,*,#2637,.F.);
#1324=ORIENTED_EDGE('',*,*,#2924,.T.);
#1325=ORIENTED_EDGE('',*,*,#2628,.F.);
#1326=ORIENTED_EDGE('',*,*,#2926,.F.);
#1327=ORIENTED_EDGE('',*,*,#2908,.F.);
#1328=ORIENTED_EDGE('',*,*,#2925,.T.);
#1329=ORIENTED_EDGE('',*,*,#2860,.F.);
#1330=ORIENTED_EDGE('',*,*,#2927,.F.);
#1331=ORIENTED_EDGE('',*,*,#2638,.F.);
#1332=ORIENTED_EDGE('',*,*,#2926,.T.);
#1333=ORIENTED_EDGE('',*,*,#2627,.F.);
#1334=ORIENTED_EDGE('',*,*,#2928,.F.);
#1335=ORIENTED_EDGE('',*,*,#2537,.F.);
#1336=ORIENTED_EDGE('',*,*,#2927,.T.);
#1337=ORIENTED_EDGE('',*,*,#2381,.F.);
#1338=ORIENTED_EDGE('',*,*,#2929,.F.);
#1339=ORIENTED_EDGE('',*,*,#2639,.F.);
#1340=ORIENTED_EDGE('',*,*,#2928,.T.);
#1341=ORIENTED_EDGE('',*,*,#2626,.F.);
#1342=ORIENTED_EDGE('',*,*,#2930,.F.);
#1343=ORIENTED_EDGE('',*,*,#2910,.F.);
#1344=ORIENTED_EDGE('',*,*,#2929,.T.);
#1345=ORIENTED_EDGE('',*,*,#2904,.F.);
#1346=ORIENTED_EDGE('',*,*,#2931,.F.);
#1347=ORIENTED_EDGE('',*,*,#2640,.F.);
#1348=ORIENTED_EDGE('',*,*,#2930,.T.);
#1349=ORIENTED_EDGE('',*,*,#2625,.F.);
#1350=ORIENTED_EDGE('',*,*,#2932,.F.);
#1351=ORIENTED_EDGE('',*,*,#2497,.F.);
#1352=ORIENTED_EDGE('',*,*,#2931,.T.);
#1353=ORIENTED_EDGE('',*,*,#2385,.F.);
#1354=ORIENTED_EDGE('',*,*,#2933,.F.);
#1355=ORIENTED_EDGE('',*,*,#2641,.F.);
#1356=ORIENTED_EDGE('',*,*,#2932,.T.);
#1357=ORIENTED_EDGE('',*,*,#2624,.F.);
#1358=ORIENTED_EDGE('',*,*,#2934,.F.);
#1359=ORIENTED_EDGE('',*,*,#2888,.F.);
#1360=ORIENTED_EDGE('',*,*,#2933,.T.);
#1361=ORIENTED_EDGE('',*,*,#2894,.F.);
#1362=ORIENTED_EDGE('',*,*,#2935,.F.);
#1363=ORIENTED_EDGE('',*,*,#2642,.F.);
#1364=ORIENTED_EDGE('',*,*,#2934,.T.);
#1365=ORIENTED_EDGE('',*,*,#2623,.F.);
#1366=ORIENTED_EDGE('',*,*,#2936,.F.);
#1367=ORIENTED_EDGE('',*,*,#2493,.F.);
#1368=ORIENTED_EDGE('',*,*,#2935,.T.);
#1369=ORIENTED_EDGE('',*,*,#2389,.F.);
#1370=ORIENTED_EDGE('',*,*,#2937,.F.);
#1371=ORIENTED_EDGE('',*,*,#2643,.F.);
#1372=ORIENTED_EDGE('',*,*,#2936,.T.);
#1373=ORIENTED_EDGE('',*,*,#2622,.F.);
#1374=ORIENTED_EDGE('',*,*,#2938,.F.);
#1375=ORIENTED_EDGE('',*,*,#2884,.F.);
#1376=ORIENTED_EDGE('',*,*,#2937,.T.);
#1377=ORIENTED_EDGE('',*,*,#2892,.F.);
#1378=ORIENTED_EDGE('',*,*,#2939,.F.);
#1379=ORIENTED_EDGE('',*,*,#2644,.F.);
#1380=ORIENTED_EDGE('',*,*,#2938,.T.);
#1381=ORIENTED_EDGE('',*,*,#2621,.F.);
#1382=ORIENTED_EDGE('',*,*,#2940,.F.);
#1383=ORIENTED_EDGE('',*,*,#2489,.F.);
#1384=ORIENTED_EDGE('',*,*,#2939,.T.);
#1385=ORIENTED_EDGE('',*,*,#2393,.F.);
#1386=ORIENTED_EDGE('',*,*,#2941,.F.);
#1387=ORIENTED_EDGE('',*,*,#2645,.F.);
#1388=ORIENTED_EDGE('',*,*,#2940,.T.);
#1389=ORIENTED_EDGE('',*,*,#2620,.F.);
#1390=ORIENTED_EDGE('',*,*,#2942,.F.);
#1391=ORIENTED_EDGE('',*,*,#2852,.F.);
#1392=ORIENTED_EDGE('',*,*,#2941,.T.);
#1393=ORIENTED_EDGE('',*,*,#2890,.F.);
#1394=ORIENTED_EDGE('',*,*,#2943,.F.);
#1395=ORIENTED_EDGE('',*,*,#2646,.F.);
#1396=ORIENTED_EDGE('',*,*,#2942,.T.);
#1397=ORIENTED_EDGE('',*,*,#2619,.F.);
#1398=ORIENTED_EDGE('',*,*,#2944,.F.);
#1399=ORIENTED_EDGE('',*,*,#2485,.F.);
#1400=ORIENTED_EDGE('',*,*,#2943,.T.);
#1401=ORIENTED_EDGE('',*,*,#2397,.F.);
#1402=ORIENTED_EDGE('',*,*,#2945,.F.);
#1403=ORIENTED_EDGE('',*,*,#2647,.F.);
#1404=ORIENTED_EDGE('',*,*,#2944,.T.);
#1405=ORIENTED_EDGE('',*,*,#2618,.F.);
#1406=ORIENTED_EDGE('',*,*,#2946,.F.);
#1407=ORIENTED_EDGE('',*,*,#2854,.F.);
#1408=ORIENTED_EDGE('',*,*,#2945,.T.);
#1409=ORIENTED_EDGE('',*,*,#2856,.F.);
#1410=ORIENTED_EDGE('',*,*,#2947,.F.);
#1411=ORIENTED_EDGE('',*,*,#2648,.F.);
#1412=ORIENTED_EDGE('',*,*,#2946,.T.);
#1413=ORIENTED_EDGE('',*,*,#2617,.F.);
#1414=ORIENTED_EDGE('',*,*,#2948,.F.);
#1415=ORIENTED_EDGE('',*,*,#2481,.F.);
#1416=ORIENTED_EDGE('',*,*,#2947,.T.);
#1417=ORIENTED_EDGE('',*,*,#2401,.F.);
#1418=ORIENTED_EDGE('',*,*,#2949,.F.);
#1419=ORIENTED_EDGE('',*,*,#2649,.F.);
#1420=ORIENTED_EDGE('',*,*,#2948,.T.);
#1421=ORIENTED_EDGE('',*,*,#2616,.F.);
#1422=ORIENTED_EDGE('',*,*,#2950,.F.);
#1423=ORIENTED_EDGE('',*,*,#2870,.F.);
#1424=ORIENTED_EDGE('',*,*,#2949,.T.);
#1425=ORIENTED_EDGE('',*,*,#2858,.F.);
#1426=ORIENTED_EDGE('',*,*,#2951,.F.);
#1427=ORIENTED_EDGE('',*,*,#2650,.F.);
#1428=ORIENTED_EDGE('',*,*,#2950,.T.);
#1429=ORIENTED_EDGE('',*,*,#2615,.F.);
#1430=ORIENTED_EDGE('',*,*,#2952,.F.);
#1431=ORIENTED_EDGE('',*,*,#2477,.F.);
#1432=ORIENTED_EDGE('',*,*,#2951,.T.);
#1433=ORIENTED_EDGE('',*,*,#2405,.F.);
#1434=ORIENTED_EDGE('',*,*,#2953,.F.);
#1435=ORIENTED_EDGE('',*,*,#2651,.F.);
#1436=ORIENTED_EDGE('',*,*,#2952,.T.);
#1437=ORIENTED_EDGE('',*,*,#2614,.F.);
#1438=ORIENTED_EDGE('',*,*,#2954,.F.);
#1439=ORIENTED_EDGE('',*,*,#2868,.F.);
#1440=ORIENTED_EDGE('',*,*,#2953,.T.);
#1441=ORIENTED_EDGE('',*,*,#2896,.F.);
#1442=ORIENTED_EDGE('',*,*,#2955,.F.);
#1443=ORIENTED_EDGE('',*,*,#2652,.F.);
#1444=ORIENTED_EDGE('',*,*,#2954,.T.);
#1445=ORIENTED_EDGE('',*,*,#2613,.F.);
#1446=ORIENTED_EDGE('',*,*,#2956,.F.);
#1447=ORIENTED_EDGE('',*,*,#2473,.F.);
#1448=ORIENTED_EDGE('',*,*,#2955,.T.);
#1449=ORIENTED_EDGE('',*,*,#2409,.F.);
#1450=ORIENTED_EDGE('',*,*,#2957,.F.);
#1451=ORIENTED_EDGE('',*,*,#2653,.F.);
#1452=ORIENTED_EDGE('',*,*,#2956,.T.);
#1453=ORIENTED_EDGE('',*,*,#2612,.F.);
#1454=ORIENTED_EDGE('',*,*,#2958,.F.);
#1455=ORIENTED_EDGE('',*,*,#2872,.F.);
#1456=ORIENTED_EDGE('',*,*,#2957,.T.);
#1457=ORIENTED_EDGE('',*,*,#2898,.F.);
#1458=ORIENTED_EDGE('',*,*,#2959,.F.);
#1459=ORIENTED_EDGE('',*,*,#2654,.F.);
#1460=ORIENTED_EDGE('',*,*,#2958,.T.);
#1461=ORIENTED_EDGE('',*,*,#2611,.F.);
#1462=ORIENTED_EDGE('',*,*,#2960,.F.);
#1463=ORIENTED_EDGE('',*,*,#2469,.F.);
#1464=ORIENTED_EDGE('',*,*,#2959,.T.);
#1465=ORIENTED_EDGE('',*,*,#2413,.F.);
#1466=ORIENTED_EDGE('',*,*,#2961,.F.);
#1467=ORIENTED_EDGE('',*,*,#2655,.F.);
#1468=ORIENTED_EDGE('',*,*,#2960,.T.);
#1469=ORIENTED_EDGE('',*,*,#2610,.F.);
#1470=ORIENTED_EDGE('',*,*,#2962,.F.);
#1471=ORIENTED_EDGE('',*,*,#2874,.F.);
#1472=ORIENTED_EDGE('',*,*,#2961,.T.);
#1473=ORIENTED_EDGE('',*,*,#2900,.F.);
#1474=ORIENTED_EDGE('',*,*,#2963,.F.);
#1475=ORIENTED_EDGE('',*,*,#2656,.F.);
#1476=ORIENTED_EDGE('',*,*,#2962,.T.);
#1477=ORIENTED_EDGE('',*,*,#2609,.F.);
#1478=ORIENTED_EDGE('',*,*,#2964,.F.);
#1479=ORIENTED_EDGE('',*,*,#2465,.F.);
#1480=ORIENTED_EDGE('',*,*,#2963,.T.);
#1481=ORIENTED_EDGE('',*,*,#2417,.F.);
#1482=ORIENTED_EDGE('',*,*,#2965,.F.);
#1483=ORIENTED_EDGE('',*,*,#2657,.F.);
#1484=ORIENTED_EDGE('',*,*,#2964,.T.);
#1485=ORIENTED_EDGE('',*,*,#2608,.F.);
#1486=ORIENTED_EDGE('',*,*,#2966,.F.);
#1487=ORIENTED_EDGE('',*,*,#2866,.F.);
#1488=ORIENTED_EDGE('',*,*,#2965,.T.);
#1489=ORIENTED_EDGE('',*,*,#2902,.F.);
#1490=ORIENTED_EDGE('',*,*,#2967,.F.);
#1491=ORIENTED_EDGE('',*,*,#2658,.F.);
#1492=ORIENTED_EDGE('',*,*,#2966,.T.);
#1493=ORIENTED_EDGE('',*,*,#2607,.F.);
#1494=ORIENTED_EDGE('',*,*,#2968,.F.);
#1495=ORIENTED_EDGE('',*,*,#2461,.F.);
#1496=ORIENTED_EDGE('',*,*,#2967,.T.);
#1497=ORIENTED_EDGE('',*,*,#2421,.F.);
#1498=ORIENTED_EDGE('',*,*,#2969,.F.);
#1499=ORIENTED_EDGE('',*,*,#2659,.F.);
#1500=ORIENTED_EDGE('',*,*,#2968,.T.);
#1501=ORIENTED_EDGE('',*,*,#2606,.F.);
#1502=ORIENTED_EDGE('',*,*,#2970,.F.);
#1503=ORIENTED_EDGE('',*,*,#2864,.F.);
#1504=ORIENTED_EDGE('',*,*,#2969,.T.);
#1505=ORIENTED_EDGE('',*,*,#2862,.F.);
#1506=ORIENTED_EDGE('',*,*,#2971,.F.);
#1507=ORIENTED_EDGE('',*,*,#2660,.F.);
#1508=ORIENTED_EDGE('',*,*,#2970,.T.);
#1509=ORIENTED_EDGE('',*,*,#2605,.F.);
#1510=ORIENTED_EDGE('',*,*,#2972,.F.);
#1511=ORIENTED_EDGE('',*,*,#2457,.F.);
#1512=ORIENTED_EDGE('',*,*,#2971,.T.);
#1513=ORIENTED_EDGE('',*,*,#2425,.F.);
#1514=ORIENTED_EDGE('',*,*,#2973,.F.);
#1515=ORIENTED_EDGE('',*,*,#2661,.F.);
#1516=ORIENTED_EDGE('',*,*,#2972,.T.);
#1517=ORIENTED_EDGE('',*,*,#2604,.F.);
#1518=ORIENTED_EDGE('',*,*,#2974,.F.);
#1519=ORIENTED_EDGE('',*,*,#2886,.F.);
#1520=ORIENTED_EDGE('',*,*,#2973,.T.);
#1521=ORIENTED_EDGE('',*,*,#2798,.F.);
#1522=ORIENTED_EDGE('',*,*,#2975,.F.);
#1523=ORIENTED_EDGE('',*,*,#2662,.F.);
#1524=ORIENTED_EDGE('',*,*,#2974,.T.);
#1525=ORIENTED_EDGE('',*,*,#2603,.F.);
#1526=ORIENTED_EDGE('',*,*,#2976,.F.);
#1527=ORIENTED_EDGE('',*,*,#2453,.F.);
#1528=ORIENTED_EDGE('',*,*,#2975,.T.);
#1529=ORIENTED_EDGE('',*,*,#2429,.F.);
#1530=ORIENTED_EDGE('',*,*,#2977,.F.);
#1531=ORIENTED_EDGE('',*,*,#2663,.F.);
#1532=ORIENTED_EDGE('',*,*,#2976,.T.);
#1533=ORIENTED_EDGE('',*,*,#2602,.F.);
#1534=ORIENTED_EDGE('',*,*,#2978,.F.);
#1535=ORIENTED_EDGE('',*,*,#2906,.F.);
#1536=ORIENTED_EDGE('',*,*,#2977,.T.);
#1537=ORIENTED_EDGE('',*,*,#2878,.F.);
#1538=ORIENTED_EDGE('',*,*,#2979,.F.);
#1539=ORIENTED_EDGE('',*,*,#2664,.F.);
#1540=ORIENTED_EDGE('',*,*,#2978,.T.);
#1541=ORIENTED_EDGE('',*,*,#2601,.F.);
#1542=ORIENTED_EDGE('',*,*,#2980,.F.);
#1543=ORIENTED_EDGE('',*,*,#2449,.F.);
#1544=ORIENTED_EDGE('',*,*,#2979,.T.);
#1545=ORIENTED_EDGE('',*,*,#2433,.F.);
#1546=ORIENTED_EDGE('',*,*,#2981,.F.);
#1547=ORIENTED_EDGE('',*,*,#2665,.F.);
#1548=ORIENTED_EDGE('',*,*,#2980,.T.);
#1549=ORIENTED_EDGE('',*,*,#2600,.F.);
#1550=ORIENTED_EDGE('',*,*,#2982,.F.);
#1551=ORIENTED_EDGE('',*,*,#2914,.F.);
#1552=ORIENTED_EDGE('',*,*,#2981,.T.);
#1553=ORIENTED_EDGE('',*,*,#2876,.F.);
#1554=ORIENTED_EDGE('',*,*,#2983,.F.);
#1555=ORIENTED_EDGE('',*,*,#2666,.F.);
#1556=ORIENTED_EDGE('',*,*,#2982,.T.);
#1557=ORIENTED_EDGE('',*,*,#2599,.F.);
#1558=ORIENTED_EDGE('',*,*,#2984,.F.);
#1559=ORIENTED_EDGE('',*,*,#2445,.F.);
#1560=ORIENTED_EDGE('',*,*,#2983,.T.);
#1561=ORIENTED_EDGE('',*,*,#2437,.F.);
#1562=ORIENTED_EDGE('',*,*,#2985,.F.);
#1563=ORIENTED_EDGE('',*,*,#2667,.F.);
#1564=ORIENTED_EDGE('',*,*,#2984,.T.);
#1565=ORIENTED_EDGE('',*,*,#2598,.F.);
#1566=ORIENTED_EDGE('',*,*,#2986,.F.);
#1567=ORIENTED_EDGE('',*,*,#2912,.F.);
#1568=ORIENTED_EDGE('',*,*,#2985,.T.);
#1569=ORIENTED_EDGE('',*,*,#2796,.F.);
#1570=ORIENTED_EDGE('',*,*,#2987,.F.);
#1571=ORIENTED_EDGE('',*,*,#2596,.F.);
#1572=ORIENTED_EDGE('',*,*,#2986,.T.);
#1573=ORIENTED_EDGE('',*,*,#2597,.F.);
#1574=ORIENTED_EDGE('',*,*,#2987,.T.);
#1575=ORIENTED_EDGE('',*,*,#2441,.F.);
#1576=ORIENTED_EDGE('',*,*,#2988,.F.);
#1577=ORIENTED_EDGE('',*,*,#2371,.F.);
#1578=ORIENTED_EDGE('',*,*,#2989,.F.);
#1579=ORIENTED_EDGE('',*,*,#2757,.F.);
#1580=ORIENTED_EDGE('',*,*,#2989,.T.);
#1581=ORIENTED_EDGE('',*,*,#2881,.F.);
#1582=ORIENTED_EDGE('',*,*,#2990,.F.);
#1583=ORIENTED_EDGE('',*,*,#2758,.F.);
#1584=ORIENTED_EDGE('',*,*,#2988,.T.);
#1585=ORIENTED_EDGE('',*,*,#2756,.F.);
#1586=ORIENTED_EDGE('',*,*,#2991,.F.);
#1587=ORIENTED_EDGE('',*,*,#2883,.F.);
#1588=ORIENTED_EDGE('',*,*,#2990,.T.);
#1589=ORIENTED_EDGE('',*,*,#2367,.F.);
#1590=ORIENTED_EDGE('',*,*,#2992,.F.);
#1591=ORIENTED_EDGE('',*,*,#2759,.F.);
#1592=ORIENTED_EDGE('',*,*,#2991,.T.);
#1593=ORIENTED_EDGE('',*,*,#2755,.F.);
#1594=ORIENTED_EDGE('',*,*,#2993,.F.);
#1595=ORIENTED_EDGE('',*,*,#2375,.F.);
#1596=ORIENTED_EDGE('',*,*,#2992,.T.);
#1597=ORIENTED_EDGE('',*,*,#2793,.F.);
#1598=ORIENTED_EDGE('',*,*,#2994,.F.);
#1599=ORIENTED_EDGE('',*,*,#2760,.F.);
#1600=ORIENTED_EDGE('',*,*,#2993,.T.);
#1601=ORIENTED_EDGE('',*,*,#2754,.F.);
#1602=ORIENTED_EDGE('',*,*,#2995,.F.);
#1603=ORIENTED_EDGE('',*,*,#2795,.F.);
#1604=ORIENTED_EDGE('',*,*,#2994,.T.);
#1605=ORIENTED_EDGE('',*,*,#2363,.F.);
#1606=ORIENTED_EDGE('',*,*,#2996,.F.);
#1607=ORIENTED_EDGE('',*,*,#2761,.F.);
#1608=ORIENTED_EDGE('',*,*,#2995,.T.);
#1609=ORIENTED_EDGE('',*,*,#2753,.F.);
#1610=ORIENTED_EDGE('',*,*,#2997,.F.);
#1611=ORIENTED_EDGE('',*,*,#2379,.F.);
#1612=ORIENTED_EDGE('',*,*,#2996,.T.);
#1613=ORIENTED_EDGE('',*,*,#2909,.F.);
#1614=ORIENTED_EDGE('',*,*,#2998,.F.);
#1615=ORIENTED_EDGE('',*,*,#2762,.F.);
#1616=ORIENTED_EDGE('',*,*,#2997,.T.);
#1617=ORIENTED_EDGE('',*,*,#2752,.F.);
#1618=ORIENTED_EDGE('',*,*,#2999,.F.);
#1619=ORIENTED_EDGE('',*,*,#2861,.F.);
#1620=ORIENTED_EDGE('',*,*,#2998,.T.);
#1621=ORIENTED_EDGE('',*,*,#2539,.F.);
#1622=ORIENTED_EDGE('',*,*,#3000,.F.);
#1623=ORIENTED_EDGE('',*,*,#2763,.F.);
#1624=ORIENTED_EDGE('',*,*,#2999,.T.);
#1625=ORIENTED_EDGE('',*,*,#2751,.F.);
#1626=ORIENTED_EDGE('',*,*,#3001,.F.);
#1627=ORIENTED_EDGE('',*,*,#2383,.F.);
#1628=ORIENTED_EDGE('',*,*,#3000,.T.);
#1629=ORIENTED_EDGE('',*,*,#2911,.F.);
#1630=ORIENTED_EDGE('',*,*,#3002,.F.);
#1631=ORIENTED_EDGE('',*,*,#2764,.F.);
#1632=ORIENTED_EDGE('',*,*,#3001,.T.);
#1633=ORIENTED_EDGE('',*,*,#2750,.F.);
#1634=ORIENTED_EDGE('',*,*,#3003,.F.);
#1635=ORIENTED_EDGE('',*,*,#2905,.F.);
#1636=ORIENTED_EDGE('',*,*,#3002,.T.);
#1637=ORIENTED_EDGE('',*,*,#2499,.F.);
#1638=ORIENTED_EDGE('',*,*,#3004,.F.);
#1639=ORIENTED_EDGE('',*,*,#2765,.F.);
#1640=ORIENTED_EDGE('',*,*,#3003,.T.);
#1641=ORIENTED_EDGE('',*,*,#2749,.F.);
#1642=ORIENTED_EDGE('',*,*,#3005,.F.);
#1643=ORIENTED_EDGE('',*,*,#2387,.F.);
#1644=ORIENTED_EDGE('',*,*,#3004,.T.);
#1645=ORIENTED_EDGE('',*,*,#2889,.F.);
#1646=ORIENTED_EDGE('',*,*,#3006,.F.);
#1647=ORIENTED_EDGE('',*,*,#2766,.F.);
#1648=ORIENTED_EDGE('',*,*,#3005,.T.);
#1649=ORIENTED_EDGE('',*,*,#2748,.F.);
#1650=ORIENTED_EDGE('',*,*,#3007,.F.);
#1651=ORIENTED_EDGE('',*,*,#2895,.F.);
#1652=ORIENTED_EDGE('',*,*,#3006,.T.);
#1653=ORIENTED_EDGE('',*,*,#2495,.F.);
#1654=ORIENTED_EDGE('',*,*,#3008,.F.);
#1655=ORIENTED_EDGE('',*,*,#2767,.F.);
#1656=ORIENTED_EDGE('',*,*,#3007,.T.);
#1657=ORIENTED_EDGE('',*,*,#2747,.F.);
#1658=ORIENTED_EDGE('',*,*,#3009,.F.);
#1659=ORIENTED_EDGE('',*,*,#2391,.F.);
#1660=ORIENTED_EDGE('',*,*,#3008,.T.);
#1661=ORIENTED_EDGE('',*,*,#2885,.F.);
#1662=ORIENTED_EDGE('',*,*,#3010,.F.);
#1663=ORIENTED_EDGE('',*,*,#2768,.F.);
#1664=ORIENTED_EDGE('',*,*,#3009,.T.);
#1665=ORIENTED_EDGE('',*,*,#2746,.F.);
#1666=ORIENTED_EDGE('',*,*,#3011,.F.);
#1667=ORIENTED_EDGE('',*,*,#2893,.F.);
#1668=ORIENTED_EDGE('',*,*,#3010,.T.);
#1669=ORIENTED_EDGE('',*,*,#2491,.F.);
#1670=ORIENTED_EDGE('',*,*,#3012,.F.);
#1671=ORIENTED_EDGE('',*,*,#2769,.F.);
#1672=ORIENTED_EDGE('',*,*,#3011,.T.);
#1673=ORIENTED_EDGE('',*,*,#2745,.F.);
#1674=ORIENTED_EDGE('',*,*,#3013,.F.);
#1675=ORIENTED_EDGE('',*,*,#2395,.F.);
#1676=ORIENTED_EDGE('',*,*,#3012,.T.);
#1677=ORIENTED_EDGE('',*,*,#2853,.F.);
#1678=ORIENTED_EDGE('',*,*,#3014,.F.);
#1679=ORIENTED_EDGE('',*,*,#2770,.F.);
#1680=ORIENTED_EDGE('',*,*,#3013,.T.);
#1681=ORIENTED_EDGE('',*,*,#2744,.F.);
#1682=ORIENTED_EDGE('',*,*,#3015,.F.);
#1683=ORIENTED_EDGE('',*,*,#2891,.F.);
#1684=ORIENTED_EDGE('',*,*,#3014,.T.);
#1685=ORIENTED_EDGE('',*,*,#2487,.F.);
#1686=ORIENTED_EDGE('',*,*,#3016,.F.);
#1687=ORIENTED_EDGE('',*,*,#2771,.F.);
#1688=ORIENTED_EDGE('',*,*,#3015,.T.);
#1689=ORIENTED_EDGE('',*,*,#2743,.F.);
#1690=ORIENTED_EDGE('',*,*,#3017,.F.);
#1691=ORIENTED_EDGE('',*,*,#2399,.F.);
#1692=ORIENTED_EDGE('',*,*,#3016,.T.);
#1693=ORIENTED_EDGE('',*,*,#2855,.F.);
#1694=ORIENTED_EDGE('',*,*,#3018,.F.);
#1695=ORIENTED_EDGE('',*,*,#2772,.F.);
#1696=ORIENTED_EDGE('',*,*,#3017,.T.);
#1697=ORIENTED_EDGE('',*,*,#2742,.F.);
#1698=ORIENTED_EDGE('',*,*,#3019,.F.);
#1699=ORIENTED_EDGE('',*,*,#2857,.F.);
#1700=ORIENTED_EDGE('',*,*,#3018,.T.);
#1701=ORIENTED_EDGE('',*,*,#2483,.F.);
#1702=ORIENTED_EDGE('',*,*,#3020,.F.);
#1703=ORIENTED_EDGE('',*,*,#2773,.F.);
#1704=ORIENTED_EDGE('',*,*,#3019,.T.);
#1705=ORIENTED_EDGE('',*,*,#2741,.F.);
#1706=ORIENTED_EDGE('',*,*,#3021,.F.);
#1707=ORIENTED_EDGE('',*,*,#2403,.F.);
#1708=ORIENTED_EDGE('',*,*,#3020,.T.);
#1709=ORIENTED_EDGE('',*,*,#2871,.F.);
#1710=ORIENTED_EDGE('',*,*,#3022,.F.);
#1711=ORIENTED_EDGE('',*,*,#2774,.F.);
#1712=ORIENTED_EDGE('',*,*,#3021,.T.);
#1713=ORIENTED_EDGE('',*,*,#2740,.F.);
#1714=ORIENTED_EDGE('',*,*,#3023,.F.);
#1715=ORIENTED_EDGE('',*,*,#2859,.F.);
#1716=ORIENTED_EDGE('',*,*,#3022,.T.);
#1717=ORIENTED_EDGE('',*,*,#2479,.F.);
#1718=ORIENTED_EDGE('',*,*,#3024,.F.);
#1719=ORIENTED_EDGE('',*,*,#2775,.F.);
#1720=ORIENTED_EDGE('',*,*,#3023,.T.);
#1721=ORIENTED_EDGE('',*,*,#2739,.F.);
#1722=ORIENTED_EDGE('',*,*,#3025,.F.);
#1723=ORIENTED_EDGE('',*,*,#2407,.F.);
#1724=ORIENTED_EDGE('',*,*,#3024,.T.);
#1725=ORIENTED_EDGE('',*,*,#2869,.F.);
#1726=ORIENTED_EDGE('',*,*,#3026,.F.);
#1727=ORIENTED_EDGE('',*,*,#2776,.F.);
#1728=ORIENTED_EDGE('',*,*,#3025,.T.);
#1729=ORIENTED_EDGE('',*,*,#2738,.F.);
#1730=ORIENTED_EDGE('',*,*,#3027,.F.);
#1731=ORIENTED_EDGE('',*,*,#2897,.F.);
#1732=ORIENTED_EDGE('',*,*,#3026,.T.);
#1733=ORIENTED_EDGE('',*,*,#2475,.F.);
#1734=ORIENTED_EDGE('',*,*,#3028,.F.);
#1735=ORIENTED_EDGE('',*,*,#2777,.F.);
#1736=ORIENTED_EDGE('',*,*,#3027,.T.);
#1737=ORIENTED_EDGE('',*,*,#2737,.F.);
#1738=ORIENTED_EDGE('',*,*,#3029,.F.);
#1739=ORIENTED_EDGE('',*,*,#2411,.F.);
#1740=ORIENTED_EDGE('',*,*,#3028,.T.);
#1741=ORIENTED_EDGE('',*,*,#2873,.F.);
#1742=ORIENTED_EDGE('',*,*,#3030,.F.);
#1743=ORIENTED_EDGE('',*,*,#2778,.F.);
#1744=ORIENTED_EDGE('',*,*,#3029,.T.);
#1745=ORIENTED_EDGE('',*,*,#2736,.F.);
#1746=ORIENTED_EDGE('',*,*,#3031,.F.);
#1747=ORIENTED_EDGE('',*,*,#2899,.F.);
#1748=ORIENTED_EDGE('',*,*,#3030,.T.);
#1749=ORIENTED_EDGE('',*,*,#2471,.F.);
#1750=ORIENTED_EDGE('',*,*,#3032,.F.);
#1751=ORIENTED_EDGE('',*,*,#2779,.F.);
#1752=ORIENTED_EDGE('',*,*,#3031,.T.);
#1753=ORIENTED_EDGE('',*,*,#2735,.F.);
#1754=ORIENTED_EDGE('',*,*,#3033,.F.);
#1755=ORIENTED_EDGE('',*,*,#2415,.F.);
#1756=ORIENTED_EDGE('',*,*,#3032,.T.);
#1757=ORIENTED_EDGE('',*,*,#2875,.F.);
#1758=ORIENTED_EDGE('',*,*,#3034,.F.);
#1759=ORIENTED_EDGE('',*,*,#2780,.F.);
#1760=ORIENTED_EDGE('',*,*,#3033,.T.);
#1761=ORIENTED_EDGE('',*,*,#2734,.F.);
#1762=ORIENTED_EDGE('',*,*,#3035,.F.);
#1763=ORIENTED_EDGE('',*,*,#2901,.F.);
#1764=ORIENTED_EDGE('',*,*,#3034,.T.);
#1765=ORIENTED_EDGE('',*,*,#2467,.F.);
#1766=ORIENTED_EDGE('',*,*,#3036,.F.);
#1767=ORIENTED_EDGE('',*,*,#2781,.F.);
#1768=ORIENTED_EDGE('',*,*,#3035,.T.);
#1769=ORIENTED_EDGE('',*,*,#2733,.F.);
#1770=ORIENTED_EDGE('',*,*,#3037,.F.);
#1771=ORIENTED_EDGE('',*,*,#2419,.F.);
#1772=ORIENTED_EDGE('',*,*,#3036,.T.);
#1773=ORIENTED_EDGE('',*,*,#2867,.F.);
#1774=ORIENTED_EDGE('',*,*,#3038,.F.);
#1775=ORIENTED_EDGE('',*,*,#2782,.F.);
#1776=ORIENTED_EDGE('',*,*,#3037,.T.);
#1777=ORIENTED_EDGE('',*,*,#2732,.F.);
#1778=ORIENTED_EDGE('',*,*,#3039,.F.);
#1779=ORIENTED_EDGE('',*,*,#2903,.F.);
#1780=ORIENTED_EDGE('',*,*,#3038,.T.);
#1781=ORIENTED_EDGE('',*,*,#2463,.F.);
#1782=ORIENTED_EDGE('',*,*,#3040,.F.);
#1783=ORIENTED_EDGE('',*,*,#2783,.F.);
#1784=ORIENTED_EDGE('',*,*,#3039,.T.);
#1785=ORIENTED_EDGE('',*,*,#2731,.F.);
#1786=ORIENTED_EDGE('',*,*,#3041,.F.);
#1787=ORIENTED_EDGE('',*,*,#2423,.F.);
#1788=ORIENTED_EDGE('',*,*,#3040,.T.);
#1789=ORIENTED_EDGE('',*,*,#2865,.F.);
#1790=ORIENTED_EDGE('',*,*,#3042,.F.);
#1791=ORIENTED_EDGE('',*,*,#2784,.F.);
#1792=ORIENTED_EDGE('',*,*,#3041,.T.);
#1793=ORIENTED_EDGE('',*,*,#2730,.F.);
#1794=ORIENTED_EDGE('',*,*,#3043,.F.);
#1795=ORIENTED_EDGE('',*,*,#2863,.F.);
#1796=ORIENTED_EDGE('',*,*,#3042,.T.);
#1797=ORIENTED_EDGE('',*,*,#2459,.F.);
#1798=ORIENTED_EDGE('',*,*,#3044,.F.);
#1799=ORIENTED_EDGE('',*,*,#2785,.F.);
#1800=ORIENTED_EDGE('',*,*,#3043,.T.);
#1801=ORIENTED_EDGE('',*,*,#2729,.F.);
#1802=ORIENTED_EDGE('',*,*,#3045,.F.);
#1803=ORIENTED_EDGE('',*,*,#2427,.F.);
#1804=ORIENTED_EDGE('',*,*,#3044,.T.);
#1805=ORIENTED_EDGE('',*,*,#2887,.F.);
#1806=ORIENTED_EDGE('',*,*,#3046,.F.);
#1807=ORIENTED_EDGE('',*,*,#2786,.F.);
#1808=ORIENTED_EDGE('',*,*,#3045,.T.);
#1809=ORIENTED_EDGE('',*,*,#2728,.F.);
#1810=ORIENTED_EDGE('',*,*,#3047,.F.);
#1811=ORIENTED_EDGE('',*,*,#2799,.F.);
#1812=ORIENTED_EDGE('',*,*,#3046,.T.);
#1813=ORIENTED_EDGE('',*,*,#2455,.F.);
#1814=ORIENTED_EDGE('',*,*,#3048,.F.);
#1815=ORIENTED_EDGE('',*,*,#2787,.F.);
#1816=ORIENTED_EDGE('',*,*,#3047,.T.);
#1817=ORIENTED_EDGE('',*,*,#2727,.F.);
#1818=ORIENTED_EDGE('',*,*,#3049,.F.);
#1819=ORIENTED_EDGE('',*,*,#2431,.F.);
#1820=ORIENTED_EDGE('',*,*,#3048,.T.);
#1821=ORIENTED_EDGE('',*,*,#2907,.F.);
#1822=ORIENTED_EDGE('',*,*,#3050,.F.);
#1823=ORIENTED_EDGE('',*,*,#2788,.F.);
#1824=ORIENTED_EDGE('',*,*,#3049,.T.);
#1825=ORIENTED_EDGE('',*,*,#2726,.F.);
#1826=ORIENTED_EDGE('',*,*,#3051,.F.);
#1827=ORIENTED_EDGE('',*,*,#2879,.F.);
#1828=ORIENTED_EDGE('',*,*,#3050,.T.);
#1829=ORIENTED_EDGE('',*,*,#2451,.F.);
#1830=ORIENTED_EDGE('',*,*,#3052,.F.);
#1831=ORIENTED_EDGE('',*,*,#2789,.F.);
#1832=ORIENTED_EDGE('',*,*,#3051,.T.);
#1833=ORIENTED_EDGE('',*,*,#2725,.F.);
#1834=ORIENTED_EDGE('',*,*,#3053,.F.);
#1835=ORIENTED_EDGE('',*,*,#2435,.F.);
#1836=ORIENTED_EDGE('',*,*,#3052,.T.);
#1837=ORIENTED_EDGE('',*,*,#2915,.F.);
#1838=ORIENTED_EDGE('',*,*,#3054,.F.);
#1839=ORIENTED_EDGE('',*,*,#2790,.F.);
#1840=ORIENTED_EDGE('',*,*,#3053,.T.);
#1841=ORIENTED_EDGE('',*,*,#2724,.F.);
#1842=ORIENTED_EDGE('',*,*,#3055,.F.);
#1843=ORIENTED_EDGE('',*,*,#2877,.F.);
#1844=ORIENTED_EDGE('',*,*,#3054,.T.);
#1845=ORIENTED_EDGE('',*,*,#2447,.F.);
#1846=ORIENTED_EDGE('',*,*,#3056,.F.);
#1847=ORIENTED_EDGE('',*,*,#2791,.F.);
#1848=ORIENTED_EDGE('',*,*,#3055,.T.);
#1849=ORIENTED_EDGE('',*,*,#2723,.F.);
#1850=ORIENTED_EDGE('',*,*,#3057,.F.);
#1851=ORIENTED_EDGE('',*,*,#2439,.F.);
#1852=ORIENTED_EDGE('',*,*,#3056,.T.);
#1853=ORIENTED_EDGE('',*,*,#2913,.F.);
#1854=ORIENTED_EDGE('',*,*,#3058,.F.);
#1855=ORIENTED_EDGE('',*,*,#2720,.F.);
#1856=ORIENTED_EDGE('',*,*,#3057,.T.);
#1857=ORIENTED_EDGE('',*,*,#2722,.F.);
#1858=ORIENTED_EDGE('',*,*,#3059,.F.);
#1859=ORIENTED_EDGE('',*,*,#2797,.F.);
#1860=ORIENTED_EDGE('',*,*,#3058,.T.);
#1861=ORIENTED_EDGE('',*,*,#2443,.F.);
#1862=ORIENTED_EDGE('',*,*,#3059,.T.);
#1863=ORIENTED_EDGE('',*,*,#2721,.F.);
#1864=ORIENTED_EDGE('',*,*,#3060,.F.);
#1865=ORIENTED_EDGE('',*,*,#2317,.F.);
#1866=ORIENTED_EDGE('',*,*,#3061,.F.);
#1867=ORIENTED_EDGE('',*,*,#2591,.F.);
#1868=ORIENTED_EDGE('',*,*,#3061,.T.);
#1869=ORIENTED_EDGE('',*,*,#2834,.F.);
#1870=ORIENTED_EDGE('',*,*,#3062,.F.);
#1871=ORIENTED_EDGE('',*,*,#2592,.F.);
#1872=ORIENTED_EDGE('',*,*,#3060,.T.);
#1873=ORIENTED_EDGE('',*,*,#2590,.F.);
#1874=ORIENTED_EDGE('',*,*,#3063,.F.);
#1875=ORIENTED_EDGE('',*,*,#2836,.F.);
#1876=ORIENTED_EDGE('',*,*,#3062,.T.);
#1877=ORIENTED_EDGE('',*,*,#2321,.F.);
#1878=ORIENTED_EDGE('',*,*,#3064,.F.);
#1879=ORIENTED_EDGE('',*,*,#2593,.F.);
#1880=ORIENTED_EDGE('',*,*,#3063,.T.);
#1881=ORIENTED_EDGE('',*,*,#2589,.F.);
#1882=ORIENTED_EDGE('',*,*,#3065,.F.);
#1883=ORIENTED_EDGE('',*,*,#2313,.F.);
#1884=ORIENTED_EDGE('',*,*,#3064,.T.);
#1885=ORIENTED_EDGE('',*,*,#2842,.F.);
#1886=ORIENTED_EDGE('',*,*,#3066,.F.);
#1887=ORIENTED_EDGE('',*,*,#2594,.F.);
#1888=ORIENTED_EDGE('',*,*,#3065,.T.);
#1889=ORIENTED_EDGE('',*,*,#2588,.F.);
#1890=ORIENTED_EDGE('',*,*,#3067,.F.);
#1891=ORIENTED_EDGE('',*,*,#2850,.F.);
#1892=ORIENTED_EDGE('',*,*,#3066,.T.);
#1893=ORIENTED_EDGE('',*,*,#2505,.F.);
#1894=ORIENTED_EDGE('',*,*,#3068,.F.);
#1895=ORIENTED_EDGE('',*,*,#2595,.F.);
#1896=ORIENTED_EDGE('',*,*,#3067,.T.);
#1897=ORIENTED_EDGE('',*,*,#2587,.F.);
#1898=ORIENTED_EDGE('',*,*,#3069,.F.);
#1899=ORIENTED_EDGE('',*,*,#2309,.F.);
#1900=ORIENTED_EDGE('',*,*,#3068,.T.);
#1901=ORIENTED_EDGE('',*,*,#2840,.F.);
#1902=ORIENTED_EDGE('',*,*,#3070,.F.);
#1903=ORIENTED_EDGE('',*,*,#2584,.F.);
#1904=ORIENTED_EDGE('',*,*,#3069,.T.);
#1905=ORIENTED_EDGE('',*,*,#2586,.F.);
#1906=ORIENTED_EDGE('',*,*,#3071,.F.);
#1907=ORIENTED_EDGE('',*,*,#2838,.F.);
#1908=ORIENTED_EDGE('',*,*,#3070,.T.);
#1909=ORIENTED_EDGE('',*,*,#2305,.F.);
#1910=ORIENTED_EDGE('',*,*,#3071,.T.);
#1911=ORIENTED_EDGE('',*,*,#2585,.F.);
#1912=ORIENTED_EDGE('',*,*,#3072,.F.);
#1913=ORIENTED_EDGE('',*,*,#2715,.F.);
#1914=ORIENTED_EDGE('',*,*,#3073,.F.);
#1915=ORIENTED_EDGE('',*,*,#2319,.F.);
#1916=ORIENTED_EDGE('',*,*,#3073,.T.);
#1917=ORIENTED_EDGE('',*,*,#2714,.F.);
#1918=ORIENTED_EDGE('',*,*,#3074,.F.);
#1919=ORIENTED_EDGE('',*,*,#2835,.F.);
#1920=ORIENTED_EDGE('',*,*,#3072,.T.);
#1921=ORIENTED_EDGE('',*,*,#2837,.F.);
#1922=ORIENTED_EDGE('',*,*,#3075,.F.);
#1923=ORIENTED_EDGE('',*,*,#2716,.F.);
#1924=ORIENTED_EDGE('',*,*,#3074,.T.);
#1925=ORIENTED_EDGE('',*,*,#2713,.F.);
#1926=ORIENTED_EDGE('',*,*,#3076,.F.);
#1927=ORIENTED_EDGE('',*,*,#2323,.F.);
#1928=ORIENTED_EDGE('',*,*,#3075,.T.);
#1929=ORIENTED_EDGE('',*,*,#2315,.F.);
#1930=ORIENTED_EDGE('',*,*,#3077,.F.);
#1931=ORIENTED_EDGE('',*,*,#2717,.F.);
#1932=ORIENTED_EDGE('',*,*,#3076,.T.);
#1933=ORIENTED_EDGE('',*,*,#2712,.F.);
#1934=ORIENTED_EDGE('',*,*,#3078,.F.);
#1935=ORIENTED_EDGE('',*,*,#2843,.F.);
#1936=ORIENTED_EDGE('',*,*,#3077,.T.);
#1937=ORIENTED_EDGE('',*,*,#2851,.F.);
#1938=ORIENTED_EDGE('',*,*,#3079,.F.);
#1939=ORIENTED_EDGE('',*,*,#2718,.F.);
#1940=ORIENTED_EDGE('',*,*,#3078,.T.);
#1941=ORIENTED_EDGE('',*,*,#2711,.F.);
#1942=ORIENTED_EDGE('',*,*,#3080,.F.);
#1943=ORIENTED_EDGE('',*,*,#2507,.F.);
#1944=ORIENTED_EDGE('',*,*,#3079,.T.);
#1945=ORIENTED_EDGE('',*,*,#2311,.F.);
#1946=ORIENTED_EDGE('',*,*,#3081,.F.);
#1947=ORIENTED_EDGE('',*,*,#2719,.F.);
#1948=ORIENTED_EDGE('',*,*,#3080,.T.);
#1949=ORIENTED_EDGE('',*,*,#2710,.F.);
#1950=ORIENTED_EDGE('',*,*,#3082,.F.);
#1951=ORIENTED_EDGE('',*,*,#2841,.F.);
#1952=ORIENTED_EDGE('',*,*,#3081,.T.);
#1953=ORIENTED_EDGE('',*,*,#2839,.F.);
#1954=ORIENTED_EDGE('',*,*,#3083,.F.);
#1955=ORIENTED_EDGE('',*,*,#2708,.F.);
#1956=ORIENTED_EDGE('',*,*,#3082,.T.);
#1957=ORIENTED_EDGE('',*,*,#2709,.F.);
#1958=ORIENTED_EDGE('',*,*,#3083,.T.);
#1959=ORIENTED_EDGE('',*,*,#2307,.F.);
#1960=ORIENTED_EDGE('',*,*,#3084,.F.);
#1961=ORIENTED_EDGE('',*,*,#2525,.F.);
#1962=ORIENTED_EDGE('',*,*,#3085,.F.);
#1963=ORIENTED_EDGE('',*,*,#2549,.F.);
#1964=ORIENTED_EDGE('',*,*,#3085,.T.);
#1965=ORIENTED_EDGE('',*,*,#2808,.F.);
#1966=ORIENTED_EDGE('',*,*,#3086,.F.);
#1967=ORIENTED_EDGE('',*,*,#2550,.F.);
#1968=ORIENTED_EDGE('',*,*,#3084,.T.);
#1969=ORIENTED_EDGE('',*,*,#2548,.F.);
#1970=ORIENTED_EDGE('',*,*,#3087,.F.);
#1971=ORIENTED_EDGE('',*,*,#2804,.F.);
#1972=ORIENTED_EDGE('',*,*,#3086,.T.);
#1973=ORIENTED_EDGE('',*,*,#2325,.F.);
#1974=ORIENTED_EDGE('',*,*,#3088,.F.);
#1975=ORIENTED_EDGE('',*,*,#2551,.F.);
#1976=ORIENTED_EDGE('',*,*,#3087,.T.);
#1977=ORIENTED_EDGE('',*,*,#2547,.F.);
#1978=ORIENTED_EDGE('',*,*,#3089,.F.);
#1979=ORIENTED_EDGE('',*,*,#2333,.F.);
#1980=ORIENTED_EDGE('',*,*,#3088,.T.);
#1981=ORIENTED_EDGE('',*,*,#2812,.F.);
#1982=ORIENTED_EDGE('',*,*,#3090,.F.);
#1983=ORIENTED_EDGE('',*,*,#2544,.F.);
#1984=ORIENTED_EDGE('',*,*,#3089,.T.);
#1985=ORIENTED_EDGE('',*,*,#2546,.F.);
#1986=ORIENTED_EDGE('',*,*,#3091,.F.);
#1987=ORIENTED_EDGE('',*,*,#2800,.F.);
#1988=ORIENTED_EDGE('',*,*,#3090,.T.);
#1989=ORIENTED_EDGE('',*,*,#2329,.F.);
#1990=ORIENTED_EDGE('',*,*,#3091,.T.);
#1991=ORIENTED_EDGE('',*,*,#2545,.F.);
#1992=ORIENTED_EDGE('',*,*,#3092,.F.);
#1993=ORIENTED_EDGE('',*,*,#2673,.F.);
#1994=ORIENTED_EDGE('',*,*,#3093,.F.);
#1995=ORIENTED_EDGE('',*,*,#2527,.F.);
#1996=ORIENTED_EDGE('',*,*,#3093,.T.);
#1997=ORIENTED_EDGE('',*,*,#2672,.F.);
#1998=ORIENTED_EDGE('',*,*,#3094,.F.);
#1999=ORIENTED_EDGE('',*,*,#2809,.F.);
#2000=ORIENTED_EDGE('',*,*,#3092,.T.);
#2001=ORIENTED_EDGE('',*,*,#2805,.F.);
#2002=ORIENTED_EDGE('',*,*,#3095,.F.);
#2003=ORIENTED_EDGE('',*,*,#2674,.F.);
#2004=ORIENTED_EDGE('',*,*,#3094,.T.);
#2005=ORIENTED_EDGE('',*,*,#2671,.F.);
#2006=ORIENTED_EDGE('',*,*,#3096,.F.);
#2007=ORIENTED_EDGE('',*,*,#2327,.F.);
#2008=ORIENTED_EDGE('',*,*,#3095,.T.);
#2009=ORIENTED_EDGE('',*,*,#2335,.F.);
#2010=ORIENTED_EDGE('',*,*,#3097,.F.);
#2011=ORIENTED_EDGE('',*,*,#2675,.F.);
#2012=ORIENTED_EDGE('',*,*,#3096,.T.);
#2013=ORIENTED_EDGE('',*,*,#2670,.F.);
#2014=ORIENTED_EDGE('',*,*,#3098,.F.);
#2015=ORIENTED_EDGE('',*,*,#2813,.F.);
#2016=ORIENTED_EDGE('',*,*,#3097,.T.);
#2017=ORIENTED_EDGE('',*,*,#2801,.F.);
#2018=ORIENTED_EDGE('',*,*,#3099,.F.);
#2019=ORIENTED_EDGE('',*,*,#2668,.F.);
#2020=ORIENTED_EDGE('',*,*,#3098,.T.);
#2021=ORIENTED_EDGE('',*,*,#2669,.F.);
#2022=ORIENTED_EDGE('',*,*,#3099,.T.);
#2023=ORIENTED_EDGE('',*,*,#2331,.F.);
#2024=ORIENTED_EDGE('',*,*,#3100,.F.);
#2025=ORIENTED_EDGE('',*,*,#2529,.F.);
#2026=ORIENTED_EDGE('',*,*,#3101,.F.);
#2027=ORIENTED_EDGE('',*,*,#2557,.F.);
#2028=ORIENTED_EDGE('',*,*,#3101,.T.);
#2029=ORIENTED_EDGE('',*,*,#2810,.F.);
#2030=ORIENTED_EDGE('',*,*,#3102,.F.);
#2031=ORIENTED_EDGE('',*,*,#2558,.F.);
#2032=ORIENTED_EDGE('',*,*,#3100,.T.);
#2033=ORIENTED_EDGE('',*,*,#2556,.F.);
#2034=ORIENTED_EDGE('',*,*,#3103,.F.);
#2035=ORIENTED_EDGE('',*,*,#2806,.F.);
#2036=ORIENTED_EDGE('',*,*,#3102,.T.);
#2037=ORIENTED_EDGE('',*,*,#2337,.F.);
#2038=ORIENTED_EDGE('',*,*,#3104,.F.);
#2039=ORIENTED_EDGE('',*,*,#2559,.F.);
#2040=ORIENTED_EDGE('',*,*,#3103,.T.);
#2041=ORIENTED_EDGE('',*,*,#2555,.F.);
#2042=ORIENTED_EDGE('',*,*,#3105,.F.);
#2043=ORIENTED_EDGE('',*,*,#2345,.F.);
#2044=ORIENTED_EDGE('',*,*,#3104,.T.);
#2045=ORIENTED_EDGE('',*,*,#2814,.F.);
#2046=ORIENTED_EDGE('',*,*,#3106,.F.);
#2047=ORIENTED_EDGE('',*,*,#2552,.F.);
#2048=ORIENTED_EDGE('',*,*,#3105,.T.);
#2049=ORIENTED_EDGE('',*,*,#2554,.F.);
#2050=ORIENTED_EDGE('',*,*,#3107,.F.);
#2051=ORIENTED_EDGE('',*,*,#2802,.F.);
#2052=ORIENTED_EDGE('',*,*,#3106,.T.);
#2053=ORIENTED_EDGE('',*,*,#2341,.F.);
#2054=ORIENTED_EDGE('',*,*,#3107,.T.);
#2055=ORIENTED_EDGE('',*,*,#2553,.F.);
#2056=ORIENTED_EDGE('',*,*,#3108,.F.);
#2057=ORIENTED_EDGE('',*,*,#2681,.F.);
#2058=ORIENTED_EDGE('',*,*,#3109,.F.);
#2059=ORIENTED_EDGE('',*,*,#2531,.F.);
#2060=ORIENTED_EDGE('',*,*,#3109,.T.);
#2061=ORIENTED_EDGE('',*,*,#2680,.F.);
#2062=ORIENTED_EDGE('',*,*,#3110,.F.);
#2063=ORIENTED_EDGE('',*,*,#2811,.F.);
#2064=ORIENTED_EDGE('',*,*,#3108,.T.);
#2065=ORIENTED_EDGE('',*,*,#2807,.F.);
#2066=ORIENTED_EDGE('',*,*,#3111,.F.);
#2067=ORIENTED_EDGE('',*,*,#2682,.F.);
#2068=ORIENTED_EDGE('',*,*,#3110,.T.);
#2069=ORIENTED_EDGE('',*,*,#2679,.F.);
#2070=ORIENTED_EDGE('',*,*,#3112,.F.);
#2071=ORIENTED_EDGE('',*,*,#2339,.F.);
#2072=ORIENTED_EDGE('',*,*,#3111,.T.);
#2073=ORIENTED_EDGE('',*,*,#2347,.F.);
#2074=ORIENTED_EDGE('',*,*,#3113,.F.);
#2075=ORIENTED_EDGE('',*,*,#2683,.F.);
#2076=ORIENTED_EDGE('',*,*,#3112,.T.);
#2077=ORIENTED_EDGE('',*,*,#2678,.F.);
#2078=ORIENTED_EDGE('',*,*,#3114,.F.);
#2079=ORIENTED_EDGE('',*,*,#2815,.F.);
#2080=ORIENTED_EDGE('',*,*,#3113,.T.);
#2081=ORIENTED_EDGE('',*,*,#2803,.F.);
#2082=ORIENTED_EDGE('',*,*,#3115,.F.);
#2083=ORIENTED_EDGE('',*,*,#2676,.F.);
#2084=ORIENTED_EDGE('',*,*,#3114,.T.);
#2085=ORIENTED_EDGE('',*,*,#2677,.F.);
#2086=ORIENTED_EDGE('',*,*,#3115,.T.);
#2087=ORIENTED_EDGE('',*,*,#2343,.F.);
#2088=ORIENTED_EDGE('',*,*,#3116,.F.);
#2089=ORIENTED_EDGE('',*,*,#2565,.F.);
#2090=ORIENTED_EDGE('',*,*,#3117,.F.);
#2091=ORIENTED_EDGE('',*,*,#2281,.F.);
#2092=ORIENTED_EDGE('',*,*,#3117,.T.);
#2093=ORIENTED_EDGE('',*,*,#2564,.F.);
#2094=ORIENTED_EDGE('',*,*,#3118,.F.);
#2095=ORIENTED_EDGE('',*,*,#2828,.F.);
#2096=ORIENTED_EDGE('',*,*,#3116,.T.);
#2097=ORIENTED_EDGE('',*,*,#2830,.F.);
#2098=ORIENTED_EDGE('',*,*,#3119,.F.);
#2099=ORIENTED_EDGE('',*,*,#2566,.F.);
#2100=ORIENTED_EDGE('',*,*,#3118,.T.);
#2101=ORIENTED_EDGE('',*,*,#2563,.F.);
#2102=ORIENTED_EDGE('',*,*,#3120,.F.);
#2103=ORIENTED_EDGE('',*,*,#2541,.F.);
#2104=ORIENTED_EDGE('',*,*,#3119,.T.);
#2105=ORIENTED_EDGE('',*,*,#2285,.F.);
#2106=ORIENTED_EDGE('',*,*,#3121,.F.);
#2107=ORIENTED_EDGE('',*,*,#2567,.F.);
#2108=ORIENTED_EDGE('',*,*,#3120,.T.);
#2109=ORIENTED_EDGE('',*,*,#2562,.F.);
#2110=ORIENTED_EDGE('',*,*,#3122,.F.);
#2111=ORIENTED_EDGE('',*,*,#2822,.F.);
#2112=ORIENTED_EDGE('',*,*,#3121,.T.);
#2113=ORIENTED_EDGE('',*,*,#2820,.F.);
#2114=ORIENTED_EDGE('',*,*,#3123,.F.);
#2115=ORIENTED_EDGE('',*,*,#2560,.F.);
#2116=ORIENTED_EDGE('',*,*,#3122,.T.);
#2117=ORIENTED_EDGE('',*,*,#2561,.F.);
#2118=ORIENTED_EDGE('',*,*,#3123,.T.);
#2119=ORIENTED_EDGE('',*,*,#2289,.F.);
#2120=ORIENTED_EDGE('',*,*,#3124,.F.);
#2121=ORIENTED_EDGE('',*,*,#2283,.F.);
#2122=ORIENTED_EDGE('',*,*,#3125,.F.);
#2123=ORIENTED_EDGE('',*,*,#2689,.F.);
#2124=ORIENTED_EDGE('',*,*,#3125,.T.);
#2125=ORIENTED_EDGE('',*,*,#2829,.F.);
#2126=ORIENTED_EDGE('',*,*,#3126,.F.);
#2127=ORIENTED_EDGE('',*,*,#2690,.F.);
#2128=ORIENTED_EDGE('',*,*,#3124,.T.);
#2129=ORIENTED_EDGE('',*,*,#2688,.F.);
#2130=ORIENTED_EDGE('',*,*,#3127,.F.);
#2131=ORIENTED_EDGE('',*,*,#2831,.F.);
#2132=ORIENTED_EDGE('',*,*,#3126,.T.);
#2133=ORIENTED_EDGE('',*,*,#2543,.F.);
#2134=ORIENTED_EDGE('',*,*,#3128,.F.);
#2135=ORIENTED_EDGE('',*,*,#2691,.F.);
#2136=ORIENTED_EDGE('',*,*,#3127,.T.);
#2137=ORIENTED_EDGE('',*,*,#2687,.F.);
#2138=ORIENTED_EDGE('',*,*,#3129,.F.);
#2139=ORIENTED_EDGE('',*,*,#2287,.F.);
#2140=ORIENTED_EDGE('',*,*,#3128,.T.);
#2141=ORIENTED_EDGE('',*,*,#2823,.F.);
#2142=ORIENTED_EDGE('',*,*,#3130,.F.);
#2143=ORIENTED_EDGE('',*,*,#2684,.F.);
#2144=ORIENTED_EDGE('',*,*,#3129,.T.);
#2145=ORIENTED_EDGE('',*,*,#2686,.F.);
#2146=ORIENTED_EDGE('',*,*,#3131,.F.);
#2147=ORIENTED_EDGE('',*,*,#2821,.F.);
#2148=ORIENTED_EDGE('',*,*,#3130,.T.);
#2149=ORIENTED_EDGE('',*,*,#2291,.F.);
#2150=ORIENTED_EDGE('',*,*,#3131,.T.);
#2151=ORIENTED_EDGE('',*,*,#2685,.F.);
#2152=ORIENTED_EDGE('',*,*,#3132,.F.);
#2153=ORIENTED_EDGE('',*,*,#2301,.F.);
#2154=ORIENTED_EDGE('',*,*,#3133,.F.);
#2155=ORIENTED_EDGE('',*,*,#2573,.F.);
#2156=ORIENTED_EDGE('',*,*,#3133,.T.);
#2157=ORIENTED_EDGE('',*,*,#2824,.F.);
#2158=ORIENTED_EDGE('',*,*,#3134,.F.);
#2159=ORIENTED_EDGE('',*,*,#2574,.F.);
#2160=ORIENTED_EDGE('',*,*,#3132,.T.);
#2161=ORIENTED_EDGE('',*,*,#2572,.F.);
#2162=ORIENTED_EDGE('',*,*,#3135,.F.);
#2163=ORIENTED_EDGE('',*,*,#2826,.F.);
#2164=ORIENTED_EDGE('',*,*,#3134,.T.);
#2165=ORIENTED_EDGE('',*,*,#2501,.F.);
#2166=ORIENTED_EDGE('',*,*,#3136,.F.);
#2167=ORIENTED_EDGE('',*,*,#2575,.F.);
#2168=ORIENTED_EDGE('',*,*,#3135,.T.);
#2169=ORIENTED_EDGE('',*,*,#2571,.F.);
#2170=ORIENTED_EDGE('',*,*,#3137,.F.);
#2171=ORIENTED_EDGE('',*,*,#2297,.F.);
#2172=ORIENTED_EDGE('',*,*,#3136,.T.);
#2173=ORIENTED_EDGE('',*,*,#2818,.F.);
#2174=ORIENTED_EDGE('',*,*,#3138,.F.);
#2175=ORIENTED_EDGE('',*,*,#2568,.F.);
#2176=ORIENTED_EDGE('',*,*,#3137,.T.);
#2177=ORIENTED_EDGE('',*,*,#2570,.F.);
#2178=ORIENTED_EDGE('',*,*,#3139,.F.);
#2179=ORIENTED_EDGE('',*,*,#2816,.F.);
#2180=ORIENTED_EDGE('',*,*,#3138,.T.);
#2181=ORIENTED_EDGE('',*,*,#2293,.F.);
#2182=ORIENTED_EDGE('',*,*,#3139,.T.);
#2183=ORIENTED_EDGE('',*,*,#2569,.F.);
#2184=ORIENTED_EDGE('',*,*,#3140,.F.);
#2185=ORIENTED_EDGE('',*,*,#2697,.F.);
#2186=ORIENTED_EDGE('',*,*,#3141,.F.);
#2187=ORIENTED_EDGE('',*,*,#2303,.F.);
#2188=ORIENTED_EDGE('',*,*,#3141,.T.);
#2189=ORIENTED_EDGE('',*,*,#2696,.F.);
#2190=ORIENTED_EDGE('',*,*,#3142,.F.);
#2191=ORIENTED_EDGE('',*,*,#2825,.F.);
#2192=ORIENTED_EDGE('',*,*,#3140,.T.);
#2193=ORIENTED_EDGE('',*,*,#2827,.F.);
#2194=ORIENTED_EDGE('',*,*,#3143,.F.);
#2195=ORIENTED_EDGE('',*,*,#2698,.F.);
#2196=ORIENTED_EDGE('',*,*,#3142,.T.);
#2197=ORIENTED_EDGE('',*,*,#2695,.F.);
#2198=ORIENTED_EDGE('',*,*,#3144,.F.);
#2199=ORIENTED_EDGE('',*,*,#2503,.F.);
#2200=ORIENTED_EDGE('',*,*,#3143,.T.);
#2201=ORIENTED_EDGE('',*,*,#2299,.F.);
#2202=ORIENTED_EDGE('',*,*,#3145,.F.);
#2203=ORIENTED_EDGE('',*,*,#2699,.F.);
#2204=ORIENTED_EDGE('',*,*,#3144,.T.);
#2205=ORIENTED_EDGE('',*,*,#2694,.F.);
#2206=ORIENTED_EDGE('',*,*,#3146,.F.);
#2207=ORIENTED_EDGE('',*,*,#2819,.F.);
#2208=ORIENTED_EDGE('',*,*,#3145,.T.);
#2209=ORIENTED_EDGE('',*,*,#2817,.F.);
#2210=ORIENTED_EDGE('',*,*,#3147,.F.);
#2211=ORIENTED_EDGE('',*,*,#2692,.F.);
#2212=ORIENTED_EDGE('',*,*,#3146,.T.);
#2213=ORIENTED_EDGE('',*,*,#2693,.F.);
#2214=ORIENTED_EDGE('',*,*,#3147,.T.);
#2215=ORIENTED_EDGE('',*,*,#2295,.F.);
#2216=ORIENTED_EDGE('',*,*,#3148,.F.);
#2217=ORIENTED_EDGE('',*,*,#2581,.F.);
#2218=ORIENTED_EDGE('',*,*,#3149,.F.);
#2219=ORIENTED_EDGE('',*,*,#2357,.F.);
#2220=ORIENTED_EDGE('',*,*,#3149,.T.);
#2221=ORIENTED_EDGE('',*,*,#2580,.F.);
#2222=ORIENTED_EDGE('',*,*,#3150,.F.);
#2223=ORIENTED_EDGE('',*,*,#2846,.F.);
#2224=ORIENTED_EDGE('',*,*,#3148,.T.);
#2225=ORIENTED_EDGE('',*,*,#2844,.F.);
#2226=ORIENTED_EDGE('',*,*,#3151,.F.);
#2227=ORIENTED_EDGE('',*,*,#2582,.F.);
#2228=ORIENTED_EDGE('',*,*,#3150,.T.);
#2229=ORIENTED_EDGE('',*,*,#2579,.F.);
#2230=ORIENTED_EDGE('',*,*,#3152,.F.);
#2231=ORIENTED_EDGE('',*,*,#2353,.F.);
#2232=ORIENTED_EDGE('',*,*,#3151,.T.);
#2233=ORIENTED_EDGE('',*,*,#2533,.F.);
#2234=ORIENTED_EDGE('',*,*,#3153,.F.);
#2235=ORIENTED_EDGE('',*,*,#2583,.F.);
#2236=ORIENTED_EDGE('',*,*,#3152,.T.);
#2237=ORIENTED_EDGE('',*,*,#2578,.F.);
#2238=ORIENTED_EDGE('',*,*,#3154,.F.);
#2239=ORIENTED_EDGE('',*,*,#2848,.F.);
#2240=ORIENTED_EDGE('',*,*,#3153,.T.);
#2241=ORIENTED_EDGE('',*,*,#2832,.F.);
#2242=ORIENTED_EDGE('',*,*,#3155,.F.);
#2243=ORIENTED_EDGE('',*,*,#2576,.F.);
#2244=ORIENTED_EDGE('',*,*,#3154,.T.);
#2245=ORIENTED_EDGE('',*,*,#2577,.F.);
#2246=ORIENTED_EDGE('',*,*,#3155,.T.);
#2247=ORIENTED_EDGE('',*,*,#2349,.F.);
#2248=ORIENTED_EDGE('',*,*,#3156,.F.);
#2249=ORIENTED_EDGE('',*,*,#2359,.F.);
#2250=ORIENTED_EDGE('',*,*,#3157,.F.);
#2251=ORIENTED_EDGE('',*,*,#2705,.F.);
#2252=ORIENTED_EDGE('',*,*,#3157,.T.);
#2253=ORIENTED_EDGE('',*,*,#2847,.F.);
#2254=ORIENTED_EDGE('',*,*,#3158,.F.);
#2255=ORIENTED_EDGE('',*,*,#2706,.F.);
#2256=ORIENTED_EDGE('',*,*,#3156,.T.);
#2257=ORIENTED_EDGE('',*,*,#2704,.F.);
#2258=ORIENTED_EDGE('',*,*,#3159,.F.);
#2259=ORIENTED_EDGE('',*,*,#2845,.F.);
#2260=ORIENTED_EDGE('',*,*,#3158,.T.);
#2261=ORIENTED_EDGE('',*,*,#2355,.F.);
#2262=ORIENTED_EDGE('',*,*,#3160,.F.);
#2263=ORIENTED_EDGE('',*,*,#2707,.F.);
#2264=ORIENTED_EDGE('',*,*,#3159,.T.);
#2265=ORIENTED_EDGE('',*,*,#2703,.F.);
#2266=ORIENTED_EDGE('',*,*,#3161,.F.);
#2267=ORIENTED_EDGE('',*,*,#2535,.F.);
#2268=ORIENTED_EDGE('',*,*,#3160,.T.);
#2269=ORIENTED_EDGE('',*,*,#2849,.F.);
#2270=ORIENTED_EDGE('',*,*,#3162,.F.);
#2271=ORIENTED_EDGE('',*,*,#2700,.F.);
#2272=ORIENTED_EDGE('',*,*,#3161,.T.);
#2273=ORIENTED_EDGE('',*,*,#2702,.F.);
#2274=ORIENTED_EDGE('',*,*,#3163,.F.);
#2275=ORIENTED_EDGE('',*,*,#2833,.F.);
#2276=ORIENTED_EDGE('',*,*,#3162,.T.);
#2277=ORIENTED_EDGE('',*,*,#2351,.F.);
#2278=ORIENTED_EDGE('',*,*,#3163,.T.);
#2279=ORIENTED_EDGE('',*,*,#2701,.F.);
#2280=EDGE_CURVE('',#3164,#3165,#3676,.F.);
#2281=EDGE_CURVE('',#3165,#3166,#3677,.T.);
#2282=EDGE_CURVE('',#3166,#3167,#3678,.T.);
#2283=EDGE_CURVE('',#3167,#3164,#3679,.T.);
#2284=EDGE_CURVE('',#3168,#3169,#3680,.F.);
#2285=EDGE_CURVE('',#3169,#3170,#148,.F.);
#2286=EDGE_CURVE('',#3170,#3171,#3681,.T.);
#2287=EDGE_CURVE('',#3171,#3168,#149,.T.);
#2288=EDGE_CURVE('',#3172,#3173,#3682,.F.);
#2289=EDGE_CURVE('',#3173,#3174,#3683,.T.);
#2290=EDGE_CURVE('',#3174,#3175,#3684,.T.);
#2291=EDGE_CURVE('',#3175,#3172,#3685,.T.);
#2292=EDGE_CURVE('',#3176,#3177,#3686,.T.);
#2293=EDGE_CURVE('',#3177,#3178,#3687,.T.);
#2294=EDGE_CURVE('',#3178,#3179,#3688,.F.);
#2295=EDGE_CURVE('',#3179,#3176,#3689,.T.);
#2296=EDGE_CURVE('',#3180,#3181,#3690,.F.);
#2297=EDGE_CURVE('',#3181,#3182,#150,.F.);
#2298=EDGE_CURVE('',#3182,#3183,#3691,.T.);
#2299=EDGE_CURVE('',#3183,#3180,#151,.T.);
#2300=EDGE_CURVE('',#3184,#3185,#3692,.T.);
#2301=EDGE_CURVE('',#3185,#3186,#3693,.T.);
#2302=EDGE_CURVE('',#3186,#3187,#3694,.F.);
#2303=EDGE_CURVE('',#3187,#3184,#3695,.T.);
#2304=EDGE_CURVE('',#3188,#3189,#3696,.F.);
#2305=EDGE_CURVE('',#3189,#3190,#152,.F.);
#2306=EDGE_CURVE('',#3190,#3191,#3697,.T.);
#2307=EDGE_CURVE('',#3191,#3188,#153,.T.);
#2308=EDGE_CURVE('',#3192,#3193,#3698,.F.);
#2309=EDGE_CURVE('',#3193,#3194,#3699,.T.);
#2310=EDGE_CURVE('',#3194,#3195,#3700,.F.);
#2311=EDGE_CURVE('',#3195,#3192,#3701,.T.);
#2312=EDGE_CURVE('',#3196,#3197,#3702,.F.);
#2313=EDGE_CURVE('',#3197,#3198,#3703,.T.);
#2314=EDGE_CURVE('',#3198,#3199,#3704,.T.);
#2315=EDGE_CURVE('',#3199,#3196,#3705,.T.);
#2316=EDGE_CURVE('',#3200,#3201,#3706,.T.);
#2317=EDGE_CURVE('',#3201,#3202,#3707,.T.);
#2318=EDGE_CURVE('',#3202,#3203,#3708,.T.);
#2319=EDGE_CURVE('',#3203,#3200,#3709,.T.);
#2320=EDGE_CURVE('',#3204,#3205,#3710,.F.);
#2321=EDGE_CURVE('',#3205,#3206,#154,.F.);
#2322=EDGE_CURVE('',#3206,#3207,#3711,.T.);
#2323=EDGE_CURVE('',#3207,#3204,#155,.T.);
#2324=EDGE_CURVE('',#3208,#3209,#3712,.F.);
#2325=EDGE_CURVE('',#3209,#3210,#3713,.T.);
#2326=EDGE_CURVE('',#3210,#3211,#3714,.T.);
#2327=EDGE_CURVE('',#3211,#3208,#3715,.T.);
#2328=EDGE_CURVE('',#3212,#3213,#3716,.F.);
#2329=EDGE_CURVE('',#3213,#3214,#3717,.T.);
#2330=EDGE_CURVE('',#3214,#3215,#3718,.T.);
#2331=EDGE_CURVE('',#3215,#3212,#3719,.T.);
#2332=EDGE_CURVE('',#3216,#3217,#3720,.F.);
#2333=EDGE_CURVE('',#3217,#3218,#3721,.T.);
#2334=EDGE_CURVE('',#3218,#3219,#3722,.T.);
#2335=EDGE_CURVE('',#3219,#3216,#3723,.T.);
#2336=EDGE_CURVE('',#3220,#3221,#3724,.F.);
#2337=EDGE_CURVE('',#3221,#3222,#3725,.T.);
#2338=EDGE_CURVE('',#3222,#3223,#3726,.T.);
#2339=EDGE_CURVE('',#3223,#3220,#3727,.T.);
#2340=EDGE_CURVE('',#3224,#3225,#3728,.F.);
#2341=EDGE_CURVE('',#3225,#3226,#3729,.T.);
#2342=EDGE_CURVE('',#3226,#3227,#3730,.T.);
#2343=EDGE_CURVE('',#3227,#3224,#3731,.T.);
#2344=EDGE_CURVE('',#3228,#3229,#3732,.F.);
#2345=EDGE_CURVE('',#3229,#3230,#3733,.T.);
#2346=EDGE_CURVE('',#3230,#3231,#3734,.T.);
#2347=EDGE_CURVE('',#3231,#3228,#3735,.T.);
#2348=EDGE_CURVE('',#3232,#3233,#3736,.F.);
#2349=EDGE_CURVE('',#3233,#3234,#3737,.T.);
#2350=EDGE_CURVE('',#3234,#3235,#3738,.T.);
#2351=EDGE_CURVE('',#3235,#3232,#3739,.T.);
#2352=EDGE_CURVE('',#3236,#3237,#3740,.F.);
#2353=EDGE_CURVE('',#3237,#3238,#3741,.T.);
#2354=EDGE_CURVE('',#3238,#3239,#3742,.T.);
#2355=EDGE_CURVE('',#3239,#3236,#3743,.T.);
#2356=EDGE_CURVE('',#3240,#3241,#3744,.F.);
#2357=EDGE_CURVE('',#3241,#3242,#3745,.T.);
#2358=EDGE_CURVE('',#3242,#3243,#3746,.T.);
#2359=EDGE_CURVE('',#3243,#3240,#3747,.T.);
#2360=EDGE_CURVE('',#3244,#3245,#3748,.F.);
#2361=EDGE_CURVE('',#3245,#3246,#3749,.T.);
#2362=EDGE_CURVE('',#3246,#3247,#3750,.T.);
#2363=EDGE_CURVE('',#3247,#3244,#3751,.T.);
#2364=EDGE_CURVE('',#3248,#3249,#3752,.F.);
#2365=EDGE_CURVE('',#3249,#3250,#3753,.T.);
#2366=EDGE_CURVE('',#3250,#3251,#3754,.T.);
#2367=EDGE_CURVE('',#3251,#3248,#3755,.T.);
#2368=EDGE_CURVE('',#3252,#3253,#3756,.F.);
#2369=EDGE_CURVE('',#3253,#3254,#3757,.T.);
#2370=EDGE_CURVE('',#3254,#3255,#3758,.T.);
#2371=EDGE_CURVE('',#3255,#3252,#3759,.T.);
#2372=EDGE_CURVE('',#3256,#3257,#3760,.F.);
#2373=EDGE_CURVE('',#3257,#3258,#3761,.T.);
#2374=EDGE_CURVE('',#3258,#3259,#3762,.T.);
#2375=EDGE_CURVE('',#3259,#3256,#3763,.T.);
#2376=EDGE_CURVE('',#3260,#3261,#3764,.F.);
#2377=EDGE_CURVE('',#3261,#3262,#3765,.T.);
#2378=EDGE_CURVE('',#3262,#3263,#3766,.T.);
#2379=EDGE_CURVE('',#3263,#3260,#3767,.T.);
#2380=EDGE_CURVE('',#3264,#3265,#3768,.F.);
#2381=EDGE_CURVE('',#3265,#3266,#3769,.T.);
#2382=EDGE_CURVE('',#3266,#3267,#3770,.T.);
#2383=EDGE_CURVE('',#3267,#3264,#3771,.T.);
#2384=EDGE_CURVE('',#3268,#3269,#3772,.F.);
#2385=EDGE_CURVE('',#3269,#3270,#3773,.T.);
#2386=EDGE_CURVE('',#3270,#3271,#3774,.T.);
#2387=EDGE_CURVE('',#3271,#3268,#3775,.T.);
#2388=EDGE_CURVE('',#3272,#3273,#3776,.F.);
#2389=EDGE_CURVE('',#3273,#3274,#3777,.T.);
#2390=EDGE_CURVE('',#3274,#3275,#3778,.T.);
#2391=EDGE_CURVE('',#3275,#3272,#3779,.T.);
#2392=EDGE_CURVE('',#3276,#3277,#3780,.F.);
#2393=EDGE_CURVE('',#3277,#3278,#3781,.T.);
#2394=EDGE_CURVE('',#3278,#3279,#3782,.T.);
#2395=EDGE_CURVE('',#3279,#3276,#3783,.T.);
#2396=EDGE_CURVE('',#3280,#3281,#3784,.F.);
#2397=EDGE_CURVE('',#3281,#3282,#3785,.T.);
#2398=EDGE_CURVE('',#3282,#3283,#3786,.T.);
#2399=EDGE_CURVE('',#3283,#3280,#3787,.T.);
#2400=EDGE_CURVE('',#3284,#3285,#3788,.F.);
#2401=EDGE_CURVE('',#3285,#3286,#3789,.T.);
#2402=EDGE_CURVE('',#3286,#3287,#3790,.T.);
#2403=EDGE_CURVE('',#3287,#3284,#3791,.T.);
#2404=EDGE_CURVE('',#3288,#3289,#3792,.F.);
#2405=EDGE_CURVE('',#3289,#3290,#3793,.T.);
#2406=EDGE_CURVE('',#3290,#3291,#3794,.T.);
#2407=EDGE_CURVE('',#3291,#3288,#3795,.T.);
#2408=EDGE_CURVE('',#3292,#3293,#3796,.F.);
#2409=EDGE_CURVE('',#3293,#3294,#3797,.T.);
#2410=EDGE_CURVE('',#3294,#3295,#3798,.T.);
#2411=EDGE_CURVE('',#3295,#3292,#3799,.T.);
#2412=EDGE_CURVE('',#3296,#3297,#3800,.F.);
#2413=EDGE_CURVE('',#3297,#3298,#3801,.T.);
#2414=EDGE_CURVE('',#3298,#3299,#3802,.T.);
#2415=EDGE_CURVE('',#3299,#3296,#3803,.T.);
#2416=EDGE_CURVE('',#3300,#3301,#3804,.F.);
#2417=EDGE_CURVE('',#3301,#3302,#3805,.T.);
#2418=EDGE_CURVE('',#3302,#3303,#3806,.T.);
#2419=EDGE_CURVE('',#3303,#3300,#3807,.T.);
#2420=EDGE_CURVE('',#3304,#3305,#3808,.F.);
#2421=EDGE_CURVE('',#3305,#3306,#3809,.T.);
#2422=EDGE_CURVE('',#3306,#3307,#3810,.T.);
#2423=EDGE_CURVE('',#3307,#3304,#3811,.T.);
#2424=EDGE_CURVE('',#3308,#3309,#3812,.F.);
#2425=EDGE_CURVE('',#3309,#3310,#3813,.T.);
#2426=EDGE_CURVE('',#3310,#3311,#3814,.T.);
#2427=EDGE_CURVE('',#3311,#3308,#3815,.T.);
#2428=EDGE_CURVE('',#3312,#3313,#3816,.F.);
#2429=EDGE_CURVE('',#3313,#3314,#3817,.T.);
#2430=EDGE_CURVE('',#3314,#3315,#3818,.T.);
#2431=EDGE_CURVE('',#3315,#3312,#3819,.T.);
#2432=EDGE_CURVE('',#3316,#3317,#3820,.F.);
#2433=EDGE_CURVE('',#3317,#3318,#3821,.T.);
#2434=EDGE_CURVE('',#3318,#3319,#3822,.T.);
#2435=EDGE_CURVE('',#3319,#3316,#3823,.T.);
#2436=EDGE_CURVE('',#3320,#3321,#3824,.F.);
#2437=EDGE_CURVE('',#3321,#3322,#3825,.T.);
#2438=EDGE_CURVE('',#3322,#3323,#3826,.T.);
#2439=EDGE_CURVE('',#3323,#3320,#3827,.T.);
#2440=EDGE_CURVE('',#3324,#3325,#3828,.F.);
#2441=EDGE_CURVE('',#3325,#3326,#3829,.T.);
#2442=EDGE_CURVE('',#3326,#3327,#3830,.T.);
#2443=EDGE_CURVE('',#3327,#3324,#3831,.T.);
#2444=EDGE_CURVE('',#3328,#3329,#3832,.F.);
#2445=EDGE_CURVE('',#3329,#3330,#3833,.T.);
#2446=EDGE_CURVE('',#3330,#3331,#3834,.T.);
#2447=EDGE_CURVE('',#3331,#3328,#3835,.T.);
#2448=EDGE_CURVE('',#3332,#3333,#3836,.F.);
#2449=EDGE_CURVE('',#3333,#3334,#3837,.T.);
#2450=EDGE_CURVE('',#3334,#3335,#3838,.T.);
#2451=EDGE_CURVE('',#3335,#3332,#3839,.T.);
#2452=EDGE_CURVE('',#3336,#3337,#3840,.F.);
#2453=EDGE_CURVE('',#3337,#3338,#3841,.T.);
#2454=EDGE_CURVE('',#3338,#3339,#3842,.T.);
#2455=EDGE_CURVE('',#3339,#3336,#3843,.T.);
#2456=EDGE_CURVE('',#3340,#3341,#3844,.F.);
#2457=EDGE_CURVE('',#3341,#3342,#3845,.T.);
#2458=EDGE_CURVE('',#3342,#3343,#3846,.T.);
#2459=EDGE_CURVE('',#3343,#3340,#3847,.T.);
#2460=EDGE_CURVE('',#3344,#3345,#3848,.F.);
#2461=EDGE_CURVE('',#3345,#3346,#3849,.T.);
#2462=EDGE_CURVE('',#3346,#3347,#3850,.T.);
#2463=EDGE_CURVE('',#3347,#3344,#3851,.T.);
#2464=EDGE_CURVE('',#3348,#3349,#3852,.F.);
#2465=EDGE_CURVE('',#3349,#3350,#3853,.T.);
#2466=EDGE_CURVE('',#3350,#3351,#3854,.T.);
#2467=EDGE_CURVE('',#3351,#3348,#3855,.T.);
#2468=EDGE_CURVE('',#3352,#3353,#3856,.F.);
#2469=EDGE_CURVE('',#3353,#3354,#3857,.T.);
#2470=EDGE_CURVE('',#3354,#3355,#3858,.T.);
#2471=EDGE_CURVE('',#3355,#3352,#3859,.T.);
#2472=EDGE_CURVE('',#3356,#3357,#3860,.F.);
#2473=EDGE_CURVE('',#3357,#3358,#3861,.T.);
#2474=EDGE_CURVE('',#3358,#3359,#3862,.T.);
#2475=EDGE_CURVE('',#3359,#3356,#3863,.T.);
#2476=EDGE_CURVE('',#3360,#3361,#3864,.F.);
#2477=EDGE_CURVE('',#3361,#3362,#3865,.T.);
#2478=EDGE_CURVE('',#3362,#3363,#3866,.T.);
#2479=EDGE_CURVE('',#3363,#3360,#3867,.T.);
#2480=EDGE_CURVE('',#3364,#3365,#3868,.F.);
#2481=EDGE_CURVE('',#3365,#3366,#3869,.T.);
#2482=EDGE_CURVE('',#3366,#3367,#3870,.T.);
#2483=EDGE_CURVE('',#3367,#3364,#3871,.T.);
#2484=EDGE_CURVE('',#3368,#3369,#3872,.F.);
#2485=EDGE_CURVE('',#3369,#3370,#3873,.T.);
#2486=EDGE_CURVE('',#3370,#3371,#3874,.T.);
#2487=EDGE_CURVE('',#3371,#3368,#3875,.T.);
#2488=EDGE_CURVE('',#3372,#3373,#3876,.F.);
#2489=EDGE_CURVE('',#3373,#3374,#3877,.T.);
#2490=EDGE_CURVE('',#3374,#3375,#3878,.T.);
#2491=EDGE_CURVE('',#3375,#3372,#3879,.T.);
#2492=EDGE_CURVE('',#3376,#3377,#3880,.F.);
#2493=EDGE_CURVE('',#3377,#3378,#3881,.T.);
#2494=EDGE_CURVE('',#3378,#3379,#3882,.T.);
#2495=EDGE_CURVE('',#3379,#3376,#3883,.T.);
#2496=EDGE_CURVE('',#3380,#3381,#3884,.F.);
#2497=EDGE_CURVE('',#3381,#3382,#3885,.T.);
#2498=EDGE_CURVE('',#3382,#3383,#3886,.T.);
#2499=EDGE_CURVE('',#3383,#3380,#3887,.T.);
#2500=EDGE_CURVE('',#3384,#3385,#3888,.F.);
#2501=EDGE_CURVE('',#3385,#3386,#156,.F.);
#2502=EDGE_CURVE('',#3386,#3387,#3889,.T.);
#2503=EDGE_CURVE('',#3387,#3384,#157,.T.);
#2504=EDGE_CURVE('',#3388,#3389,#3890,.T.);
#2505=EDGE_CURVE('',#3389,#3390,#3891,.T.);
#2506=EDGE_CURVE('',#3390,#3391,#3892,.F.);
#2507=EDGE_CURVE('',#3391,#3388,#3893,.T.);
#2508=EDGE_CURVE('',#3392,#3392,#158,.T.);
#2509=EDGE_CURVE('',#3393,#3393,#159,.T.);
#2510=EDGE_CURVE('',#3394,#3394,#160,.T.);
#2511=EDGE_CURVE('',#3395,#3395,#161,.T.);
#2512=EDGE_CURVE('',#3396,#3396,#162,.T.);
#2513=EDGE_CURVE('',#3397,#3397,#163,.T.);
#2514=EDGE_CURVE('',#3398,#3398,#164,.T.);
#2515=EDGE_CURVE('',#3399,#3399,#165,.T.);
#2516=EDGE_CURVE('',#3400,#3400,#166,.T.);
#2517=EDGE_CURVE('',#3401,#3401,#167,.T.);
#2518=EDGE_CURVE('',#3402,#3402,#168,.T.);
#2519=EDGE_CURVE('',#3403,#3403,#169,.T.);
#2520=EDGE_CURVE('',#3404,#3404,#170,.T.);
#2521=EDGE_CURVE('',#3405,#3405,#171,.T.);
#2522=EDGE_CURVE('',#3406,#3406,#172,.T.);
#2523=EDGE_CURVE('',#3407,#3407,#173,.T.);
#2524=EDGE_CURVE('',#3408,#3409,#3894,.F.);
#2525=EDGE_CURVE('',#3409,#3410,#3895,.T.);
#2526=EDGE_CURVE('',#3410,#3411,#3896,.T.);
#2527=EDGE_CURVE('',#3411,#3408,#3897,.T.);
#2528=EDGE_CURVE('',#3412,#3413,#3898,.F.);
#2529=EDGE_CURVE('',#3413,#3414,#3899,.T.);
#2530=EDGE_CURVE('',#3414,#3415,#3900,.T.);
#2531=EDGE_CURVE('',#3415,#3412,#3901,.T.);
#2532=EDGE_CURVE('',#3416,#3417,#3902,.F.);
#2533=EDGE_CURVE('',#3417,#3418,#3903,.T.);
#2534=EDGE_CURVE('',#3418,#3419,#3904,.T.);
#2535=EDGE_CURVE('',#3419,#3416,#3905,.T.);
#2536=EDGE_CURVE('',#3420,#3421,#3906,.F.);
#2537=EDGE_CURVE('',#3421,#3422,#3907,.T.);
#2538=EDGE_CURVE('',#3422,#3423,#3908,.T.);
#2539=EDGE_CURVE('',#3423,#3420,#3909,.T.);
#2540=EDGE_CURVE('',#3424,#3425,#3910,.F.);
#2541=EDGE_CURVE('',#3425,#3426,#174,.F.);
#2542=EDGE_CURVE('',#3426,#3427,#3911,.T.);
#2543=EDGE_CURVE('',#3427,#3424,#175,.T.);
#2544=EDGE_CURVE('',#3428,#3429,#176,.F.);
#2545=EDGE_CURVE('',#3429,#3430,#3912,.T.);
#2546=EDGE_CURVE('',#3430,#3431,#177,.F.);
#2547=EDGE_CURVE('',#3431,#3432,#3913,.T.);
#2548=EDGE_CURVE('',#3432,#3433,#178,.F.);
#2549=EDGE_CURVE('',#3433,#3434,#3914,.T.);
#2550=EDGE_CURVE('',#3434,#3435,#179,.F.);
#2551=EDGE_CURVE('',#3435,#3428,#3915,.T.);
#2552=EDGE_CURVE('',#3436,#3437,#180,.F.);
#2553=EDGE_CURVE('',#3437,#3438,#3916,.T.);
#2554=EDGE_CURVE('',#3438,#3439,#181,.F.);
#2555=EDGE_CURVE('',#3439,#3440,#3917,.T.);
#2556=EDGE_CURVE('',#3440,#3441,#182,.F.);
#2557=EDGE_CURVE('',#3441,#3442,#3918,.T.);
#2558=EDGE_CURVE('',#3442,#3443,#183,.F.);
#2559=EDGE_CURVE('',#3443,#3436,#3919,.T.);
#2560=EDGE_CURVE('',#3444,#3445,#184,.F.);
#2561=EDGE_CURVE('',#3445,#3446,#3920,.T.);
#2562=EDGE_CURVE('',#3446,#3447,#185,.F.);
#2563=EDGE_CURVE('',#3447,#3448,#186,.T.);
#2564=EDGE_CURVE('',#3448,#3449,#187,.F.);
#2565=EDGE_CURVE('',#3449,#3450,#3921,.T.);
#2566=EDGE_CURVE('',#3450,#3451,#188,.F.);
#2567=EDGE_CURVE('',#3451,#3444,#189,.T.);
#2568=EDGE_CURVE('',#3452,#3453,#190,.F.);
#2569=EDGE_CURVE('',#3453,#3454,#3922,.T.);
#2570=EDGE_CURVE('',#3454,#3455,#191,.F.);
#2571=EDGE_CURVE('',#3455,#3456,#192,.T.);
#2572=EDGE_CURVE('',#3456,#3457,#193,.F.);
#2573=EDGE_CURVE('',#3457,#3458,#3923,.T.);
#2574=EDGE_CURVE('',#3458,#3459,#194,.F.);
#2575=EDGE_CURVE('',#3459,#3452,#195,.T.);
#2576=EDGE_CURVE('',#3460,#3461,#196,.F.);
#2577=EDGE_CURVE('',#3461,#3462,#3924,.T.);
#2578=EDGE_CURVE('',#3462,#3463,#197,.F.);
#2579=EDGE_CURVE('',#3463,#3464,#3925,.T.);
#2580=EDGE_CURVE('',#3464,#3465,#198,.F.);
#2581=EDGE_CURVE('',#3465,#3466,#3926,.T.);
#2582=EDGE_CURVE('',#3466,#3467,#199,.F.);
#2583=EDGE_CURVE('',#3467,#3460,#3927,.T.);
#2584=EDGE_CURVE('',#3468,#3469,#200,.F.);
#2585=EDGE_CURVE('',#3469,#3470,#201,.T.);
#2586=EDGE_CURVE('',#3470,#3471,#202,.F.);
#2587=EDGE_CURVE('',#3471,#3472,#3928,.T.);
#2588=EDGE_CURVE('',#3472,#3473,#203,.F.);
#2589=EDGE_CURVE('',#3473,#3474,#3929,.T.);
#2590=EDGE_CURVE('',#3474,#3475,#204,.F.);
#2591=EDGE_CURVE('',#3475,#3476,#3930,.T.);
#2592=EDGE_CURVE('',#3476,#3477,#205,.F.);
#2593=EDGE_CURVE('',#3477,#3478,#206,.T.);
#2594=EDGE_CURVE('',#3478,#3479,#207,.F.);
#2595=EDGE_CURVE('',#3479,#3468,#3931,.T.);
#2596=EDGE_CURVE('',#3480,#3481,#208,.F.);
#2597=EDGE_CURVE('',#3481,#3482,#3932,.T.);
#2598=EDGE_CURVE('',#3482,#3483,#209,.T.);
#2599=EDGE_CURVE('',#3483,#3484,#3933,.T.);
#2600=EDGE_CURVE('',#3484,#3485,#210,.T.);
#2601=EDGE_CURVE('',#3485,#3486,#3934,.T.);
#2602=EDGE_CURVE('',#3486,#3487,#211,.T.);
#2603=EDGE_CURVE('',#3487,#3488,#3935,.T.);
#2604=EDGE_CURVE('',#3488,#3489,#212,.T.);
#2605=EDGE_CURVE('',#3489,#3490,#3936,.T.);
#2606=EDGE_CURVE('',#3490,#3491,#213,.F.);
#2607=EDGE_CURVE('',#3491,#3492,#3937,.T.);
#2608=EDGE_CURVE('',#3492,#3493,#214,.F.);
#2609=EDGE_CURVE('',#3493,#3494,#3938,.T.);
#2610=EDGE_CURVE('',#3494,#3495,#215,.F.);
#2611=EDGE_CURVE('',#3495,#3496,#3939,.T.);
#2612=EDGE_CURVE('',#3496,#3497,#216,.F.);
#2613=EDGE_CURVE('',#3497,#3498,#3940,.T.);
#2614=EDGE_CURVE('',#3498,#3499,#217,.F.);
#2615=EDGE_CURVE('',#3499,#3500,#3941,.T.);
#2616=EDGE_CURVE('',#3500,#3501,#218,.F.);
#2617=EDGE_CURVE('',#3501,#3502,#3942,.T.);
#2618=EDGE_CURVE('',#3502,#3503,#219,.F.);
#2619=EDGE_CURVE('',#3503,#3504,#3943,.T.);
#2620=EDGE_CURVE('',#3504,#3505,#220,.F.);
#2621=EDGE_CURVE('',#3505,#3506,#3944,.T.);
#2622=EDGE_CURVE('',#3506,#3507,#221,.T.);
#2623=EDGE_CURVE('',#3507,#3508,#3945,.T.);
#2624=EDGE_CURVE('',#3508,#3509,#222,.T.);
#2625=EDGE_CURVE('',#3509,#3510,#3946,.T.);
#2626=EDGE_CURVE('',#3510,#3511,#223,.T.);
#2627=EDGE_CURVE('',#3511,#3512,#3947,.T.);
#2628=EDGE_CURVE('',#3512,#3513,#224,.T.);
#2629=EDGE_CURVE('',#3513,#3514,#3948,.T.);
#2630=EDGE_CURVE('',#3514,#3515,#225,.F.);
#2631=EDGE_CURVE('',#3515,#3516,#3949,.T.);
#2632=EDGE_CURVE('',#3516,#3517,#226,.T.);
#2633=EDGE_CURVE('',#3517,#3518,#3950,.T.);
#2634=EDGE_CURVE('',#3518,#3519,#227,.T.);
#2635=EDGE_CURVE('',#3519,#3520,#3951,.T.);
#2636=EDGE_CURVE('',#3520,#3521,#228,.F.);
#2637=EDGE_CURVE('',#3521,#3522,#3952,.T.);
#2638=EDGE_CURVE('',#3522,#3523,#229,.F.);
#2639=EDGE_CURVE('',#3523,#3524,#3953,.T.);
#2640=EDGE_CURVE('',#3524,#3525,#230,.T.);
#2641=EDGE_CURVE('',#3525,#3526,#3954,.T.);
#2642=EDGE_CURVE('',#3526,#3527,#231,.T.);
#2643=EDGE_CURVE('',#3527,#3528,#3955,.T.);
#2644=EDGE_CURVE('',#3528,#3529,#232,.T.);
#2645=EDGE_CURVE('',#3529,#3530,#3956,.T.);
#2646=EDGE_CURVE('',#3530,#3531,#233,.T.);
#2647=EDGE_CURVE('',#3531,#3532,#3957,.T.);
#2648=EDGE_CURVE('',#3532,#3533,#234,.F.);
#2649=EDGE_CURVE('',#3533,#3534,#3958,.T.);
#2650=EDGE_CURVE('',#3534,#3535,#235,.F.);
#2651=EDGE_CURVE('',#3535,#3536,#3959,.T.);
#2652=EDGE_CURVE('',#3536,#3537,#236,.T.);
#2653=EDGE_CURVE('',#3537,#3538,#3960,.T.);
#2654=EDGE_CURVE('',#3538,#3539,#237,.T.);
#2655=EDGE_CURVE('',#3539,#3540,#3961,.T.);
#2656=EDGE_CURVE('',#3540,#3541,#238,.T.);
#2657=EDGE_CURVE('',#3541,#3542,#3962,.T.);
#2658=EDGE_CURVE('',#3542,#3543,#239,.T.);
#2659=EDGE_CURVE('',#3543,#3544,#3963,.T.);
#2660=EDGE_CURVE('',#3544,#3545,#240,.F.);
#2661=EDGE_CURVE('',#3545,#3546,#3964,.T.);
#2662=EDGE_CURVE('',#3546,#3547,#241,.F.);
#2663=EDGE_CURVE('',#3547,#3548,#3965,.T.);
#2664=EDGE_CURVE('',#3548,#3549,#242,.T.);
#2665=EDGE_CURVE('',#3549,#3550,#3966,.T.);
#2666=EDGE_CURVE('',#3550,#3551,#243,.T.);
#2667=EDGE_CURVE('',#3551,#3480,#3967,.T.);
#2668=EDGE_CURVE('',#3552,#3553,#244,.T.);
#2669=EDGE_CURVE('',#3553,#3554,#3968,.T.);
#2670=EDGE_CURVE('',#3554,#3555,#245,.T.);
#2671=EDGE_CURVE('',#3555,#3556,#3969,.T.);
#2672=EDGE_CURVE('',#3556,#3557,#246,.T.);
#2673=EDGE_CURVE('',#3557,#3558,#3970,.T.);
#2674=EDGE_CURVE('',#3558,#3559,#247,.T.);
#2675=EDGE_CURVE('',#3559,#3552,#3971,.T.);
#2676=EDGE_CURVE('',#3560,#3561,#248,.T.);
#2677=EDGE_CURVE('',#3561,#3562,#3972,.T.);
#2678=EDGE_CURVE('',#3562,#3563,#249,.T.);
#2679=EDGE_CURVE('',#3563,#3564,#3973,.T.);
#2680=EDGE_CURVE('',#3564,#3565,#250,.T.);
#2681=EDGE_CURVE('',#3565,#3566,#3974,.T.);
#2682=EDGE_CURVE('',#3566,#3567,#251,.T.);
#2683=EDGE_CURVE('',#3567,#3560,#3975,.T.);
#2684=EDGE_CURVE('',#3568,#3569,#252,.T.);
#2685=EDGE_CURVE('',#3569,#3570,#3976,.T.);
#2686=EDGE_CURVE('',#3570,#3571,#253,.T.);
#2687=EDGE_CURVE('',#3571,#3572,#254,.F.);
#2688=EDGE_CURVE('',#3572,#3573,#255,.T.);
#2689=EDGE_CURVE('',#3573,#3574,#3977,.T.);
#2690=EDGE_CURVE('',#3574,#3575,#256,.T.);
#2691=EDGE_CURVE('',#3575,#3568,#257,.F.);
#2692=EDGE_CURVE('',#3576,#3577,#258,.T.);
#2693=EDGE_CURVE('',#3577,#3578,#3978,.T.);
#2694=EDGE_CURVE('',#3578,#3579,#259,.T.);
#2695=EDGE_CURVE('',#3579,#3580,#260,.F.);
#2696=EDGE_CURVE('',#3580,#3581,#261,.T.);
#2697=EDGE_CURVE('',#3581,#3582,#3979,.T.);
#2698=EDGE_CURVE('',#3582,#3583,#262,.T.);
#2699=EDGE_CURVE('',#3583,#3576,#263,.F.);
#2700=EDGE_CURVE('',#3584,#3585,#264,.T.);
#2701=EDGE_CURVE('',#3585,#3586,#3980,.T.);
#2702=EDGE_CURVE('',#3586,#3587,#265,.T.);
#2703=EDGE_CURVE('',#3587,#3588,#3981,.T.);
#2704=EDGE_CURVE('',#3588,#3589,#266,.T.);
#2705=EDGE_CURVE('',#3589,#3590,#3982,.T.);
#2706=EDGE_CURVE('',#3590,#3591,#267,.T.);
#2707=EDGE_CURVE('',#3591,#3584,#3983,.T.);
#2708=EDGE_CURVE('',#3592,#3593,#268,.T.);
#2709=EDGE_CURVE('',#3593,#3594,#269,.F.);
#2710=EDGE_CURVE('',#3594,#3595,#270,.T.);
#2711=EDGE_CURVE('',#3595,#3596,#3984,.T.);
#2712=EDGE_CURVE('',#3596,#3597,#271,.T.);
#2713=EDGE_CURVE('',#3597,#3598,#272,.F.);
#2714=EDGE_CURVE('',#3598,#3599,#273,.T.);
#2715=EDGE_CURVE('',#3599,#3600,#3985,.T.);
#2716=EDGE_CURVE('',#3600,#3601,#274,.T.);
#2717=EDGE_CURVE('',#3601,#3602,#3986,.T.);
#2718=EDGE_CURVE('',#3602,#3603,#275,.T.);
#2719=EDGE_CURVE('',#3603,#3592,#3987,.T.);
#2720=EDGE_CURVE('',#3604,#3605,#276,.F.);
#2721=EDGE_CURVE('',#3605,#3606,#3988,.T.);
#2722=EDGE_CURVE('',#3606,#3607,#277,.T.);
#2723=EDGE_CURVE('',#3607,#3608,#3989,.T.);
#2724=EDGE_CURVE('',#3608,#3609,#278,.F.);
#2725=EDGE_CURVE('',#3609,#3610,#3990,.T.);
#2726=EDGE_CURVE('',#3610,#3611,#279,.F.);
#2727=EDGE_CURVE('',#3611,#3612,#3991,.T.);
#2728=EDGE_CURVE('',#3612,#3613,#280,.T.);
#2729=EDGE_CURVE('',#3613,#3614,#3992,.T.);
#2730=EDGE_CURVE('',#3614,#3615,#281,.T.);
#2731=EDGE_CURVE('',#3615,#3616,#3993,.T.);
#2732=EDGE_CURVE('',#3616,#3617,#282,.F.);
#2733=EDGE_CURVE('',#3617,#3618,#3994,.T.);
#2734=EDGE_CURVE('',#3618,#3619,#283,.F.);
#2735=EDGE_CURVE('',#3619,#3620,#3995,.T.);
#2736=EDGE_CURVE('',#3620,#3621,#284,.F.);
#2737=EDGE_CURVE('',#3621,#3622,#3996,.T.);
#2738=EDGE_CURVE('',#3622,#3623,#285,.F.);
#2739=EDGE_CURVE('',#3623,#3624,#3997,.T.);
#2740=EDGE_CURVE('',#3624,#3625,#286,.T.);
#2741=EDGE_CURVE('',#3625,#3626,#3998,.T.);
#2742=EDGE_CURVE('',#3626,#3627,#287,.T.);
#2743=EDGE_CURVE('',#3627,#3628,#3999,.T.);
#2744=EDGE_CURVE('',#3628,#3629,#288,.F.);
#2745=EDGE_CURVE('',#3629,#3630,#4000,.T.);
#2746=EDGE_CURVE('',#3630,#3631,#289,.F.);
#2747=EDGE_CURVE('',#3631,#3632,#4001,.T.);
#2748=EDGE_CURVE('',#3632,#3633,#290,.F.);
#2749=EDGE_CURVE('',#3633,#3634,#4002,.T.);
#2750=EDGE_CURVE('',#3634,#3635,#291,.F.);
#2751=EDGE_CURVE('',#3635,#3636,#4003,.T.);
#2752=EDGE_CURVE('',#3636,#3637,#292,.T.);
#2753=EDGE_CURVE('',#3637,#3638,#4004,.T.);
#2754=EDGE_CURVE('',#3638,#3639,#293,.T.);
#2755=EDGE_CURVE('',#3639,#3640,#4005,.T.);
#2756=EDGE_CURVE('',#3640,#3641,#294,.F.);
#2757=EDGE_CURVE('',#3641,#3642,#4006,.T.);
#2758=EDGE_CURVE('',#3642,#3643,#295,.F.);
#2759=EDGE_CURVE('',#3643,#3644,#4007,.T.);
#2760=EDGE_CURVE('',#3644,#3645,#296,.T.);
#2761=EDGE_CURVE('',#3645,#3646,#4008,.T.);
#2762=EDGE_CURVE('',#3646,#3647,#297,.F.);
#2763=EDGE_CURVE('',#3647,#3648,#4009,.T.);
#2764=EDGE_CURVE('',#3648,#3649,#298,.F.);
#2765=EDGE_CURVE('',#3649,#3650,#4010,.T.);
#2766=EDGE_CURVE('',#3650,#3651,#299,.F.);
#2767=EDGE_CURVE('',#3651,#3652,#4011,.T.);
#2768=EDGE_CURVE('',#3652,#3653,#300,.F.);
#2769=EDGE_CURVE('',#3653,#3654,#4012,.T.);
#2770=EDGE_CURVE('',#3654,#3655,#301,.T.);
#2771=EDGE_CURVE('',#3655,#3656,#4013,.T.);
#2772=EDGE_CURVE('',#3656,#3657,#302,.T.);
#2773=EDGE_CURVE('',#3657,#3658,#4014,.T.);
#2774=EDGE_CURVE('',#3658,#3659,#303,.T.);
#2775=EDGE_CURVE('',#3659,#3660,#4015,.T.);
#2776=EDGE_CURVE('',#3660,#3661,#304,.T.);
#2777=EDGE_CURVE('',#3661,#3662,#4016,.T.);
#2778=EDGE_CURVE('',#3662,#3663,#305,.T.);
#2779=EDGE_CURVE('',#3663,#3664,#4017,.T.);
#2780=EDGE_CURVE('',#3664,#3665,#306,.T.);
#2781=EDGE_CURVE('',#3665,#3666,#4018,.T.);
#2782=EDGE_CURVE('',#3666,#3667,#307,.T.);
#2783=EDGE_CURVE('',#3667,#3668,#4019,.T.);
#2784=EDGE_CURVE('',#3668,#3669,#308,.T.);
#2785=EDGE_CURVE('',#3669,#3670,#4020,.T.);
#2786=EDGE_CURVE('',#3670,#3671,#309,.F.);
#2787=EDGE_CURVE('',#3671,#3672,#4021,.T.);
#2788=EDGE_CURVE('',#3672,#3673,#310,.F.);
#2789=EDGE_CURVE('',#3673,#3674,#4022,.T.);
#2790=EDGE_CURVE('',#3674,#3675,#311,.F.);
#2791=EDGE_CURVE('',#3675,#3604,#4023,.T.);
#2792=EDGE_CURVE('',#3250,#3245,#312,.T.);
#2793=EDGE_CURVE('',#3244,#3251,#313,.F.);
#2794=EDGE_CURVE('',#3262,#3257,#314,.T.);
#2795=EDGE_CURVE('',#3256,#3263,#315,.F.);
#2796=EDGE_CURVE('',#3326,#3321,#316,.T.);
#2797=EDGE_CURVE('',#3320,#3327,#317,.F.);
#2798=EDGE_CURVE('',#3314,#3309,#318,.T.);
#2799=EDGE_CURVE('',#3308,#3315,#319,.F.);
#2800=EDGE_CURVE('',#3218,#3213,#320,.T.);
#2801=EDGE_CURVE('',#3212,#3219,#321,.F.);
#2802=EDGE_CURVE('',#3230,#3225,#322,.T.);
#2803=EDGE_CURVE('',#3224,#3231,#323,.F.);
#2804=EDGE_CURVE('',#3410,#3217,#324,.T.);
#2805=EDGE_CURVE('',#3216,#3411,#325,.F.);
#2806=EDGE_CURVE('',#3414,#3229,#326,.T.);
#2807=EDGE_CURVE('',#3228,#3415,#327,.F.);
#2808=EDGE_CURVE('',#3210,#3409,#328,.T.);
#2809=EDGE_CURVE('',#3408,#3211,#329,.F.);
#2810=EDGE_CURVE('',#3222,#3413,#330,.T.);
#2811=EDGE_CURVE('',#3412,#3223,#331,.F.);
#2812=EDGE_CURVE('',#3214,#3209,#332,.T.);
#2813=EDGE_CURVE('',#3208,#3215,#333,.F.);
#2814=EDGE_CURVE('',#3226,#3221,#334,.T.);
#2815=EDGE_CURVE('',#3220,#3227,#335,.F.);
#2816=EDGE_CURVE('',#3182,#3177,#336,.T.);
#2817=EDGE_CURVE('',#3176,#3183,#337,.F.);
#2818=EDGE_CURVE('',#3178,#3385,#338,.T.);
#2819=EDGE_CURVE('',#3384,#3179,#339,.F.);
#2820=EDGE_CURVE('',#3174,#3169,#340,.T.);
#2821=EDGE_CURVE('',#3168,#3175,#341,.F.);
#2822=EDGE_CURVE('',#3426,#3173,#342,.T.);
#2823=EDGE_CURVE('',#3172,#3427,#343,.F.);
#2824=EDGE_CURVE('',#3386,#3185,#344,.T.);
#2825=EDGE_CURVE('',#3184,#3387,#345,.F.);
#2826=EDGE_CURVE('',#3186,#3181,#346,.T.);
#2827=EDGE_CURVE('',#3180,#3187,#347,.F.);
#2828=EDGE_CURVE('',#3166,#3425,#348,.T.);
#2829=EDGE_CURVE('',#3424,#3167,#349,.F.);
#2830=EDGE_CURVE('',#3170,#3165,#350,.T.);
#2831=EDGE_CURVE('',#3164,#3171,#351,.F.);
#2832=EDGE_CURVE('',#3234,#3417,#352,.T.);
#2833=EDGE_CURVE('',#3416,#3235,#353,.F.);
#2834=EDGE_CURVE('',#3206,#3201,#354,.T.);
#2835=EDGE_CURVE('',#3200,#3207,#355,.F.);
#2836=EDGE_CURVE('',#3202,#3197,#356,.T.);
#2837=EDGE_CURVE('',#3196,#3203,#357,.F.);
#2838=EDGE_CURVE('',#3194,#3189,#358,.T.);
#2839=EDGE_CURVE('',#3188,#3195,#359,.F.);
#2840=EDGE_CURVE('',#3190,#3389,#360,.T.);
#2841=EDGE_CURVE('',#3388,#3191,#361,.F.);
#2842=EDGE_CURVE('',#3390,#3205,#362,.T.);
#2843=EDGE_CURVE('',#3204,#3391,#363,.F.);
#2844=EDGE_CURVE('',#3418,#3241,#364,.T.);
#2845=EDGE_CURVE('',#3240,#3419,#365,.F.);
#2846=EDGE_CURVE('',#3242,#3237,#366,.T.);
#2847=EDGE_CURVE('',#3236,#3243,#367,.F.);
#2848=EDGE_CURVE('',#3238,#3233,#368,.T.);
#2849=EDGE_CURVE('',#3232,#3239,#369,.F.);
#2850=EDGE_CURVE('',#3198,#3193,#370,.T.);
#2851=EDGE_CURVE('',#3192,#3199,#371,.F.);
#2852=EDGE_CURVE('',#3374,#3369,#372,.T.);
#2853=EDGE_CURVE('',#3368,#3375,#373,.F.);
#2854=EDGE_CURVE('',#3370,#3365,#374,.T.);
#2855=EDGE_CURVE('',#3364,#3371,#375,.F.);
#2856=EDGE_CURVE('',#3286,#3281,#376,.T.);
#2857=EDGE_CURVE('',#3280,#3287,#377,.F.);
#2858=EDGE_CURVE('',#3290,#3285,#378,.T.);
#2859=EDGE_CURVE('',#3284,#3291,#379,.F.);
#2860=EDGE_CURVE('',#3266,#3261,#380,.T.);
#2861=EDGE_CURVE('',#3260,#3267,#381,.F.);
#2862=EDGE_CURVE('',#3310,#3305,#382,.T.);
#2863=EDGE_CURVE('',#3304,#3311,#383,.F.);
#2864=EDGE_CURVE('',#3346,#3341,#384,.T.);
#2865=EDGE_CURVE('',#3340,#3347,#385,.F.);
#2866=EDGE_CURVE('',#3350,#3345,#386,.T.);
#2867=EDGE_CURVE('',#3344,#3351,#387,.F.);
#2868=EDGE_CURVE('',#3362,#3357,#388,.T.);
#2869=EDGE_CURVE('',#3356,#3363,#389,.F.);
#2870=EDGE_CURVE('',#3366,#3361,#390,.T.);
#2871=EDGE_CURVE('',#3360,#3367,#391,.F.);
#2872=EDGE_CURVE('',#3358,#3353,#392,.T.);
#2873=EDGE_CURVE('',#3352,#3359,#393,.F.);
#2874=EDGE_CURVE('',#3354,#3349,#394,.T.);
#2875=EDGE_CURVE('',#3348,#3355,#395,.F.);
#2876=EDGE_CURVE('',#3322,#3317,#396,.F.);
#2877=EDGE_CURVE('',#3316,#3323,#397,.T.);
#2878=EDGE_CURVE('',#3318,#3313,#398,.F.);
#2879=EDGE_CURVE('',#3312,#3319,#399,.T.);
#2880=EDGE_CURVE('',#3254,#3249,#400,.F.);
#2881=EDGE_CURVE('',#3248,#3255,#401,.T.);
#2882=EDGE_CURVE('',#3258,#3253,#402,.F.);
#2883=EDGE_CURVE('',#3252,#3259,#403,.T.);
#2884=EDGE_CURVE('',#3378,#3373,#404,.F.);
#2885=EDGE_CURVE('',#3372,#3379,#405,.T.);
#2886=EDGE_CURVE('',#3342,#3337,#406,.F.);
#2887=EDGE_CURVE('',#3336,#3343,#407,.T.);
#2888=EDGE_CURVE('',#3382,#3377,#408,.F.);
#2889=EDGE_CURVE('',#3376,#3383,#409,.T.);
#2890=EDGE_CURVE('',#3282,#3277,#410,.F.);
#2891=EDGE_CURVE('',#3276,#3283,#411,.T.);
#2892=EDGE_CURVE('',#3278,#3273,#412,.F.);
#2893=EDGE_CURVE('',#3272,#3279,#413,.T.);
#2894=EDGE_CURVE('',#3274,#3269,#414,.F.);
#2895=EDGE_CURVE('',#3268,#3275,#415,.T.);
#2896=EDGE_CURVE('',#3294,#3289,#416,.F.);
#2897=EDGE_CURVE('',#3288,#3295,#417,.T.);
#2898=EDGE_CURVE('',#3298,#3293,#418,.F.);
#2899=EDGE_CURVE('',#3292,#3299,#419,.T.);
#2900=EDGE_CURVE('',#3302,#3297,#420,.F.);
#2901=EDGE_CURVE('',#3296,#3303,#421,.T.);
#2902=EDGE_CURVE('',#3306,#3301,#422,.F.);
#2903=EDGE_CURVE('',#3300,#3307,#423,.T.);
#2904=EDGE_CURVE('',#3270,#3265,#424,.F.);
#2905=EDGE_CURVE('',#3264,#3271,#425,.T.);
#2906=EDGE_CURVE('',#3338,#3333,#426,.F.);
#2907=EDGE_CURVE('',#3332,#3339,#427,.T.);
#2908=EDGE_CURVE('',#3246,#3421,#428,.F.);
#2909=EDGE_CURVE('',#3420,#3247,#429,.T.);
#2910=EDGE_CURVE('',#3422,#3381,#430,.F.);
#2911=EDGE_CURVE('',#3380,#3423,#431,.T.);
#2912=EDGE_CURVE('',#3330,#3325,#432,.F.);
#2913=EDGE_CURVE('',#3324,#3331,#433,.T.);
#2914=EDGE_CURVE('',#3334,#3329,#434,.F.);
#2915=EDGE_CURVE('',#3328,#3335,#435,.T.);
#2916=EDGE_CURVE('',#3518,#3253,#4024,.T.);
#2917=EDGE_CURVE('',#3254,#3517,#4025,.T.);
#2918=EDGE_CURVE('',#3249,#3516,#4026,.T.);
#2919=EDGE_CURVE('',#3519,#3258,#4027,.T.);
#2920=EDGE_CURVE('',#3250,#3515,#4028,.T.);
#2921=EDGE_CURVE('',#3520,#3257,#4029,.T.);
#2922=EDGE_CURVE('',#3245,#3514,#4030,.T.);
#2923=EDGE_CURVE('',#3521,#3262,#4031,.T.);
#2924=EDGE_CURVE('',#3246,#3513,#4032,.T.);
#2925=EDGE_CURVE('',#3522,#3261,#4033,.T.);
#2926=EDGE_CURVE('',#3421,#3512,#4034,.T.);
#2927=EDGE_CURVE('',#3523,#3266,#4035,.T.);
#2928=EDGE_CURVE('',#3422,#3511,#4036,.T.);
#2929=EDGE_CURVE('',#3524,#3265,#4037,.T.);
#2930=EDGE_CURVE('',#3381,#3510,#4038,.T.);
#2931=EDGE_CURVE('',#3525,#3270,#4039,.T.);
#2932=EDGE_CURVE('',#3382,#3509,#4040,.T.);
#2933=EDGE_CURVE('',#3526,#3269,#4041,.T.);
#2934=EDGE_CURVE('',#3377,#3508,#4042,.T.);
#2935=EDGE_CURVE('',#3527,#3274,#4043,.T.);
#2936=EDGE_CURVE('',#3378,#3507,#4044,.T.);
#2937=EDGE_CURVE('',#3528,#3273,#4045,.T.);
#2938=EDGE_CURVE('',#3373,#3506,#4046,.T.);
#2939=EDGE_CURVE('',#3529,#3278,#4047,.T.);
#2940=EDGE_CURVE('',#3374,#3505,#4048,.T.);
#2941=EDGE_CURVE('',#3530,#3277,#4049,.T.);
#2942=EDGE_CURVE('',#3369,#3504,#4050,.T.);
#2943=EDGE_CURVE('',#3531,#3282,#4051,.T.);
#2944=EDGE_CURVE('',#3370,#3503,#4052,.T.);
#2945=EDGE_CURVE('',#3532,#3281,#4053,.T.);
#2946=EDGE_CURVE('',#3365,#3502,#4054,.T.);
#2947=EDGE_CURVE('',#3533,#3286,#4055,.T.);
#2948=EDGE_CURVE('',#3366,#3501,#4056,.T.);
#2949=EDGE_CURVE('',#3534,#3285,#4057,.T.);
#2950=EDGE_CURVE('',#3361,#3500,#4058,.T.);
#2951=EDGE_CURVE('',#3535,#3290,#4059,.T.);
#2952=EDGE_CURVE('',#3362,#3499,#4060,.T.);
#2953=EDGE_CURVE('',#3536,#3289,#4061,.T.);
#2954=EDGE_CURVE('',#3357,#3498,#4062,.T.);
#2955=EDGE_CURVE('',#3537,#3294,#4063,.T.);
#2956=EDGE_CURVE('',#3358,#3497,#4064,.T.);
#2957=EDGE_CURVE('',#3538,#3293,#4065,.T.);
#2958=EDGE_CURVE('',#3353,#3496,#4066,.T.);
#2959=EDGE_CURVE('',#3539,#3298,#4067,.T.);
#2960=EDGE_CURVE('',#3354,#3495,#4068,.T.);
#2961=EDGE_CURVE('',#3540,#3297,#4069,.T.);
#2962=EDGE_CURVE('',#3349,#3494,#4070,.T.);
#2963=EDGE_CURVE('',#3541,#3302,#4071,.T.);
#2964=EDGE_CURVE('',#3350,#3493,#4072,.T.);
#2965=EDGE_CURVE('',#3542,#3301,#4073,.T.);
#2966=EDGE_CURVE('',#3345,#3492,#4074,.T.);
#2967=EDGE_CURVE('',#3543,#3306,#4075,.T.);
#2968=EDGE_CURVE('',#3346,#3491,#4076,.T.);
#2969=EDGE_CURVE('',#3544,#3305,#4077,.T.);
#2970=EDGE_CURVE('',#3341,#3490,#4078,.T.);
#2971=EDGE_CURVE('',#3545,#3310,#4079,.T.);
#2972=EDGE_CURVE('',#3342,#3489,#4080,.T.);
#2973=EDGE_CURVE('',#3546,#3309,#4081,.T.);
#2974=EDGE_CURVE('',#3337,#3488,#4082,.T.);
#2975=EDGE_CURVE('',#3547,#3314,#4083,.T.);
#2976=EDGE_CURVE('',#3338,#3487,#4084,.T.);
#2977=EDGE_CURVE('',#3548,#3313,#4085,.T.);
#2978=EDGE_CURVE('',#3333,#3486,#4086,.T.);
#2979=EDGE_CURVE('',#3549,#3318,#4087,.T.);
#2980=EDGE_CURVE('',#3334,#3485,#4088,.T.);
#2981=EDGE_CURVE('',#3550,#3317,#4089,.T.);
#2982=EDGE_CURVE('',#3329,#3484,#4090,.T.);
#2983=EDGE_CURVE('',#3551,#3322,#4091,.T.);
#2984=EDGE_CURVE('',#3330,#3483,#4092,.T.);
#2985=EDGE_CURVE('',#3480,#3321,#4093,.T.);
#2986=EDGE_CURVE('',#3325,#3482,#4094,.T.);
#2987=EDGE_CURVE('',#3481,#3326,#4095,.T.);
#2988=EDGE_CURVE('',#3252,#3641,#4096,.T.);
#2989=EDGE_CURVE('',#3642,#3255,#4097,.T.);
#2990=EDGE_CURVE('',#3643,#3248,#4098,.T.);
#2991=EDGE_CURVE('',#3259,#3640,#4099,.T.);
#2992=EDGE_CURVE('',#3644,#3251,#4100,.T.);
#2993=EDGE_CURVE('',#3256,#3639,#4101,.T.);
#2994=EDGE_CURVE('',#3645,#3244,#4102,.T.);
#2995=EDGE_CURVE('',#3263,#3638,#4103,.T.);
#2996=EDGE_CURVE('',#3646,#3247,#4104,.T.);
#2997=EDGE_CURVE('',#3260,#3637,#4105,.T.);
#2998=EDGE_CURVE('',#3647,#3420,#4106,.T.);
#2999=EDGE_CURVE('',#3267,#3636,#4107,.T.);
#3000=EDGE_CURVE('',#3648,#3423,#4108,.T.);
#3001=EDGE_CURVE('',#3264,#3635,#4109,.T.);
#3002=EDGE_CURVE('',#3649,#3380,#4110,.T.);
#3003=EDGE_CURVE('',#3271,#3634,#4111,.T.);
#3004=EDGE_CURVE('',#3650,#3383,#4112,.T.);
#3005=EDGE_CURVE('',#3268,#3633,#4113,.T.);
#3006=EDGE_CURVE('',#3651,#3376,#4114,.T.);
#3007=EDGE_CURVE('',#3275,#3632,#4115,.T.);
#3008=EDGE_CURVE('',#3652,#3379,#4116,.T.);
#3009=EDGE_CURVE('',#3272,#3631,#4117,.T.);
#3010=EDGE_CURVE('',#3653,#3372,#4118,.T.);
#3011=EDGE_CURVE('',#3279,#3630,#4119,.T.);
#3012=EDGE_CURVE('',#3654,#3375,#4120,.T.);
#3013=EDGE_CURVE('',#3276,#3629,#4121,.T.);
#3014=EDGE_CURVE('',#3655,#3368,#4122,.T.);
#3015=EDGE_CURVE('',#3283,#3628,#4123,.T.);
#3016=EDGE_CURVE('',#3656,#3371,#4124,.T.);
#3017=EDGE_CURVE('',#3280,#3627,#4125,.T.);
#3018=EDGE_CURVE('',#3657,#3364,#4126,.T.);
#3019=EDGE_CURVE('',#3287,#3626,#4127,.T.);
#3020=EDGE_CURVE('',#3658,#3367,#4128,.T.);
#3021=EDGE_CURVE('',#3284,#3625,#4129,.T.);
#3022=EDGE_CURVE('',#3659,#3360,#4130,.T.);
#3023=EDGE_CURVE('',#3291,#3624,#4131,.T.);
#3024=EDGE_CURVE('',#3660,#3363,#4132,.T.);
#3025=EDGE_CURVE('',#3288,#3623,#4133,.T.);
#3026=EDGE_CURVE('',#3661,#3356,#4134,.T.);
#3027=EDGE_CURVE('',#3295,#3622,#4135,.T.);
#3028=EDGE_CURVE('',#3662,#3359,#4136,.T.);
#3029=EDGE_CURVE('',#3292,#3621,#4137,.T.);
#3030=EDGE_CURVE('',#3663,#3352,#4138,.T.);
#3031=EDGE_CURVE('',#3299,#3620,#4139,.T.);
#3032=EDGE_CURVE('',#3664,#3355,#4140,.T.);
#3033=EDGE_CURVE('',#3296,#3619,#4141,.T.);
#3034=EDGE_CURVE('',#3665,#3348,#4142,.T.);
#3035=EDGE_CURVE('',#3303,#3618,#4143,.T.);
#3036=EDGE_CURVE('',#3666,#3351,#4144,.T.);
#3037=EDGE_CURVE('',#3300,#3617,#4145,.T.);
#3038=EDGE_CURVE('',#3667,#3344,#4146,.T.);
#3039=EDGE_CURVE('',#3307,#3616,#4147,.T.);
#3040=EDGE_CURVE('',#3668,#3347,#4148,.T.);
#3041=EDGE_CURVE('',#3304,#3615,#4149,.T.);
#3042=EDGE_CURVE('',#3669,#3340,#4150,.T.);
#3043=EDGE_CURVE('',#3311,#3614,#4151,.T.);
#3044=EDGE_CURVE('',#3670,#3343,#4152,.T.);
#3045=EDGE_CURVE('',#3308,#3613,#4153,.T.);
#3046=EDGE_CURVE('',#3671,#3336,#4154,.T.);
#3047=EDGE_CURVE('',#3315,#3612,#4155,.T.);
#3048=EDGE_CURVE('',#3672,#3339,#4156,.T.);
#3049=EDGE_CURVE('',#3312,#3611,#4157,.T.);
#3050=EDGE_CURVE('',#3673,#3332,#4158,.T.);
#3051=EDGE_CURVE('',#3319,#3610,#4159,.T.);
#3052=EDGE_CURVE('',#3674,#3335,#4160,.T.);
#3053=EDGE_CURVE('',#3316,#3609,#4161,.T.);
#3054=EDGE_CURVE('',#3675,#3328,#4162,.T.);
#3055=EDGE_CURVE('',#3323,#3608,#4163,.T.);
#3056=EDGE_CURVE('',#3604,#3331,#4164,.T.);
#3057=EDGE_CURVE('',#3320,#3607,#4165,.T.);
#3058=EDGE_CURVE('',#3605,#3324,#4166,.T.);
#3059=EDGE_CURVE('',#3327,#3606,#4167,.T.);
#3060=EDGE_CURVE('',#3202,#3475,#4168,.T.);
#3061=EDGE_CURVE('',#3476,#3201,#4169,.T.);
#3062=EDGE_CURVE('',#3477,#3206,#4170,.T.);
#3063=EDGE_CURVE('',#3197,#3474,#4171,.T.);
#3064=EDGE_CURVE('',#3478,#3205,#4172,.T.);
#3065=EDGE_CURVE('',#3198,#3473,#4173,.T.);
#3066=EDGE_CURVE('',#3479,#3390,#4174,.T.);
#3067=EDGE_CURVE('',#3193,#3472,#4175,.T.);
#3068=EDGE_CURVE('',#3468,#3389,#4176,.T.);
#3069=EDGE_CURVE('',#3194,#3471,#4177,.T.);
#3070=EDGE_CURVE('',#3469,#3190,#4178,.T.);
#3071=EDGE_CURVE('',#3189,#3470,#4179,.T.);
#3072=EDGE_CURVE('',#3600,#3203,#4180,.T.);
#3073=EDGE_CURVE('',#3200,#3599,#4181,.T.);
#3074=EDGE_CURVE('',#3207,#3598,#4182,.T.);
#3075=EDGE_CURVE('',#3601,#3196,#4183,.T.);
#3076=EDGE_CURVE('',#3204,#3597,#4184,.T.);
#3077=EDGE_CURVE('',#3602,#3199,#4185,.T.);
#3078=EDGE_CURVE('',#3391,#3596,#4186,.T.);
#3079=EDGE_CURVE('',#3603,#3192,#4187,.T.);
#3080=EDGE_CURVE('',#3388,#3595,#4188,.T.);
#3081=EDGE_CURVE('',#3592,#3195,#4189,.T.);
#3082=EDGE_CURVE('',#3191,#3594,#4190,.T.);
#3083=EDGE_CURVE('',#3593,#3188,#4191,.T.);
#3084=EDGE_CURVE('',#3410,#3433,#4192,.T.);
#3085=EDGE_CURVE('',#3434,#3409,#4193,.T.);
#3086=EDGE_CURVE('',#3435,#3210,#4194,.T.);
#3087=EDGE_CURVE('',#3217,#3432,#4195,.T.);
#3088=EDGE_CURVE('',#3428,#3209,#4196,.T.);
#3089=EDGE_CURVE('',#3218,#3431,#4197,.T.);
#3090=EDGE_CURVE('',#3429,#3214,#4198,.T.);
#3091=EDGE_CURVE('',#3213,#3430,#4199,.T.);
#3092=EDGE_CURVE('',#3558,#3411,#4200,.T.);
#3093=EDGE_CURVE('',#3408,#3557,#4201,.T.);
#3094=EDGE_CURVE('',#3211,#3556,#4202,.T.);
#3095=EDGE_CURVE('',#3559,#3216,#4203,.T.);
#3096=EDGE_CURVE('',#3208,#3555,#4204,.T.);
#3097=EDGE_CURVE('',#3552,#3219,#4205,.T.);
#3098=EDGE_CURVE('',#3215,#3554,#4206,.T.);
#3099=EDGE_CURVE('',#3553,#3212,#4207,.T.);
#3100=EDGE_CURVE('',#3414,#3441,#4208,.T.);
#3101=EDGE_CURVE('',#3442,#3413,#4209,.T.);
#3102=EDGE_CURVE('',#3443,#3222,#4210,.T.);
#3103=EDGE_CURVE('',#3229,#3440,#4211,.T.);
#3104=EDGE_CURVE('',#3436,#3221,#4212,.T.);
#3105=EDGE_CURVE('',#3230,#3439,#4213,.T.);
#3106=EDGE_CURVE('',#3437,#3226,#4214,.T.);
#3107=EDGE_CURVE('',#3225,#3438,#4215,.T.);
#3108=EDGE_CURVE('',#3566,#3415,#4216,.T.);
#3109=EDGE_CURVE('',#3412,#3565,#4217,.T.);
#3110=EDGE_CURVE('',#3223,#3564,#4218,.T.);
#3111=EDGE_CURVE('',#3567,#3228,#4219,.T.);
#3112=EDGE_CURVE('',#3220,#3563,#4220,.T.);
#3113=EDGE_CURVE('',#3560,#3231,#4221,.T.);
#3114=EDGE_CURVE('',#3227,#3562,#4222,.T.);
#3115=EDGE_CURVE('',#3561,#3224,#4223,.T.);
#3116=EDGE_CURVE('',#3450,#3165,#4224,.T.);
#3117=EDGE_CURVE('',#3166,#3449,#4225,.T.);
#3118=EDGE_CURVE('',#3425,#3448,#4226,.T.);
#3119=EDGE_CURVE('',#3451,#3170,#4227,.T.);
#3120=EDGE_CURVE('',#3426,#3447,#4228,.T.);
#3121=EDGE_CURVE('',#3444,#3169,#4229,.T.);
#3122=EDGE_CURVE('',#3173,#3446,#4230,.T.);
#3123=EDGE_CURVE('',#3445,#3174,#4231,.T.);
#3124=EDGE_CURVE('',#3164,#3573,#4232,.T.);
#3125=EDGE_CURVE('',#3574,#3167,#4233,.T.);
#3126=EDGE_CURVE('',#3575,#3424,#4234,.T.);
#3127=EDGE_CURVE('',#3171,#3572,#4235,.T.);
#3128=EDGE_CURVE('',#3568,#3427,#4236,.T.);
#3129=EDGE_CURVE('',#3168,#3571,#4237,.T.);
#3130=EDGE_CURVE('',#3569,#3172,#4238,.T.);
#3131=EDGE_CURVE('',#3175,#3570,#4239,.T.);
#3132=EDGE_CURVE('',#3186,#3457,#4240,.T.);
#3133=EDGE_CURVE('',#3458,#3185,#4241,.T.);
#3134=EDGE_CURVE('',#3459,#3386,#4242,.T.);
#3135=EDGE_CURVE('',#3181,#3456,#4243,.T.);
#3136=EDGE_CURVE('',#3452,#3385,#4244,.T.);
#3137=EDGE_CURVE('',#3182,#3455,#4245,.T.);
#3138=EDGE_CURVE('',#3453,#3178,#4246,.T.);
#3139=EDGE_CURVE('',#3177,#3454,#4247,.T.);
#3140=EDGE_CURVE('',#3582,#3187,#4248,.T.);
#3141=EDGE_CURVE('',#3184,#3581,#4249,.T.);
#3142=EDGE_CURVE('',#3387,#3580,#4250,.T.);
#3143=EDGE_CURVE('',#3583,#3180,#4251,.T.);
#3144=EDGE_CURVE('',#3384,#3579,#4252,.T.);
#3145=EDGE_CURVE('',#3576,#3183,#4253,.T.);
#3146=EDGE_CURVE('',#3179,#3578,#4254,.T.);
#3147=EDGE_CURVE('',#3577,#3176,#4255,.T.);
#3148=EDGE_CURVE('',#3466,#3241,#4256,.T.);
#3149=EDGE_CURVE('',#3242,#3465,#4257,.T.);
#3150=EDGE_CURVE('',#3237,#3464,#4258,.T.);
#3151=EDGE_CURVE('',#3467,#3418,#4259,.T.);
#3152=EDGE_CURVE('',#3238,#3463,#4260,.T.);
#3153=EDGE_CURVE('',#3460,#3417,#4261,.T.);
#3154=EDGE_CURVE('',#3233,#3462,#4262,.T.);
#3155=EDGE_CURVE('',#3461,#3234,#4263,.T.);
#3156=EDGE_CURVE('',#3240,#3589,#4264,.T.);
#3157=EDGE_CURVE('',#3590,#3243,#4265,.T.);
#3158=EDGE_CURVE('',#3591,#3236,#4266,.T.);
#3159=EDGE_CURVE('',#3419,#3588,#4267,.T.);
#3160=EDGE_CURVE('',#3584,#3239,#4268,.T.);
#3161=EDGE_CURVE('',#3416,#3587,#4269,.T.);
#3162=EDGE_CURVE('',#3585,#3232,#4270,.T.);
#3163=EDGE_CURVE('',#3235,#3586,#4271,.T.);
#3164=VERTEX_POINT('',#8880);
#3165=VERTEX_POINT('',#8881);
#3166=VERTEX_POINT('',#8883);
#3167=VERTEX_POINT('',#8885);
#3168=VERTEX_POINT('',#8889);
#3169=VERTEX_POINT('',#8890);
#3170=VERTEX_POINT('',#8892);
#3171=VERTEX_POINT('',#8894);
#3172=VERTEX_POINT('',#8898);
#3173=VERTEX_POINT('',#8899);
#3174=VERTEX_POINT('',#8901);
#3175=VERTEX_POINT('',#8903);
#3176=VERTEX_POINT('',#8907);
#3177=VERTEX_POINT('',#8908);
#3178=VERTEX_POINT('',#8910);
#3179=VERTEX_POINT('',#8912);
#3180=VERTEX_POINT('',#8916);
#3181=VERTEX_POINT('',#8917);
#3182=VERTEX_POINT('',#8919);
#3183=VERTEX_POINT('',#8921);
#3184=VERTEX_POINT('',#8925);
#3185=VERTEX_POINT('',#8926);
#3186=VERTEX_POINT('',#8928);
#3187=VERTEX_POINT('',#8930);
#3188=VERTEX_POINT('',#8934);
#3189=VERTEX_POINT('',#8935);
#3190=VERTEX_POINT('',#8937);
#3191=VERTEX_POINT('',#8939);
#3192=VERTEX_POINT('',#8943);
#3193=VERTEX_POINT('',#8944);
#3194=VERTEX_POINT('',#8946);
#3195=VERTEX_POINT('',#8948);
#3196=VERTEX_POINT('',#8952);
#3197=VERTEX_POINT('',#8953);
#3198=VERTEX_POINT('',#8955);
#3199=VERTEX_POINT('',#8957);
#3200=VERTEX_POINT('',#8961);
#3201=VERTEX_POINT('',#8962);
#3202=VERTEX_POINT('',#8964);
#3203=VERTEX_POINT('',#8966);
#3204=VERTEX_POINT('',#8970);
#3205=VERTEX_POINT('',#8971);
#3206=VERTEX_POINT('',#8973);
#3207=VERTEX_POINT('',#8975);
#3208=VERTEX_POINT('',#8979);
#3209=VERTEX_POINT('',#8980);
#3210=VERTEX_POINT('',#8982);
#3211=VERTEX_POINT('',#8984);
#3212=VERTEX_POINT('',#8988);
#3213=VERTEX_POINT('',#8989);
#3214=VERTEX_POINT('',#8991);
#3215=VERTEX_POINT('',#8993);
#3216=VERTEX_POINT('',#8997);
#3217=VERTEX_POINT('',#8998);
#3218=VERTEX_POINT('',#9000);
#3219=VERTEX_POINT('',#9002);
#3220=VERTEX_POINT('',#9006);
#3221=VERTEX_POINT('',#9007);
#3222=VERTEX_POINT('',#9009);
#3223=VERTEX_POINT('',#9011);
#3224=VERTEX_POINT('',#9015);
#3225=VERTEX_POINT('',#9016);
#3226=VERTEX_POINT('',#9018);
#3227=VERTEX_POINT('',#9020);
#3228=VERTEX_POINT('',#9024);
#3229=VERTEX_POINT('',#9025);
#3230=VERTEX_POINT('',#9027);
#3231=VERTEX_POINT('',#9029);
#3232=VERTEX_POINT('',#9033);
#3233=VERTEX_POINT('',#9034);
#3234=VERTEX_POINT('',#9036);
#3235=VERTEX_POINT('',#9038);
#3236=VERTEX_POINT('',#9042);
#3237=VERTEX_POINT('',#9043);
#3238=VERTEX_POINT('',#9045);
#3239=VERTEX_POINT('',#9047);
#3240=VERTEX_POINT('',#9051);
#3241=VERTEX_POINT('',#9052);
#3242=VERTEX_POINT('',#9054);
#3243=VERTEX_POINT('',#9056);
#3244=VERTEX_POINT('',#9060);
#3245=VERTEX_POINT('',#9061);
#3246=VERTEX_POINT('',#9063);
#3247=VERTEX_POINT('',#9065);
#3248=VERTEX_POINT('',#9069);
#3249=VERTEX_POINT('',#9070);
#3250=VERTEX_POINT('',#9072);
#3251=VERTEX_POINT('',#9074);
#3252=VERTEX_POINT('',#9078);
#3253=VERTEX_POINT('',#9079);
#3254=VERTEX_POINT('',#9081);
#3255=VERTEX_POINT('',#9083);
#3256=VERTEX_POINT('',#9087);
#3257=VERTEX_POINT('',#9088);
#3258=VERTEX_POINT('',#9090);
#3259=VERTEX_POINT('',#9092);
#3260=VERTEX_POINT('',#9096);
#3261=VERTEX_POINT('',#9097);
#3262=VERTEX_POINT('',#9099);
#3263=VERTEX_POINT('',#9101);
#3264=VERTEX_POINT('',#9105);
#3265=VERTEX_POINT('',#9106);
#3266=VERTEX_POINT('',#9108);
#3267=VERTEX_POINT('',#9110);
#3268=VERTEX_POINT('',#9114);
#3269=VERTEX_POINT('',#9115);
#3270=VERTEX_POINT('',#9117);
#3271=VERTEX_POINT('',#9119);
#3272=VERTEX_POINT('',#9123);
#3273=VERTEX_POINT('',#9124);
#3274=VERTEX_POINT('',#9126);
#3275=VERTEX_POINT('',#9128);
#3276=VERTEX_POINT('',#9132);
#3277=VERTEX_POINT('',#9133);
#3278=VERTEX_POINT('',#9135);
#3279=VERTEX_POINT('',#9137);
#3280=VERTEX_POINT('',#9141);
#3281=VERTEX_POINT('',#9142);
#3282=VERTEX_POINT('',#9144);
#3283=VERTEX_POINT('',#9146);
#3284=VERTEX_POINT('',#9150);
#3285=VERTEX_POINT('',#9151);
#3286=VERTEX_POINT('',#9153);
#3287=VERTEX_POINT('',#9155);
#3288=VERTEX_POINT('',#9159);
#3289=VERTEX_POINT('',#9160);
#3290=VERTEX_POINT('',#9162);
#3291=VERTEX_POINT('',#9164);
#3292=VERTEX_POINT('',#9168);
#3293=VERTEX_POINT('',#9169);
#3294=VERTEX_POINT('',#9171);
#3295=VERTEX_POINT('',#9173);
#3296=VERTEX_POINT('',#9177);
#3297=VERTEX_POINT('',#9178);
#3298=VERTEX_POINT('',#9180);
#3299=VERTEX_POINT('',#9182);
#3300=VERTEX_POINT('',#9186);
#3301=VERTEX_POINT('',#9187);
#3302=VERTEX_POINT('',#9189);
#3303=VERTEX_POINT('',#9191);
#3304=VERTEX_POINT('',#9195);
#3305=VERTEX_POINT('',#9196);
#3306=VERTEX_POINT('',#9198);
#3307=VERTEX_POINT('',#9200);
#3308=VERTEX_POINT('',#9204);
#3309=VERTEX_POINT('',#9205);
#3310=VERTEX_POINT('',#9207);
#3311=VERTEX_POINT('',#9209);
#3312=VERTEX_POINT('',#9213);
#3313=VERTEX_POINT('',#9214);
#3314=VERTEX_POINT('',#9216);
#3315=VERTEX_POINT('',#9218);
#3316=VERTEX_POINT('',#9222);
#3317=VERTEX_POINT('',#9223);
#3318=VERTEX_POINT('',#9225);
#3319=VERTEX_POINT('',#9227);
#3320=VERTEX_POINT('',#9231);
#3321=VERTEX_POINT('',#9232);
#3322=VERTEX_POINT('',#9234);
#3323=VERTEX_POINT('',#9236);
#3324=VERTEX_POINT('',#9240);
#3325=VERTEX_POINT('',#9241);
#3326=VERTEX_POINT('',#9243);
#3327=VERTEX_POINT('',#9245);
#3328=VERTEX_POINT('',#9249);
#3329=VERTEX_POINT('',#9250);
#3330=VERTEX_POINT('',#9252);
#3331=VERTEX_POINT('',#9254);
#3332=VERTEX_POINT('',#9258);
#3333=VERTEX_POINT('',#9259);
#3334=VERTEX_POINT('',#9261);
#3335=VERTEX_POINT('',#9263);
#3336=VERTEX_POINT('',#9267);
#3337=VERTEX_POINT('',#9268);
#3338=VERTEX_POINT('',#9270);
#3339=VERTEX_POINT('',#9272);
#3340=VERTEX_POINT('',#9276);
#3341=VERTEX_POINT('',#9277);
#3342=VERTEX_POINT('',#9279);
#3343=VERTEX_POINT('',#9281);
#3344=VERTEX_POINT('',#9285);
#3345=VERTEX_POINT('',#9286);
#3346=VERTEX_POINT('',#9288);
#3347=VERTEX_POINT('',#9290);
#3348=VERTEX_POINT('',#9294);
#3349=VERTEX_POINT('',#9295);
#3350=VERTEX_POINT('',#9297);
#3351=VERTEX_POINT('',#9299);
#3352=VERTEX_POINT('',#9303);
#3353=VERTEX_POINT('',#9304);
#3354=VERTEX_POINT('',#9306);
#3355=VERTEX_POINT('',#9308);
#3356=VERTEX_POINT('',#9312);
#3357=VERTEX_POINT('',#9313);
#3358=VERTEX_POINT('',#9315);
#3359=VERTEX_POINT('',#9317);
#3360=VERTEX_POINT('',#9321);
#3361=VERTEX_POINT('',#9322);
#3362=VERTEX_POINT('',#9324);
#3363=VERTEX_POINT('',#9326);
#3364=VERTEX_POINT('',#9330);
#3365=VERTEX_POINT('',#9331);
#3366=VERTEX_POINT('',#9333);
#3367=VERTEX_POINT('',#9335);
#3368=VERTEX_POINT('',#9339);
#3369=VERTEX_POINT('',#9340);
#3370=VERTEX_POINT('',#9342);
#3371=VERTEX_POINT('',#9344);
#3372=VERTEX_POINT('',#9348);
#3373=VERTEX_POINT('',#9349);
#3374=VERTEX_POINT('',#9351);
#3375=VERTEX_POINT('',#9353);
#3376=VERTEX_POINT('',#9357);
#3377=VERTEX_POINT('',#9358);
#3378=VERTEX_POINT('',#9360);
#3379=VERTEX_POINT('',#9362);
#3380=VERTEX_POINT('',#9366);
#3381=VERTEX_POINT('',#9367);
#3382=VERTEX_POINT('',#9369);
#3383=VERTEX_POINT('',#9371);
#3384=VERTEX_POINT('',#9375);
#3385=VERTEX_POINT('',#9376);
#3386=VERTEX_POINT('',#9378);
#3387=VERTEX_POINT('',#9380);
#3388=VERTEX_POINT('',#9384);
#3389=VERTEX_POINT('',#9385);
#3390=VERTEX_POINT('',#9387);
#3391=VERTEX_POINT('',#9389);
#3392=VERTEX_POINT('',#9393);
#3393=VERTEX_POINT('',#9395);
#3394=VERTEX_POINT('',#9398);
#3395=VERTEX_POINT('',#9400);
#3396=VERTEX_POINT('',#9403);
#3397=VERTEX_POINT('',#9405);
#3398=VERTEX_POINT('',#9408);
#3399=VERTEX_POINT('',#9410);
#3400=VERTEX_POINT('',#9413);
#3401=VERTEX_POINT('',#9415);
#3402=VERTEX_POINT('',#9418);
#3403=VERTEX_POINT('',#9420);
#3404=VERTEX_POINT('',#9423);
#3405=VERTEX_POINT('',#9425);
#3406=VERTEX_POINT('',#9428);
#3407=VERTEX_POINT('',#9430);
#3408=VERTEX_POINT('',#9433);
#3409=VERTEX_POINT('',#9434);
#3410=VERTEX_POINT('',#9436);
#3411=VERTEX_POINT('',#9438);
#3412=VERTEX_POINT('',#9442);
#3413=VERTEX_POINT('',#9443);
#3414=VERTEX_POINT('',#9445);
#3415=VERTEX_POINT('',#9447);
#3416=VERTEX_POINT('',#9451);
#3417=VERTEX_POINT('',#9452);
#3418=VERTEX_POINT('',#9454);
#3419=VERTEX_POINT('',#9456);
#3420=VERTEX_POINT('',#9460);
#3421=VERTEX_POINT('',#9461);
#3422=VERTEX_POINT('',#9463);
#3423=VERTEX_POINT('',#9465);
#3424=VERTEX_POINT('',#9469);
#3425=VERTEX_POINT('',#9470);
#3426=VERTEX_POINT('',#9472);
#3427=VERTEX_POINT('',#9474);
#3428=VERTEX_POINT('',#9478);
#3429=VERTEX_POINT('',#9479);
#3430=VERTEX_POINT('',#9481);
#3431=VERTEX_POINT('',#9483);
#3432=VERTEX_POINT('',#9485);
#3433=VERTEX_POINT('',#9487);
#3434=VERTEX_POINT('',#9489);
#3435=VERTEX_POINT('',#9491);
#3436=VERTEX_POINT('',#9494);
#3437=VERTEX_POINT('',#9495);
#3438=VERTEX_POINT('',#9497);
#3439=VERTEX_POINT('',#9499);
#3440=VERTEX_POINT('',#9501);
#3441=VERTEX_POINT('',#9503);
#3442=VERTEX_POINT('',#9505);
#3443=VERTEX_POINT('',#9507);
#3444=VERTEX_POINT('',#9510);
#3445=VERTEX_POINT('',#9511);
#3446=VERTEX_POINT('',#9513);
#3447=VERTEX_POINT('',#9515);
#3448=VERTEX_POINT('',#9517);
#3449=VERTEX_POINT('',#9519);
#3450=VERTEX_POINT('',#9521);
#3451=VERTEX_POINT('',#9523);
#3452=VERTEX_POINT('',#9526);
#3453=VERTEX_POINT('',#9527);
#3454=VERTEX_POINT('',#9529);
#3455=VERTEX_POINT('',#9531);
#3456=VERTEX_POINT('',#9533);
#3457=VERTEX_POINT('',#9535);
#3458=VERTEX_POINT('',#9537);
#3459=VERTEX_POINT('',#9539);
#3460=VERTEX_POINT('',#9542);
#3461=VERTEX_POINT('',#9543);
#3462=VERTEX_POINT('',#9545);
#3463=VERTEX_POINT('',#9547);
#3464=VERTEX_POINT('',#9549);
#3465=VERTEX_POINT('',#9551);
#3466=VERTEX_POINT('',#9553);
#3467=VERTEX_POINT('',#9555);
#3468=VERTEX_POINT('',#9558);
#3469=VERTEX_POINT('',#9559);
#3470=VERTEX_POINT('',#9561);
#3471=VERTEX_POINT('',#9563);
#3472=VERTEX_POINT('',#9565);
#3473=VERTEX_POINT('',#9567);
#3474=VERTEX_POINT('',#9569);
#3475=VERTEX_POINT('',#9571);
#3476=VERTEX_POINT('',#9573);
#3477=VERTEX_POINT('',#9575);
#3478=VERTEX_POINT('',#9577);
#3479=VERTEX_POINT('',#9579);
#3480=VERTEX_POINT('',#9582);
#3481=VERTEX_POINT('',#9583);
#3482=VERTEX_POINT('',#9585);
#3483=VERTEX_POINT('',#9587);
#3484=VERTEX_POINT('',#9589);
#3485=VERTEX_POINT('',#9591);
#3486=VERTEX_POINT('',#9593);
#3487=VERTEX_POINT('',#9595);
#3488=VERTEX_POINT('',#9597);
#3489=VERTEX_POINT('',#9599);
#3490=VERTEX_POINT('',#9601);
#3491=VERTEX_POINT('',#9603);
#3492=VERTEX_POINT('',#9605);
#3493=VERTEX_POINT('',#9607);
#3494=VERTEX_POINT('',#9609);
#3495=VERTEX_POINT('',#9611);
#3496=VERTEX_POINT('',#9613);
#3497=VERTEX_POINT('',#9615);
#3498=VERTEX_POINT('',#9617);
#3499=VERTEX_POINT('',#9619);
#3500=VERTEX_POINT('',#9621);
#3501=VERTEX_POINT('',#9623);
#3502=VERTEX_POINT('',#9625);
#3503=VERTEX_POINT('',#9627);
#3504=VERTEX_POINT('',#9629);
#3505=VERTEX_POINT('',#9631);
#3506=VERTEX_POINT('',#9633);
#3507=VERTEX_POINT('',#9635);
#3508=VERTEX_POINT('',#9637);
#3509=VERTEX_POINT('',#9639);
#3510=VERTEX_POINT('',#9641);
#3511=VERTEX_POINT('',#9643);
#3512=VERTEX_POINT('',#9645);
#3513=VERTEX_POINT('',#9647);
#3514=VERTEX_POINT('',#9649);
#3515=VERTEX_POINT('',#9651);
#3516=VERTEX_POINT('',#9653);
#3517=VERTEX_POINT('',#9655);
#3518=VERTEX_POINT('',#9657);
#3519=VERTEX_POINT('',#9659);
#3520=VERTEX_POINT('',#9661);
#3521=VERTEX_POINT('',#9663);
#3522=VERTEX_POINT('',#9665);
#3523=VERTEX_POINT('',#9667);
#3524=VERTEX_POINT('',#9669);
#3525=VERTEX_POINT('',#9671);
#3526=VERTEX_POINT('',#9673);
#3527=VERTEX_POINT('',#9675);
#3528=VERTEX_POINT('',#9677);
#3529=VERTEX_POINT('',#9679);
#3530=VERTEX_POINT('',#9681);
#3531=VERTEX_POINT('',#9683);
#3532=VERTEX_POINT('',#9685);
#3533=VERTEX_POINT('',#9687);
#3534=VERTEX_POINT('',#9689);
#3535=VERTEX_POINT('',#9691);
#3536=VERTEX_POINT('',#9693);
#3537=VERTEX_POINT('',#9695);
#3538=VERTEX_POINT('',#9697);
#3539=VERTEX_POINT('',#9699);
#3540=VERTEX_POINT('',#9701);
#3541=VERTEX_POINT('',#9703);
#3542=VERTEX_POINT('',#9705);
#3543=VERTEX_POINT('',#9707);
#3544=VERTEX_POINT('',#9709);
#3545=VERTEX_POINT('',#9711);
#3546=VERTEX_POINT('',#9713);
#3547=VERTEX_POINT('',#9715);
#3548=VERTEX_POINT('',#9717);
#3549=VERTEX_POINT('',#9719);
#3550=VERTEX_POINT('',#9721);
#3551=VERTEX_POINT('',#9723);
#3552=VERTEX_POINT('',#9727);
#3553=VERTEX_POINT('',#9728);
#3554=VERTEX_POINT('',#9730);
#3555=VERTEX_POINT('',#9732);
#3556=VERTEX_POINT('',#9734);
#3557=VERTEX_POINT('',#9736);
#3558=VERTEX_POINT('',#9738);
#3559=VERTEX_POINT('',#9740);
#3560=VERTEX_POINT('',#9743);
#3561=VERTEX_POINT('',#9744);
#3562=VERTEX_POINT('',#9746);
#3563=VERTEX_POINT('',#9748);
#3564=VERTEX_POINT('',#9750);
#3565=VERTEX_POINT('',#9752);
#3566=VERTEX_POINT('',#9754);
#3567=VERTEX_POINT('',#9756);
#3568=VERTEX_POINT('',#9759);
#3569=VERTEX_POINT('',#9760);
#3570=VERTEX_POINT('',#9762);
#3571=VERTEX_POINT('',#9764);
#3572=VERTEX_POINT('',#9766);
#3573=VERTEX_POINT('',#9768);
#3574=VERTEX_POINT('',#9770);
#3575=VERTEX_POINT('',#9772);
#3576=VERTEX_POINT('',#9775);
#3577=VERTEX_POINT('',#9776);
#3578=VERTEX_POINT('',#9778);
#3579=VERTEX_POINT('',#9780);
#3580=VERTEX_POINT('',#9782);
#3581=VERTEX_POINT('',#9784);
#3582=VERTEX_POINT('',#9786);
#3583=VERTEX_POINT('',#9788);
#3584=VERTEX_POINT('',#9791);
#3585=VERTEX_POINT('',#9792);
#3586=VERTEX_POINT('',#9794);
#3587=VERTEX_POINT('',#9796);
#3588=VERTEX_POINT('',#9798);
#3589=VERTEX_POINT('',#9800);
#3590=VERTEX_POINT('',#9802);
#3591=VERTEX_POINT('',#9804);
#3592=VERTEX_POINT('',#9807);
#3593=VERTEX_POINT('',#9808);
#3594=VERTEX_POINT('',#9810);
#3595=VERTEX_POINT('',#9812);
#3596=VERTEX_POINT('',#9814);
#3597=VERTEX_POINT('',#9816);
#3598=VERTEX_POINT('',#9818);
#3599=VERTEX_POINT('',#9820);
#3600=VERTEX_POINT('',#9822);
#3601=VERTEX_POINT('',#9824);
#3602=VERTEX_POINT('',#9826);
#3603=VERTEX_POINT('',#9828);
#3604=VERTEX_POINT('',#9831);
#3605=VERTEX_POINT('',#9832);
#3606=VERTEX_POINT('',#9834);
#3607=VERTEX_POINT('',#9836);
#3608=VERTEX_POINT('',#9838);
#3609=VERTEX_POINT('',#9840);
#3610=VERTEX_POINT('',#9842);
#3611=VERTEX_POINT('',#9844);
#3612=VERTEX_POINT('',#9846);
#3613=VERTEX_POINT('',#9848);
#3614=VERTEX_POINT('',#9850);
#3615=VERTEX_POINT('',#9852);
#3616=VERTEX_POINT('',#9854);
#3617=VERTEX_POINT('',#9856);
#3618=VERTEX_POINT('',#9858);
#3619=VERTEX_POINT('',#9860);
#3620=VERTEX_POINT('',#9862);
#3621=VERTEX_POINT('',#9864);
#3622=VERTEX_POINT('',#9866);
#3623=VERTEX_POINT('',#9868);
#3624=VERTEX_POINT('',#9870);
#3625=VERTEX_POINT('',#9872);
#3626=VERTEX_POINT('',#9874);
#3627=VERTEX_POINT('',#9876);
#3628=VERTEX_POINT('',#9878);
#3629=VERTEX_POINT('',#9880);
#3630=VERTEX_POINT('',#9882);
#3631=VERTEX_POINT('',#9884);
#3632=VERTEX_POINT('',#9886);
#3633=VERTEX_POINT('',#9888);
#3634=VERTEX_POINT('',#9890);
#3635=VERTEX_POINT('',#9892);
#3636=VERTEX_POINT('',#9894);
#3637=VERTEX_POINT('',#9896);
#3638=VERTEX_POINT('',#9898);
#3639=VERTEX_POINT('',#9900);
#3640=VERTEX_POINT('',#9902);
#3641=VERTEX_POINT('',#9904);
#3642=VERTEX_POINT('',#9906);
#3643=VERTEX_POINT('',#9908);
#3644=VERTEX_POINT('',#9910);
#3645=VERTEX_POINT('',#9912);
#3646=VERTEX_POINT('',#9914);
#3647=VERTEX_POINT('',#9916);
#3648=VERTEX_POINT('',#9918);
#3649=VERTEX_POINT('',#9920);
#3650=VERTEX_POINT('',#9922);
#3651=VERTEX_POINT('',#9924);
#3652=VERTEX_POINT('',#9926);
#3653=VERTEX_POINT('',#9928);
#3654=VERTEX_POINT('',#9930);
#3655=VERTEX_POINT('',#9932);
#3656=VERTEX_POINT('',#9934);
#3657=VERTEX_POINT('',#9936);
#3658=VERTEX_POINT('',#9938);
#3659=VERTEX_POINT('',#9940);
#3660=VERTEX_POINT('',#9942);
#3661=VERTEX_POINT('',#9944);
#3662=VERTEX_POINT('',#9946);
#3663=VERTEX_POINT('',#9948);
#3664=VERTEX_POINT('',#9950);
#3665=VERTEX_POINT('',#9952);
#3666=VERTEX_POINT('',#9954);
#3667=VERTEX_POINT('',#9956);
#3668=VERTEX_POINT('',#9958);
#3669=VERTEX_POINT('',#9960);
#3670=VERTEX_POINT('',#9962);
#3671=VERTEX_POINT('',#9964);
#3672=VERTEX_POINT('',#9966);
#3673=VERTEX_POINT('',#9968);
#3674=VERTEX_POINT('',#9970);
#3675=VERTEX_POINT('',#9972);
#3676=LINE('',#8879,#4272);
#3677=LINE('',#8882,#4273);
#3678=LINE('',#8884,#4274);
#3679=LINE('',#8886,#4275);
#3680=LINE('',#8888,#4276);
#3681=LINE('',#8893,#4277);
#3682=LINE('',#8897,#4278);
#3683=LINE('',#8900,#4279);
#3684=LINE('',#8902,#4280);
#3685=LINE('',#8904,#4281);
#3686=LINE('',#8906,#4282);
#3687=LINE('',#8909,#4283);
#3688=LINE('',#8911,#4284);
#3689=LINE('',#8913,#4285);
#3690=LINE('',#8915,#4286);
#3691=LINE('',#8920,#4287);
#3692=LINE('',#8924,#4288);
#3693=LINE('',#8927,#4289);
#3694=LINE('',#8929,#4290);
#3695=LINE('',#8931,#4291);
#3696=LINE('',#8933,#4292);
#3697=LINE('',#8938,#4293);
#3698=LINE('',#8942,#4294);
#3699=LINE('',#8945,#4295);
#3700=LINE('',#8947,#4296);
#3701=LINE('',#8949,#4297);
#3702=LINE('',#8951,#4298);
#3703=LINE('',#8954,#4299);
#3704=LINE('',#8956,#4300);
#3705=LINE('',#8958,#4301);
#3706=LINE('',#8960,#4302);
#3707=LINE('',#8963,#4303);
#3708=LINE('',#8965,#4304);
#3709=LINE('',#8967,#4305);
#3710=LINE('',#8969,#4306);
#3711=LINE('',#8974,#4307);
#3712=LINE('',#8978,#4308);
#3713=LINE('',#8981,#4309);
#3714=LINE('',#8983,#4310);
#3715=LINE('',#8985,#4311);
#3716=LINE('',#8987,#4312);
#3717=LINE('',#8990,#4313);
#3718=LINE('',#8992,#4314);
#3719=LINE('',#8994,#4315);
#3720=LINE('',#8996,#4316);
#3721=LINE('',#8999,#4317);
#3722=LINE('',#9001,#4318);
#3723=LINE('',#9003,#4319);
#3724=LINE('',#9005,#4320);
#3725=LINE('',#9008,#4321);
#3726=LINE('',#9010,#4322);
#3727=LINE('',#9012,#4323);
#3728=LINE('',#9014,#4324);
#3729=LINE('',#9017,#4325);
#3730=LINE('',#9019,#4326);
#3731=LINE('',#9021,#4327);
#3732=LINE('',#9023,#4328);
#3733=LINE('',#9026,#4329);
#3734=LINE('',#9028,#4330);
#3735=LINE('',#9030,#4331);
#3736=LINE('',#9032,#4332);
#3737=LINE('',#9035,#4333);
#3738=LINE('',#9037,#4334);
#3739=LINE('',#9039,#4335);
#3740=LINE('',#9041,#4336);
#3741=LINE('',#9044,#4337);
#3742=LINE('',#9046,#4338);
#3743=LINE('',#9048,#4339);
#3744=LINE('',#9050,#4340);
#3745=LINE('',#9053,#4341);
#3746=LINE('',#9055,#4342);
#3747=LINE('',#9057,#4343);
#3748=LINE('',#9059,#4344);
#3749=LINE('',#9062,#4345);
#3750=LINE('',#9064,#4346);
#3751=LINE('',#9066,#4347);
#3752=LINE('',#9068,#4348);
#3753=LINE('',#9071,#4349);
#3754=LINE('',#9073,#4350);
#3755=LINE('',#9075,#4351);
#3756=LINE('',#9077,#4352);
#3757=LINE('',#9080,#4353);
#3758=LINE('',#9082,#4354);
#3759=LINE('',#9084,#4355);
#3760=LINE('',#9086,#4356);
#3761=LINE('',#9089,#4357);
#3762=LINE('',#9091,#4358);
#3763=LINE('',#9093,#4359);
#3764=LINE('',#9095,#4360);
#3765=LINE('',#9098,#4361);
#3766=LINE('',#9100,#4362);
#3767=LINE('',#9102,#4363);
#3768=LINE('',#9104,#4364);
#3769=LINE('',#9107,#4365);
#3770=LINE('',#9109,#4366);
#3771=LINE('',#9111,#4367);
#3772=LINE('',#9113,#4368);
#3773=LINE('',#9116,#4369);
#3774=LINE('',#9118,#4370);
#3775=LINE('',#9120,#4371);
#3776=LINE('',#9122,#4372);
#3777=LINE('',#9125,#4373);
#3778=LINE('',#9127,#4374);
#3779=LINE('',#9129,#4375);
#3780=LINE('',#9131,#4376);
#3781=LINE('',#9134,#4377);
#3782=LINE('',#9136,#4378);
#3783=LINE('',#9138,#4379);
#3784=LINE('',#9140,#4380);
#3785=LINE('',#9143,#4381);
#3786=LINE('',#9145,#4382);
#3787=LINE('',#9147,#4383);
#3788=LINE('',#9149,#4384);
#3789=LINE('',#9152,#4385);
#3790=LINE('',#9154,#4386);
#3791=LINE('',#9156,#4387);
#3792=LINE('',#9158,#4388);
#3793=LINE('',#9161,#4389);
#3794=LINE('',#9163,#4390);
#3795=LINE('',#9165,#4391);
#3796=LINE('',#9167,#4392);
#3797=LINE('',#9170,#4393);
#3798=LINE('',#9172,#4394);
#3799=LINE('',#9174,#4395);
#3800=LINE('',#9176,#4396);
#3801=LINE('',#9179,#4397);
#3802=LINE('',#9181,#4398);
#3803=LINE('',#9183,#4399);
#3804=LINE('',#9185,#4400);
#3805=LINE('',#9188,#4401);
#3806=LINE('',#9190,#4402);
#3807=LINE('',#9192,#4403);
#3808=LINE('',#9194,#4404);
#3809=LINE('',#9197,#4405);
#3810=LINE('',#9199,#4406);
#3811=LINE('',#9201,#4407);
#3812=LINE('',#9203,#4408);
#3813=LINE('',#9206,#4409);
#3814=LINE('',#9208,#4410);
#3815=LINE('',#9210,#4411);
#3816=LINE('',#9212,#4412);
#3817=LINE('',#9215,#4413);
#3818=LINE('',#9217,#4414);
#3819=LINE('',#9219,#4415);
#3820=LINE('',#9221,#4416);
#3821=LINE('',#9224,#4417);
#3822=LINE('',#9226,#4418);
#3823=LINE('',#9228,#4419);
#3824=LINE('',#9230,#4420);
#3825=LINE('',#9233,#4421);
#3826=LINE('',#9235,#4422);
#3827=LINE('',#9237,#4423);
#3828=LINE('',#9239,#4424);
#3829=LINE('',#9242,#4425);
#3830=LINE('',#9244,#4426);
#3831=LINE('',#9246,#4427);
#3832=LINE('',#9248,#4428);
#3833=LINE('',#9251,#4429);
#3834=LINE('',#9253,#4430);
#3835=LINE('',#9255,#4431);
#3836=LINE('',#9257,#4432);
#3837=LINE('',#9260,#4433);
#3838=LINE('',#9262,#4434);
#3839=LINE('',#9264,#4435);
#3840=LINE('',#9266,#4436);
#3841=LINE('',#9269,#4437);
#3842=LINE('',#9271,#4438);
#3843=LINE('',#9273,#4439);
#3844=LINE('',#9275,#4440);
#3845=LINE('',#9278,#4441);
#3846=LINE('',#9280,#4442);
#3847=LINE('',#9282,#4443);
#3848=LINE('',#9284,#4444);
#3849=LINE('',#9287,#4445);
#3850=LINE('',#9289,#4446);
#3851=LINE('',#9291,#4447);
#3852=LINE('',#9293,#4448);
#3853=LINE('',#9296,#4449);
#3854=LINE('',#9298,#4450);
#3855=LINE('',#9300,#4451);
#3856=LINE('',#9302,#4452);
#3857=LINE('',#9305,#4453);
#3858=LINE('',#9307,#4454);
#3859=LINE('',#9309,#4455);
#3860=LINE('',#9311,#4456);
#3861=LINE('',#9314,#4457);
#3862=LINE('',#9316,#4458);
#3863=LINE('',#9318,#4459);
#3864=LINE('',#9320,#4460);
#3865=LINE('',#9323,#4461);
#3866=LINE('',#9325,#4462);
#3867=LINE('',#9327,#4463);
#3868=LINE('',#9329,#4464);
#3869=LINE('',#9332,#4465);
#3870=LINE('',#9334,#4466);
#3871=LINE('',#9336,#4467);
#3872=LINE('',#9338,#4468);
#3873=LINE('',#9341,#4469);
#3874=LINE('',#9343,#4470);
#3875=LINE('',#9345,#4471);
#3876=LINE('',#9347,#4472);
#3877=LINE('',#9350,#4473);
#3878=LINE('',#9352,#4474);
#3879=LINE('',#9354,#4475);
#3880=LINE('',#9356,#4476);
#3881=LINE('',#9359,#4477);
#3882=LINE('',#9361,#4478);
#3883=LINE('',#9363,#4479);
#3884=LINE('',#9365,#4480);
#3885=LINE('',#9368,#4481);
#3886=LINE('',#9370,#4482);
#3887=LINE('',#9372,#4483);
#3888=LINE('',#9374,#4484);
#3889=LINE('',#9379,#4485);
#3890=LINE('',#9383,#4486);
#3891=LINE('',#9386,#4487);
#3892=LINE('',#9388,#4488);
#3893=LINE('',#9390,#4489);
#3894=LINE('',#9432,#4490);
#3895=LINE('',#9435,#4491);
#3896=LINE('',#9437,#4492);
#3897=LINE('',#9439,#4493);
#3898=LINE('',#9441,#4494);
#3899=LINE('',#9444,#4495);
#3900=LINE('',#9446,#4496);
#3901=LINE('',#9448,#4497);
#3902=LINE('',#9450,#4498);
#3903=LINE('',#9453,#4499);
#3904=LINE('',#9455,#4500);
#3905=LINE('',#9457,#4501);
#3906=LINE('',#9459,#4502);
#3907=LINE('',#9462,#4503);
#3908=LINE('',#9464,#4504);
#3909=LINE('',#9466,#4505);
#3910=LINE('',#9468,#4506);
#3911=LINE('',#9473,#4507);
#3912=LINE('',#9480,#4508);
#3913=LINE('',#9484,#4509);
#3914=LINE('',#9488,#4510);
#3915=LINE('',#9492,#4511);
#3916=LINE('',#9496,#4512);
#3917=LINE('',#9500,#4513);
#3918=LINE('',#9504,#4514);
#3919=LINE('',#9508,#4515);
#3920=LINE('',#9512,#4516);
#3921=LINE('',#9520,#4517);
#3922=LINE('',#9528,#4518);
#3923=LINE('',#9536,#4519);
#3924=LINE('',#9544,#4520);
#3925=LINE('',#9548,#4521);
#3926=LINE('',#9552,#4522);
#3927=LINE('',#9556,#4523);
#3928=LINE('',#9564,#4524);
#3929=LINE('',#9568,#4525);
#3930=LINE('',#9572,#4526);
#3931=LINE('',#9580,#4527);
#3932=LINE('',#9584,#4528);
#3933=LINE('',#9588,#4529);
#3934=LINE('',#9592,#4530);
#3935=LINE('',#9596,#4531);
#3936=LINE('',#9600,#4532);
#3937=LINE('',#9604,#4533);
#3938=LINE('',#9608,#4534);
#3939=LINE('',#9612,#4535);
#3940=LINE('',#9616,#4536);
#3941=LINE('',#9620,#4537);
#3942=LINE('',#9624,#4538);
#3943=LINE('',#9628,#4539);
#3944=LINE('',#9632,#4540);
#3945=LINE('',#9636,#4541);
#3946=LINE('',#9640,#4542);
#3947=LINE('',#9644,#4543);
#3948=LINE('',#9648,#4544);
#3949=LINE('',#9652,#4545);
#3950=LINE('',#9656,#4546);
#3951=LINE('',#9660,#4547);
#3952=LINE('',#9664,#4548);
#3953=LINE('',#9668,#4549);
#3954=LINE('',#9672,#4550);
#3955=LINE('',#9676,#4551);
#3956=LINE('',#9680,#4552);
#3957=LINE('',#9684,#4553);
#3958=LINE('',#9688,#4554);
#3959=LINE('',#9692,#4555);
#3960=LINE('',#9696,#4556);
#3961=LINE('',#9700,#4557);
#3962=LINE('',#9704,#4558);
#3963=LINE('',#9708,#4559);
#3964=LINE('',#9712,#4560);
#3965=LINE('',#9716,#4561);
#3966=LINE('',#9720,#4562);
#3967=LINE('',#9724,#4563);
#3968=LINE('',#9729,#4564);
#3969=LINE('',#9733,#4565);
#3970=LINE('',#9737,#4566);
#3971=LINE('',#9741,#4567);
#3972=LINE('',#9745,#4568);
#3973=LINE('',#9749,#4569);
#3974=LINE('',#9753,#4570);
#3975=LINE('',#9757,#4571);
#3976=LINE('',#9761,#4572);
#3977=LINE('',#9769,#4573);
#3978=LINE('',#9777,#4574);
#3979=LINE('',#9785,#4575);
#3980=LINE('',#9793,#4576);
#3981=LINE('',#9797,#4577);
#3982=LINE('',#9801,#4578);
#3983=LINE('',#9805,#4579);
#3984=LINE('',#9813,#4580);
#3985=LINE('',#9821,#4581);
#3986=LINE('',#9825,#4582);
#3987=LINE('',#9829,#4583);
#3988=LINE('',#9833,#4584);
#3989=LINE('',#9837,#4585);
#3990=LINE('',#9841,#4586);
#3991=LINE('',#9845,#4587);
#3992=LINE('',#9849,#4588);
#3993=LINE('',#9853,#4589);
#3994=LINE('',#9857,#4590);
#3995=LINE('',#9861,#4591);
#3996=LINE('',#9865,#4592);
#3997=LINE('',#9869,#4593);
#3998=LINE('',#9873,#4594);
#3999=LINE('',#9877,#4595);
#4000=LINE('',#9881,#4596);
#4001=LINE('',#9885,#4597);
#4002=LINE('',#9889,#4598);
#4003=LINE('',#9893,#4599);
#4004=LINE('',#9897,#4600);
#4005=LINE('',#9901,#4601);
#4006=LINE('',#9905,#4602);
#4007=LINE('',#9909,#4603);
#4008=LINE('',#9913,#4604);
#4009=LINE('',#9917,#4605);
#4010=LINE('',#9921,#4606);
#4011=LINE('',#9925,#4607);
#4012=LINE('',#9929,#4608);
#4013=LINE('',#9933,#4609);
#4014=LINE('',#9937,#4610);
#4015=LINE('',#9941,#4611);
#4016=LINE('',#9945,#4612);
#4017=LINE('',#9949,#4613);
#4018=LINE('',#9953,#4614);
#4019=LINE('',#9957,#4615);
#4020=LINE('',#9961,#4616);
#4021=LINE('',#9965,#4617);
#4022=LINE('',#9969,#4618);
#4023=LINE('',#9973,#4619);
#4024=LINE('',#10161,#4620);
#4025=LINE('',#10162,#4621);
#4026=LINE('',#10164,#4622);
#4027=LINE('',#10166,#4623);
#4028=LINE('',#10168,#4624);
#4029=LINE('',#10170,#4625);
#4030=LINE('',#10172,#4626);
#4031=LINE('',#10174,#4627);
#4032=LINE('',#10176,#4628);
#4033=LINE('',#10178,#4629);
#4034=LINE('',#10180,#4630);
#4035=LINE('',#10182,#4631);
#4036=LINE('',#10184,#4632);
#4037=LINE('',#10186,#4633);
#4038=LINE('',#10188,#4634);
#4039=LINE('',#10190,#4635);
#4040=LINE('',#10192,#4636);
#4041=LINE('',#10194,#4637);
#4042=LINE('',#10196,#4638);
#4043=LINE('',#10198,#4639);
#4044=LINE('',#10200,#4640);
#4045=LINE('',#10202,#4641);
#4046=LINE('',#10204,#4642);
#4047=LINE('',#10206,#4643);
#4048=LINE('',#10208,#4644);
#4049=LINE('',#10210,#4645);
#4050=LINE('',#10212,#4646);
#4051=LINE('',#10214,#4647);
#4052=LINE('',#10216,#4648);
#4053=LINE('',#10218,#4649);
#4054=LINE('',#10220,#4650);
#4055=LINE('',#10222,#4651);
#4056=LINE('',#10224,#4652);
#4057=LINE('',#10226,#4653);
#4058=LINE('',#10228,#4654);
#4059=LINE('',#10230,#4655);
#4060=LINE('',#10232,#4656);
#4061=LINE('',#10234,#4657);
#4062=LINE('',#10236,#4658);
#4063=LINE('',#10238,#4659);
#4064=LINE('',#10240,#4660);
#4065=LINE('',#10242,#4661);
#4066=LINE('',#10244,#4662);
#4067=LINE('',#10246,#4663);
#4068=LINE('',#10248,#4664);
#4069=LINE('',#10250,#4665);
#4070=LINE('',#10252,#4666);
#4071=LINE('',#10254,#4667);
#4072=LINE('',#10256,#4668);
#4073=LINE('',#10258,#4669);
#4074=LINE('',#10260,#4670);
#4075=LINE('',#10262,#4671);
#4076=LINE('',#10264,#4672);
#4077=LINE('',#10266,#4673);
#4078=LINE('',#10268,#4674);
#4079=LINE('',#10270,#4675);
#4080=LINE('',#10272,#4676);
#4081=LINE('',#10274,#4677);
#4082=LINE('',#10276,#4678);
#4083=LINE('',#10278,#4679);
#4084=LINE('',#10280,#4680);
#4085=LINE('',#10282,#4681);
#4086=LINE('',#10284,#4682);
#4087=LINE('',#10286,#4683);
#4088=LINE('',#10288,#4684);
#4089=LINE('',#10290,#4685);
#4090=LINE('',#10292,#4686);
#4091=LINE('',#10294,#4687);
#4092=LINE('',#10296,#4688);
#4093=LINE('',#10298,#4689);
#4094=LINE('',#10300,#4690);
#4095=LINE('',#10302,#4691);
#4096=LINE('',#10305,#4692);
#4097=LINE('',#10306,#4693);
#4098=LINE('',#10308,#4694);
#4099=LINE('',#10310,#4695);
#4100=LINE('',#10312,#4696);
#4101=LINE('',#10314,#4697);
#4102=LINE('',#10316,#4698);
#4103=LINE('',#10318,#4699);
#4104=LINE('',#10320,#4700);
#4105=LINE('',#10322,#4701);
#4106=LINE('',#10324,#4702);
#4107=LINE('',#10326,#4703);
#4108=LINE('',#10328,#4704);
#4109=LINE('',#10330,#4705);
#4110=LINE('',#10332,#4706);
#4111=LINE('',#10334,#4707);
#4112=LINE('',#10336,#4708);
#4113=LINE('',#10338,#4709);
#4114=LINE('',#10340,#4710);
#4115=LINE('',#10342,#4711);
#4116=LINE('',#10344,#4712);
#4117=LINE('',#10346,#4713);
#4118=LINE('',#10348,#4714);
#4119=LINE('',#10350,#4715);
#4120=LINE('',#10352,#4716);
#4121=LINE('',#10354,#4717);
#4122=LINE('',#10356,#4718);
#4123=LINE('',#10358,#4719);
#4124=LINE('',#10360,#4720);
#4125=LINE('',#10362,#4721);
#4126=LINE('',#10364,#4722);
#4127=LINE('',#10366,#4723);
#4128=LINE('',#10368,#4724);
#4129=LINE('',#10370,#4725);
#4130=LINE('',#10372,#4726);
#4131=LINE('',#10374,#4727);
#4132=LINE('',#10376,#4728);
#4133=LINE('',#10378,#4729);
#4134=LINE('',#10380,#4730);
#4135=LINE('',#10382,#4731);
#4136=LINE('',#10384,#4732);
#4137=LINE('',#10386,#4733);
#4138=LINE('',#10388,#4734);
#4139=LINE('',#10390,#4735);
#4140=LINE('',#10392,#4736);
#4141=LINE('',#10394,#4737);
#4142=LINE('',#10396,#4738);
#4143=LINE('',#10398,#4739);
#4144=LINE('',#10400,#4740);
#4145=LINE('',#10402,#4741);
#4146=LINE('',#10404,#4742);
#4147=LINE('',#10406,#4743);
#4148=LINE('',#10408,#4744);
#4149=LINE('',#10410,#4745);
#4150=LINE('',#10412,#4746);
#4151=LINE('',#10414,#4747);
#4152=LINE('',#10416,#4748);
#4153=LINE('',#10418,#4749);
#4154=LINE('',#10420,#4750);
#4155=LINE('',#10422,#4751);
#4156=LINE('',#10424,#4752);
#4157=LINE('',#10426,#4753);
#4158=LINE('',#10428,#4754);
#4159=LINE('',#10430,#4755);
#4160=LINE('',#10432,#4756);
#4161=LINE('',#10434,#4757);
#4162=LINE('',#10436,#4758);
#4163=LINE('',#10438,#4759);
#4164=LINE('',#10440,#4760);
#4165=LINE('',#10442,#4761);
#4166=LINE('',#10444,#4762);
#4167=LINE('',#10446,#4763);
#4168=LINE('',#10449,#4764);
#4169=LINE('',#10450,#4765);
#4170=LINE('',#10452,#4766);
#4171=LINE('',#10454,#4767);
#4172=LINE('',#10456,#4768);
#4173=LINE('',#10458,#4769);
#4174=LINE('',#10460,#4770);
#4175=LINE('',#10462,#4771);
#4176=LINE('',#10464,#4772);
#4177=LINE('',#10466,#4773);
#4178=LINE('',#10468,#4774);
#4179=LINE('',#10470,#4775);
#4180=LINE('',#10473,#4776);
#4181=LINE('',#10474,#4777);
#4182=LINE('',#10476,#4778);
#4183=LINE('',#10478,#4779);
#4184=LINE('',#10480,#4780);
#4185=LINE('',#10482,#4781);
#4186=LINE('',#10484,#4782);
#4187=LINE('',#10486,#4783);
#4188=LINE('',#10488,#4784);
#4189=LINE('',#10490,#4785);
#4190=LINE('',#10492,#4786);
#4191=LINE('',#10494,#4787);
#4192=LINE('',#10497,#4788);
#4193=LINE('',#10498,#4789);
#4194=LINE('',#10500,#4790);
#4195=LINE('',#10502,#4791);
#4196=LINE('',#10504,#4792);
#4197=LINE('',#10506,#4793);
#4198=LINE('',#10508,#4794);
#4199=LINE('',#10510,#4795);
#4200=LINE('',#10513,#4796);
#4201=LINE('',#10514,#4797);
#4202=LINE('',#10516,#4798);
#4203=LINE('',#10518,#4799);
#4204=LINE('',#10520,#4800);
#4205=LINE('',#10522,#4801);
#4206=LINE('',#10524,#4802);
#4207=LINE('',#10526,#4803);
#4208=LINE('',#10529,#4804);
#4209=LINE('',#10530,#4805);
#4210=LINE('',#10532,#4806);
#4211=LINE('',#10534,#4807);
#4212=LINE('',#10536,#4808);
#4213=LINE('',#10538,#4809);
#4214=LINE('',#10540,#4810);
#4215=LINE('',#10542,#4811);
#4216=LINE('',#10545,#4812);
#4217=LINE('',#10546,#4813);
#4218=LINE('',#10548,#4814);
#4219=LINE('',#10550,#4815);
#4220=LINE('',#10552,#4816);
#4221=LINE('',#10554,#4817);
#4222=LINE('',#10556,#4818);
#4223=LINE('',#10558,#4819);
#4224=LINE('',#10561,#4820);
#4225=LINE('',#10562,#4821);
#4226=LINE('',#10564,#4822);
#4227=LINE('',#10566,#4823);
#4228=LINE('',#10568,#4824);
#4229=LINE('',#10570,#4825);
#4230=LINE('',#10572,#4826);
#4231=LINE('',#10574,#4827);
#4232=LINE('',#10577,#4828);
#4233=LINE('',#10578,#4829);
#4234=LINE('',#10580,#4830);
#4235=LINE('',#10582,#4831);
#4236=LINE('',#10584,#4832);
#4237=LINE('',#10586,#4833);
#4238=LINE('',#10588,#4834);
#4239=LINE('',#10590,#4835);
#4240=LINE('',#10593,#4836);
#4241=LINE('',#10594,#4837);
#4242=LINE('',#10596,#4838);
#4243=LINE('',#10598,#4839);
#4244=LINE('',#10600,#4840);
#4245=LINE('',#10602,#4841);
#4246=LINE('',#10604,#4842);
#4247=LINE('',#10606,#4843);
#4248=LINE('',#10609,#4844);
#4249=LINE('',#10610,#4845);
#4250=LINE('',#10612,#4846);
#4251=LINE('',#10614,#4847);
#4252=LINE('',#10616,#4848);
#4253=LINE('',#10618,#4849);
#4254=LINE('',#10620,#4850);
#4255=LINE('',#10622,#4851);
#4256=LINE('',#10625,#4852);
#4257=LINE('',#10626,#4853);
#4258=LINE('',#10628,#4854);
#4259=LINE('',#10630,#4855);
#4260=LINE('',#10632,#4856);
#4261=LINE('',#10634,#4857);
#4262=LINE('',#10636,#4858);
#4263=LINE('',#10638,#4859);
#4264=LINE('',#10641,#4860);
#4265=LINE('',#10642,#4861);
#4266=LINE('',#10644,#4862);
#4267=LINE('',#10646,#4863);
#4268=LINE('',#10648,#4864);
#4269=LINE('',#10650,#4865);
#4270=LINE('',#10652,#4866);
#4271=LINE('',#10654,#4867);
#4272=VECTOR('',#6943,1.);
#4273=VECTOR('',#6944,1.);
#4274=VECTOR('',#6945,1.);
#4275=VECTOR('',#6946,1.);
#4276=VECTOR('',#6949,1.);
#4277=VECTOR('',#6952,1.);
#4278=VECTOR('',#6957,1.);
#4279=VECTOR('',#6958,1.);
#4280=VECTOR('',#6959,1.);
#4281=VECTOR('',#6960,1.);
#4282=VECTOR('',#6963,1.);
#4283=VECTOR('',#6964,1.);
#4284=VECTOR('',#6965,1.);
#4285=VECTOR('',#6966,1.);
#4286=VECTOR('',#6969,1.);
#4287=VECTOR('',#6972,1.);
#4288=VECTOR('',#6977,1.);
#4289=VECTOR('',#6978,1.);
#4290=VECTOR('',#6979,1.);
#4291=VECTOR('',#6980,1.);
#4292=VECTOR('',#6983,1.);
#4293=VECTOR('',#6986,1.);
#4294=VECTOR('',#6991,1.);
#4295=VECTOR('',#6992,1.);
#4296=VECTOR('',#6993,1.);
#4297=VECTOR('',#6994,1.);
#4298=VECTOR('',#6997,1.);
#4299=VECTOR('',#6998,1.);
#4300=VECTOR('',#6999,1.);
#4301=VECTOR('',#7000,1.);
#4302=VECTOR('',#7003,1.);
#4303=VECTOR('',#7004,1.);
#4304=VECTOR('',#7005,1.);
#4305=VECTOR('',#7006,1.);
#4306=VECTOR('',#7009,1.);
#4307=VECTOR('',#7012,1.);
#4308=VECTOR('',#7017,1.);
#4309=VECTOR('',#7018,1.);
#4310=VECTOR('',#7019,1.);
#4311=VECTOR('',#7020,1.);
#4312=VECTOR('',#7023,1.);
#4313=VECTOR('',#7024,1.);
#4314=VECTOR('',#7025,1.);
#4315=VECTOR('',#7026,1.);
#4316=VECTOR('',#7029,1.);
#4317=VECTOR('',#7030,1.);
#4318=VECTOR('',#7031,1.);
#4319=VECTOR('',#7032,1.);
#4320=VECTOR('',#7035,1.);
#4321=VECTOR('',#7036,1.);
#4322=VECTOR('',#7037,1.);
#4323=VECTOR('',#7038,1.);
#4324=VECTOR('',#7041,1.);
#4325=VECTOR('',#7042,1.);
#4326=VECTOR('',#7043,1.);
#4327=VECTOR('',#7044,1.);
#4328=VECTOR('',#7047,1.);
#4329=VECTOR('',#7048,1.);
#4330=VECTOR('',#7049,1.);
#4331=VECTOR('',#7050,1.);
#4332=VECTOR('',#7053,1.);
#4333=VECTOR('',#7054,1.);
#4334=VECTOR('',#7055,1.);
#4335=VECTOR('',#7056,1.);
#4336=VECTOR('',#7059,1.);
#4337=VECTOR('',#7060,1.);
#4338=VECTOR('',#7061,1.);
#4339=VECTOR('',#7062,1.);
#4340=VECTOR('',#7065,1.);
#4341=VECTOR('',#7066,1.);
#4342=VECTOR('',#7067,1.);
#4343=VECTOR('',#7068,1.);
#4344=VECTOR('',#7071,1.);
#4345=VECTOR('',#7072,1.);
#4346=VECTOR('',#7073,1.);
#4347=VECTOR('',#7074,1.);
#4348=VECTOR('',#7077,1.);
#4349=VECTOR('',#7078,1.);
#4350=VECTOR('',#7079,1.);
#4351=VECTOR('',#7080,1.);
#4352=VECTOR('',#7083,1.);
#4353=VECTOR('',#7084,1.);
#4354=VECTOR('',#7085,1.);
#4355=VECTOR('',#7086,1.);
#4356=VECTOR('',#7089,1.);
#4357=VECTOR('',#7090,1.);
#4358=VECTOR('',#7091,1.);
#4359=VECTOR('',#7092,1.);
#4360=VECTOR('',#7095,1.);
#4361=VECTOR('',#7096,1.);
#4362=VECTOR('',#7097,1.);
#4363=VECTOR('',#7098,1.);
#4364=VECTOR('',#7101,1.);
#4365=VECTOR('',#7102,1.);
#4366=VECTOR('',#7103,1.);
#4367=VECTOR('',#7104,1.);
#4368=VECTOR('',#7107,1.);
#4369=VECTOR('',#7108,1.);
#4370=VECTOR('',#7109,1.);
#4371=VECTOR('',#7110,1.);
#4372=VECTOR('',#7113,1.);
#4373=VECTOR('',#7114,1.);
#4374=VECTOR('',#7115,1.);
#4375=VECTOR('',#7116,1.);
#4376=VECTOR('',#7119,1.);
#4377=VECTOR('',#7120,1.);
#4378=VECTOR('',#7121,1.);
#4379=VECTOR('',#7122,1.);
#4380=VECTOR('',#7125,1.);
#4381=VECTOR('',#7126,1.);
#4382=VECTOR('',#7127,1.);
#4383=VECTOR('',#7128,1.);
#4384=VECTOR('',#7131,1.);
#4385=VECTOR('',#7132,1.);
#4386=VECTOR('',#7133,1.);
#4387=VECTOR('',#7134,1.);
#4388=VECTOR('',#7137,1.);
#4389=VECTOR('',#7138,1.);
#4390=VECTOR('',#7139,1.);
#4391=VECTOR('',#7140,1.);
#4392=VECTOR('',#7143,1.);
#4393=VECTOR('',#7144,1.);
#4394=VECTOR('',#7145,1.);
#4395=VECTOR('',#7146,1.);
#4396=VECTOR('',#7149,1.);
#4397=VECTOR('',#7150,1.);
#4398=VECTOR('',#7151,1.);
#4399=VECTOR('',#7152,1.);
#4400=VECTOR('',#7155,1.);
#4401=VECTOR('',#7156,1.);
#4402=VECTOR('',#7157,1.);
#4403=VECTOR('',#7158,1.);
#4404=VECTOR('',#7161,1.);
#4405=VECTOR('',#7162,1.);
#4406=VECTOR('',#7163,1.);
#4407=VECTOR('',#7164,1.);
#4408=VECTOR('',#7167,1.);
#4409=VECTOR('',#7168,1.);
#4410=VECTOR('',#7169,1.);
#4411=VECTOR('',#7170,1.);
#4412=VECTOR('',#7173,1.);
#4413=VECTOR('',#7174,1.);
#4414=VECTOR('',#7175,1.);
#4415=VECTOR('',#7176,1.);
#4416=VECTOR('',#7179,1.);
#4417=VECTOR('',#7180,1.);
#4418=VECTOR('',#7181,1.);
#4419=VECTOR('',#7182,1.);
#4420=VECTOR('',#7185,1.);
#4421=VECTOR('',#7186,1.);
#4422=VECTOR('',#7187,1.);
#4423=VECTOR('',#7188,1.);
#4424=VECTOR('',#7191,1.);
#4425=VECTOR('',#7192,1.);
#4426=VECTOR('',#7193,1.);
#4427=VECTOR('',#7194,1.);
#4428=VECTOR('',#7197,1.);
#4429=VECTOR('',#7198,1.);
#4430=VECTOR('',#7199,1.);
#4431=VECTOR('',#7200,1.);
#4432=VECTOR('',#7203,1.);
#4433=VECTOR('',#7204,1.);
#4434=VECTOR('',#7205,1.);
#4435=VECTOR('',#7206,1.);
#4436=VECTOR('',#7209,1.);
#4437=VECTOR('',#7210,1.);
#4438=VECTOR('',#7211,1.);
#4439=VECTOR('',#7212,1.);
#4440=VECTOR('',#7215,1.);
#4441=VECTOR('',#7216,1.);
#4442=VECTOR('',#7217,1.);
#4443=VECTOR('',#7218,1.);
#4444=VECTOR('',#7221,1.);
#4445=VECTOR('',#7222,1.);
#4446=VECTOR('',#7223,1.);
#4447=VECTOR('',#7224,1.);
#4448=VECTOR('',#7227,1.);
#4449=VECTOR('',#7228,1.);
#4450=VECTOR('',#7229,1.);
#4451=VECTOR('',#7230,1.);
#4452=VECTOR('',#7233,1.);
#4453=VECTOR('',#7234,1.);
#4454=VECTOR('',#7235,1.);
#4455=VECTOR('',#7236,1.);
#4456=VECTOR('',#7239,1.);
#4457=VECTOR('',#7240,1.);
#4458=VECTOR('',#7241,1.);
#4459=VECTOR('',#7242,1.);
#4460=VECTOR('',#7245,1.);
#4461=VECTOR('',#7246,1.);
#4462=VECTOR('',#7247,1.);
#4463=VECTOR('',#7248,1.);
#4464=VECTOR('',#7251,1.);
#4465=VECTOR('',#7252,1.);
#4466=VECTOR('',#7253,1.);
#4467=VECTOR('',#7254,1.);
#4468=VECTOR('',#7257,1.);
#4469=VECTOR('',#7258,1.);
#4470=VECTOR('',#7259,1.);
#4471=VECTOR('',#7260,1.);
#4472=VECTOR('',#7263,1.);
#4473=VECTOR('',#7264,1.);
#4474=VECTOR('',#7265,1.);
#4475=VECTOR('',#7266,1.);
#4476=VECTOR('',#7269,1.);
#4477=VECTOR('',#7270,1.);
#4478=VECTOR('',#7271,1.);
#4479=VECTOR('',#7272,1.);
#4480=VECTOR('',#7275,1.);
#4481=VECTOR('',#7276,1.);
#4482=VECTOR('',#7277,1.);
#4483=VECTOR('',#7278,1.);
#4484=VECTOR('',#7281,1.);
#4485=VECTOR('',#7284,1.);
#4486=VECTOR('',#7289,1.);
#4487=VECTOR('',#7290,1.);
#4488=VECTOR('',#7291,1.);
#4489=VECTOR('',#7292,1.);
#4490=VECTOR('',#7343,1.);
#4491=VECTOR('',#7344,1.);
#4492=VECTOR('',#7345,1.);
#4493=VECTOR('',#7346,1.);
#4494=VECTOR('',#7349,1.);
#4495=VECTOR('',#7350,1.);
#4496=VECTOR('',#7351,1.);
#4497=VECTOR('',#7352,1.);
#4498=VECTOR('',#7355,1.);
#4499=VECTOR('',#7356,1.);
#4500=VECTOR('',#7357,1.);
#4501=VECTOR('',#7358,1.);
#4502=VECTOR('',#7361,1.);
#4503=VECTOR('',#7362,1.);
#4504=VECTOR('',#7363,1.);
#4505=VECTOR('',#7364,1.);
#4506=VECTOR('',#7367,1.);
#4507=VECTOR('',#7370,1.);
#4508=VECTOR('',#7377,1.);
#4509=VECTOR('',#7380,1.);
#4510=VECTOR('',#7383,1.);
#4511=VECTOR('',#7386,1.);
#4512=VECTOR('',#7389,1.);
#4513=VECTOR('',#7392,1.);
#4514=VECTOR('',#7395,1.);
#4515=VECTOR('',#7398,1.);
#4516=VECTOR('',#7401,1.);
#4517=VECTOR('',#7408,1.);
#4518=VECTOR('',#7415,1.);
#4519=VECTOR('',#7422,1.);
#4520=VECTOR('',#7429,1.);
#4521=VECTOR('',#7432,1.);
#4522=VECTOR('',#7435,1.);
#4523=VECTOR('',#7438,1.);
#4524=VECTOR('',#7445,1.);
#4525=VECTOR('',#7448,1.);
#4526=VECTOR('',#7451,1.);
#4527=VECTOR('',#7458,1.);
#4528=VECTOR('',#7461,1.);
#4529=VECTOR('',#7464,1.);
#4530=VECTOR('',#7467,1.);
#4531=VECTOR('',#7470,1.);
#4532=VECTOR('',#7473,1.);
#4533=VECTOR('',#7476,1.);
#4534=VECTOR('',#7479,1.);
#4535=VECTOR('',#7482,1.);
#4536=VECTOR('',#7485,1.);
#4537=VECTOR('',#7488,1.);
#4538=VECTOR('',#7491,1.);
#4539=VECTOR('',#7494,1.);
#4540=VECTOR('',#7497,1.);
#4541=VECTOR('',#7500,1.);
#4542=VECTOR('',#7503,1.);
#4543=VECTOR('',#7506,1.);
#4544=VECTOR('',#7509,1.);
#4545=VECTOR('',#7512,1.);
#4546=VECTOR('',#7515,1.);
#4547=VECTOR('',#7518,1.);
#4548=VECTOR('',#7521,1.);
#4549=VECTOR('',#7524,1.);
#4550=VECTOR('',#7527,1.);
#4551=VECTOR('',#7530,1.);
#4552=VECTOR('',#7533,1.);
#4553=VECTOR('',#7536,1.);
#4554=VECTOR('',#7539,1.);
#4555=VECTOR('',#7542,1.);
#4556=VECTOR('',#7545,1.);
#4557=VECTOR('',#7548,1.);
#4558=VECTOR('',#7551,1.);
#4559=VECTOR('',#7554,1.);
#4560=VECTOR('',#7557,1.);
#4561=VECTOR('',#7560,1.);
#4562=VECTOR('',#7563,1.);
#4563=VECTOR('',#7566,1.);
#4564=VECTOR('',#7571,1.);
#4565=VECTOR('',#7574,1.);
#4566=VECTOR('',#7577,1.);
#4567=VECTOR('',#7580,1.);
#4568=VECTOR('',#7583,1.);
#4569=VECTOR('',#7586,1.);
#4570=VECTOR('',#7589,1.);
#4571=VECTOR('',#7592,1.);
#4572=VECTOR('',#7595,1.);
#4573=VECTOR('',#7602,1.);
#4574=VECTOR('',#7609,1.);
#4575=VECTOR('',#7616,1.);
#4576=VECTOR('',#7623,1.);
#4577=VECTOR('',#7626,1.);
#4578=VECTOR('',#7629,1.);
#4579=VECTOR('',#7632,1.);
#4580=VECTOR('',#7639,1.);
#4581=VECTOR('',#7646,1.);
#4582=VECTOR('',#7649,1.);
#4583=VECTOR('',#7652,1.);
#4584=VECTOR('',#7655,1.);
#4585=VECTOR('',#7658,1.);
#4586=VECTOR('',#7661,1.);
#4587=VECTOR('',#7664,1.);
#4588=VECTOR('',#7667,1.);
#4589=VECTOR('',#7670,1.);
#4590=VECTOR('',#7673,1.);
#4591=VECTOR('',#7676,1.);
#4592=VECTOR('',#7679,1.);
#4593=VECTOR('',#7682,1.);
#4594=VECTOR('',#7685,1.);
#4595=VECTOR('',#7688,1.);
#4596=VECTOR('',#7691,1.);
#4597=VECTOR('',#7694,1.);
#4598=VECTOR('',#7697,1.);
#4599=VECTOR('',#7700,1.);
#4600=VECTOR('',#7703,1.);
#4601=VECTOR('',#7706,1.);
#4602=VECTOR('',#7709,1.);
#4603=VECTOR('',#7712,1.);
#4604=VECTOR('',#7715,1.);
#4605=VECTOR('',#7718,1.);
#4606=VECTOR('',#7721,1.);
#4607=VECTOR('',#7724,1.);
#4608=VECTOR('',#7727,1.);
#4609=VECTOR('',#7730,1.);
#4610=VECTOR('',#7733,1.);
#4611=VECTOR('',#7736,1.);
#4612=VECTOR('',#7739,1.);
#4613=VECTOR('',#7742,1.);
#4614=VECTOR('',#7745,1.);
#4615=VECTOR('',#7748,1.);
#4616=VECTOR('',#7751,1.);
#4617=VECTOR('',#7754,1.);
#4618=VECTOR('',#7757,1.);
#4619=VECTOR('',#7760,1.);
#4620=VECTOR('',#8135,1.);
#4621=VECTOR('',#8136,1.);
#4622=VECTOR('',#8139,1.);
#4623=VECTOR('',#8142,1.);
#4624=VECTOR('',#8145,1.);
#4625=VECTOR('',#8148,1.);
#4626=VECTOR('',#8151,1.);
#4627=VECTOR('',#8154,1.);
#4628=VECTOR('',#8157,1.);
#4629=VECTOR('',#8160,1.);
#4630=VECTOR('',#8163,1.);
#4631=VECTOR('',#8166,1.);
#4632=VECTOR('',#8169,1.);
#4633=VECTOR('',#8172,1.);
#4634=VECTOR('',#8175,1.);
#4635=VECTOR('',#8178,1.);
#4636=VECTOR('',#8181,1.);
#4637=VECTOR('',#8184,1.);
#4638=VECTOR('',#8187,1.);
#4639=VECTOR('',#8190,1.);
#4640=VECTOR('',#8193,1.);
#4641=VECTOR('',#8196,1.);
#4642=VECTOR('',#8199,1.);
#4643=VECTOR('',#8202,1.);
#4644=VECTOR('',#8205,1.);
#4645=VECTOR('',#8208,1.);
#4646=VECTOR('',#8211,1.);
#4647=VECTOR('',#8214,1.);
#4648=VECTOR('',#8217,1.);
#4649=VECTOR('',#8220,1.);
#4650=VECTOR('',#8223,1.);
#4651=VECTOR('',#8226,1.);
#4652=VECTOR('',#8229,1.);
#4653=VECTOR('',#8232,1.);
#4654=VECTOR('',#8235,1.);
#4655=VECTOR('',#8238,1.);
#4656=VECTOR('',#8241,1.);
#4657=VECTOR('',#8244,1.);
#4658=VECTOR('',#8247,1.);
#4659=VECTOR('',#8250,1.);
#4660=VECTOR('',#8253,1.);
#4661=VECTOR('',#8256,1.);
#4662=VECTOR('',#8259,1.);
#4663=VECTOR('',#8262,1.);
#4664=VECTOR('',#8265,1.);
#4665=VECTOR('',#8268,1.);
#4666=VECTOR('',#8271,1.);
#4667=VECTOR('',#8274,1.);
#4668=VECTOR('',#8277,1.);
#4669=VECTOR('',#8280,1.);
#4670=VECTOR('',#8283,1.);
#4671=VECTOR('',#8286,1.);
#4672=VECTOR('',#8289,1.);
#4673=VECTOR('',#8292,1.);
#4674=VECTOR('',#8295,1.);
#4675=VECTOR('',#8298,1.);
#4676=VECTOR('',#8301,1.);
#4677=VECTOR('',#8304,1.);
#4678=VECTOR('',#8307,1.);
#4679=VECTOR('',#8310,1.);
#4680=VECTOR('',#8313,1.);
#4681=VECTOR('',#8316,1.);
#4682=VECTOR('',#8319,1.);
#4683=VECTOR('',#8322,1.);
#4684=VECTOR('',#8325,1.);
#4685=VECTOR('',#8328,1.);
#4686=VECTOR('',#8331,1.);
#4687=VECTOR('',#8334,1.);
#4688=VECTOR('',#8337,1.);
#4689=VECTOR('',#8340,1.);
#4690=VECTOR('',#8343,1.);
#4691=VECTOR('',#8346,1.);
#4692=VECTOR('',#8351,1.);
#4693=VECTOR('',#8352,1.);
#4694=VECTOR('',#8355,1.);
#4695=VECTOR('',#8358,1.);
#4696=VECTOR('',#8361,1.);
#4697=VECTOR('',#8364,1.);
#4698=VECTOR('',#8367,1.);
#4699=VECTOR('',#8370,1.);
#4700=VECTOR('',#8373,1.);
#4701=VECTOR('',#8376,1.);
#4702=VECTOR('',#8379,1.);
#4703=VECTOR('',#8382,1.);
#4704=VECTOR('',#8385,1.);
#4705=VECTOR('',#8388,1.);
#4706=VECTOR('',#8391,1.);
#4707=VECTOR('',#8394,1.);
#4708=VECTOR('',#8397,1.);
#4709=VECTOR('',#8400,1.);
#4710=VECTOR('',#8403,1.);
#4711=VECTOR('',#8406,1.);
#4712=VECTOR('',#8409,1.);
#4713=VECTOR('',#8412,1.);
#4714=VECTOR('',#8415,1.);
#4715=VECTOR('',#8418,1.);
#4716=VECTOR('',#8421,1.);
#4717=VECTOR('',#8424,1.);
#4718=VECTOR('',#8427,1.);
#4719=VECTOR('',#8430,1.);
#4720=VECTOR('',#8433,1.);
#4721=VECTOR('',#8436,1.);
#4722=VECTOR('',#8439,1.);
#4723=VECTOR('',#8442,1.);
#4724=VECTOR('',#8445,1.);
#4725=VECTOR('',#8448,1.);
#4726=VECTOR('',#8451,1.);
#4727=VECTOR('',#8454,1.);
#4728=VECTOR('',#8457,1.);
#4729=VECTOR('',#8460,1.);
#4730=VECTOR('',#8463,1.);
#4731=VECTOR('',#8466,1.);
#4732=VECTOR('',#8469,1.);
#4733=VECTOR('',#8472,1.);
#4734=VECTOR('',#8475,1.);
#4735=VECTOR('',#8478,1.);
#4736=VECTOR('',#8481,1.);
#4737=VECTOR('',#8484,1.);
#4738=VECTOR('',#8487,1.);
#4739=VECTOR('',#8490,1.);
#4740=VECTOR('',#8493,1.);
#4741=VECTOR('',#8496,1.);
#4742=VECTOR('',#8499,1.);
#4743=VECTOR('',#8502,1.);
#4744=VECTOR('',#8505,1.);
#4745=VECTOR('',#8508,1.);
#4746=VECTOR('',#8511,1.);
#4747=VECTOR('',#8514,1.);
#4748=VECTOR('',#8517,1.);
#4749=VECTOR('',#8520,1.);
#4750=VECTOR('',#8523,1.);
#4751=VECTOR('',#8526,1.);
#4752=VECTOR('',#8529,1.);
#4753=VECTOR('',#8532,1.);
#4754=VECTOR('',#8535,1.);
#4755=VECTOR('',#8538,1.);
#4756=VECTOR('',#8541,1.);
#4757=VECTOR('',#8544,1.);
#4758=VECTOR('',#8547,1.);
#4759=VECTOR('',#8550,1.);
#4760=VECTOR('',#8553,1.);
#4761=VECTOR('',#8556,1.);
#4762=VECTOR('',#8559,1.);
#4763=VECTOR('',#8562,1.);
#4764=VECTOR('',#8567,1.);
#4765=VECTOR('',#8568,1.);
#4766=VECTOR('',#8571,1.);
#4767=VECTOR('',#8574,1.);
#4768=VECTOR('',#8577,1.);
#4769=VECTOR('',#8580,1.);
#4770=VECTOR('',#8583,1.);
#4771=VECTOR('',#8586,1.);
#4772=VECTOR('',#8589,1.);
#4773=VECTOR('',#8592,1.);
#4774=VECTOR('',#8595,1.);
#4775=VECTOR('',#8598,1.);
#4776=VECTOR('',#8603,1.);
#4777=VECTOR('',#8604,1.);
#4778=VECTOR('',#8607,1.);
#4779=VECTOR('',#8610,1.);
#4780=VECTOR('',#8613,1.);
#4781=VECTOR('',#8616,1.);
#4782=VECTOR('',#8619,1.);
#4783=VECTOR('',#8622,1.);
#4784=VECTOR('',#8625,1.);
#4785=VECTOR('',#8628,1.);
#4786=VECTOR('',#8631,1.);
#4787=VECTOR('',#8634,1.);
#4788=VECTOR('',#8639,1.);
#4789=VECTOR('',#8640,1.);
#4790=VECTOR('',#8643,1.);
#4791=VECTOR('',#8646,1.);
#4792=VECTOR('',#8649,1.);
#4793=VECTOR('',#8652,1.);
#4794=VECTOR('',#8655,1.);
#4795=VECTOR('',#8658,1.);
#4796=VECTOR('',#8663,1.);
#4797=VECTOR('',#8664,1.);
#4798=VECTOR('',#8667,1.);
#4799=VECTOR('',#8670,1.);
#4800=VECTOR('',#8673,1.);
#4801=VECTOR('',#8676,1.);
#4802=VECTOR('',#8679,1.);
#4803=VECTOR('',#8682,1.);
#4804=VECTOR('',#8687,1.);
#4805=VECTOR('',#8688,1.);
#4806=VECTOR('',#8691,1.);
#4807=VECTOR('',#8694,1.);
#4808=VECTOR('',#8697,1.);
#4809=VECTOR('',#8700,1.);
#4810=VECTOR('',#8703,1.);
#4811=VECTOR('',#8706,1.);
#4812=VECTOR('',#8711,1.);
#4813=VECTOR('',#8712,1.);
#4814=VECTOR('',#8715,1.);
#4815=VECTOR('',#8718,1.);
#4816=VECTOR('',#8721,1.);
#4817=VECTOR('',#8724,1.);
#4818=VECTOR('',#8727,1.);
#4819=VECTOR('',#8730,1.);
#4820=VECTOR('',#8735,1.);
#4821=VECTOR('',#8736,1.);
#4822=VECTOR('',#8739,1.);
#4823=VECTOR('',#8742,1.);
#4824=VECTOR('',#8745,1.);
#4825=VECTOR('',#8748,1.);
#4826=VECTOR('',#8751,1.);
#4827=VECTOR('',#8754,1.);
#4828=VECTOR('',#8759,1.);
#4829=VECTOR('',#8760,1.);
#4830=VECTOR('',#8763,1.);
#4831=VECTOR('',#8766,1.);
#4832=VECTOR('',#8769,1.);
#4833=VECTOR('',#8772,1.);
#4834=VECTOR('',#8775,1.);
#4835=VECTOR('',#8778,1.);
#4836=VECTOR('',#8783,1.);
#4837=VECTOR('',#8784,1.);
#4838=VECTOR('',#8787,1.);
#4839=VECTOR('',#8790,1.);
#4840=VECTOR('',#8793,1.);
#4841=VECTOR('',#8796,1.);
#4842=VECTOR('',#8799,1.);
#4843=VECTOR('',#8802,1.);
#4844=VECTOR('',#8807,1.);
#4845=VECTOR('',#8808,1.);
#4846=VECTOR('',#8811,1.);
#4847=VECTOR('',#8814,1.);
#4848=VECTOR('',#8817,1.);
#4849=VECTOR('',#8820,1.);
#4850=VECTOR('',#8823,1.);
#4851=VECTOR('',#8826,1.);
#4852=VECTOR('',#8831,1.);
#4853=VECTOR('',#8832,1.);
#4854=VECTOR('',#8835,1.);
#4855=VECTOR('',#8838,1.);
#4856=VECTOR('',#8841,1.);
#4857=VECTOR('',#8844,1.);
#4858=VECTOR('',#8847,1.);
#4859=VECTOR('',#8850,1.);
#4860=VECTOR('',#8855,1.);
#4861=VECTOR('',#8856,1.);
#4862=VECTOR('',#8859,1.);
#4863=VECTOR('',#8862,1.);
#4864=VECTOR('',#8865,1.);
#4865=VECTOR('',#8868,1.);
#4866=VECTOR('',#8871,1.);
#4867=VECTOR('',#8874,1.);
#4868=EDGE_LOOP('',(#512,#513,#514,#515));
#4869=EDGE_LOOP('',(#516,#517,#518,#519));
#4870=EDGE_LOOP('',(#520,#521,#522,#523));
#4871=EDGE_LOOP('',(#524,#525,#526,#527));
#4872=EDGE_LOOP('',(#528,#529,#530,#531));
#4873=EDGE_LOOP('',(#532,#533,#534,#535));
#4874=EDGE_LOOP('',(#536,#537,#538,#539));
#4875=EDGE_LOOP('',(#540,#541,#542,#543));
#4876=EDGE_LOOP('',(#544,#545,#546,#547));
#4877=EDGE_LOOP('',(#548,#549,#550,#551));
#4878=EDGE_LOOP('',(#552,#553,#554,#555));
#4879=EDGE_LOOP('',(#556,#557,#558,#559));
#4880=EDGE_LOOP('',(#560,#561,#562,#563));
#4881=EDGE_LOOP('',(#564,#565,#566,#567));
#4882=EDGE_LOOP('',(#568,#569,#570,#571));
#4883=EDGE_LOOP('',(#572,#573,#574,#575));
#4884=EDGE_LOOP('',(#576,#577,#578,#579));
#4885=EDGE_LOOP('',(#580,#581,#582,#583));
#4886=EDGE_LOOP('',(#584,#585,#586,#587));
#4887=EDGE_LOOP('',(#588,#589,#590,#591));
#4888=EDGE_LOOP('',(#592,#593,#594,#595));
#4889=EDGE_LOOP('',(#596,#597,#598,#599));
#4890=EDGE_LOOP('',(#600,#601,#602,#603));
#4891=EDGE_LOOP('',(#604,#605,#606,#607));
#4892=EDGE_LOOP('',(#608,#609,#610,#611));
#4893=EDGE_LOOP('',(#612,#613,#614,#615));
#4894=EDGE_LOOP('',(#616,#617,#618,#619));
#4895=EDGE_LOOP('',(#620,#621,#622,#623));
#4896=EDGE_LOOP('',(#624,#625,#626,#627));
#4897=EDGE_LOOP('',(#628,#629,#630,#631));
#4898=EDGE_LOOP('',(#632,#633,#634,#635));
#4899=EDGE_LOOP('',(#636,#637,#638,#639));
#4900=EDGE_LOOP('',(#640,#641,#642,#643));
#4901=EDGE_LOOP('',(#644,#645,#646,#647));
#4902=EDGE_LOOP('',(#648,#649,#650,#651));
#4903=EDGE_LOOP('',(#652,#653,#654,#655));
#4904=EDGE_LOOP('',(#656,#657,#658,#659));
#4905=EDGE_LOOP('',(#660,#661,#662,#663));
#4906=EDGE_LOOP('',(#664,#665,#666,#667));
#4907=EDGE_LOOP('',(#668,#669,#670,#671));
#4908=EDGE_LOOP('',(#672,#673,#674,#675));
#4909=EDGE_LOOP('',(#676,#677,#678,#679));
#4910=EDGE_LOOP('',(#680,#681,#682,#683));
#4911=EDGE_LOOP('',(#684,#685,#686,#687));
#4912=EDGE_LOOP('',(#688,#689,#690,#691));
#4913=EDGE_LOOP('',(#692,#693,#694,#695));
#4914=EDGE_LOOP('',(#696,#697,#698,#699));
#4915=EDGE_LOOP('',(#700,#701,#702,#703));
#4916=EDGE_LOOP('',(#704,#705,#706,#707));
#4917=EDGE_LOOP('',(#708,#709,#710,#711));
#4918=EDGE_LOOP('',(#712,#713,#714,#715));
#4919=EDGE_LOOP('',(#716,#717,#718,#719));
#4920=EDGE_LOOP('',(#720,#721,#722,#723));
#4921=EDGE_LOOP('',(#724,#725,#726,#727));
#4922=EDGE_LOOP('',(#728,#729,#730,#731));
#4923=EDGE_LOOP('',(#732,#733,#734,#735));
#4924=EDGE_LOOP('',(#736,#737,#738,#739));
#4925=EDGE_LOOP('',(#740));
#4926=EDGE_LOOP('',(#741));
#4927=EDGE_LOOP('',(#742));
#4928=EDGE_LOOP('',(#743));
#4929=EDGE_LOOP('',(#744));
#4930=EDGE_LOOP('',(#745));
#4931=EDGE_LOOP('',(#746));
#4932=EDGE_LOOP('',(#747));
#4933=EDGE_LOOP('',(#748));
#4934=EDGE_LOOP('',(#749));
#4935=EDGE_LOOP('',(#750));
#4936=EDGE_LOOP('',(#751));
#4937=EDGE_LOOP('',(#752));
#4938=EDGE_LOOP('',(#753));
#4939=EDGE_LOOP('',(#754));
#4940=EDGE_LOOP('',(#755));
#4941=EDGE_LOOP('',(#756,#757,#758,#759));
#4942=EDGE_LOOP('',(#760,#761,#762,#763));
#4943=EDGE_LOOP('',(#764,#765,#766,#767));
#4944=EDGE_LOOP('',(#768,#769,#770,#771));
#4945=EDGE_LOOP('',(#772,#773,#774,#775));
#4946=EDGE_LOOP('',(#776,#777,#778,#779,#780,#781,#782,#783));
#4947=EDGE_LOOP('',(#784,#785,#786,#787,#788,#789,#790,#791));
#4948=EDGE_LOOP('',(#792,#793,#794,#795,#796,#797,#798,#799));
#4949=EDGE_LOOP('',(#800,#801,#802,#803,#804,#805,#806,#807));
#4950=EDGE_LOOP('',(#808,#809,#810,#811,#812,#813,#814,#815));
#4951=EDGE_LOOP('',(#816,#817,#818,#819,#820,#821,#822,#823,#824,#825,#826,
#827));
#4952=EDGE_LOOP('',(#828,#829,#830,#831,#832,#833,#834,#835,#836,#837,#838,
#839,#840,#841,#842,#843,#844,#845,#846,#847,#848,#849,#850,#851,#852,#853,
#854,#855,#856,#857,#858,#859,#860,#861,#862,#863,#864,#865,#866,#867,#868,
#869,#870,#871,#872,#873,#874,#875,#876,#877,#878,#879,#880,#881,#882,#883,
#884,#885,#886,#887,#888,#889,#890,#891,#892,#893,#894,#895,#896,#897,#898,
#899));
#4953=EDGE_LOOP('',(#900));
#4954=EDGE_LOOP('',(#901));
#4955=EDGE_LOOP('',(#902));
#4956=EDGE_LOOP('',(#903));
#4957=EDGE_LOOP('',(#904));
#4958=EDGE_LOOP('',(#905));
#4959=EDGE_LOOP('',(#906));
#4960=EDGE_LOOP('',(#907));
#4961=EDGE_LOOP('',(#908,#909,#910,#911,#912,#913,#914,#915));
#4962=EDGE_LOOP('',(#916,#917,#918,#919,#920,#921,#922,#923));
#4963=EDGE_LOOP('',(#924,#925,#926,#927,#928,#929,#930,#931));
#4964=EDGE_LOOP('',(#932,#933,#934,#935,#936,#937,#938,#939));
#4965=EDGE_LOOP('',(#940,#941,#942,#943,#944,#945,#946,#947));
#4966=EDGE_LOOP('',(#948,#949,#950,#951,#952,#953,#954,#955,#956,#957,#958,
#959));
#4967=EDGE_LOOP('',(#960,#961,#962,#963,#964,#965,#966,#967,#968,#969,#970,
#971,#972,#973,#974,#975,#976,#977,#978,#979,#980,#981,#982,#983,#984,#985,
#986,#987,#988,#989,#990,#991,#992,#993,#994,#995,#996,#997,#998,#999,#1000,
#1001,#1002,#1003,#1004,#1005,#1006,#1007,#1008,#1009,#1010,#1011,#1012,
#1013,#1014,#1015,#1016,#1017,#1018,#1019,#1020,#1021,#1022,#1023,#1024,
#1025,#1026,#1027,#1028,#1029,#1030,#1031));
#4968=EDGE_LOOP('',(#1032));
#4969=EDGE_LOOP('',(#1033));
#4970=EDGE_LOOP('',(#1034));
#4971=EDGE_LOOP('',(#1035));
#4972=EDGE_LOOP('',(#1036));
#4973=EDGE_LOOP('',(#1037));
#4974=EDGE_LOOP('',(#1038));
#4975=EDGE_LOOP('',(#1039));
#4976=EDGE_LOOP('',(#1040,#1041,#1042,#1043));
#4977=EDGE_LOOP('',(#1044,#1045,#1046,#1047));
#4978=EDGE_LOOP('',(#1048,#1049,#1050,#1051));
#4979=EDGE_LOOP('',(#1052,#1053,#1054,#1055));
#4980=EDGE_LOOP('',(#1056,#1057,#1058,#1059));
#4981=EDGE_LOOP('',(#1060,#1061,#1062,#1063));
#4982=EDGE_LOOP('',(#1064,#1065,#1066,#1067));
#4983=EDGE_LOOP('',(#1068,#1069,#1070,#1071));
#4984=EDGE_LOOP('',(#1072,#1073,#1074,#1075));
#4985=EDGE_LOOP('',(#1076,#1077,#1078,#1079));
#4986=EDGE_LOOP('',(#1080,#1081,#1082,#1083));
#4987=EDGE_LOOP('',(#1084,#1085,#1086,#1087));
#4988=EDGE_LOOP('',(#1088,#1089,#1090,#1091));
#4989=EDGE_LOOP('',(#1092,#1093,#1094,#1095));
#4990=EDGE_LOOP('',(#1096,#1097,#1098,#1099));
#4991=EDGE_LOOP('',(#1100,#1101,#1102,#1103));
#4992=EDGE_LOOP('',(#1104,#1105,#1106,#1107));
#4993=EDGE_LOOP('',(#1108,#1109,#1110,#1111));
#4994=EDGE_LOOP('',(#1112,#1113,#1114,#1115));
#4995=EDGE_LOOP('',(#1116,#1117,#1118,#1119));
#4996=EDGE_LOOP('',(#1120,#1121,#1122,#1123));
#4997=EDGE_LOOP('',(#1124,#1125,#1126,#1127));
#4998=EDGE_LOOP('',(#1128,#1129,#1130,#1131));
#4999=EDGE_LOOP('',(#1132,#1133,#1134,#1135));
#5000=EDGE_LOOP('',(#1136,#1137,#1138,#1139));
#5001=EDGE_LOOP('',(#1140,#1141,#1142,#1143));
#5002=EDGE_LOOP('',(#1144,#1145,#1146,#1147));
#5003=EDGE_LOOP('',(#1148,#1149,#1150,#1151));
#5004=EDGE_LOOP('',(#1152,#1153,#1154,#1155));
#5005=EDGE_LOOP('',(#1156,#1157,#1158,#1159));
#5006=EDGE_LOOP('',(#1160,#1161,#1162,#1163));
#5007=EDGE_LOOP('',(#1164,#1165,#1166,#1167));
#5008=EDGE_LOOP('',(#1168,#1169,#1170,#1171));
#5009=EDGE_LOOP('',(#1172,#1173,#1174,#1175));
#5010=EDGE_LOOP('',(#1176,#1177,#1178,#1179));
#5011=EDGE_LOOP('',(#1180,#1181,#1182,#1183));
#5012=EDGE_LOOP('',(#1184,#1185,#1186,#1187));
#5013=EDGE_LOOP('',(#1188,#1189,#1190,#1191));
#5014=EDGE_LOOP('',(#1192,#1193,#1194,#1195));
#5015=EDGE_LOOP('',(#1196,#1197,#1198,#1199));
#5016=EDGE_LOOP('',(#1200,#1201,#1202,#1203));
#5017=EDGE_LOOP('',(#1204,#1205,#1206,#1207));
#5018=EDGE_LOOP('',(#1208,#1209,#1210,#1211));
#5019=EDGE_LOOP('',(#1212,#1213,#1214,#1215));
#5020=EDGE_LOOP('',(#1216,#1217,#1218,#1219));
#5021=EDGE_LOOP('',(#1220,#1221,#1222,#1223));
#5022=EDGE_LOOP('',(#1224,#1225,#1226,#1227));
#5023=EDGE_LOOP('',(#1228,#1229,#1230,#1231));
#5024=EDGE_LOOP('',(#1232,#1233,#1234,#1235));
#5025=EDGE_LOOP('',(#1236,#1237,#1238,#1239));
#5026=EDGE_LOOP('',(#1240,#1241,#1242,#1243));
#5027=EDGE_LOOP('',(#1244,#1245,#1246,#1247));
#5028=EDGE_LOOP('',(#1248,#1249,#1250,#1251));
#5029=EDGE_LOOP('',(#1252,#1253,#1254,#1255));
#5030=EDGE_LOOP('',(#1256,#1257,#1258,#1259));
#5031=EDGE_LOOP('',(#1260,#1261,#1262,#1263));
#5032=EDGE_LOOP('',(#1264,#1265,#1266,#1267));
#5033=EDGE_LOOP('',(#1268,#1269,#1270,#1271));
#5034=EDGE_LOOP('',(#1272,#1273,#1274,#1275));
#5035=EDGE_LOOP('',(#1276,#1277,#1278,#1279));
#5036=EDGE_LOOP('',(#1280,#1281,#1282,#1283));
#5037=EDGE_LOOP('',(#1284,#1285,#1286,#1287));
#5038=EDGE_LOOP('',(#1288,#1289,#1290,#1291));
#5039=EDGE_LOOP('',(#1292,#1293,#1294,#1295));
#5040=EDGE_LOOP('',(#1296,#1297,#1298,#1299));
#5041=EDGE_LOOP('',(#1300,#1301,#1302,#1303));
#5042=EDGE_LOOP('',(#1304,#1305,#1306,#1307));
#5043=EDGE_LOOP('',(#1308,#1309,#1310,#1311));
#5044=EDGE_LOOP('',(#1312,#1313,#1314,#1315));
#5045=EDGE_LOOP('',(#1316,#1317,#1318,#1319));
#5046=EDGE_LOOP('',(#1320,#1321,#1322,#1323));
#5047=EDGE_LOOP('',(#1324,#1325,#1326,#1327));
#5048=EDGE_LOOP('',(#1328,#1329,#1330,#1331));
#5049=EDGE_LOOP('',(#1332,#1333,#1334,#1335));
#5050=EDGE_LOOP('',(#1336,#1337,#1338,#1339));
#5051=EDGE_LOOP('',(#1340,#1341,#1342,#1343));
#5052=EDGE_LOOP('',(#1344,#1345,#1346,#1347));
#5053=EDGE_LOOP('',(#1348,#1349,#1350,#1351));
#5054=EDGE_LOOP('',(#1352,#1353,#1354,#1355));
#5055=EDGE_LOOP('',(#1356,#1357,#1358,#1359));
#5056=EDGE_LOOP('',(#1360,#1361,#1362,#1363));
#5057=EDGE_LOOP('',(#1364,#1365,#1366,#1367));
#5058=EDGE_LOOP('',(#1368,#1369,#1370,#1371));
#5059=EDGE_LOOP('',(#1372,#1373,#1374,#1375));
#5060=EDGE_LOOP('',(#1376,#1377,#1378,#1379));
#5061=EDGE_LOOP('',(#1380,#1381,#1382,#1383));
#5062=EDGE_LOOP('',(#1384,#1385,#1386,#1387));
#5063=EDGE_LOOP('',(#1388,#1389,#1390,#1391));
#5064=EDGE_LOOP('',(#1392,#1393,#1394,#1395));
#5065=EDGE_LOOP('',(#1396,#1397,#1398,#1399));
#5066=EDGE_LOOP('',(#1400,#1401,#1402,#1403));
#5067=EDGE_LOOP('',(#1404,#1405,#1406,#1407));
#5068=EDGE_LOOP('',(#1408,#1409,#1410,#1411));
#5069=EDGE_LOOP('',(#1412,#1413,#1414,#1415));
#5070=EDGE_LOOP('',(#1416,#1417,#1418,#1419));
#5071=EDGE_LOOP('',(#1420,#1421,#1422,#1423));
#5072=EDGE_LOOP('',(#1424,#1425,#1426,#1427));
#5073=EDGE_LOOP('',(#1428,#1429,#1430,#1431));
#5074=EDGE_LOOP('',(#1432,#1433,#1434,#1435));
#5075=EDGE_LOOP('',(#1436,#1437,#1438,#1439));
#5076=EDGE_LOOP('',(#1440,#1441,#1442,#1443));
#5077=EDGE_LOOP('',(#1444,#1445,#1446,#1447));
#5078=EDGE_LOOP('',(#1448,#1449,#1450,#1451));
#5079=EDGE_LOOP('',(#1452,#1453,#1454,#1455));
#5080=EDGE_LOOP('',(#1456,#1457,#1458,#1459));
#5081=EDGE_LOOP('',(#1460,#1461,#1462,#1463));
#5082=EDGE_LOOP('',(#1464,#1465,#1466,#1467));
#5083=EDGE_LOOP('',(#1468,#1469,#1470,#1471));
#5084=EDGE_LOOP('',(#1472,#1473,#1474,#1475));
#5085=EDGE_LOOP('',(#1476,#1477,#1478,#1479));
#5086=EDGE_LOOP('',(#1480,#1481,#1482,#1483));
#5087=EDGE_LOOP('',(#1484,#1485,#1486,#1487));
#5088=EDGE_LOOP('',(#1488,#1489,#1490,#1491));
#5089=EDGE_LOOP('',(#1492,#1493,#1494,#1495));
#5090=EDGE_LOOP('',(#1496,#1497,#1498,#1499));
#5091=EDGE_LOOP('',(#1500,#1501,#1502,#1503));
#5092=EDGE_LOOP('',(#1504,#1505,#1506,#1507));
#5093=EDGE_LOOP('',(#1508,#1509,#1510,#1511));
#5094=EDGE_LOOP('',(#1512,#1513,#1514,#1515));
#5095=EDGE_LOOP('',(#1516,#1517,#1518,#1519));
#5096=EDGE_LOOP('',(#1520,#1521,#1522,#1523));
#5097=EDGE_LOOP('',(#1524,#1525,#1526,#1527));
#5098=EDGE_LOOP('',(#1528,#1529,#1530,#1531));
#5099=EDGE_LOOP('',(#1532,#1533,#1534,#1535));
#5100=EDGE_LOOP('',(#1536,#1537,#1538,#1539));
#5101=EDGE_LOOP('',(#1540,#1541,#1542,#1543));
#5102=EDGE_LOOP('',(#1544,#1545,#1546,#1547));
#5103=EDGE_LOOP('',(#1548,#1549,#1550,#1551));
#5104=EDGE_LOOP('',(#1552,#1553,#1554,#1555));
#5105=EDGE_LOOP('',(#1556,#1557,#1558,#1559));
#5106=EDGE_LOOP('',(#1560,#1561,#1562,#1563));
#5107=EDGE_LOOP('',(#1564,#1565,#1566,#1567));
#5108=EDGE_LOOP('',(#1568,#1569,#1570,#1571));
#5109=EDGE_LOOP('',(#1572,#1573,#1574,#1575));
#5110=EDGE_LOOP('',(#1576,#1577,#1578,#1579));
#5111=EDGE_LOOP('',(#1580,#1581,#1582,#1583));
#5112=EDGE_LOOP('',(#1584,#1585,#1586,#1587));
#5113=EDGE_LOOP('',(#1588,#1589,#1590,#1591));
#5114=EDGE_LOOP('',(#1592,#1593,#1594,#1595));
#5115=EDGE_LOOP('',(#1596,#1597,#1598,#1599));
#5116=EDGE_LOOP('',(#1600,#1601,#1602,#1603));
#5117=EDGE_LOOP('',(#1604,#1605,#1606,#1607));
#5118=EDGE_LOOP('',(#1608,#1609,#1610,#1611));
#5119=EDGE_LOOP('',(#1612,#1613,#1614,#1615));
#5120=EDGE_LOOP('',(#1616,#1617,#1618,#1619));
#5121=EDGE_LOOP('',(#1620,#1621,#1622,#1623));
#5122=EDGE_LOOP('',(#1624,#1625,#1626,#1627));
#5123=EDGE_LOOP('',(#1628,#1629,#1630,#1631));
#5124=EDGE_LOOP('',(#1632,#1633,#1634,#1635));
#5125=EDGE_LOOP('',(#1636,#1637,#1638,#1639));
#5126=EDGE_LOOP('',(#1640,#1641,#1642,#1643));
#5127=EDGE_LOOP('',(#1644,#1645,#1646,#1647));
#5128=EDGE_LOOP('',(#1648,#1649,#1650,#1651));
#5129=EDGE_LOOP('',(#1652,#1653,#1654,#1655));
#5130=EDGE_LOOP('',(#1656,#1657,#1658,#1659));
#5131=EDGE_LOOP('',(#1660,#1661,#1662,#1663));
#5132=EDGE_LOOP('',(#1664,#1665,#1666,#1667));
#5133=EDGE_LOOP('',(#1668,#1669,#1670,#1671));
#5134=EDGE_LOOP('',(#1672,#1673,#1674,#1675));
#5135=EDGE_LOOP('',(#1676,#1677,#1678,#1679));
#5136=EDGE_LOOP('',(#1680,#1681,#1682,#1683));
#5137=EDGE_LOOP('',(#1684,#1685,#1686,#1687));
#5138=EDGE_LOOP('',(#1688,#1689,#1690,#1691));
#5139=EDGE_LOOP('',(#1692,#1693,#1694,#1695));
#5140=EDGE_LOOP('',(#1696,#1697,#1698,#1699));
#5141=EDGE_LOOP('',(#1700,#1701,#1702,#1703));
#5142=EDGE_LOOP('',(#1704,#1705,#1706,#1707));
#5143=EDGE_LOOP('',(#1708,#1709,#1710,#1711));
#5144=EDGE_LOOP('',(#1712,#1713,#1714,#1715));
#5145=EDGE_LOOP('',(#1716,#1717,#1718,#1719));
#5146=EDGE_LOOP('',(#1720,#1721,#1722,#1723));
#5147=EDGE_LOOP('',(#1724,#1725,#1726,#1727));
#5148=EDGE_LOOP('',(#1728,#1729,#1730,#1731));
#5149=EDGE_LOOP('',(#1732,#1733,#1734,#1735));
#5150=EDGE_LOOP('',(#1736,#1737,#1738,#1739));
#5151=EDGE_LOOP('',(#1740,#1741,#1742,#1743));
#5152=EDGE_LOOP('',(#1744,#1745,#1746,#1747));
#5153=EDGE_LOOP('',(#1748,#1749,#1750,#1751));
#5154=EDGE_LOOP('',(#1752,#1753,#1754,#1755));
#5155=EDGE_LOOP('',(#1756,#1757,#1758,#1759));
#5156=EDGE_LOOP('',(#1760,#1761,#1762,#1763));
#5157=EDGE_LOOP('',(#1764,#1765,#1766,#1767));
#5158=EDGE_LOOP('',(#1768,#1769,#1770,#1771));
#5159=EDGE_LOOP('',(#1772,#1773,#1774,#1775));
#5160=EDGE_LOOP('',(#1776,#1777,#1778,#1779));
#5161=EDGE_LOOP('',(#1780,#1781,#1782,#1783));
#5162=EDGE_LOOP('',(#1784,#1785,#1786,#1787));
#5163=EDGE_LOOP('',(#1788,#1789,#1790,#1791));
#5164=EDGE_LOOP('',(#1792,#1793,#1794,#1795));
#5165=EDGE_LOOP('',(#1796,#1797,#1798,#1799));
#5166=EDGE_LOOP('',(#1800,#1801,#1802,#1803));
#5167=EDGE_LOOP('',(#1804,#1805,#1806,#1807));
#5168=EDGE_LOOP('',(#1808,#1809,#1810,#1811));
#5169=EDGE_LOOP('',(#1812,#1813,#1814,#1815));
#5170=EDGE_LOOP('',(#1816,#1817,#1818,#1819));
#5171=EDGE_LOOP('',(#1820,#1821,#1822,#1823));
#5172=EDGE_LOOP('',(#1824,#1825,#1826,#1827));
#5173=EDGE_LOOP('',(#1828,#1829,#1830,#1831));
#5174=EDGE_LOOP('',(#1832,#1833,#1834,#1835));
#5175=EDGE_LOOP('',(#1836,#1837,#1838,#1839));
#5176=EDGE_LOOP('',(#1840,#1841,#1842,#1843));
#5177=EDGE_LOOP('',(#1844,#1845,#1846,#1847));
#5178=EDGE_LOOP('',(#1848,#1849,#1850,#1851));
#5179=EDGE_LOOP('',(#1852,#1853,#1854,#1855));
#5180=EDGE_LOOP('',(#1856,#1857,#1858,#1859));
#5181=EDGE_LOOP('',(#1860,#1861,#1862,#1863));
#5182=EDGE_LOOP('',(#1864,#1865,#1866,#1867));
#5183=EDGE_LOOP('',(#1868,#1869,#1870,#1871));
#5184=EDGE_LOOP('',(#1872,#1873,#1874,#1875));
#5185=EDGE_LOOP('',(#1876,#1877,#1878,#1879));
#5186=EDGE_LOOP('',(#1880,#1881,#1882,#1883));
#5187=EDGE_LOOP('',(#1884,#1885,#1886,#1887));
#5188=EDGE_LOOP('',(#1888,#1889,#1890,#1891));
#5189=EDGE_LOOP('',(#1892,#1893,#1894,#1895));
#5190=EDGE_LOOP('',(#1896,#1897,#1898,#1899));
#5191=EDGE_LOOP('',(#1900,#1901,#1902,#1903));
#5192=EDGE_LOOP('',(#1904,#1905,#1906,#1907));
#5193=EDGE_LOOP('',(#1908,#1909,#1910,#1911));
#5194=EDGE_LOOP('',(#1912,#1913,#1914,#1915));
#5195=EDGE_LOOP('',(#1916,#1917,#1918,#1919));
#5196=EDGE_LOOP('',(#1920,#1921,#1922,#1923));
#5197=EDGE_LOOP('',(#1924,#1925,#1926,#1927));
#5198=EDGE_LOOP('',(#1928,#1929,#1930,#1931));
#5199=EDGE_LOOP('',(#1932,#1933,#1934,#1935));
#5200=EDGE_LOOP('',(#1936,#1937,#1938,#1939));
#5201=EDGE_LOOP('',(#1940,#1941,#1942,#1943));
#5202=EDGE_LOOP('',(#1944,#1945,#1946,#1947));
#5203=EDGE_LOOP('',(#1948,#1949,#1950,#1951));
#5204=EDGE_LOOP('',(#1952,#1953,#1954,#1955));
#5205=EDGE_LOOP('',(#1956,#1957,#1958,#1959));
#5206=EDGE_LOOP('',(#1960,#1961,#1962,#1963));
#5207=EDGE_LOOP('',(#1964,#1965,#1966,#1967));
#5208=EDGE_LOOP('',(#1968,#1969,#1970,#1971));
#5209=EDGE_LOOP('',(#1972,#1973,#1974,#1975));
#5210=EDGE_LOOP('',(#1976,#1977,#1978,#1979));
#5211=EDGE_LOOP('',(#1980,#1981,#1982,#1983));
#5212=EDGE_LOOP('',(#1984,#1985,#1986,#1987));
#5213=EDGE_LOOP('',(#1988,#1989,#1990,#1991));
#5214=EDGE_LOOP('',(#1992,#1993,#1994,#1995));
#5215=EDGE_LOOP('',(#1996,#1997,#1998,#1999));
#5216=EDGE_LOOP('',(#2000,#2001,#2002,#2003));
#5217=EDGE_LOOP('',(#2004,#2005,#2006,#2007));
#5218=EDGE_LOOP('',(#2008,#2009,#2010,#2011));
#5219=EDGE_LOOP('',(#2012,#2013,#2014,#2015));
#5220=EDGE_LOOP('',(#2016,#2017,#2018,#2019));
#5221=EDGE_LOOP('',(#2020,#2021,#2022,#2023));
#5222=EDGE_LOOP('',(#2024,#2025,#2026,#2027));
#5223=EDGE_LOOP('',(#2028,#2029,#2030,#2031));
#5224=EDGE_LOOP('',(#2032,#2033,#2034,#2035));
#5225=EDGE_LOOP('',(#2036,#2037,#2038,#2039));
#5226=EDGE_LOOP('',(#2040,#2041,#2042,#2043));
#5227=EDGE_LOOP('',(#2044,#2045,#2046,#2047));
#5228=EDGE_LOOP('',(#2048,#2049,#2050,#2051));
#5229=EDGE_LOOP('',(#2052,#2053,#2054,#2055));
#5230=EDGE_LOOP('',(#2056,#2057,#2058,#2059));
#5231=EDGE_LOOP('',(#2060,#2061,#2062,#2063));
#5232=EDGE_LOOP('',(#2064,#2065,#2066,#2067));
#5233=EDGE_LOOP('',(#2068,#2069,#2070,#2071));
#5234=EDGE_LOOP('',(#2072,#2073,#2074,#2075));
#5235=EDGE_LOOP('',(#2076,#2077,#2078,#2079));
#5236=EDGE_LOOP('',(#2080,#2081,#2082,#2083));
#5237=EDGE_LOOP('',(#2084,#2085,#2086,#2087));
#5238=EDGE_LOOP('',(#2088,#2089,#2090,#2091));
#5239=EDGE_LOOP('',(#2092,#2093,#2094,#2095));
#5240=EDGE_LOOP('',(#2096,#2097,#2098,#2099));
#5241=EDGE_LOOP('',(#2100,#2101,#2102,#2103));
#5242=EDGE_LOOP('',(#2104,#2105,#2106,#2107));
#5243=EDGE_LOOP('',(#2108,#2109,#2110,#2111));
#5244=EDGE_LOOP('',(#2112,#2113,#2114,#2115));
#5245=EDGE_LOOP('',(#2116,#2117,#2118,#2119));
#5246=EDGE_LOOP('',(#2120,#2121,#2122,#2123));
#5247=EDGE_LOOP('',(#2124,#2125,#2126,#2127));
#5248=EDGE_LOOP('',(#2128,#2129,#2130,#2131));
#5249=EDGE_LOOP('',(#2132,#2133,#2134,#2135));
#5250=EDGE_LOOP('',(#2136,#2137,#2138,#2139));
#5251=EDGE_LOOP('',(#2140,#2141,#2142,#2143));
#5252=EDGE_LOOP('',(#2144,#2145,#2146,#2147));
#5253=EDGE_LOOP('',(#2148,#2149,#2150,#2151));
#5254=EDGE_LOOP('',(#2152,#2153,#2154,#2155));
#5255=EDGE_LOOP('',(#2156,#2157,#2158,#2159));
#5256=EDGE_LOOP('',(#2160,#2161,#2162,#2163));
#5257=EDGE_LOOP('',(#2164,#2165,#2166,#2167));
#5258=EDGE_LOOP('',(#2168,#2169,#2170,#2171));
#5259=EDGE_LOOP('',(#2172,#2173,#2174,#2175));
#5260=EDGE_LOOP('',(#2176,#2177,#2178,#2179));
#5261=EDGE_LOOP('',(#2180,#2181,#2182,#2183));
#5262=EDGE_LOOP('',(#2184,#2185,#2186,#2187));
#5263=EDGE_LOOP('',(#2188,#2189,#2190,#2191));
#5264=EDGE_LOOP('',(#2192,#2193,#2194,#2195));
#5265=EDGE_LOOP('',(#2196,#2197,#2198,#2199));
#5266=EDGE_LOOP('',(#2200,#2201,#2202,#2203));
#5267=EDGE_LOOP('',(#2204,#2205,#2206,#2207));
#5268=EDGE_LOOP('',(#2208,#2209,#2210,#2211));
#5269=EDGE_LOOP('',(#2212,#2213,#2214,#2215));
#5270=EDGE_LOOP('',(#2216,#2217,#2218,#2219));
#5271=EDGE_LOOP('',(#2220,#2221,#2222,#2223));
#5272=EDGE_LOOP('',(#2224,#2225,#2226,#2227));
#5273=EDGE_LOOP('',(#2228,#2229,#2230,#2231));
#5274=EDGE_LOOP('',(#2232,#2233,#2234,#2235));
#5275=EDGE_LOOP('',(#2236,#2237,#2238,#2239));
#5276=EDGE_LOOP('',(#2240,#2241,#2242,#2243));
#5277=EDGE_LOOP('',(#2244,#2245,#2246,#2247));
#5278=EDGE_LOOP('',(#2248,#2249,#2250,#2251));
#5279=EDGE_LOOP('',(#2252,#2253,#2254,#2255));
#5280=EDGE_LOOP('',(#2256,#2257,#2258,#2259));
#5281=EDGE_LOOP('',(#2260,#2261,#2262,#2263));
#5282=EDGE_LOOP('',(#2264,#2265,#2266,#2267));
#5283=EDGE_LOOP('',(#2268,#2269,#2270,#2271));
#5284=EDGE_LOOP('',(#2272,#2273,#2274,#2275));
#5285=EDGE_LOOP('',(#2276,#2277,#2278,#2279));
#5286=FACE_BOUND('',#4868,.T.);
#5287=FACE_BOUND('',#4869,.T.);
#5288=FACE_BOUND('',#4870,.T.);
#5289=FACE_BOUND('',#4871,.T.);
#5290=FACE_BOUND('',#4872,.T.);
#5291=FACE_BOUND('',#4873,.T.);
#5292=FACE_BOUND('',#4874,.T.);
#5293=FACE_BOUND('',#4875,.T.);
#5294=FACE_BOUND('',#4876,.T.);
#5295=FACE_BOUND('',#4877,.T.);
#5296=FACE_BOUND('',#4878,.T.);
#5297=FACE_BOUND('',#4879,.T.);
#5298=FACE_BOUND('',#4880,.T.);
#5299=FACE_BOUND('',#4881,.T.);
#5300=FACE_BOUND('',#4882,.T.);
#5301=FACE_BOUND('',#4883,.T.);
#5302=FACE_BOUND('',#4884,.T.);
#5303=FACE_BOUND('',#4885,.T.);
#5304=FACE_BOUND('',#4886,.T.);
#5305=FACE_BOUND('',#4887,.T.);
#5306=FACE_BOUND('',#4888,.T.);
#5307=FACE_BOUND('',#4889,.T.);
#5308=FACE_BOUND('',#4890,.T.);
#5309=FACE_BOUND('',#4891,.T.);
#5310=FACE_BOUND('',#4892,.T.);
#5311=FACE_BOUND('',#4893,.T.);
#5312=FACE_BOUND('',#4894,.T.);
#5313=FACE_BOUND('',#4895,.T.);
#5314=FACE_BOUND('',#4896,.T.);
#5315=FACE_BOUND('',#4897,.T.);
#5316=FACE_BOUND('',#4898,.T.);
#5317=FACE_BOUND('',#4899,.T.);
#5318=FACE_BOUND('',#4900,.T.);
#5319=FACE_BOUND('',#4901,.T.);
#5320=FACE_BOUND('',#4902,.T.);
#5321=FACE_BOUND('',#4903,.T.);
#5322=FACE_BOUND('',#4904,.T.);
#5323=FACE_BOUND('',#4905,.T.);
#5324=FACE_BOUND('',#4906,.T.);
#5325=FACE_BOUND('',#4907,.T.);
#5326=FACE_BOUND('',#4908,.T.);
#5327=FACE_BOUND('',#4909,.T.);
#5328=FACE_BOUND('',#4910,.T.);
#5329=FACE_BOUND('',#4911,.T.);
#5330=FACE_BOUND('',#4912,.T.);
#5331=FACE_BOUND('',#4913,.T.);
#5332=FACE_BOUND('',#4914,.T.);
#5333=FACE_BOUND('',#4915,.T.);
#5334=FACE_BOUND('',#4916,.T.);
#5335=FACE_BOUND('',#4917,.T.);
#5336=FACE_BOUND('',#4918,.T.);
#5337=FACE_BOUND('',#4919,.T.);
#5338=FACE_BOUND('',#4920,.T.);
#5339=FACE_BOUND('',#4921,.T.);
#5340=FACE_BOUND('',#4922,.T.);
#5341=FACE_BOUND('',#4923,.T.);
#5342=FACE_BOUND('',#4924,.T.);
#5343=FACE_BOUND('',#4925,.T.);
#5344=FACE_BOUND('',#4926,.T.);
#5345=FACE_BOUND('',#4927,.T.);
#5346=FACE_BOUND('',#4928,.T.);
#5347=FACE_BOUND('',#4929,.T.);
#5348=FACE_BOUND('',#4930,.T.);
#5349=FACE_BOUND('',#4931,.T.);
#5350=FACE_BOUND('',#4932,.T.);
#5351=FACE_BOUND('',#4933,.T.);
#5352=FACE_BOUND('',#4934,.T.);
#5353=FACE_BOUND('',#4935,.T.);
#5354=FACE_BOUND('',#4936,.T.);
#5355=FACE_BOUND('',#4937,.T.);
#5356=FACE_BOUND('',#4938,.T.);
#5357=FACE_BOUND('',#4939,.T.);
#5358=FACE_BOUND('',#4940,.T.);
#5359=FACE_BOUND('',#4941,.T.);
#5360=FACE_BOUND('',#4942,.T.);
#5361=FACE_BOUND('',#4943,.T.);
#5362=FACE_BOUND('',#4944,.T.);
#5363=FACE_BOUND('',#4945,.T.);
#5364=FACE_BOUND('',#4946,.T.);
#5365=FACE_BOUND('',#4947,.T.);
#5366=FACE_BOUND('',#4948,.T.);
#5367=FACE_BOUND('',#4949,.T.);
#5368=FACE_BOUND('',#4950,.T.);
#5369=FACE_BOUND('',#4951,.T.);
#5370=FACE_BOUND('',#4952,.T.);
#5371=FACE_BOUND('',#4953,.T.);
#5372=FACE_BOUND('',#4954,.T.);
#5373=FACE_BOUND('',#4955,.T.);
#5374=FACE_BOUND('',#4956,.T.);
#5375=FACE_BOUND('',#4957,.T.);
#5376=FACE_BOUND('',#4958,.T.);
#5377=FACE_BOUND('',#4959,.T.);
#5378=FACE_BOUND('',#4960,.T.);
#5379=FACE_BOUND('',#4961,.T.);
#5380=FACE_BOUND('',#4962,.T.);
#5381=FACE_BOUND('',#4963,.T.);
#5382=FACE_BOUND('',#4964,.T.);
#5383=FACE_BOUND('',#4965,.T.);
#5384=FACE_BOUND('',#4966,.T.);
#5385=FACE_BOUND('',#4967,.T.);
#5386=FACE_BOUND('',#4968,.T.);
#5387=FACE_BOUND('',#4969,.T.);
#5388=FACE_BOUND('',#4970,.T.);
#5389=FACE_BOUND('',#4971,.T.);
#5390=FACE_BOUND('',#4972,.T.);
#5391=FACE_BOUND('',#4973,.T.);
#5392=FACE_BOUND('',#4974,.T.);
#5393=FACE_BOUND('',#4975,.T.);
#5394=FACE_BOUND('',#4976,.T.);
#5395=FACE_BOUND('',#4977,.T.);
#5396=FACE_BOUND('',#4978,.T.);
#5397=FACE_BOUND('',#4979,.T.);
#5398=FACE_BOUND('',#4980,.T.);
#5399=FACE_BOUND('',#4981,.T.);
#5400=FACE_BOUND('',#4982,.T.);
#5401=FACE_BOUND('',#4983,.T.);
#5402=FACE_BOUND('',#4984,.T.);
#5403=FACE_BOUND('',#4985,.T.);
#5404=FACE_BOUND('',#4986,.T.);
#5405=FACE_BOUND('',#4987,.T.);
#5406=FACE_BOUND('',#4988,.T.);
#5407=FACE_BOUND('',#4989,.T.);
#5408=FACE_BOUND('',#4990,.T.);
#5409=FACE_BOUND('',#4991,.T.);
#5410=FACE_BOUND('',#4992,.T.);
#5411=FACE_BOUND('',#4993,.T.);
#5412=FACE_BOUND('',#4994,.T.);
#5413=FACE_BOUND('',#4995,.T.);
#5414=FACE_BOUND('',#4996,.T.);
#5415=FACE_BOUND('',#4997,.T.);
#5416=FACE_BOUND('',#4998,.T.);
#5417=FACE_BOUND('',#4999,.T.);
#5418=FACE_BOUND('',#5000,.T.);
#5419=FACE_BOUND('',#5001,.T.);
#5420=FACE_BOUND('',#5002,.T.);
#5421=FACE_BOUND('',#5003,.T.);
#5422=FACE_BOUND('',#5004,.T.);
#5423=FACE_BOUND('',#5005,.T.);
#5424=FACE_BOUND('',#5006,.T.);
#5425=FACE_BOUND('',#5007,.T.);
#5426=FACE_BOUND('',#5008,.T.);
#5427=FACE_BOUND('',#5009,.T.);
#5428=FACE_BOUND('',#5010,.T.);
#5429=FACE_BOUND('',#5011,.T.);
#5430=FACE_BOUND('',#5012,.T.);
#5431=FACE_BOUND('',#5013,.T.);
#5432=FACE_BOUND('',#5014,.T.);
#5433=FACE_BOUND('',#5015,.T.);
#5434=FACE_BOUND('',#5016,.T.);
#5435=FACE_BOUND('',#5017,.T.);
#5436=FACE_BOUND('',#5018,.T.);
#5437=FACE_BOUND('',#5019,.T.);
#5438=FACE_BOUND('',#5020,.T.);
#5439=FACE_BOUND('',#5021,.T.);
#5440=FACE_BOUND('',#5022,.T.);
#5441=FACE_BOUND('',#5023,.T.);
#5442=FACE_BOUND('',#5024,.T.);
#5443=FACE_BOUND('',#5025,.T.);
#5444=FACE_BOUND('',#5026,.T.);
#5445=FACE_BOUND('',#5027,.T.);
#5446=FACE_BOUND('',#5028,.T.);
#5447=FACE_BOUND('',#5029,.T.);
#5448=FACE_BOUND('',#5030,.T.);
#5449=FACE_BOUND('',#5031,.T.);
#5450=FACE_BOUND('',#5032,.T.);
#5451=FACE_BOUND('',#5033,.T.);
#5452=FACE_BOUND('',#5034,.T.);
#5453=FACE_BOUND('',#5035,.T.);
#5454=FACE_BOUND('',#5036,.T.);
#5455=FACE_BOUND('',#5037,.T.);
#5456=FACE_BOUND('',#5038,.T.);
#5457=FACE_BOUND('',#5039,.T.);
#5458=FACE_BOUND('',#5040,.T.);
#5459=FACE_BOUND('',#5041,.T.);
#5460=FACE_BOUND('',#5042,.T.);
#5461=FACE_BOUND('',#5043,.T.);
#5462=FACE_BOUND('',#5044,.T.);
#5463=FACE_BOUND('',#5045,.T.);
#5464=FACE_BOUND('',#5046,.T.);
#5465=FACE_BOUND('',#5047,.T.);
#5466=FACE_BOUND('',#5048,.T.);
#5467=FACE_BOUND('',#5049,.T.);
#5468=FACE_BOUND('',#5050,.T.);
#5469=FACE_BOUND('',#5051,.T.);
#5470=FACE_BOUND('',#5052,.T.);
#5471=FACE_BOUND('',#5053,.T.);
#5472=FACE_BOUND('',#5054,.T.);
#5473=FACE_BOUND('',#5055,.T.);
#5474=FACE_BOUND('',#5056,.T.);
#5475=FACE_BOUND('',#5057,.T.);
#5476=FACE_BOUND('',#5058,.T.);
#5477=FACE_BOUND('',#5059,.T.);
#5478=FACE_BOUND('',#5060,.T.);
#5479=FACE_BOUND('',#5061,.T.);
#5480=FACE_BOUND('',#5062,.T.);
#5481=FACE_BOUND('',#5063,.T.);
#5482=FACE_BOUND('',#5064,.T.);
#5483=FACE_BOUND('',#5065,.T.);
#5484=FACE_BOUND('',#5066,.T.);
#5485=FACE_BOUND('',#5067,.T.);
#5486=FACE_BOUND('',#5068,.T.);
#5487=FACE_BOUND('',#5069,.T.);
#5488=FACE_BOUND('',#5070,.T.);
#5489=FACE_BOUND('',#5071,.T.);
#5490=FACE_BOUND('',#5072,.T.);
#5491=FACE_BOUND('',#5073,.T.);
#5492=FACE_BOUND('',#5074,.T.);
#5493=FACE_BOUND('',#5075,.T.);
#5494=FACE_BOUND('',#5076,.T.);
#5495=FACE_BOUND('',#5077,.T.);
#5496=FACE_BOUND('',#5078,.T.);
#5497=FACE_BOUND('',#5079,.T.);
#5498=FACE_BOUND('',#5080,.T.);
#5499=FACE_BOUND('',#5081,.T.);
#5500=FACE_BOUND('',#5082,.T.);
#5501=FACE_BOUND('',#5083,.T.);
#5502=FACE_BOUND('',#5084,.T.);
#5503=FACE_BOUND('',#5085,.T.);
#5504=FACE_BOUND('',#5086,.T.);
#5505=FACE_BOUND('',#5087,.T.);
#5506=FACE_BOUND('',#5088,.T.);
#5507=FACE_BOUND('',#5089,.T.);
#5508=FACE_BOUND('',#5090,.T.);
#5509=FACE_BOUND('',#5091,.T.);
#5510=FACE_BOUND('',#5092,.T.);
#5511=FACE_BOUND('',#5093,.T.);
#5512=FACE_BOUND('',#5094,.T.);
#5513=FACE_BOUND('',#5095,.T.);
#5514=FACE_BOUND('',#5096,.T.);
#5515=FACE_BOUND('',#5097,.T.);
#5516=FACE_BOUND('',#5098,.T.);
#5517=FACE_BOUND('',#5099,.T.);
#5518=FACE_BOUND('',#5100,.T.);
#5519=FACE_BOUND('',#5101,.T.);
#5520=FACE_BOUND('',#5102,.T.);
#5521=FACE_BOUND('',#5103,.T.);
#5522=FACE_BOUND('',#5104,.T.);
#5523=FACE_BOUND('',#5105,.T.);
#5524=FACE_BOUND('',#5106,.T.);
#5525=FACE_BOUND('',#5107,.T.);
#5526=FACE_BOUND('',#5108,.T.);
#5527=FACE_BOUND('',#5109,.T.);
#5528=FACE_BOUND('',#5110,.T.);
#5529=FACE_BOUND('',#5111,.T.);
#5530=FACE_BOUND('',#5112,.T.);
#5531=FACE_BOUND('',#5113,.T.);
#5532=FACE_BOUND('',#5114,.T.);
#5533=FACE_BOUND('',#5115,.T.);
#5534=FACE_BOUND('',#5116,.T.);
#5535=FACE_BOUND('',#5117,.T.);
#5536=FACE_BOUND('',#5118,.T.);
#5537=FACE_BOUND('',#5119,.T.);
#5538=FACE_BOUND('',#5120,.T.);
#5539=FACE_BOUND('',#5121,.T.);
#5540=FACE_BOUND('',#5122,.T.);
#5541=FACE_BOUND('',#5123,.T.);
#5542=FACE_BOUND('',#5124,.T.);
#5543=FACE_BOUND('',#5125,.T.);
#5544=FACE_BOUND('',#5126,.T.);
#5545=FACE_BOUND('',#5127,.T.);
#5546=FACE_BOUND('',#5128,.T.);
#5547=FACE_BOUND('',#5129,.T.);
#5548=FACE_BOUND('',#5130,.T.);
#5549=FACE_BOUND('',#5131,.T.);
#5550=FACE_BOUND('',#5132,.T.);
#5551=FACE_BOUND('',#5133,.T.);
#5552=FACE_BOUND('',#5134,.T.);
#5553=FACE_BOUND('',#5135,.T.);
#5554=FACE_BOUND('',#5136,.T.);
#5555=FACE_BOUND('',#5137,.T.);
#5556=FACE_BOUND('',#5138,.T.);
#5557=FACE_BOUND('',#5139,.T.);
#5558=FACE_BOUND('',#5140,.T.);
#5559=FACE_BOUND('',#5141,.T.);
#5560=FACE_BOUND('',#5142,.T.);
#5561=FACE_BOUND('',#5143,.T.);
#5562=FACE_BOUND('',#5144,.T.);
#5563=FACE_BOUND('',#5145,.T.);
#5564=FACE_BOUND('',#5146,.T.);
#5565=FACE_BOUND('',#5147,.T.);
#5566=FACE_BOUND('',#5148,.T.);
#5567=FACE_BOUND('',#5149,.T.);
#5568=FACE_BOUND('',#5150,.T.);
#5569=FACE_BOUND('',#5151,.T.);
#5570=FACE_BOUND('',#5152,.T.);
#5571=FACE_BOUND('',#5153,.T.);
#5572=FACE_BOUND('',#5154,.T.);
#5573=FACE_BOUND('',#5155,.T.);
#5574=FACE_BOUND('',#5156,.T.);
#5575=FACE_BOUND('',#5157,.T.);
#5576=FACE_BOUND('',#5158,.T.);
#5577=FACE_BOUND('',#5159,.T.);
#5578=FACE_BOUND('',#5160,.T.);
#5579=FACE_BOUND('',#5161,.T.);
#5580=FACE_BOUND('',#5162,.T.);
#5581=FACE_BOUND('',#5163,.T.);
#5582=FACE_BOUND('',#5164,.T.);
#5583=FACE_BOUND('',#5165,.T.);
#5584=FACE_BOUND('',#5166,.T.);
#5585=FACE_BOUND('',#5167,.T.);
#5586=FACE_BOUND('',#5168,.T.);
#5587=FACE_BOUND('',#5169,.T.);
#5588=FACE_BOUND('',#5170,.T.);
#5589=FACE_BOUND('',#5171,.T.);
#5590=FACE_BOUND('',#5172,.T.);
#5591=FACE_BOUND('',#5173,.T.);
#5592=FACE_BOUND('',#5174,.T.);
#5593=FACE_BOUND('',#5175,.T.);
#5594=FACE_BOUND('',#5176,.T.);
#5595=FACE_BOUND('',#5177,.T.);
#5596=FACE_BOUND('',#5178,.T.);
#5597=FACE_BOUND('',#5179,.T.);
#5598=FACE_BOUND('',#5180,.T.);
#5599=FACE_BOUND('',#5181,.T.);
#5600=FACE_BOUND('',#5182,.T.);
#5601=FACE_BOUND('',#5183,.T.);
#5602=FACE_BOUND('',#5184,.T.);
#5603=FACE_BOUND('',#5185,.T.);
#5604=FACE_BOUND('',#5186,.T.);
#5605=FACE_BOUND('',#5187,.T.);
#5606=FACE_BOUND('',#5188,.T.);
#5607=FACE_BOUND('',#5189,.T.);
#5608=FACE_BOUND('',#5190,.T.);
#5609=FACE_BOUND('',#5191,.T.);
#5610=FACE_BOUND('',#5192,.T.);
#5611=FACE_BOUND('',#5193,.T.);
#5612=FACE_BOUND('',#5194,.T.);
#5613=FACE_BOUND('',#5195,.T.);
#5614=FACE_BOUND('',#5196,.T.);
#5615=FACE_BOUND('',#5197,.T.);
#5616=FACE_BOUND('',#5198,.T.);
#5617=FACE_BOUND('',#5199,.T.);
#5618=FACE_BOUND('',#5200,.T.);
#5619=FACE_BOUND('',#5201,.T.);
#5620=FACE_BOUND('',#5202,.T.);
#5621=FACE_BOUND('',#5203,.T.);
#5622=FACE_BOUND('',#5204,.T.);
#5623=FACE_BOUND('',#5205,.T.);
#5624=FACE_BOUND('',#5206,.T.);
#5625=FACE_BOUND('',#5207,.T.);
#5626=FACE_BOUND('',#5208,.T.);
#5627=FACE_BOUND('',#5209,.T.);
#5628=FACE_BOUND('',#5210,.T.);
#5629=FACE_BOUND('',#5211,.T.);
#5630=FACE_BOUND('',#5212,.T.);
#5631=FACE_BOUND('',#5213,.T.);
#5632=FACE_BOUND('',#5214,.T.);
#5633=FACE_BOUND('',#5215,.T.);
#5634=FACE_BOUND('',#5216,.T.);
#5635=FACE_BOUND('',#5217,.T.);
#5636=FACE_BOUND('',#5218,.T.);
#5637=FACE_BOUND('',#5219,.T.);
#5638=FACE_BOUND('',#5220,.T.);
#5639=FACE_BOUND('',#5221,.T.);
#5640=FACE_BOUND('',#5222,.T.);
#5641=FACE_BOUND('',#5223,.T.);
#5642=FACE_BOUND('',#5224,.T.);
#5643=FACE_BOUND('',#5225,.T.);
#5644=FACE_BOUND('',#5226,.T.);
#5645=FACE_BOUND('',#5227,.T.);
#5646=FACE_BOUND('',#5228,.T.);
#5647=FACE_BOUND('',#5229,.T.);
#5648=FACE_BOUND('',#5230,.T.);
#5649=FACE_BOUND('',#5231,.T.);
#5650=FACE_BOUND('',#5232,.T.);
#5651=FACE_BOUND('',#5233,.T.);
#5652=FACE_BOUND('',#5234,.T.);
#5653=FACE_BOUND('',#5235,.T.);
#5654=FACE_BOUND('',#5236,.T.);
#5655=FACE_BOUND('',#5237,.T.);
#5656=FACE_BOUND('',#5238,.T.);
#5657=FACE_BOUND('',#5239,.T.);
#5658=FACE_BOUND('',#5240,.T.);
#5659=FACE_BOUND('',#5241,.T.);
#5660=FACE_BOUND('',#5242,.T.);
#5661=FACE_BOUND('',#5243,.T.);
#5662=FACE_BOUND('',#5244,.T.);
#5663=FACE_BOUND('',#5245,.T.);
#5664=FACE_BOUND('',#5246,.T.);
#5665=FACE_BOUND('',#5247,.T.);
#5666=FACE_BOUND('',#5248,.T.);
#5667=FACE_BOUND('',#5249,.T.);
#5668=FACE_BOUND('',#5250,.T.);
#5669=FACE_BOUND('',#5251,.T.);
#5670=FACE_BOUND('',#5252,.T.);
#5671=FACE_BOUND('',#5253,.T.);
#5672=FACE_BOUND('',#5254,.T.);
#5673=FACE_BOUND('',#5255,.T.);
#5674=FACE_BOUND('',#5256,.T.);
#5675=FACE_BOUND('',#5257,.T.);
#5676=FACE_BOUND('',#5258,.T.);
#5677=FACE_BOUND('',#5259,.T.);
#5678=FACE_BOUND('',#5260,.T.);
#5679=FACE_BOUND('',#5261,.T.);
#5680=FACE_BOUND('',#5262,.T.);
#5681=FACE_BOUND('',#5263,.T.);
#5682=FACE_BOUND('',#5264,.T.);
#5683=FACE_BOUND('',#5265,.T.);
#5684=FACE_BOUND('',#5266,.T.);
#5685=FACE_BOUND('',#5267,.T.);
#5686=FACE_BOUND('',#5268,.T.);
#5687=FACE_BOUND('',#5269,.T.);
#5688=FACE_BOUND('',#5270,.T.);
#5689=FACE_BOUND('',#5271,.T.);
#5690=FACE_BOUND('',#5272,.T.);
#5691=FACE_BOUND('',#5273,.T.);
#5692=FACE_BOUND('',#5274,.T.);
#5693=FACE_BOUND('',#5275,.T.);
#5694=FACE_BOUND('',#5276,.T.);
#5695=FACE_BOUND('',#5277,.T.);
#5696=FACE_BOUND('',#5278,.T.);
#5697=FACE_BOUND('',#5279,.T.);
#5698=FACE_BOUND('',#5280,.T.);
#5699=FACE_BOUND('',#5281,.T.);
#5700=FACE_BOUND('',#5282,.T.);
#5701=FACE_BOUND('',#5283,.T.);
#5702=FACE_BOUND('',#5284,.T.);
#5703=FACE_BOUND('',#5285,.T.);
#5704=PLANE('',#6269);
#5705=PLANE('',#6273);
#5706=PLANE('',#6274);
#5707=PLANE('',#6278);
#5708=PLANE('',#6282);
#5709=PLANE('',#6283);
#5710=PLANE('',#6284);
#5711=PLANE('',#6288);
#5712=PLANE('',#6289);
#5713=PLANE('',#6290);
#5714=PLANE('',#6291);
#5715=PLANE('',#6292);
#5716=PLANE('',#6293);
#5717=PLANE('',#6294);
#5718=PLANE('',#6295);
#5719=PLANE('',#6296);
#5720=PLANE('',#6297);
#5721=PLANE('',#6298);
#5722=PLANE('',#6299);
#5723=PLANE('',#6300);
#5724=PLANE('',#6301);
#5725=PLANE('',#6302);
#5726=PLANE('',#6303);
#5727=PLANE('',#6304);
#5728=PLANE('',#6305);
#5729=PLANE('',#6306);
#5730=PLANE('',#6307);
#5731=PLANE('',#6308);
#5732=PLANE('',#6309);
#5733=PLANE('',#6310);
#5734=PLANE('',#6311);
#5735=PLANE('',#6312);
#5736=PLANE('',#6313);
#5737=PLANE('',#6314);
#5738=PLANE('',#6315);
#5739=PLANE('',#6316);
#5740=PLANE('',#6317);
#5741=PLANE('',#6318);
#5742=PLANE('',#6319);
#5743=PLANE('',#6320);
#5744=PLANE('',#6321);
#5745=PLANE('',#6322);
#5746=PLANE('',#6323);
#5747=PLANE('',#6324);
#5748=PLANE('',#6325);
#5749=PLANE('',#6326);
#5750=PLANE('',#6327);
#5751=PLANE('',#6328);
#5752=PLANE('',#6329);
#5753=PLANE('',#6330);
#5754=PLANE('',#6331);
#5755=PLANE('',#6335);
#5756=PLANE('',#6360);
#5757=PLANE('',#6361);
#5758=PLANE('',#6362);
#5759=PLANE('',#6363);
#5760=PLANE('',#6367);
#5761=PLANE('',#6436);
#5762=PLANE('',#6691);
#5763=PLANE('',#6694);
#5764=PLANE('',#6695);
#5765=PLANE('',#6698);
#5766=PLANE('',#6699);
#5767=PLANE('',#6702);
#5768=PLANE('',#6703);
#5769=PLANE('',#6706);
#5770=PLANE('',#6707);
#5771=PLANE('',#6710);
#5772=PLANE('',#6711);
#5773=PLANE('',#6714);
#5774=PLANE('',#6715);
#5775=PLANE('',#6718);
#5776=PLANE('',#6719);
#5777=PLANE('',#6722);
#5778=PLANE('',#6723);
#5779=PLANE('',#6726);
#5780=PLANE('',#6727);
#5781=PLANE('',#6730);
#5782=PLANE('',#6731);
#5783=PLANE('',#6734);
#5784=PLANE('',#6735);
#5785=PLANE('',#6738);
#5786=PLANE('',#6739);
#5787=PLANE('',#6742);
#5788=PLANE('',#6743);
#5789=PLANE('',#6746);
#5790=PLANE('',#6747);
#5791=PLANE('',#6750);
#5792=PLANE('',#6751);
#5793=PLANE('',#6754);
#5794=PLANE('',#6755);
#5795=PLANE('',#6758);
#5796=PLANE('',#6759);
#5797=PLANE('',#6762);
#5798=PLANE('',#6763);
#5799=PLANE('',#6766);
#5800=PLANE('',#6767);
#5801=PLANE('',#6770);
#5802=PLANE('',#6771);
#5803=PLANE('',#6774);
#5804=PLANE('',#6775);
#5805=PLANE('',#6778);
#5806=PLANE('',#6779);
#5807=PLANE('',#6782);
#5808=PLANE('',#6783);
#5809=PLANE('',#6786);
#5810=PLANE('',#6787);
#5811=PLANE('',#6790);
#5812=PLANE('',#6791);
#5813=PLANE('',#6794);
#5814=PLANE('',#6795);
#5815=PLANE('',#6798);
#5816=PLANE('',#6799);
#5817=PLANE('',#6802);
#5818=PLANE('',#6803);
#5819=PLANE('',#6806);
#5820=PLANE('',#6807);
#5821=PLANE('',#6810);
#5822=PLANE('',#6811);
#5823=PLANE('',#6814);
#5824=PLANE('',#6815);
#5825=PLANE('',#6818);
#5826=PLANE('',#6819);
#5827=PLANE('',#6822);
#5828=PLANE('',#6823);
#5829=PLANE('',#6826);
#5830=PLANE('',#6827);
#5831=PLANE('',#6830);
#5832=PLANE('',#6831);
#5833=PLANE('',#6834);
#5834=PLANE('',#6835);
#5835=PLANE('',#6839);
#5836=PLANE('',#6842);
#5837=PLANE('',#6843);
#5838=PLANE('',#6847);
#5839=PLANE('',#6851);
#5840=PLANE('',#6854);
#5841=PLANE('',#6855);
#5842=PLANE('',#6859);
#5843=PLANE('',#6862);
#5844=PLANE('',#6863);
#5845=PLANE('',#6866);
#5846=PLANE('',#6867);
#5847=PLANE('',#6870);
#5848=PLANE('',#6871);
#5849=PLANE('',#6874);
#5850=PLANE('',#6875);
#5851=PLANE('',#6878);
#5852=PLANE('',#6879);
#5853=PLANE('',#6882);
#5854=PLANE('',#6883);
#5855=PLANE('',#6886);
#5856=PLANE('',#6887);
#5857=PLANE('',#6890);
#5858=PLANE('',#6891);
#5859=PLANE('',#6898);
#5860=PLANE('',#6899);
#5861=PLANE('',#6906);
#5862=PLANE('',#6907);
#5863=PLANE('',#6914);
#5864=PLANE('',#6915);
#5865=PLANE('',#6922);
#5866=PLANE('',#6923);
#5867=PLANE('',#6926);
#5868=PLANE('',#6927);
#5869=PLANE('',#6930);
#5870=PLANE('',#6931);
#5871=PLANE('',#6934);
#5872=PLANE('',#6935);
#5873=PLANE('',#6938);
#5874=ADVANCED_FACE('',(#5286),#5704,.T.);
#5875=ADVANCED_FACE('',(#5287),#436,.T.);
#5876=ADVANCED_FACE('',(#5288),#5705,.T.);
#5877=ADVANCED_FACE('',(#5289),#5706,.F.);
#5878=ADVANCED_FACE('',(#5290),#437,.T.);
#5879=ADVANCED_FACE('',(#5291),#5707,.F.);
#5880=ADVANCED_FACE('',(#5292),#438,.T.);
#5881=ADVANCED_FACE('',(#5293),#5708,.F.);
#5882=ADVANCED_FACE('',(#5294),#5709,.F.);
#5883=ADVANCED_FACE('',(#5295),#5710,.F.);
#5884=ADVANCED_FACE('',(#5296),#439,.T.);
#5885=ADVANCED_FACE('',(#5297),#5711,.T.);
#5886=ADVANCED_FACE('',(#5298),#5712,.F.);
#5887=ADVANCED_FACE('',(#5299),#5713,.F.);
#5888=ADVANCED_FACE('',(#5300),#5714,.T.);
#5889=ADVANCED_FACE('',(#5301),#5715,.F.);
#5890=ADVANCED_FACE('',(#5302),#5716,.F.);
#5891=ADVANCED_FACE('',(#5303),#5717,.T.);
#5892=ADVANCED_FACE('',(#5304),#5718,.T.);
#5893=ADVANCED_FACE('',(#5305),#5719,.T.);
#5894=ADVANCED_FACE('',(#5306),#5720,.T.);
#5895=ADVANCED_FACE('',(#5307),#5721,.T.);
#5896=ADVANCED_FACE('',(#5308),#5722,.T.);
#5897=ADVANCED_FACE('',(#5309),#5723,.T.);
#5898=ADVANCED_FACE('',(#5310),#5724,.T.);
#5899=ADVANCED_FACE('',(#5311),#5725,.T.);
#5900=ADVANCED_FACE('',(#5312),#5726,.T.);
#5901=ADVANCED_FACE('',(#5313),#5727,.F.);
#5902=ADVANCED_FACE('',(#5314),#5728,.F.);
#5903=ADVANCED_FACE('',(#5315),#5729,.F.);
#5904=ADVANCED_FACE('',(#5316),#5730,.F.);
#5905=ADVANCED_FACE('',(#5317),#5731,.F.);
#5906=ADVANCED_FACE('',(#5318),#5732,.F.);
#5907=ADVANCED_FACE('',(#5319),#5733,.F.);
#5908=ADVANCED_FACE('',(#5320),#5734,.F.);
#5909=ADVANCED_FACE('',(#5321),#5735,.T.);
#5910=ADVANCED_FACE('',(#5322),#5736,.T.);
#5911=ADVANCED_FACE('',(#5323),#5737,.F.);
#5912=ADVANCED_FACE('',(#5324),#5738,.F.);
#5913=ADVANCED_FACE('',(#5325),#5739,.F.);
#5914=ADVANCED_FACE('',(#5326),#5740,.T.);
#5915=ADVANCED_FACE('',(#5327),#5741,.F.);
#5916=ADVANCED_FACE('',(#5328),#5742,.F.);
#5917=ADVANCED_FACE('',(#5329),#5743,.F.);
#5918=ADVANCED_FACE('',(#5330),#5744,.F.);
#5919=ADVANCED_FACE('',(#5331),#5745,.F.);
#5920=ADVANCED_FACE('',(#5332),#5746,.F.);
#5921=ADVANCED_FACE('',(#5333),#5747,.F.);
#5922=ADVANCED_FACE('',(#5334),#5748,.T.);
#5923=ADVANCED_FACE('',(#5335),#5749,.F.);
#5924=ADVANCED_FACE('',(#5336),#5750,.T.);
#5925=ADVANCED_FACE('',(#5337),#5751,.T.);
#5926=ADVANCED_FACE('',(#5338),#5752,.T.);
#5927=ADVANCED_FACE('',(#5339),#5753,.T.);
#5928=ADVANCED_FACE('',(#5340),#5754,.T.);
#5929=ADVANCED_FACE('',(#5341),#440,.T.);
#5930=ADVANCED_FACE('',(#5342),#5755,.F.);
#5931=ADVANCED_FACE('',(#5343,#5344),#441,.F.);
#5932=ADVANCED_FACE('',(#5345,#5346),#442,.F.);
#5933=ADVANCED_FACE('',(#5347,#5348),#443,.F.);
#5934=ADVANCED_FACE('',(#5349,#5350),#444,.F.);
#5935=ADVANCED_FACE('',(#5351,#5352),#445,.F.);
#5936=ADVANCED_FACE('',(#5353,#5354),#446,.F.);
#5937=ADVANCED_FACE('',(#5355,#5356),#447,.F.);
#5938=ADVANCED_FACE('',(#5357,#5358),#448,.F.);
#5939=ADVANCED_FACE('',(#5359),#5756,.T.);
#5940=ADVANCED_FACE('',(#5360),#5757,.T.);
#5941=ADVANCED_FACE('',(#5361),#5758,.T.);
#5942=ADVANCED_FACE('',(#5362),#5759,.F.);
#5943=ADVANCED_FACE('',(#5363),#449,.T.);
#5944=ADVANCED_FACE('',(#5364,#5365,#5366,#5367,#5368,#5369,#5370,#5371,
#5372,#5373,#5374,#5375,#5376,#5377,#5378),#5760,.T.);
#5945=ADVANCED_FACE('',(#5379,#5380,#5381,#5382,#5383,#5384,#5385,#5386,
#5387,#5388,#5389,#5390,#5391,#5392,#5393),#5761,.F.);
#5946=ADVANCED_FACE('',(#5394),#450,.F.);
#5947=ADVANCED_FACE('',(#5395),#451,.F.);
#5948=ADVANCED_FACE('',(#5396),#452,.F.);
#5949=ADVANCED_FACE('',(#5397),#453,.F.);
#5950=ADVANCED_FACE('',(#5398),#454,.F.);
#5951=ADVANCED_FACE('',(#5399),#455,.F.);
#5952=ADVANCED_FACE('',(#5400),#456,.F.);
#5953=ADVANCED_FACE('',(#5401),#457,.F.);
#5954=ADVANCED_FACE('',(#5402),#458,.F.);
#5955=ADVANCED_FACE('',(#5403),#459,.F.);
#5956=ADVANCED_FACE('',(#5404),#460,.F.);
#5957=ADVANCED_FACE('',(#5405),#461,.F.);
#5958=ADVANCED_FACE('',(#5406),#462,.F.);
#5959=ADVANCED_FACE('',(#5407),#463,.F.);
#5960=ADVANCED_FACE('',(#5408),#464,.F.);
#5961=ADVANCED_FACE('',(#5409),#465,.F.);
#5962=ADVANCED_FACE('',(#5410),#466,.F.);
#5963=ADVANCED_FACE('',(#5411),#467,.F.);
#5964=ADVANCED_FACE('',(#5412),#468,.F.);
#5965=ADVANCED_FACE('',(#5413),#469,.F.);
#5966=ADVANCED_FACE('',(#5414),#470,.F.);
#5967=ADVANCED_FACE('',(#5415),#471,.F.);
#5968=ADVANCED_FACE('',(#5416),#472,.F.);
#5969=ADVANCED_FACE('',(#5417),#473,.F.);
#5970=ADVANCED_FACE('',(#5418),#474,.F.);
#5971=ADVANCED_FACE('',(#5419),#475,.F.);
#5972=ADVANCED_FACE('',(#5420),#476,.F.);
#5973=ADVANCED_FACE('',(#5421),#477,.F.);
#5974=ADVANCED_FACE('',(#5422),#478,.F.);
#5975=ADVANCED_FACE('',(#5423),#479,.F.);
#5976=ADVANCED_FACE('',(#5424),#480,.F.);
#5977=ADVANCED_FACE('',(#5425),#481,.F.);
#5978=ADVANCED_FACE('',(#5426),#482,.F.);
#5979=ADVANCED_FACE('',(#5427),#483,.F.);
#5980=ADVANCED_FACE('',(#5428),#484,.F.);
#5981=ADVANCED_FACE('',(#5429),#485,.F.);
#5982=ADVANCED_FACE('',(#5430),#486,.F.);
#5983=ADVANCED_FACE('',(#5431),#487,.F.);
#5984=ADVANCED_FACE('',(#5432),#488,.F.);
#5985=ADVANCED_FACE('',(#5433),#489,.F.);
#5986=ADVANCED_FACE('',(#5434),#490,.F.);
#5987=ADVANCED_FACE('',(#5435),#491,.F.);
#5988=ADVANCED_FACE('',(#5436),#492,.T.);
#5989=ADVANCED_FACE('',(#5437),#493,.T.);
#5990=ADVANCED_FACE('',(#5438),#494,.T.);
#5991=ADVANCED_FACE('',(#5439),#495,.T.);
#5992=ADVANCED_FACE('',(#5440),#496,.T.);
#5993=ADVANCED_FACE('',(#5441),#497,.T.);
#5994=ADVANCED_FACE('',(#5442),#498,.T.);
#5995=ADVANCED_FACE('',(#5443),#499,.T.);
#5996=ADVANCED_FACE('',(#5444),#500,.T.);
#5997=ADVANCED_FACE('',(#5445),#501,.T.);
#5998=ADVANCED_FACE('',(#5446),#502,.T.);
#5999=ADVANCED_FACE('',(#5447),#503,.T.);
#6000=ADVANCED_FACE('',(#5448),#504,.T.);
#6001=ADVANCED_FACE('',(#5449),#505,.T.);
#6002=ADVANCED_FACE('',(#5450),#506,.T.);
#6003=ADVANCED_FACE('',(#5451),#507,.T.);
#6004=ADVANCED_FACE('',(#5452),#508,.T.);
#6005=ADVANCED_FACE('',(#5453),#509,.T.);
#6006=ADVANCED_FACE('',(#5454),#510,.T.);
#6007=ADVANCED_FACE('',(#5455),#511,.T.);
#6008=ADVANCED_FACE('',(#5456),#5762,.F.);
#6009=ADVANCED_FACE('',(#5457),#12,.T.);
#6010=ADVANCED_FACE('',(#5458),#13,.T.);
#6011=ADVANCED_FACE('',(#5459),#5763,.F.);
#6012=ADVANCED_FACE('',(#5460),#5764,.F.);
#6013=ADVANCED_FACE('',(#5461),#14,.F.);
#6014=ADVANCED_FACE('',(#5462),#15,.F.);
#6015=ADVANCED_FACE('',(#5463),#5765,.F.);
#6016=ADVANCED_FACE('',(#5464),#5766,.F.);
#6017=ADVANCED_FACE('',(#5465),#16,.T.);
#6018=ADVANCED_FACE('',(#5466),#17,.F.);
#6019=ADVANCED_FACE('',(#5467),#5767,.T.);
#6020=ADVANCED_FACE('',(#5468),#5768,.F.);
#6021=ADVANCED_FACE('',(#5469),#18,.T.);
#6022=ADVANCED_FACE('',(#5470),#19,.T.);
#6023=ADVANCED_FACE('',(#5471),#5769,.F.);
#6024=ADVANCED_FACE('',(#5472),#5770,.F.);
#6025=ADVANCED_FACE('',(#5473),#20,.T.);
#6026=ADVANCED_FACE('',(#5474),#21,.T.);
#6027=ADVANCED_FACE('',(#5475),#5771,.F.);
#6028=ADVANCED_FACE('',(#5476),#5772,.T.);
#6029=ADVANCED_FACE('',(#5477),#22,.T.);
#6030=ADVANCED_FACE('',(#5478),#23,.T.);
#6031=ADVANCED_FACE('',(#5479),#5773,.F.);
#6032=ADVANCED_FACE('',(#5480),#5774,.T.);
#6033=ADVANCED_FACE('',(#5481),#24,.F.);
#6034=ADVANCED_FACE('',(#5482),#25,.T.);
#6035=ADVANCED_FACE('',(#5483),#5775,.F.);
#6036=ADVANCED_FACE('',(#5484),#5776,.T.);
#6037=ADVANCED_FACE('',(#5485),#26,.F.);
#6038=ADVANCED_FACE('',(#5486),#27,.F.);
#6039=ADVANCED_FACE('',(#5487),#5777,.F.);
#6040=ADVANCED_FACE('',(#5488),#5778,.T.);
#6041=ADVANCED_FACE('',(#5489),#28,.F.);
#6042=ADVANCED_FACE('',(#5490),#29,.F.);
#6043=ADVANCED_FACE('',(#5491),#5779,.T.);
#6044=ADVANCED_FACE('',(#5492),#5780,.T.);
#6045=ADVANCED_FACE('',(#5493),#30,.F.);
#6046=ADVANCED_FACE('',(#5494),#31,.T.);
#6047=ADVANCED_FACE('',(#5495),#5781,.F.);
#6048=ADVANCED_FACE('',(#5496),#5782,.T.);
#6049=ADVANCED_FACE('',(#5497),#32,.F.);
#6050=ADVANCED_FACE('',(#5498),#33,.T.);
#6051=ADVANCED_FACE('',(#5499),#5783,.T.);
#6052=ADVANCED_FACE('',(#5500),#5784,.T.);
#6053=ADVANCED_FACE('',(#5501),#34,.F.);
#6054=ADVANCED_FACE('',(#5502),#35,.T.);
#6055=ADVANCED_FACE('',(#5503),#5785,.T.);
#6056=ADVANCED_FACE('',(#5504),#5786,.T.);
#6057=ADVANCED_FACE('',(#5505),#36,.F.);
#6058=ADVANCED_FACE('',(#5506),#37,.T.);
#6059=ADVANCED_FACE('',(#5507),#5787,.T.);
#6060=ADVANCED_FACE('',(#5508),#5788,.F.);
#6061=ADVANCED_FACE('',(#5509),#38,.F.);
#6062=ADVANCED_FACE('',(#5510),#39,.F.);
#6063=ADVANCED_FACE('',(#5511),#5789,.T.);
#6064=ADVANCED_FACE('',(#5512),#5790,.F.);
#6065=ADVANCED_FACE('',(#5513),#40,.T.);
#6066=ADVANCED_FACE('',(#5514),#41,.F.);
#6067=ADVANCED_FACE('',(#5515),#5791,.T.);
#6068=ADVANCED_FACE('',(#5516),#5792,.T.);
#6069=ADVANCED_FACE('',(#5517),#42,.T.);
#6070=ADVANCED_FACE('',(#5518),#43,.T.);
#6071=ADVANCED_FACE('',(#5519),#5793,.T.);
#6072=ADVANCED_FACE('',(#5520),#5794,.T.);
#6073=ADVANCED_FACE('',(#5521),#44,.T.);
#6074=ADVANCED_FACE('',(#5522),#45,.T.);
#6075=ADVANCED_FACE('',(#5523),#5795,.T.);
#6076=ADVANCED_FACE('',(#5524),#5796,.T.);
#6077=ADVANCED_FACE('',(#5525),#46,.T.);
#6078=ADVANCED_FACE('',(#5526),#47,.F.);
#6079=ADVANCED_FACE('',(#5527),#5797,.F.);
#6080=ADVANCED_FACE('',(#5528),#5798,.T.);
#6081=ADVANCED_FACE('',(#5529),#48,.T.);
#6082=ADVANCED_FACE('',(#5530),#49,.T.);
#6083=ADVANCED_FACE('',(#5531),#5799,.T.);
#6084=ADVANCED_FACE('',(#5532),#5800,.T.);
#6085=ADVANCED_FACE('',(#5533),#50,.F.);
#6086=ADVANCED_FACE('',(#5534),#51,.F.);
#6087=ADVANCED_FACE('',(#5535),#5801,.T.);
#6088=ADVANCED_FACE('',(#5536),#5802,.T.);
#6089=ADVANCED_FACE('',(#5537),#52,.T.);
#6090=ADVANCED_FACE('',(#5538),#53,.F.);
#6091=ADVANCED_FACE('',(#5539),#5803,.F.);
#6092=ADVANCED_FACE('',(#5540),#5804,.T.);
#6093=ADVANCED_FACE('',(#5541),#54,.T.);
#6094=ADVANCED_FACE('',(#5542),#55,.T.);
#6095=ADVANCED_FACE('',(#5543),#5805,.T.);
#6096=ADVANCED_FACE('',(#5544),#5806,.T.);
#6097=ADVANCED_FACE('',(#5545),#56,.T.);
#6098=ADVANCED_FACE('',(#5546),#57,.T.);
#6099=ADVANCED_FACE('',(#5547),#5807,.T.);
#6100=ADVANCED_FACE('',(#5548),#5808,.F.);
#6101=ADVANCED_FACE('',(#5549),#58,.T.);
#6102=ADVANCED_FACE('',(#5550),#59,.T.);
#6103=ADVANCED_FACE('',(#5551),#5809,.T.);
#6104=ADVANCED_FACE('',(#5552),#5810,.F.);
#6105=ADVANCED_FACE('',(#5553),#60,.F.);
#6106=ADVANCED_FACE('',(#5554),#61,.T.);
#6107=ADVANCED_FACE('',(#5555),#5811,.T.);
#6108=ADVANCED_FACE('',(#5556),#5812,.F.);
#6109=ADVANCED_FACE('',(#5557),#62,.F.);
#6110=ADVANCED_FACE('',(#5558),#63,.F.);
#6111=ADVANCED_FACE('',(#5559),#5813,.T.);
#6112=ADVANCED_FACE('',(#5560),#5814,.F.);
#6113=ADVANCED_FACE('',(#5561),#64,.F.);
#6114=ADVANCED_FACE('',(#5562),#65,.F.);
#6115=ADVANCED_FACE('',(#5563),#5815,.F.);
#6116=ADVANCED_FACE('',(#5564),#5816,.F.);
#6117=ADVANCED_FACE('',(#5565),#66,.F.);
#6118=ADVANCED_FACE('',(#5566),#67,.T.);
#6119=ADVANCED_FACE('',(#5567),#5817,.T.);
#6120=ADVANCED_FACE('',(#5568),#5818,.F.);
#6121=ADVANCED_FACE('',(#5569),#68,.F.);
#6122=ADVANCED_FACE('',(#5570),#69,.T.);
#6123=ADVANCED_FACE('',(#5571),#5819,.F.);
#6124=ADVANCED_FACE('',(#5572),#5820,.F.);
#6125=ADVANCED_FACE('',(#5573),#70,.F.);
#6126=ADVANCED_FACE('',(#5574),#71,.T.);
#6127=ADVANCED_FACE('',(#5575),#5821,.F.);
#6128=ADVANCED_FACE('',(#5576),#5822,.F.);
#6129=ADVANCED_FACE('',(#5577),#72,.F.);
#6130=ADVANCED_FACE('',(#5578),#73,.T.);
#6131=ADVANCED_FACE('',(#5579),#5823,.F.);
#6132=ADVANCED_FACE('',(#5580),#5824,.T.);
#6133=ADVANCED_FACE('',(#5581),#74,.F.);
#6134=ADVANCED_FACE('',(#5582),#75,.F.);
#6135=ADVANCED_FACE('',(#5583),#5825,.F.);
#6136=ADVANCED_FACE('',(#5584),#5826,.T.);
#6137=ADVANCED_FACE('',(#5585),#76,.T.);
#6138=ADVANCED_FACE('',(#5586),#77,.F.);
#6139=ADVANCED_FACE('',(#5587),#5827,.F.);
#6140=ADVANCED_FACE('',(#5588),#5828,.F.);
#6141=ADVANCED_FACE('',(#5589),#78,.T.);
#6142=ADVANCED_FACE('',(#5590),#79,.T.);
#6143=ADVANCED_FACE('',(#5591),#5829,.F.);
#6144=ADVANCED_FACE('',(#5592),#5830,.F.);
#6145=ADVANCED_FACE('',(#5593),#80,.T.);
#6146=ADVANCED_FACE('',(#5594),#81,.T.);
#6147=ADVANCED_FACE('',(#5595),#5831,.F.);
#6148=ADVANCED_FACE('',(#5596),#5832,.F.);
#6149=ADVANCED_FACE('',(#5597),#82,.T.);
#6150=ADVANCED_FACE('',(#5598),#83,.F.);
#6151=ADVANCED_FACE('',(#5599),#5833,.T.);
#6152=ADVANCED_FACE('',(#5600),#5834,.T.);
#6153=ADVANCED_FACE('',(#5601),#84,.F.);
#6154=ADVANCED_FACE('',(#5602),#85,.F.);
#6155=ADVANCED_FACE('',(#5603),#86,.T.);
#6156=ADVANCED_FACE('',(#5604),#5835,.T.);
#6157=ADVANCED_FACE('',(#5605),#87,.F.);
#6158=ADVANCED_FACE('',(#5606),#88,.F.);
#6159=ADVANCED_FACE('',(#5607),#5836,.T.);
#6160=ADVANCED_FACE('',(#5608),#5837,.T.);
#6161=ADVANCED_FACE('',(#5609),#89,.F.);
#6162=ADVANCED_FACE('',(#5610),#90,.F.);
#6163=ADVANCED_FACE('',(#5611),#91,.T.);
#6164=ADVANCED_FACE('',(#5612),#5838,.F.);
#6165=ADVANCED_FACE('',(#5613),#92,.F.);
#6166=ADVANCED_FACE('',(#5614),#93,.F.);
#6167=ADVANCED_FACE('',(#5615),#94,.T.);
#6168=ADVANCED_FACE('',(#5616),#5839,.F.);
#6169=ADVANCED_FACE('',(#5617),#95,.F.);
#6170=ADVANCED_FACE('',(#5618),#96,.F.);
#6171=ADVANCED_FACE('',(#5619),#5840,.F.);
#6172=ADVANCED_FACE('',(#5620),#5841,.F.);
#6173=ADVANCED_FACE('',(#5621),#97,.F.);
#6174=ADVANCED_FACE('',(#5622),#98,.F.);
#6175=ADVANCED_FACE('',(#5623),#99,.T.);
#6176=ADVANCED_FACE('',(#5624),#5842,.F.);
#6177=ADVANCED_FACE('',(#5625),#100,.F.);
#6178=ADVANCED_FACE('',(#5626),#101,.F.);
#6179=ADVANCED_FACE('',(#5627),#5843,.F.);
#6180=ADVANCED_FACE('',(#5628),#5844,.T.);
#6181=ADVANCED_FACE('',(#5629),#102,.F.);
#6182=ADVANCED_FACE('',(#5630),#103,.F.);
#6183=ADVANCED_FACE('',(#5631),#5845,.T.);
#6184=ADVANCED_FACE('',(#5632),#5846,.T.);
#6185=ADVANCED_FACE('',(#5633),#104,.F.);
#6186=ADVANCED_FACE('',(#5634),#105,.F.);
#6187=ADVANCED_FACE('',(#5635),#5847,.T.);
#6188=ADVANCED_FACE('',(#5636),#5848,.F.);
#6189=ADVANCED_FACE('',(#5637),#106,.F.);
#6190=ADVANCED_FACE('',(#5638),#107,.F.);
#6191=ADVANCED_FACE('',(#5639),#5849,.F.);
#6192=ADVANCED_FACE('',(#5640),#5850,.F.);
#6193=ADVANCED_FACE('',(#5641),#108,.F.);
#6194=ADVANCED_FACE('',(#5642),#109,.F.);
#6195=ADVANCED_FACE('',(#5643),#5851,.F.);
#6196=ADVANCED_FACE('',(#5644),#5852,.T.);
#6197=ADVANCED_FACE('',(#5645),#110,.F.);
#6198=ADVANCED_FACE('',(#5646),#111,.F.);
#6199=ADVANCED_FACE('',(#5647),#5853,.T.);
#6200=ADVANCED_FACE('',(#5648),#5854,.T.);
#6201=ADVANCED_FACE('',(#5649),#112,.F.);
#6202=ADVANCED_FACE('',(#5650),#113,.F.);
#6203=ADVANCED_FACE('',(#5651),#5855,.T.);
#6204=ADVANCED_FACE('',(#5652),#5856,.F.);
#6205=ADVANCED_FACE('',(#5653),#114,.F.);
#6206=ADVANCED_FACE('',(#5654),#115,.F.);
#6207=ADVANCED_FACE('',(#5655),#5857,.F.);
#6208=ADVANCED_FACE('',(#5656),#5858,.F.);
#6209=ADVANCED_FACE('',(#5657),#116,.F.);
#6210=ADVANCED_FACE('',(#5658),#117,.F.);
#6211=ADVANCED_FACE('',(#5659),#118,.T.);
#6212=ADVANCED_FACE('',(#5660),#119,.T.);
#6213=ADVANCED_FACE('',(#5661),#120,.F.);
#6214=ADVANCED_FACE('',(#5662),#121,.F.);
#6215=ADVANCED_FACE('',(#5663),#5859,.F.);
#6216=ADVANCED_FACE('',(#5664),#5860,.T.);
#6217=ADVANCED_FACE('',(#5665),#122,.F.);
#6218=ADVANCED_FACE('',(#5666),#123,.F.);
#6219=ADVANCED_FACE('',(#5667),#124,.T.);
#6220=ADVANCED_FACE('',(#5668),#125,.T.);
#6221=ADVANCED_FACE('',(#5669),#126,.F.);
#6222=ADVANCED_FACE('',(#5670),#127,.F.);
#6223=ADVANCED_FACE('',(#5671),#5861,.T.);
#6224=ADVANCED_FACE('',(#5672),#5862,.T.);
#6225=ADVANCED_FACE('',(#5673),#128,.F.);
#6226=ADVANCED_FACE('',(#5674),#129,.F.);
#6227=ADVANCED_FACE('',(#5675),#130,.T.);
#6228=ADVANCED_FACE('',(#5676),#131,.T.);
#6229=ADVANCED_FACE('',(#5677),#132,.F.);
#6230=ADVANCED_FACE('',(#5678),#133,.F.);
#6231=ADVANCED_FACE('',(#5679),#5863,.T.);
#6232=ADVANCED_FACE('',(#5680),#5864,.F.);
#6233=ADVANCED_FACE('',(#5681),#134,.F.);
#6234=ADVANCED_FACE('',(#5682),#135,.F.);
#6235=ADVANCED_FACE('',(#5683),#136,.T.);
#6236=ADVANCED_FACE('',(#5684),#137,.T.);
#6237=ADVANCED_FACE('',(#5685),#138,.F.);
#6238=ADVANCED_FACE('',(#5686),#139,.F.);
#6239=ADVANCED_FACE('',(#5687),#5865,.F.);
#6240=ADVANCED_FACE('',(#5688),#5866,.F.);
#6241=ADVANCED_FACE('',(#5689),#140,.F.);
#6242=ADVANCED_FACE('',(#5690),#141,.F.);
#6243=ADVANCED_FACE('',(#5691),#5867,.F.);
#6244=ADVANCED_FACE('',(#5692),#5868,.F.);
#6245=ADVANCED_FACE('',(#5693),#142,.F.);
#6246=ADVANCED_FACE('',(#5694),#143,.F.);
#6247=ADVANCED_FACE('',(#5695),#5869,.F.);
#6248=ADVANCED_FACE('',(#5696),#5870,.T.);
#6249=ADVANCED_FACE('',(#5697),#144,.F.);
#6250=ADVANCED_FACE('',(#5698),#145,.F.);
#6251=ADVANCED_FACE('',(#5699),#5871,.T.);
#6252=ADVANCED_FACE('',(#5700),#5872,.T.);
#6253=ADVANCED_FACE('',(#5701),#146,.F.);
#6254=ADVANCED_FACE('',(#5702),#147,.F.);
#6255=ADVANCED_FACE('',(#5703),#5873,.T.);
#6256=CLOSED_SHELL('',(#5874,#5875,#5876,#5877,#5878,#5879,#5880,#5881,
#5882,#5883,#5884,#5885,#5886,#5887,#5888,#5889,#5890,#5891,#5892,#5893,
#5894,#5895,#5896,#5897,#5898,#5899,#5900,#5901,#5902,#5903,#5904,#5905,
#5906,#5907,#5908,#5909,#5910,#5911,#5912,#5913,#5914,#5915,#5916,#5917,
#5918,#5919,#5920,#5921,#5922,#5923,#5924,#5925,#5926,#5927,#5928,#5929,
#5930,#5931,#5932,#5933,#5934,#5935,#5936,#5937,#5938,#5939,#5940,#5941,
#5942,#5943,#5944,#5945,#5946,#5947,#5948,#5949,#5950,#5951,#5952,#5953,
#5954,#5955,#5956,#5957,#5958,#5959,#5960,#5961,#5962,#5963,#5964,#5965,
#5966,#5967,#5968,#5969,#5970,#5971,#5972,#5973,#5974,#5975,#5976,#5977,
#5978,#5979,#5980,#5981,#5982,#5983,#5984,#5985,#5986,#5987,#5988,#5989,
#5990,#5991,#5992,#5993,#5994,#5995,#5996,#5997,#5998,#5999,#6000,#6001,
#6002,#6003,#6004,#6005,#6006,#6007,#6008,#6009,#6010,#6011,#6012,#6013,
#6014,#6015,#6016,#6017,#6018,#6019,#6020,#6021,#6022,#6023,#6024,#6025,
#6026,#6027,#6028,#6029,#6030,#6031,#6032,#6033,#6034,#6035,#6036,#6037,
#6038,#6039,#6040,#6041,#6042,#6043,#6044,#6045,#6046,#6047,#6048,#6049,
#6050,#6051,#6052,#6053,#6054,#6055,#6056,#6057,#6058,#6059,#6060,#6061,
#6062,#6063,#6064,#6065,#6066,#6067,#6068,#6069,#6070,#6071,#6072,#6073,
#6074,#6075,#6076,#6077,#6078,#6079,#6080,#6081,#6082,#6083,#6084,#6085,
#6086,#6087,#6088,#6089,#6090,#6091,#6092,#6093,#6094,#6095,#6096,#6097,
#6098,#6099,#6100,#6101,#6102,#6103,#6104,#6105,#6106,#6107,#6108,#6109,
#6110,#6111,#6112,#6113,#6114,#6115,#6116,#6117,#6118,#6119,#6120,#6121,
#6122,#6123,#6124,#6125,#6126,#6127,#6128,#6129,#6130,#6131,#6132,#6133,
#6134,#6135,#6136,#6137,#6138,#6139,#6140,#6141,#6142,#6143,#6144,#6145,
#6146,#6147,#6148,#6149,#6150,#6151,#6152,#6153,#6154,#6155,#6156,#6157,
#6158,#6159,#6160,#6161,#6162,#6163,#6164,#6165,#6166,#6167,#6168,#6169,
#6170,#6171,#6172,#6173,#6174,#6175,#6176,#6177,#6178,#6179,#6180,#6181,
#6182,#6183,#6184,#6185,#6186,#6187,#6188,#6189,#6190,#6191,#6192,#6193,
#6194,#6195,#6196,#6197,#6198,#6199,#6200,#6201,#6202,#6203,#6204,#6205,
#6206,#6207,#6208,#6209,#6210,#6211,#6212,#6213,#6214,#6215,#6216,#6217,
#6218,#6219,#6220,#6221,#6222,#6223,#6224,#6225,#6226,#6227,#6228,#6229,
#6230,#6231,#6232,#6233,#6234,#6235,#6236,#6237,#6238,#6239,#6240,#6241,
#6242,#6243,#6244,#6245,#6246,#6247,#6248,#6249,#6250,#6251,#6252,#6253,
#6254,#6255));
#6257=STYLED_ITEM('',(#6258),#6265);
#6258=PRESENTATION_STYLE_ASSIGNMENT((#6259));
#6259=SURFACE_STYLE_USAGE(.BOTH.,#6260);
#6260=SURFACE_SIDE_STYLE('',(#6261));
#6261=SURFACE_STYLE_FILL_AREA(#6262);
#6262=FILL_AREA_STYLE('',(#6263));
#6263=FILL_AREA_STYLE_COLOUR('',#6264);
#6264=COLOUR_RGB('',0.501960784313726,0.501960784313726,0.501960784313726);
#6265=MANIFOLD_SOLID_BREP('Top',#6256);
#6266=SHAPE_DEFINITION_REPRESENTATION(#10662,#6267);
#6267=SHAPE_REPRESENTATION('Top',(#6268),#10657);
#6268=AXIS2_PLACEMENT_3D('',#8877,#6939,#6940);
#6269=AXIS2_PLACEMENT_3D('',#8878,#6941,#6942);
#6270=AXIS2_PLACEMENT_3D('',#8887,#6947,#6948);
#6271=AXIS2_PLACEMENT_3D('',#8891,#6950,#6951);
#6272=AXIS2_PLACEMENT_3D('',#8895,#6953,#6954);
#6273=AXIS2_PLACEMENT_3D('',#8896,#6955,#6956);
#6274=AXIS2_PLACEMENT_3D('',#8905,#6961,#6962);
#6275=AXIS2_PLACEMENT_3D('',#8914,#6967,#6968);
#6276=AXIS2_PLACEMENT_3D('',#8918,#6970,#6971);
#6277=AXIS2_PLACEMENT_3D('',#8922,#6973,#6974);
#6278=AXIS2_PLACEMENT_3D('',#8923,#6975,#6976);
#6279=AXIS2_PLACEMENT_3D('',#8932,#6981,#6982);
#6280=AXIS2_PLACEMENT_3D('',#8936,#6984,#6985);
#6281=AXIS2_PLACEMENT_3D('',#8940,#6987,#6988);
#6282=AXIS2_PLACEMENT_3D('',#8941,#6989,#6990);
#6283=AXIS2_PLACEMENT_3D('',#8950,#6995,#6996);
#6284=AXIS2_PLACEMENT_3D('',#8959,#7001,#7002);
#6285=AXIS2_PLACEMENT_3D('',#8968,#7007,#7008);
#6286=AXIS2_PLACEMENT_3D('',#8972,#7010,#7011);
#6287=AXIS2_PLACEMENT_3D('',#8976,#7013,#7014);
#6288=AXIS2_PLACEMENT_3D('',#8977,#7015,#7016);
#6289=AXIS2_PLACEMENT_3D('',#8986,#7021,#7022);
#6290=AXIS2_PLACEMENT_3D('',#8995,#7027,#7028);
#6291=AXIS2_PLACEMENT_3D('',#9004,#7033,#7034);
#6292=AXIS2_PLACEMENT_3D('',#9013,#7039,#7040);
#6293=AXIS2_PLACEMENT_3D('',#9022,#7045,#7046);
#6294=AXIS2_PLACEMENT_3D('',#9031,#7051,#7052);
#6295=AXIS2_PLACEMENT_3D('',#9040,#7057,#7058);
#6296=AXIS2_PLACEMENT_3D('',#9049,#7063,#7064);
#6297=AXIS2_PLACEMENT_3D('',#9058,#7069,#7070);
#6298=AXIS2_PLACEMENT_3D('',#9067,#7075,#7076);
#6299=AXIS2_PLACEMENT_3D('',#9076,#7081,#7082);
#6300=AXIS2_PLACEMENT_3D('',#9085,#7087,#7088);
#6301=AXIS2_PLACEMENT_3D('',#9094,#7093,#7094);
#6302=AXIS2_PLACEMENT_3D('',#9103,#7099,#7100);
#6303=AXIS2_PLACEMENT_3D('',#9112,#7105,#7106);
#6304=AXIS2_PLACEMENT_3D('',#9121,#7111,#7112);
#6305=AXIS2_PLACEMENT_3D('',#9130,#7117,#7118);
#6306=AXIS2_PLACEMENT_3D('',#9139,#7123,#7124);
#6307=AXIS2_PLACEMENT_3D('',#9148,#7129,#7130);
#6308=AXIS2_PLACEMENT_3D('',#9157,#7135,#7136);
#6309=AXIS2_PLACEMENT_3D('',#9166,#7141,#7142);
#6310=AXIS2_PLACEMENT_3D('',#9175,#7147,#7148);
#6311=AXIS2_PLACEMENT_3D('',#9184,#7153,#7154);
#6312=AXIS2_PLACEMENT_3D('',#9193,#7159,#7160);
#6313=AXIS2_PLACEMENT_3D('',#9202,#7165,#7166);
#6314=AXIS2_PLACEMENT_3D('',#9211,#7171,#7172);
#6315=AXIS2_PLACEMENT_3D('',#9220,#7177,#7178);
#6316=AXIS2_PLACEMENT_3D('',#9229,#7183,#7184);
#6317=AXIS2_PLACEMENT_3D('',#9238,#7189,#7190);
#6318=AXIS2_PLACEMENT_3D('',#9247,#7195,#7196);
#6319=AXIS2_PLACEMENT_3D('',#9256,#7201,#7202);
#6320=AXIS2_PLACEMENT_3D('',#9265,#7207,#7208);
#6321=AXIS2_PLACEMENT_3D('',#9274,#7213,#7214);
#6322=AXIS2_PLACEMENT_3D('',#9283,#7219,#7220);
#6323=AXIS2_PLACEMENT_3D('',#9292,#7225,#7226);
#6324=AXIS2_PLACEMENT_3D('',#9301,#7231,#7232);
#6325=AXIS2_PLACEMENT_3D('',#9310,#7237,#7238);
#6326=AXIS2_PLACEMENT_3D('',#9319,#7243,#7244);
#6327=AXIS2_PLACEMENT_3D('',#9328,#7249,#7250);
#6328=AXIS2_PLACEMENT_3D('',#9337,#7255,#7256);
#6329=AXIS2_PLACEMENT_3D('',#9346,#7261,#7262);
#6330=AXIS2_PLACEMENT_3D('',#9355,#7267,#7268);
#6331=AXIS2_PLACEMENT_3D('',#9364,#7273,#7274);
#6332=AXIS2_PLACEMENT_3D('',#9373,#7279,#7280);
#6333=AXIS2_PLACEMENT_3D('',#9377,#7282,#7283);
#6334=AXIS2_PLACEMENT_3D('',#9381,#7285,#7286);
#6335=AXIS2_PLACEMENT_3D('',#9382,#7287,#7288);
#6336=AXIS2_PLACEMENT_3D('',#9391,#7293,#7294);
#6337=AXIS2_PLACEMENT_3D('',#9392,#7295,#7296);
#6338=AXIS2_PLACEMENT_3D('',#9394,#7297,#7298);
#6339=AXIS2_PLACEMENT_3D('',#9396,#7299,#7300);
#6340=AXIS2_PLACEMENT_3D('',#9397,#7301,#7302);
#6341=AXIS2_PLACEMENT_3D('',#9399,#7303,#7304);
#6342=AXIS2_PLACEMENT_3D('',#9401,#7305,#7306);
#6343=AXIS2_PLACEMENT_3D('',#9402,#7307,#7308);
#6344=AXIS2_PLACEMENT_3D('',#9404,#7309,#7310);
#6345=AXIS2_PLACEMENT_3D('',#9406,#7311,#7312);
#6346=AXIS2_PLACEMENT_3D('',#9407,#7313,#7314);
#6347=AXIS2_PLACEMENT_3D('',#9409,#7315,#7316);
#6348=AXIS2_PLACEMENT_3D('',#9411,#7317,#7318);
#6349=AXIS2_PLACEMENT_3D('',#9412,#7319,#7320);
#6350=AXIS2_PLACEMENT_3D('',#9414,#7321,#7322);
#6351=AXIS2_PLACEMENT_3D('',#9416,#7323,#7324);
#6352=AXIS2_PLACEMENT_3D('',#9417,#7325,#7326);
#6353=AXIS2_PLACEMENT_3D('',#9419,#7327,#7328);
#6354=AXIS2_PLACEMENT_3D('',#9421,#7329,#7330);
#6355=AXIS2_PLACEMENT_3D('',#9422,#7331,#7332);
#6356=AXIS2_PLACEMENT_3D('',#9424,#7333,#7334);
#6357=AXIS2_PLACEMENT_3D('',#9426,#7335,#7336);
#6358=AXIS2_PLACEMENT_3D('',#9427,#7337,#7338);
#6359=AXIS2_PLACEMENT_3D('',#9429,#7339,#7340);
#6360=AXIS2_PLACEMENT_3D('',#9431,#7341,#7342);
#6361=AXIS2_PLACEMENT_3D('',#9440,#7347,#7348);
#6362=AXIS2_PLACEMENT_3D('',#9449,#7353,#7354);
#6363=AXIS2_PLACEMENT_3D('',#9458,#7359,#7360);
#6364=AXIS2_PLACEMENT_3D('',#9467,#7365,#7366);
#6365=AXIS2_PLACEMENT_3D('',#9471,#7368,#7369);
#6366=AXIS2_PLACEMENT_3D('',#9475,#7371,#7372);
#6367=AXIS2_PLACEMENT_3D('',#9476,#7373,#7374);
#6368=AXIS2_PLACEMENT_3D('',#9477,#7375,#7376);
#6369=AXIS2_PLACEMENT_3D('',#9482,#7378,#7379);
#6370=AXIS2_PLACEMENT_3D('',#9486,#7381,#7382);
#6371=AXIS2_PLACEMENT_3D('',#9490,#7384,#7385);
#6372=AXIS2_PLACEMENT_3D('',#9493,#7387,#7388);
#6373=AXIS2_PLACEMENT_3D('',#9498,#7390,#7391);
#6374=AXIS2_PLACEMENT_3D('',#9502,#7393,#7394);
#6375=AXIS2_PLACEMENT_3D('',#9506,#7396,#7397);
#6376=AXIS2_PLACEMENT_3D('',#9509,#7399,#7400);
#6377=AXIS2_PLACEMENT_3D('',#9514,#7402,#7403);
#6378=AXIS2_PLACEMENT_3D('',#9516,#7404,#7405);
#6379=AXIS2_PLACEMENT_3D('',#9518,#7406,#7407);
#6380=AXIS2_PLACEMENT_3D('',#9522,#7409,#7410);
#6381=AXIS2_PLACEMENT_3D('',#9524,#7411,#7412);
#6382=AXIS2_PLACEMENT_3D('',#9525,#7413,#7414);
#6383=AXIS2_PLACEMENT_3D('',#9530,#7416,#7417);
#6384=AXIS2_PLACEMENT_3D('',#9532,#7418,#7419);
#6385=AXIS2_PLACEMENT_3D('',#9534,#7420,#7421);
#6386=AXIS2_PLACEMENT_3D('',#9538,#7423,#7424);
#6387=AXIS2_PLACEMENT_3D('',#9540,#7425,#7426);
#6388=AXIS2_PLACEMENT_3D('',#9541,#7427,#7428);
#6389=AXIS2_PLACEMENT_3D('',#9546,#7430,#7431);
#6390=AXIS2_PLACEMENT_3D('',#9550,#7433,#7434);
#6391=AXIS2_PLACEMENT_3D('',#9554,#7436,#7437);
#6392=AXIS2_PLACEMENT_3D('',#9557,#7439,#7440);
#6393=AXIS2_PLACEMENT_3D('',#9560,#7441,#7442);
#6394=AXIS2_PLACEMENT_3D('',#9562,#7443,#7444);
#6395=AXIS2_PLACEMENT_3D('',#9566,#7446,#7447);
#6396=AXIS2_PLACEMENT_3D('',#9570,#7449,#7450);
#6397=AXIS2_PLACEMENT_3D('',#9574,#7452,#7453);
#6398=AXIS2_PLACEMENT_3D('',#9576,#7454,#7455);
#6399=AXIS2_PLACEMENT_3D('',#9578,#7456,#7457);
#6400=AXIS2_PLACEMENT_3D('',#9581,#7459,#7460);
#6401=AXIS2_PLACEMENT_3D('',#9586,#7462,#7463);
#6402=AXIS2_PLACEMENT_3D('',#9590,#7465,#7466);
#6403=AXIS2_PLACEMENT_3D('',#9594,#7468,#7469);
#6404=AXIS2_PLACEMENT_3D('',#9598,#7471,#7472);
#6405=AXIS2_PLACEMENT_3D('',#9602,#7474,#7475);
#6406=AXIS2_PLACEMENT_3D('',#9606,#7477,#7478);
#6407=AXIS2_PLACEMENT_3D('',#9610,#7480,#7481);
#6408=AXIS2_PLACEMENT_3D('',#9614,#7483,#7484);
#6409=AXIS2_PLACEMENT_3D('',#9618,#7486,#7487);
#6410=AXIS2_PLACEMENT_3D('',#9622,#7489,#7490);
#6411=AXIS2_PLACEMENT_3D('',#9626,#7492,#7493);
#6412=AXIS2_PLACEMENT_3D('',#9630,#7495,#7496);
#6413=AXIS2_PLACEMENT_3D('',#9634,#7498,#7499);
#6414=AXIS2_PLACEMENT_3D('',#9638,#7501,#7502);
#6415=AXIS2_PLACEMENT_3D('',#9642,#7504,#7505);
#6416=AXIS2_PLACEMENT_3D('',#9646,#7507,#7508);
#6417=AXIS2_PLACEMENT_3D('',#9650,#7510,#7511);
#6418=AXIS2_PLACEMENT_3D('',#9654,#7513,#7514);
#6419=AXIS2_PLACEMENT_3D('',#9658,#7516,#7517);
#6420=AXIS2_PLACEMENT_3D('',#9662,#7519,#7520);
#6421=AXIS2_PLACEMENT_3D('',#9666,#7522,#7523);
#6422=AXIS2_PLACEMENT_3D('',#9670,#7525,#7526);
#6423=AXIS2_PLACEMENT_3D('',#9674,#7528,#7529);
#6424=AXIS2_PLACEMENT_3D('',#9678,#7531,#7532);
#6425=AXIS2_PLACEMENT_3D('',#9682,#7534,#7535);
#6426=AXIS2_PLACEMENT_3D('',#9686,#7537,#7538);
#6427=AXIS2_PLACEMENT_3D('',#9690,#7540,#7541);
#6428=AXIS2_PLACEMENT_3D('',#9694,#7543,#7544);
#6429=AXIS2_PLACEMENT_3D('',#9698,#7546,#7547);
#6430=AXIS2_PLACEMENT_3D('',#9702,#7549,#7550);
#6431=AXIS2_PLACEMENT_3D('',#9706,#7552,#7553);
#6432=AXIS2_PLACEMENT_3D('',#9710,#7555,#7556);
#6433=AXIS2_PLACEMENT_3D('',#9714,#7558,#7559);
#6434=AXIS2_PLACEMENT_3D('',#9718,#7561,#7562);
#6435=AXIS2_PLACEMENT_3D('',#9722,#7564,#7565);
#6436=AXIS2_PLACEMENT_3D('',#9725,#7567,#7568);
#6437=AXIS2_PLACEMENT_3D('',#9726,#7569,#7570);
#6438=AXIS2_PLACEMENT_3D('',#9731,#7572,#7573);
#6439=AXIS2_PLACEMENT_3D('',#9735,#7575,#7576);
#6440=AXIS2_PLACEMENT_3D('',#9739,#7578,#7579);
#6441=AXIS2_PLACEMENT_3D('',#9742,#7581,#7582);
#6442=AXIS2_PLACEMENT_3D('',#9747,#7584,#7585);
#6443=AXIS2_PLACEMENT_3D('',#9751,#7587,#7588);
#6444=AXIS2_PLACEMENT_3D('',#9755,#7590,#7591);
#6445=AXIS2_PLACEMENT_3D('',#9758,#7593,#7594);
#6446=AXIS2_PLACEMENT_3D('',#9763,#7596,#7597);
#6447=AXIS2_PLACEMENT_3D('',#9765,#7598,#7599);
#6448=AXIS2_PLACEMENT_3D('',#9767,#7600,#7601);
#6449=AXIS2_PLACEMENT_3D('',#9771,#7603,#7604);
#6450=AXIS2_PLACEMENT_3D('',#9773,#7605,#7606);
#6451=AXIS2_PLACEMENT_3D('',#9774,#7607,#7608);
#6452=AXIS2_PLACEMENT_3D('',#9779,#7610,#7611);
#6453=AXIS2_PLACEMENT_3D('',#9781,#7612,#7613);
#6454=AXIS2_PLACEMENT_3D('',#9783,#7614,#7615);
#6455=AXIS2_PLACEMENT_3D('',#9787,#7617,#7618);
#6456=AXIS2_PLACEMENT_3D('',#9789,#7619,#7620);
#6457=AXIS2_PLACEMENT_3D('',#9790,#7621,#7622);
#6458=AXIS2_PLACEMENT_3D('',#9795,#7624,#7625);
#6459=AXIS2_PLACEMENT_3D('',#9799,#7627,#7628);
#6460=AXIS2_PLACEMENT_3D('',#9803,#7630,#7631);
#6461=AXIS2_PLACEMENT_3D('',#9806,#7633,#7634);
#6462=AXIS2_PLACEMENT_3D('',#9809,#7635,#7636);
#6463=AXIS2_PLACEMENT_3D('',#9811,#7637,#7638);
#6464=AXIS2_PLACEMENT_3D('',#9815,#7640,#7641);
#6465=AXIS2_PLACEMENT_3D('',#9817,#7642,#7643);
#6466=AXIS2_PLACEMENT_3D('',#9819,#7644,#7645);
#6467=AXIS2_PLACEMENT_3D('',#9823,#7647,#7648);
#6468=AXIS2_PLACEMENT_3D('',#9827,#7650,#7651);
#6469=AXIS2_PLACEMENT_3D('',#9830,#7653,#7654);
#6470=AXIS2_PLACEMENT_3D('',#9835,#7656,#7657);
#6471=AXIS2_PLACEMENT_3D('',#9839,#7659,#7660);
#6472=AXIS2_PLACEMENT_3D('',#9843,#7662,#7663);
#6473=AXIS2_PLACEMENT_3D('',#9847,#7665,#7666);
#6474=AXIS2_PLACEMENT_3D('',#9851,#7668,#7669);
#6475=AXIS2_PLACEMENT_3D('',#9855,#7671,#7672);
#6476=AXIS2_PLACEMENT_3D('',#9859,#7674,#7675);
#6477=AXIS2_PLACEMENT_3D('',#9863,#7677,#7678);
#6478=AXIS2_PLACEMENT_3D('',#9867,#7680,#7681);
#6479=AXIS2_PLACEMENT_3D('',#9871,#7683,#7684);
#6480=AXIS2_PLACEMENT_3D('',#9875,#7686,#7687);
#6481=AXIS2_PLACEMENT_3D('',#9879,#7689,#7690);
#6482=AXIS2_PLACEMENT_3D('',#9883,#7692,#7693);
#6483=AXIS2_PLACEMENT_3D('',#9887,#7695,#7696);
#6484=AXIS2_PLACEMENT_3D('',#9891,#7698,#7699);
#6485=AXIS2_PLACEMENT_3D('',#9895,#7701,#7702);
#6486=AXIS2_PLACEMENT_3D('',#9899,#7704,#7705);
#6487=AXIS2_PLACEMENT_3D('',#9903,#7707,#7708);
#6488=AXIS2_PLACEMENT_3D('',#9907,#7710,#7711);
#6489=AXIS2_PLACEMENT_3D('',#9911,#7713,#7714);
#6490=AXIS2_PLACEMENT_3D('',#9915,#7716,#7717);
#6491=AXIS2_PLACEMENT_3D('',#9919,#7719,#7720);
#6492=AXIS2_PLACEMENT_3D('',#9923,#7722,#7723);
#6493=AXIS2_PLACEMENT_3D('',#9927,#7725,#7726);
#6494=AXIS2_PLACEMENT_3D('',#9931,#7728,#7729);
#6495=AXIS2_PLACEMENT_3D('',#9935,#7731,#7732);
#6496=AXIS2_PLACEMENT_3D('',#9939,#7734,#7735);
#6497=AXIS2_PLACEMENT_3D('',#9943,#7737,#7738);
#6498=AXIS2_PLACEMENT_3D('',#9947,#7740,#7741);
#6499=AXIS2_PLACEMENT_3D('',#9951,#7743,#7744);
#6500=AXIS2_PLACEMENT_3D('',#9955,#7746,#7747);
#6501=AXIS2_PLACEMENT_3D('',#9959,#7749,#7750);
#6502=AXIS2_PLACEMENT_3D('',#9963,#7752,#7753);
#6503=AXIS2_PLACEMENT_3D('',#9967,#7755,#7756);
#6504=AXIS2_PLACEMENT_3D('',#9971,#7758,#7759);
#6505=AXIS2_PLACEMENT_3D('',#9974,#7761,#7762);
#6506=AXIS2_PLACEMENT_3D('',#9975,#7763,#7764);
#6507=AXIS2_PLACEMENT_3D('',#9976,#7765,#7766);
#6508=AXIS2_PLACEMENT_3D('',#9977,#7767,#7768);
#6509=AXIS2_PLACEMENT_3D('',#9978,#7769,#7770);
#6510=AXIS2_PLACEMENT_3D('',#9979,#7771,#7772);
#6511=AXIS2_PLACEMENT_3D('',#9980,#7773,#7774);
#6512=AXIS2_PLACEMENT_3D('',#9981,#7775,#7776);
#6513=AXIS2_PLACEMENT_3D('',#9982,#7777,#7778);
#6514=AXIS2_PLACEMENT_3D('',#9983,#7779,#7780);
#6515=AXIS2_PLACEMENT_3D('',#9984,#7781,#7782);
#6516=AXIS2_PLACEMENT_3D('',#9985,#7783,#7784);
#6517=AXIS2_PLACEMENT_3D('',#9986,#7785,#7786);
#6518=AXIS2_PLACEMENT_3D('',#9987,#7787,#7788);
#6519=AXIS2_PLACEMENT_3D('',#9988,#7789,#7790);
#6520=AXIS2_PLACEMENT_3D('',#9989,#7791,#7792);
#6521=AXIS2_PLACEMENT_3D('',#9990,#7793,#7794);
#6522=AXIS2_PLACEMENT_3D('',#9991,#7795,#7796);
#6523=AXIS2_PLACEMENT_3D('',#9992,#7797,#7798);
#6524=AXIS2_PLACEMENT_3D('',#9993,#7799,#7800);
#6525=AXIS2_PLACEMENT_3D('',#9994,#7801,#7802);
#6526=AXIS2_PLACEMENT_3D('',#9995,#7803,#7804);
#6527=AXIS2_PLACEMENT_3D('',#9996,#7805,#7806);
#6528=AXIS2_PLACEMENT_3D('',#9997,#7807,#7808);
#6529=AXIS2_PLACEMENT_3D('',#9998,#7809,#7810);
#6530=AXIS2_PLACEMENT_3D('',#9999,#7811,#7812);
#6531=AXIS2_PLACEMENT_3D('',#10000,#7813,#7814);
#6532=AXIS2_PLACEMENT_3D('',#10001,#7815,#7816);
#6533=AXIS2_PLACEMENT_3D('',#10002,#7817,#7818);
#6534=AXIS2_PLACEMENT_3D('',#10003,#7819,#7820);
#6535=AXIS2_PLACEMENT_3D('',#10004,#7821,#7822);
#6536=AXIS2_PLACEMENT_3D('',#10005,#7823,#7824);
#6537=AXIS2_PLACEMENT_3D('',#10006,#7825,#7826);
#6538=AXIS2_PLACEMENT_3D('',#10007,#7827,#7828);
#6539=AXIS2_PLACEMENT_3D('',#10008,#7829,#7830);
#6540=AXIS2_PLACEMENT_3D('',#10009,#7831,#7832);
#6541=AXIS2_PLACEMENT_3D('',#10010,#7833,#7834);
#6542=AXIS2_PLACEMENT_3D('',#10011,#7835,#7836);
#6543=AXIS2_PLACEMENT_3D('',#10012,#7837,#7838);
#6544=AXIS2_PLACEMENT_3D('',#10013,#7839,#7840);
#6545=AXIS2_PLACEMENT_3D('',#10014,#7841,#7842);
#6546=AXIS2_PLACEMENT_3D('',#10015,#7843,#7844);
#6547=AXIS2_PLACEMENT_3D('',#10016,#7845,#7846);
#6548=AXIS2_PLACEMENT_3D('',#10017,#7847,#7848);
#6549=AXIS2_PLACEMENT_3D('',#10018,#7849,#7850);
#6550=AXIS2_PLACEMENT_3D('',#10019,#7851,#7852);
#6551=AXIS2_PLACEMENT_3D('',#10020,#7853,#7854);
#6552=AXIS2_PLACEMENT_3D('',#10021,#7855,#7856);
#6553=AXIS2_PLACEMENT_3D('',#10022,#7857,#7858);
#6554=AXIS2_PLACEMENT_3D('',#10023,#7859,#7860);
#6555=AXIS2_PLACEMENT_3D('',#10024,#7861,#7862);
#6556=AXIS2_PLACEMENT_3D('',#10025,#7863,#7864);
#6557=AXIS2_PLACEMENT_3D('',#10026,#7865,#7866);
#6558=AXIS2_PLACEMENT_3D('',#10027,#7867,#7868);
#6559=AXIS2_PLACEMENT_3D('',#10028,#7869,#7870);
#6560=AXIS2_PLACEMENT_3D('',#10029,#7871,#7872);
#6561=AXIS2_PLACEMENT_3D('',#10030,#7873,#7874);
#6562=AXIS2_PLACEMENT_3D('',#10031,#7875,#7876);
#6563=AXIS2_PLACEMENT_3D('',#10032,#7877,#7878);
#6564=AXIS2_PLACEMENT_3D('',#10033,#7879,#7880);
#6565=AXIS2_PLACEMENT_3D('',#10034,#7881,#7882);
#6566=AXIS2_PLACEMENT_3D('',#10035,#7883,#7884);
#6567=AXIS2_PLACEMENT_3D('',#10036,#7885,#7886);
#6568=AXIS2_PLACEMENT_3D('',#10037,#7887,#7888);
#6569=AXIS2_PLACEMENT_3D('',#10038,#7889,#7890);
#6570=AXIS2_PLACEMENT_3D('',#10039,#7891,#7892);
#6571=AXIS2_PLACEMENT_3D('',#10040,#7893,#7894);
#6572=AXIS2_PLACEMENT_3D('',#10041,#7895,#7896);
#6573=AXIS2_PLACEMENT_3D('',#10042,#7897,#7898);
#6574=AXIS2_PLACEMENT_3D('',#10043,#7899,#7900);
#6575=AXIS2_PLACEMENT_3D('',#10044,#7901,#7902);
#6576=AXIS2_PLACEMENT_3D('',#10045,#7903,#7904);
#6577=AXIS2_PLACEMENT_3D('',#10046,#7905,#7906);
#6578=AXIS2_PLACEMENT_3D('',#10047,#7907,#7908);
#6579=AXIS2_PLACEMENT_3D('',#10048,#7909,#7910);
#6580=AXIS2_PLACEMENT_3D('',#10049,#7911,#7912);
#6581=AXIS2_PLACEMENT_3D('',#10050,#7913,#7914);
#6582=AXIS2_PLACEMENT_3D('',#10051,#7915,#7916);
#6583=AXIS2_PLACEMENT_3D('',#10052,#7917,#7918);
#6584=AXIS2_PLACEMENT_3D('',#10053,#7919,#7920);
#6585=AXIS2_PLACEMENT_3D('',#10054,#7921,#7922);
#6586=AXIS2_PLACEMENT_3D('',#10055,#7923,#7924);
#6587=AXIS2_PLACEMENT_3D('',#10056,#7925,#7926);
#6588=AXIS2_PLACEMENT_3D('',#10057,#7927,#7928);
#6589=AXIS2_PLACEMENT_3D('',#10058,#7929,#7930);
#6590=AXIS2_PLACEMENT_3D('',#10059,#7931,#7932);
#6591=AXIS2_PLACEMENT_3D('',#10060,#7933,#7934);
#6592=AXIS2_PLACEMENT_3D('',#10061,#7935,#7936);
#6593=AXIS2_PLACEMENT_3D('',#10062,#7937,#7938);
#6594=AXIS2_PLACEMENT_3D('',#10063,#7939,#7940);
#6595=AXIS2_PLACEMENT_3D('',#10064,#7941,#7942);
#6596=AXIS2_PLACEMENT_3D('',#10065,#7943,#7944);
#6597=AXIS2_PLACEMENT_3D('',#10066,#7945,#7946);
#6598=AXIS2_PLACEMENT_3D('',#10067,#7947,#7948);
#6599=AXIS2_PLACEMENT_3D('',#10068,#7949,#7950);
#6600=AXIS2_PLACEMENT_3D('',#10069,#7951,#7952);
#6601=AXIS2_PLACEMENT_3D('',#10070,#7953,#7954);
#6602=AXIS2_PLACEMENT_3D('',#10071,#7955,#7956);
#6603=AXIS2_PLACEMENT_3D('',#10072,#7957,#7958);
#6604=AXIS2_PLACEMENT_3D('',#10073,#7959,#7960);
#6605=AXIS2_PLACEMENT_3D('',#10074,#7961,#7962);
#6606=AXIS2_PLACEMENT_3D('',#10075,#7963,#7964);
#6607=AXIS2_PLACEMENT_3D('',#10076,#7965,#7966);
#6608=AXIS2_PLACEMENT_3D('',#10077,#7967,#7968);
#6609=AXIS2_PLACEMENT_3D('',#10078,#7969,#7970);
#6610=AXIS2_PLACEMENT_3D('',#10079,#7971,#7972);
#6611=AXIS2_PLACEMENT_3D('',#10080,#7973,#7974);
#6612=AXIS2_PLACEMENT_3D('',#10081,#7975,#7976);
#6613=AXIS2_PLACEMENT_3D('',#10082,#7977,#7978);
#6614=AXIS2_PLACEMENT_3D('',#10083,#7979,#7980);
#6615=AXIS2_PLACEMENT_3D('',#10084,#7981,#7982);
#6616=AXIS2_PLACEMENT_3D('',#10085,#7983,#7984);
#6617=AXIS2_PLACEMENT_3D('',#10086,#7985,#7986);
#6618=AXIS2_PLACEMENT_3D('',#10087,#7987,#7988);
#6619=AXIS2_PLACEMENT_3D('',#10088,#7989,#7990);
#6620=AXIS2_PLACEMENT_3D('',#10089,#7991,#7992);
#6621=AXIS2_PLACEMENT_3D('',#10090,#7993,#7994);
#6622=AXIS2_PLACEMENT_3D('',#10091,#7995,#7996);
#6623=AXIS2_PLACEMENT_3D('',#10092,#7997,#7998);
#6624=AXIS2_PLACEMENT_3D('',#10093,#7999,#8000);
#6625=AXIS2_PLACEMENT_3D('',#10094,#8001,#8002);
#6626=AXIS2_PLACEMENT_3D('',#10095,#8003,#8004);
#6627=AXIS2_PLACEMENT_3D('',#10096,#8005,#8006);
#6628=AXIS2_PLACEMENT_3D('',#10097,#8007,#8008);
#6629=AXIS2_PLACEMENT_3D('',#10098,#8009,#8010);
#6630=AXIS2_PLACEMENT_3D('',#10099,#8011,#8012);
#6631=AXIS2_PLACEMENT_3D('',#10100,#8013,#8014);
#6632=AXIS2_PLACEMENT_3D('',#10101,#8015,#8016);
#6633=AXIS2_PLACEMENT_3D('',#10102,#8017,#8018);
#6634=AXIS2_PLACEMENT_3D('',#10103,#8019,#8020);
#6635=AXIS2_PLACEMENT_3D('',#10104,#8021,#8022);
#6636=AXIS2_PLACEMENT_3D('',#10105,#8023,#8024);
#6637=AXIS2_PLACEMENT_3D('',#10106,#8025,#8026);
#6638=AXIS2_PLACEMENT_3D('',#10107,#8027,#8028);
#6639=AXIS2_PLACEMENT_3D('',#10108,#8029,#8030);
#6640=AXIS2_PLACEMENT_3D('',#10109,#8031,#8032);
#6641=AXIS2_PLACEMENT_3D('',#10110,#8033,#8034);
#6642=AXIS2_PLACEMENT_3D('',#10111,#8035,#8036);
#6643=AXIS2_PLACEMENT_3D('',#10112,#8037,#8038);
#6644=AXIS2_PLACEMENT_3D('',#10113,#8039,#8040);
#6645=AXIS2_PLACEMENT_3D('',#10114,#8041,#8042);
#6646=AXIS2_PLACEMENT_3D('',#10115,#8043,#8044);
#6647=AXIS2_PLACEMENT_3D('',#10116,#8045,#8046);
#6648=AXIS2_PLACEMENT_3D('',#10117,#8047,#8048);
#6649=AXIS2_PLACEMENT_3D('',#10118,#8049,#8050);
#6650=AXIS2_PLACEMENT_3D('',#10119,#8051,#8052);
#6651=AXIS2_PLACEMENT_3D('',#10120,#8053,#8054);
#6652=AXIS2_PLACEMENT_3D('',#10121,#8055,#8056);
#6653=AXIS2_PLACEMENT_3D('',#10122,#8057,#8058);
#6654=AXIS2_PLACEMENT_3D('',#10123,#8059,#8060);
#6655=AXIS2_PLACEMENT_3D('',#10124,#8061,#8062);
#6656=AXIS2_PLACEMENT_3D('',#10125,#8063,#8064);
#6657=AXIS2_PLACEMENT_3D('',#10126,#8065,#8066);
#6658=AXIS2_PLACEMENT_3D('',#10127,#8067,#8068);
#6659=AXIS2_PLACEMENT_3D('',#10128,#8069,#8070);
#6660=AXIS2_PLACEMENT_3D('',#10129,#8071,#8072);
#6661=AXIS2_PLACEMENT_3D('',#10130,#8073,#8074);
#6662=AXIS2_PLACEMENT_3D('',#10131,#8075,#8076);
#6663=AXIS2_PLACEMENT_3D('',#10132,#8077,#8078);
#6664=AXIS2_PLACEMENT_3D('',#10133,#8079,#8080);
#6665=AXIS2_PLACEMENT_3D('',#10134,#8081,#8082);
#6666=AXIS2_PLACEMENT_3D('',#10135,#8083,#8084);
#6667=AXIS2_PLACEMENT_3D('',#10136,#8085,#8086);
#6668=AXIS2_PLACEMENT_3D('',#10137,#8087,#8088);
#6669=AXIS2_PLACEMENT_3D('',#10138,#8089,#8090);
#6670=AXIS2_PLACEMENT_3D('',#10139,#8091,#8092);
#6671=AXIS2_PLACEMENT_3D('',#10140,#8093,#8094);
#6672=AXIS2_PLACEMENT_3D('',#10141,#8095,#8096);
#6673=AXIS2_PLACEMENT_3D('',#10142,#8097,#8098);
#6674=AXIS2_PLACEMENT_3D('',#10143,#8099,#8100);
#6675=AXIS2_PLACEMENT_3D('',#10144,#8101,#8102);
#6676=AXIS2_PLACEMENT_3D('',#10145,#8103,#8104);
#6677=AXIS2_PLACEMENT_3D('',#10146,#8105,#8106);
#6678=AXIS2_PLACEMENT_3D('',#10147,#8107,#8108);
#6679=AXIS2_PLACEMENT_3D('',#10148,#8109,#8110);
#6680=AXIS2_PLACEMENT_3D('',#10149,#8111,#8112);
#6681=AXIS2_PLACEMENT_3D('',#10150,#8113,#8114);
#6682=AXIS2_PLACEMENT_3D('',#10151,#8115,#8116);
#6683=AXIS2_PLACEMENT_3D('',#10152,#8117,#8118);
#6684=AXIS2_PLACEMENT_3D('',#10153,#8119,#8120);
#6685=AXIS2_PLACEMENT_3D('',#10154,#8121,#8122);
#6686=AXIS2_PLACEMENT_3D('',#10155,#8123,#8124);
#6687=AXIS2_PLACEMENT_3D('',#10156,#8125,#8126);
#6688=AXIS2_PLACEMENT_3D('',#10157,#8127,#8128);
#6689=AXIS2_PLACEMENT_3D('',#10158,#8129,#8130);
#6690=AXIS2_PLACEMENT_3D('',#10159,#8131,#8132);
#6691=AXIS2_PLACEMENT_3D('',#10160,#8133,#8134);
#6692=AXIS2_PLACEMENT_3D('',#10163,#8137,#8138);
#6693=AXIS2_PLACEMENT_3D('',#10165,#8140,#8141);
#6694=AXIS2_PLACEMENT_3D('',#10167,#8143,#8144);
#6695=AXIS2_PLACEMENT_3D('',#10169,#8146,#8147);
#6696=AXIS2_PLACEMENT_3D('',#10171,#8149,#8150);
#6697=AXIS2_PLACEMENT_3D('',#10173,#8152,#8153);
#6698=AXIS2_PLACEMENT_3D('',#10175,#8155,#8156);
#6699=AXIS2_PLACEMENT_3D('',#10177,#8158,#8159);
#6700=AXIS2_PLACEMENT_3D('',#10179,#8161,#8162);
#6701=AXIS2_PLACEMENT_3D('',#10181,#8164,#8165);
#6702=AXIS2_PLACEMENT_3D('',#10183,#8167,#8168);
#6703=AXIS2_PLACEMENT_3D('',#10185,#8170,#8171);
#6704=AXIS2_PLACEMENT_3D('',#10187,#8173,#8174);
#6705=AXIS2_PLACEMENT_3D('',#10189,#8176,#8177);
#6706=AXIS2_PLACEMENT_3D('',#10191,#8179,#8180);
#6707=AXIS2_PLACEMENT_3D('',#10193,#8182,#8183);
#6708=AXIS2_PLACEMENT_3D('',#10195,#8185,#8186);
#6709=AXIS2_PLACEMENT_3D('',#10197,#8188,#8189);
#6710=AXIS2_PLACEMENT_3D('',#10199,#8191,#8192);
#6711=AXIS2_PLACEMENT_3D('',#10201,#8194,#8195);
#6712=AXIS2_PLACEMENT_3D('',#10203,#8197,#8198);
#6713=AXIS2_PLACEMENT_3D('',#10205,#8200,#8201);
#6714=AXIS2_PLACEMENT_3D('',#10207,#8203,#8204);
#6715=AXIS2_PLACEMENT_3D('',#10209,#8206,#8207);
#6716=AXIS2_PLACEMENT_3D('',#10211,#8209,#8210);
#6717=AXIS2_PLACEMENT_3D('',#10213,#8212,#8213);
#6718=AXIS2_PLACEMENT_3D('',#10215,#8215,#8216);
#6719=AXIS2_PLACEMENT_3D('',#10217,#8218,#8219);
#6720=AXIS2_PLACEMENT_3D('',#10219,#8221,#8222);
#6721=AXIS2_PLACEMENT_3D('',#10221,#8224,#8225);
#6722=AXIS2_PLACEMENT_3D('',#10223,#8227,#8228);
#6723=AXIS2_PLACEMENT_3D('',#10225,#8230,#8231);
#6724=AXIS2_PLACEMENT_3D('',#10227,#8233,#8234);
#6725=AXIS2_PLACEMENT_3D('',#10229,#8236,#8237);
#6726=AXIS2_PLACEMENT_3D('',#10231,#8239,#8240);
#6727=AXIS2_PLACEMENT_3D('',#10233,#8242,#8243);
#6728=AXIS2_PLACEMENT_3D('',#10235,#8245,#8246);
#6729=AXIS2_PLACEMENT_3D('',#10237,#8248,#8249);
#6730=AXIS2_PLACEMENT_3D('',#10239,#8251,#8252);
#6731=AXIS2_PLACEMENT_3D('',#10241,#8254,#8255);
#6732=AXIS2_PLACEMENT_3D('',#10243,#8257,#8258);
#6733=AXIS2_PLACEMENT_3D('',#10245,#8260,#8261);
#6734=AXIS2_PLACEMENT_3D('',#10247,#8263,#8264);
#6735=AXIS2_PLACEMENT_3D('',#10249,#8266,#8267);
#6736=AXIS2_PLACEMENT_3D('',#10251,#8269,#8270);
#6737=AXIS2_PLACEMENT_3D('',#10253,#8272,#8273);
#6738=AXIS2_PLACEMENT_3D('',#10255,#8275,#8276);
#6739=AXIS2_PLACEMENT_3D('',#10257,#8278,#8279);
#6740=AXIS2_PLACEMENT_3D('',#10259,#8281,#8282);
#6741=AXIS2_PLACEMENT_3D('',#10261,#8284,#8285);
#6742=AXIS2_PLACEMENT_3D('',#10263,#8287,#8288);
#6743=AXIS2_PLACEMENT_3D('',#10265,#8290,#8291);
#6744=AXIS2_PLACEMENT_3D('',#10267,#8293,#8294);
#6745=AXIS2_PLACEMENT_3D('',#10269,#8296,#8297);
#6746=AXIS2_PLACEMENT_3D('',#10271,#8299,#8300);
#6747=AXIS2_PLACEMENT_3D('',#10273,#8302,#8303);
#6748=AXIS2_PLACEMENT_3D('',#10275,#8305,#8306);
#6749=AXIS2_PLACEMENT_3D('',#10277,#8308,#8309);
#6750=AXIS2_PLACEMENT_3D('',#10279,#8311,#8312);
#6751=AXIS2_PLACEMENT_3D('',#10281,#8314,#8315);
#6752=AXIS2_PLACEMENT_3D('',#10283,#8317,#8318);
#6753=AXIS2_PLACEMENT_3D('',#10285,#8320,#8321);
#6754=AXIS2_PLACEMENT_3D('',#10287,#8323,#8324);
#6755=AXIS2_PLACEMENT_3D('',#10289,#8326,#8327);
#6756=AXIS2_PLACEMENT_3D('',#10291,#8329,#8330);
#6757=AXIS2_PLACEMENT_3D('',#10293,#8332,#8333);
#6758=AXIS2_PLACEMENT_3D('',#10295,#8335,#8336);
#6759=AXIS2_PLACEMENT_3D('',#10297,#8338,#8339);
#6760=AXIS2_PLACEMENT_3D('',#10299,#8341,#8342);
#6761=AXIS2_PLACEMENT_3D('',#10301,#8344,#8345);
#6762=AXIS2_PLACEMENT_3D('',#10303,#8347,#8348);
#6763=AXIS2_PLACEMENT_3D('',#10304,#8349,#8350);
#6764=AXIS2_PLACEMENT_3D('',#10307,#8353,#8354);
#6765=AXIS2_PLACEMENT_3D('',#10309,#8356,#8357);
#6766=AXIS2_PLACEMENT_3D('',#10311,#8359,#8360);
#6767=AXIS2_PLACEMENT_3D('',#10313,#8362,#8363);
#6768=AXIS2_PLACEMENT_3D('',#10315,#8365,#8366);
#6769=AXIS2_PLACEMENT_3D('',#10317,#8368,#8369);
#6770=AXIS2_PLACEMENT_3D('',#10319,#8371,#8372);
#6771=AXIS2_PLACEMENT_3D('',#10321,#8374,#8375);
#6772=AXIS2_PLACEMENT_3D('',#10323,#8377,#8378);
#6773=AXIS2_PLACEMENT_3D('',#10325,#8380,#8381);
#6774=AXIS2_PLACEMENT_3D('',#10327,#8383,#8384);
#6775=AXIS2_PLACEMENT_3D('',#10329,#8386,#8387);
#6776=AXIS2_PLACEMENT_3D('',#10331,#8389,#8390);
#6777=AXIS2_PLACEMENT_3D('',#10333,#8392,#8393);
#6778=AXIS2_PLACEMENT_3D('',#10335,#8395,#8396);
#6779=AXIS2_PLACEMENT_3D('',#10337,#8398,#8399);
#6780=AXIS2_PLACEMENT_3D('',#10339,#8401,#8402);
#6781=AXIS2_PLACEMENT_3D('',#10341,#8404,#8405);
#6782=AXIS2_PLACEMENT_3D('',#10343,#8407,#8408);
#6783=AXIS2_PLACEMENT_3D('',#10345,#8410,#8411);
#6784=AXIS2_PLACEMENT_3D('',#10347,#8413,#8414);
#6785=AXIS2_PLACEMENT_3D('',#10349,#8416,#8417);
#6786=AXIS2_PLACEMENT_3D('',#10351,#8419,#8420);
#6787=AXIS2_PLACEMENT_3D('',#10353,#8422,#8423);
#6788=AXIS2_PLACEMENT_3D('',#10355,#8425,#8426);
#6789=AXIS2_PLACEMENT_3D('',#10357,#8428,#8429);
#6790=AXIS2_PLACEMENT_3D('',#10359,#8431,#8432);
#6791=AXIS2_PLACEMENT_3D('',#10361,#8434,#8435);
#6792=AXIS2_PLACEMENT_3D('',#10363,#8437,#8438);
#6793=AXIS2_PLACEMENT_3D('',#10365,#8440,#8441);
#6794=AXIS2_PLACEMENT_3D('',#10367,#8443,#8444);
#6795=AXIS2_PLACEMENT_3D('',#10369,#8446,#8447);
#6796=AXIS2_PLACEMENT_3D('',#10371,#8449,#8450);
#6797=AXIS2_PLACEMENT_3D('',#10373,#8452,#8453);
#6798=AXIS2_PLACEMENT_3D('',#10375,#8455,#8456);
#6799=AXIS2_PLACEMENT_3D('',#10377,#8458,#8459);
#6800=AXIS2_PLACEMENT_3D('',#10379,#8461,#8462);
#6801=AXIS2_PLACEMENT_3D('',#10381,#8464,#8465);
#6802=AXIS2_PLACEMENT_3D('',#10383,#8467,#8468);
#6803=AXIS2_PLACEMENT_3D('',#10385,#8470,#8471);
#6804=AXIS2_PLACEMENT_3D('',#10387,#8473,#8474);
#6805=AXIS2_PLACEMENT_3D('',#10389,#8476,#8477);
#6806=AXIS2_PLACEMENT_3D('',#10391,#8479,#8480);
#6807=AXIS2_PLACEMENT_3D('',#10393,#8482,#8483);
#6808=AXIS2_PLACEMENT_3D('',#10395,#8485,#8486);
#6809=AXIS2_PLACEMENT_3D('',#10397,#8488,#8489);
#6810=AXIS2_PLACEMENT_3D('',#10399,#8491,#8492);
#6811=AXIS2_PLACEMENT_3D('',#10401,#8494,#8495);
#6812=AXIS2_PLACEMENT_3D('',#10403,#8497,#8498);
#6813=AXIS2_PLACEMENT_3D('',#10405,#8500,#8501);
#6814=AXIS2_PLACEMENT_3D('',#10407,#8503,#8504);
#6815=AXIS2_PLACEMENT_3D('',#10409,#8506,#8507);
#6816=AXIS2_PLACEMENT_3D('',#10411,#8509,#8510);
#6817=AXIS2_PLACEMENT_3D('',#10413,#8512,#8513);
#6818=AXIS2_PLACEMENT_3D('',#10415,#8515,#8516);
#6819=AXIS2_PLACEMENT_3D('',#10417,#8518,#8519);
#6820=AXIS2_PLACEMENT_3D('',#10419,#8521,#8522);
#6821=AXIS2_PLACEMENT_3D('',#10421,#8524,#8525);
#6822=AXIS2_PLACEMENT_3D('',#10423,#8527,#8528);
#6823=AXIS2_PLACEMENT_3D('',#10425,#8530,#8531);
#6824=AXIS2_PLACEMENT_3D('',#10427,#8533,#8534);
#6825=AXIS2_PLACEMENT_3D('',#10429,#8536,#8537);
#6826=AXIS2_PLACEMENT_3D('',#10431,#8539,#8540);
#6827=AXIS2_PLACEMENT_3D('',#10433,#8542,#8543);
#6828=AXIS2_PLACEMENT_3D('',#10435,#8545,#8546);
#6829=AXIS2_PLACEMENT_3D('',#10437,#8548,#8549);
#6830=AXIS2_PLACEMENT_3D('',#10439,#8551,#8552);
#6831=AXIS2_PLACEMENT_3D('',#10441,#8554,#8555);
#6832=AXIS2_PLACEMENT_3D('',#10443,#8557,#8558);
#6833=AXIS2_PLACEMENT_3D('',#10445,#8560,#8561);
#6834=AXIS2_PLACEMENT_3D('',#10447,#8563,#8564);
#6835=AXIS2_PLACEMENT_3D('',#10448,#8565,#8566);
#6836=AXIS2_PLACEMENT_3D('',#10451,#8569,#8570);
#6837=AXIS2_PLACEMENT_3D('',#10453,#8572,#8573);
#6838=AXIS2_PLACEMENT_3D('',#10455,#8575,#8576);
#6839=AXIS2_PLACEMENT_3D('',#10457,#8578,#8579);
#6840=AXIS2_PLACEMENT_3D('',#10459,#8581,#8582);
#6841=AXIS2_PLACEMENT_3D('',#10461,#8584,#8585);
#6842=AXIS2_PLACEMENT_3D('',#10463,#8587,#8588);
#6843=AXIS2_PLACEMENT_3D('',#10465,#8590,#8591);
#6844=AXIS2_PLACEMENT_3D('',#10467,#8593,#8594);
#6845=AXIS2_PLACEMENT_3D('',#10469,#8596,#8597);
#6846=AXIS2_PLACEMENT_3D('',#10471,#8599,#8600);
#6847=AXIS2_PLACEMENT_3D('',#10472,#8601,#8602);
#6848=AXIS2_PLACEMENT_3D('',#10475,#8605,#8606);
#6849=AXIS2_PLACEMENT_3D('',#10477,#8608,#8609);
#6850=AXIS2_PLACEMENT_3D('',#10479,#8611,#8612);
#6851=AXIS2_PLACEMENT_3D('',#10481,#8614,#8615);
#6852=AXIS2_PLACEMENT_3D('',#10483,#8617,#8618);
#6853=AXIS2_PLACEMENT_3D('',#10485,#8620,#8621);
#6854=AXIS2_PLACEMENT_3D('',#10487,#8623,#8624);
#6855=AXIS2_PLACEMENT_3D('',#10489,#8626,#8627);
#6856=AXIS2_PLACEMENT_3D('',#10491,#8629,#8630);
#6857=AXIS2_PLACEMENT_3D('',#10493,#8632,#8633);
#6858=AXIS2_PLACEMENT_3D('',#10495,#8635,#8636);
#6859=AXIS2_PLACEMENT_3D('',#10496,#8637,#8638);
#6860=AXIS2_PLACEMENT_3D('',#10499,#8641,#8642);
#6861=AXIS2_PLACEMENT_3D('',#10501,#8644,#8645);
#6862=AXIS2_PLACEMENT_3D('',#10503,#8647,#8648);
#6863=AXIS2_PLACEMENT_3D('',#10505,#8650,#8651);
#6864=AXIS2_PLACEMENT_3D('',#10507,#8653,#8654);
#6865=AXIS2_PLACEMENT_3D('',#10509,#8656,#8657);
#6866=AXIS2_PLACEMENT_3D('',#10511,#8659,#8660);
#6867=AXIS2_PLACEMENT_3D('',#10512,#8661,#8662);
#6868=AXIS2_PLACEMENT_3D('',#10515,#8665,#8666);
#6869=AXIS2_PLACEMENT_3D('',#10517,#8668,#8669);
#6870=AXIS2_PLACEMENT_3D('',#10519,#8671,#8672);
#6871=AXIS2_PLACEMENT_3D('',#10521,#8674,#8675);
#6872=AXIS2_PLACEMENT_3D('',#10523,#8677,#8678);
#6873=AXIS2_PLACEMENT_3D('',#10525,#8680,#8681);
#6874=AXIS2_PLACEMENT_3D('',#10527,#8683,#8684);
#6875=AXIS2_PLACEMENT_3D('',#10528,#8685,#8686);
#6876=AXIS2_PLACEMENT_3D('',#10531,#8689,#8690);
#6877=AXIS2_PLACEMENT_3D('',#10533,#8692,#8693);
#6878=AXIS2_PLACEMENT_3D('',#10535,#8695,#8696);
#6879=AXIS2_PLACEMENT_3D('',#10537,#8698,#8699);
#6880=AXIS2_PLACEMENT_3D('',#10539,#8701,#8702);
#6881=AXIS2_PLACEMENT_3D('',#10541,#8704,#8705);
#6882=AXIS2_PLACEMENT_3D('',#10543,#8707,#8708);
#6883=AXIS2_PLACEMENT_3D('',#10544,#8709,#8710);
#6884=AXIS2_PLACEMENT_3D('',#10547,#8713,#8714);
#6885=AXIS2_PLACEMENT_3D('',#10549,#8716,#8717);
#6886=AXIS2_PLACEMENT_3D('',#10551,#8719,#8720);
#6887=AXIS2_PLACEMENT_3D('',#10553,#8722,#8723);
#6888=AXIS2_PLACEMENT_3D('',#10555,#8725,#8726);
#6889=AXIS2_PLACEMENT_3D('',#10557,#8728,#8729);
#6890=AXIS2_PLACEMENT_3D('',#10559,#8731,#8732);
#6891=AXIS2_PLACEMENT_3D('',#10560,#8733,#8734);
#6892=AXIS2_PLACEMENT_3D('',#10563,#8737,#8738);
#6893=AXIS2_PLACEMENT_3D('',#10565,#8740,#8741);
#6894=AXIS2_PLACEMENT_3D('',#10567,#8743,#8744);
#6895=AXIS2_PLACEMENT_3D('',#10569,#8746,#8747);
#6896=AXIS2_PLACEMENT_3D('',#10571,#8749,#8750);
#6897=AXIS2_PLACEMENT_3D('',#10573,#8752,#8753);
#6898=AXIS2_PLACEMENT_3D('',#10575,#8755,#8756);
#6899=AXIS2_PLACEMENT_3D('',#10576,#8757,#8758);
#6900=AXIS2_PLACEMENT_3D('',#10579,#8761,#8762);
#6901=AXIS2_PLACEMENT_3D('',#10581,#8764,#8765);
#6902=AXIS2_PLACEMENT_3D('',#10583,#8767,#8768);
#6903=AXIS2_PLACEMENT_3D('',#10585,#8770,#8771);
#6904=AXIS2_PLACEMENT_3D('',#10587,#8773,#8774);
#6905=AXIS2_PLACEMENT_3D('',#10589,#8776,#8777);
#6906=AXIS2_PLACEMENT_3D('',#10591,#8779,#8780);
#6907=AXIS2_PLACEMENT_3D('',#10592,#8781,#8782);
#6908=AXIS2_PLACEMENT_3D('',#10595,#8785,#8786);
#6909=AXIS2_PLACEMENT_3D('',#10597,#8788,#8789);
#6910=AXIS2_PLACEMENT_3D('',#10599,#8791,#8792);
#6911=AXIS2_PLACEMENT_3D('',#10601,#8794,#8795);
#6912=AXIS2_PLACEMENT_3D('',#10603,#8797,#8798);
#6913=AXIS2_PLACEMENT_3D('',#10605,#8800,#8801);
#6914=AXIS2_PLACEMENT_3D('',#10607,#8803,#8804);
#6915=AXIS2_PLACEMENT_3D('',#10608,#8805,#8806);
#6916=AXIS2_PLACEMENT_3D('',#10611,#8809,#8810);
#6917=AXIS2_PLACEMENT_3D('',#10613,#8812,#8813);
#6918=AXIS2_PLACEMENT_3D('',#10615,#8815,#8816);
#6919=AXIS2_PLACEMENT_3D('',#10617,#8818,#8819);
#6920=AXIS2_PLACEMENT_3D('',#10619,#8821,#8822);
#6921=AXIS2_PLACEMENT_3D('',#10621,#8824,#8825);
#6922=AXIS2_PLACEMENT_3D('',#10623,#8827,#8828);
#6923=AXIS2_PLACEMENT_3D('',#10624,#8829,#8830);
#6924=AXIS2_PLACEMENT_3D('',#10627,#8833,#8834);
#6925=AXIS2_PLACEMENT_3D('',#10629,#8836,#8837);
#6926=AXIS2_PLACEMENT_3D('',#10631,#8839,#8840);
#6927=AXIS2_PLACEMENT_3D('',#10633,#8842,#8843);
#6928=AXIS2_PLACEMENT_3D('',#10635,#8845,#8846);
#6929=AXIS2_PLACEMENT_3D('',#10637,#8848,#8849);
#6930=AXIS2_PLACEMENT_3D('',#10639,#8851,#8852);
#6931=AXIS2_PLACEMENT_3D('',#10640,#8853,#8854);
#6932=AXIS2_PLACEMENT_3D('',#10643,#8857,#8858);
#6933=AXIS2_PLACEMENT_3D('',#10645,#8860,#8861);
#6934=AXIS2_PLACEMENT_3D('',#10647,#8863,#8864);
#6935=AXIS2_PLACEMENT_3D('',#10649,#8866,#8867);
#6936=AXIS2_PLACEMENT_3D('',#10651,#8869,#8870);
#6937=AXIS2_PLACEMENT_3D('',#10653,#8872,#8873);
#6938=AXIS2_PLACEMENT_3D('',#10655,#8875,#8876);
#6939=DIRECTION('',(0.,0.,1.));
#6940=DIRECTION('',(1.,0.,0.));
#6941=DIRECTION('',(1.,2.16840434497101E-16,0.));
#6942=DIRECTION('',(-2.16840434497101E-16,1.,0.));
#6943=DIRECTION('',(0.,0.,-1.));
#6944=DIRECTION('',(2.16840434497101E-16,-1.,0.));
#6945=DIRECTION('',(0.,0.,-1.));
#6946=DIRECTION('',(-2.16840434497101E-16,1.,0.));
#6947=DIRECTION('',(0.,0.,-1.));
#6948=DIRECTION('',(-1.,0.,0.));
#6949=DIRECTION('',(0.,0.,-1.));
#6950=DIRECTION('',(0.,0.,1.));
#6951=DIRECTION('',(1.,0.,0.));
#6952=DIRECTION('',(0.,0.,-1.));
#6953=DIRECTION('',(0.,0.,1.));
#6954=DIRECTION('',(1.,0.,0.));
#6955=DIRECTION('',(-1.,4.04768811061255E-16,0.));
#6956=DIRECTION('',(-4.04768811061255E-16,-1.,0.));
#6957=DIRECTION('',(0.,0.,-1.));
#6958=DIRECTION('',(4.04768811061255E-16,1.,0.));
#6959=DIRECTION('',(0.,0.,-1.));
#6960=DIRECTION('',(-4.04768811061255E-16,-1.,0.));
#6961=DIRECTION('',(1.,2.16840434497101E-16,0.));
#6962=DIRECTION('',(-2.16840434497101E-16,1.,0.));
#6963=DIRECTION('',(0.,0.,1.));
#6964=DIRECTION('',(-2.16840434497101E-16,1.,0.));
#6965=DIRECTION('',(0.,0.,1.));
#6966=DIRECTION('',(2.16840434497101E-16,-1.,0.));
#6967=DIRECTION('',(0.,0.,-1.));
#6968=DIRECTION('',(-1.,0.,0.));
#6969=DIRECTION('',(0.,0.,-1.));
#6970=DIRECTION('',(0.,0.,1.));
#6971=DIRECTION('',(1.,0.,0.));
#6972=DIRECTION('',(0.,0.,-1.));
#6973=DIRECTION('',(0.,0.,1.));
#6974=DIRECTION('',(1.,0.,0.));
#6975=DIRECTION('',(-1.,4.04768811061255E-16,0.));
#6976=DIRECTION('',(-4.04768811061255E-16,-1.,0.));
#6977=DIRECTION('',(0.,0.,1.));
#6978=DIRECTION('',(-4.04768811061255E-16,-1.,0.));
#6979=DIRECTION('',(0.,0.,1.));
#6980=DIRECTION('',(4.04768811061255E-16,1.,0.));
#6981=DIRECTION('',(0.,0.,-1.));
#6982=DIRECTION('',(-1.,0.,0.));
#6983=DIRECTION('',(0.,0.,-1.));
#6984=DIRECTION('',(0.,0.,1.));
#6985=DIRECTION('',(1.,0.,0.));
#6986=DIRECTION('',(0.,0.,-1.));
#6987=DIRECTION('',(0.,0.,1.));
#6988=DIRECTION('',(1.,0.,0.));
#6989=DIRECTION('',(-1.,0.,0.));
#6990=DIRECTION('',(0.,0.,1.));
#6991=DIRECTION('',(0.,0.,-1.));
#6992=DIRECTION('',(0.,-1.,0.));
#6993=DIRECTION('',(0.,0.,1.));
#6994=DIRECTION('',(0.,1.,0.));
#6995=DIRECTION('',(0.,1.,0.));
#6996=DIRECTION('',(0.,0.,1.));
#6997=DIRECTION('',(0.,0.,-1.));
#6998=DIRECTION('',(-1.,0.,0.));
#6999=DIRECTION('',(0.,0.,-1.));
#7000=DIRECTION('',(1.,0.,0.));
#7001=DIRECTION('',(1.,-6.93889390390722E-16,0.));
#7002=DIRECTION('',(6.93889390390722E-16,1.,0.));
#7003=DIRECTION('',(0.,0.,1.));
#7004=DIRECTION('',(6.93889390390722E-16,1.,0.));
#7005=DIRECTION('',(0.,0.,-1.));
#7006=DIRECTION('',(-6.93889390390722E-16,-1.,0.));
#7007=DIRECTION('',(0.,0.,-1.));
#7008=DIRECTION('',(-1.,0.,0.));
#7009=DIRECTION('',(0.,0.,-1.));
#7010=DIRECTION('',(0.,0.,1.));
#7011=DIRECTION('',(1.,0.,0.));
#7012=DIRECTION('',(0.,0.,-1.));
#7013=DIRECTION('',(0.,0.,1.));
#7014=DIRECTION('',(1.,0.,0.));
#7015=DIRECTION('',(1.,8.67361737988404E-17,0.));
#7016=DIRECTION('',(-8.67361737988404E-17,1.,0.));
#7017=DIRECTION('',(0.,0.,-1.));
#7018=DIRECTION('',(8.67361737988404E-17,-1.,0.));
#7019=DIRECTION('',(0.,0.,-1.));
#7020=DIRECTION('',(-8.67361737988404E-17,1.,0.));
#7021=DIRECTION('',(0.,1.,0.));
#7022=DIRECTION('',(0.,0.,1.));
#7023=DIRECTION('',(0.,0.,-1.));
#7024=DIRECTION('',(-1.,0.,0.));
#7025=DIRECTION('',(0.,0.,-1.));
#7026=DIRECTION('',(1.,0.,0.));
#7027=DIRECTION('',(1.,0.,0.));
#7028=DIRECTION('',(0.,0.,-1.));
#7029=DIRECTION('',(0.,0.,-1.));
#7030=DIRECTION('',(0.,1.,0.));
#7031=DIRECTION('',(0.,0.,-1.));
#7032=DIRECTION('',(0.,-1.,0.));
#7033=DIRECTION('',(1.,-1.7347234759768E-16,0.));
#7034=DIRECTION('',(1.7347234759768E-16,1.,0.));
#7035=DIRECTION('',(0.,0.,-1.));
#7036=DIRECTION('',(-1.7347234759768E-16,-1.,0.));
#7037=DIRECTION('',(0.,0.,-1.));
#7038=DIRECTION('',(1.7347234759768E-16,1.,0.));
#7039=DIRECTION('',(0.,1.,0.));
#7040=DIRECTION('',(0.,0.,1.));
#7041=DIRECTION('',(0.,0.,-1.));
#7042=DIRECTION('',(-1.,0.,0.));
#7043=DIRECTION('',(0.,0.,-1.));
#7044=DIRECTION('',(1.,0.,0.));
#7045=DIRECTION('',(1.,-8.67361737988404E-17,0.));
#7046=DIRECTION('',(8.67361737988404E-17,1.,0.));
#7047=DIRECTION('',(0.,0.,-1.));
#7048=DIRECTION('',(8.67361737988404E-17,1.,0.));
#7049=DIRECTION('',(0.,0.,-1.));
#7050=DIRECTION('',(-8.67361737988404E-17,-1.,0.));
#7051=DIRECTION('',(0.,1.,0.));
#7052=DIRECTION('',(0.,0.,1.));
#7053=DIRECTION('',(0.,0.,-1.));
#7054=DIRECTION('',(1.,0.,0.));
#7055=DIRECTION('',(0.,0.,-1.));
#7056=DIRECTION('',(-1.,0.,0.));
#7057=DIRECTION('',(1.,-4.95635278850517E-16,0.));
#7058=DIRECTION('',(4.95635278850517E-16,1.,0.));
#7059=DIRECTION('',(0.,0.,-1.));
#7060=DIRECTION('',(-4.95635278850517E-16,-1.,0.));
#7061=DIRECTION('',(0.,0.,-1.));
#7062=DIRECTION('',(4.95635278850517E-16,1.,0.));
#7063=DIRECTION('',(1.87537673078573E-16,-1.,0.));
#7064=DIRECTION('',(1.,1.87537673078573E-16,0.));
#7065=DIRECTION('',(0.,0.,-1.));
#7066=DIRECTION('',(-1.,-1.87537673078573E-16,0.));
#7067=DIRECTION('',(0.,0.,-1.));
#7068=DIRECTION('',(1.,1.87537673078573E-16,0.));
#7069=DIRECTION('',(-1.,-3.07200683367629E-16,0.));
#7070=DIRECTION('',(3.07200683367629E-16,-1.,0.));
#7071=DIRECTION('',(0.,0.,-1.));
#7072=DIRECTION('',(-3.07200683367629E-16,1.,0.));
#7073=DIRECTION('',(0.,0.,-1.));
#7074=DIRECTION('',(3.07200683367629E-16,-1.,0.));
#7075=DIRECTION('',(-0.707106781186548,0.707106781186548,0.));
#7076=DIRECTION('',(-0.707106781186548,-0.707106781186548,0.));
#7077=DIRECTION('',(0.,0.,-1.));
#7078=DIRECTION('',(0.707106781186548,0.707106781186548,0.));
#7079=DIRECTION('',(0.,0.,-1.));
#7080=DIRECTION('',(-0.707106781186548,-0.707106781186548,0.));
#7081=DIRECTION('',(-1.,0.,0.));
#7082=DIRECTION('',(0.,0.,1.));
#7083=DIRECTION('',(0.,0.,-1.));
#7084=DIRECTION('',(0.,1.,0.));
#7085=DIRECTION('',(0.,0.,-1.));
#7086=DIRECTION('',(0.,-1.,0.));
#7087=DIRECTION('',(-0.707106781186547,-0.707106781186548,0.));
#7088=DIRECTION('',(0.707106781186548,-0.707106781186547,0.));
#7089=DIRECTION('',(0.,0.,-1.));
#7090=DIRECTION('',(-0.707106781186548,0.707106781186547,0.));
#7091=DIRECTION('',(0.,0.,-1.));
#7092=DIRECTION('',(0.707106781186548,-0.707106781186547,0.));
#7093=DIRECTION('',(-1.,1.10711377570247E-16,0.));
#7094=DIRECTION('',(-1.10711377570247E-16,-1.,0.));
#7095=DIRECTION('',(0.,0.,-1.));
#7096=DIRECTION('',(1.10711377570247E-16,1.,0.));
#7097=DIRECTION('',(0.,0.,-1.));
#7098=DIRECTION('',(-1.10711377570247E-16,-1.,0.));
#7099=DIRECTION('',(-0.707106781186544,0.707106781186551,0.));
#7100=DIRECTION('',(-0.707106781186551,-0.707106781186544,0.));
#7101=DIRECTION('',(0.,0.,-1.));
#7102=DIRECTION('',(0.707106781186551,0.707106781186544,0.));
#7103=DIRECTION('',(0.,0.,-1.));
#7104=DIRECTION('',(-0.707106781186551,-0.707106781186544,0.));
#7105=DIRECTION('',(-1.,-8.33553508612424E-16,0.));
#7106=DIRECTION('',(8.33553508612424E-16,-1.,0.));
#7107=DIRECTION('',(0.,0.,-1.));
#7108=DIRECTION('',(-8.33553508612424E-16,1.,0.));
#7109=DIRECTION('',(0.,0.,-1.));
#7110=DIRECTION('',(8.33553508612424E-16,-1.,0.));
#7111=DIRECTION('',(0.707106781186548,0.707106781186547,0.));
#7112=DIRECTION('',(-0.707106781186547,0.707106781186548,0.));
#7113=DIRECTION('',(0.,0.,-1.));
#7114=DIRECTION('',(-0.707106781186547,0.707106781186548,0.));
#7115=DIRECTION('',(0.,0.,-1.));
#7116=DIRECTION('',(0.707106781186547,-0.707106781186548,0.));
#7117=DIRECTION('',(0.,1.,0.));
#7118=DIRECTION('',(0.,0.,1.));
#7119=DIRECTION('',(0.,0.,-1.));
#7120=DIRECTION('',(-1.,0.,0.));
#7121=DIRECTION('',(0.,0.,-1.));
#7122=DIRECTION('',(1.,0.,0.));
#7123=DIRECTION('',(-0.707106781186547,0.707106781186548,0.));
#7124=DIRECTION('',(-0.707106781186548,-0.707106781186547,0.));
#7125=DIRECTION('',(0.,0.,-1.));
#7126=DIRECTION('',(-0.707106781186548,-0.707106781186547,0.));
#7127=DIRECTION('',(0.,0.,-1.));
#7128=DIRECTION('',(0.707106781186548,0.707106781186547,0.));
#7129=DIRECTION('',(0.,1.,0.));
#7130=DIRECTION('',(0.,0.,1.));
#7131=DIRECTION('',(0.,0.,-1.));
#7132=DIRECTION('',(-1.,0.,0.));
#7133=DIRECTION('',(0.,0.,-1.));
#7134=DIRECTION('',(1.,0.,0.));
#7135=DIRECTION('',(0.707106781186548,0.707106781186548,0.));
#7136=DIRECTION('',(-0.707106781186548,0.707106781186548,0.));
#7137=DIRECTION('',(0.,0.,-1.));
#7138=DIRECTION('',(-0.707106781186548,0.707106781186548,0.));
#7139=DIRECTION('',(0.,0.,-1.));
#7140=DIRECTION('',(0.707106781186548,-0.707106781186548,0.));
#7141=DIRECTION('',(0.,1.,0.));
#7142=DIRECTION('',(0.,0.,1.));
#7143=DIRECTION('',(0.,0.,-1.));
#7144=DIRECTION('',(-1.,0.,0.));
#7145=DIRECTION('',(0.,0.,-1.));
#7146=DIRECTION('',(1.,0.,0.));
#7147=DIRECTION('',(-0.707106781186547,0.707106781186548,0.));
#7148=DIRECTION('',(-0.707106781186548,-0.707106781186547,0.));
#7149=DIRECTION('',(0.,0.,-1.));
#7150=DIRECTION('',(-0.707106781186548,-0.707106781186547,0.));
#7151=DIRECTION('',(0.,0.,-1.));
#7152=DIRECTION('',(0.707106781186548,0.707106781186547,0.));
#7153=DIRECTION('',(-1.,0.,0.));
#7154=DIRECTION('',(0.,0.,1.));
#7155=DIRECTION('',(0.,0.,-1.));
#7156=DIRECTION('',(0.,-1.,0.));
#7157=DIRECTION('',(0.,0.,-1.));
#7158=DIRECTION('',(0.,1.,0.));
#7159=DIRECTION('',(0.707106781186548,0.707106781186548,0.));
#7160=DIRECTION('',(-0.707106781186548,0.707106781186548,0.));
#7161=DIRECTION('',(0.,0.,-1.));
#7162=DIRECTION('',(0.707106781186548,-0.707106781186548,0.));
#7163=DIRECTION('',(0.,0.,-1.));
#7164=DIRECTION('',(-0.707106781186548,0.707106781186548,0.));
#7165=DIRECTION('',(1.,5.53556887851236E-17,0.));
#7166=DIRECTION('',(-5.53556887851236E-17,1.,0.));
#7167=DIRECTION('',(0.,0.,-1.));
#7168=DIRECTION('',(5.53556887851236E-17,-1.,0.));
#7169=DIRECTION('',(0.,0.,-1.));
#7170=DIRECTION('',(-5.53556887851236E-17,1.,0.));
#7171=DIRECTION('',(-0.707106781186548,0.707106781186548,0.));
#7172=DIRECTION('',(-0.707106781186548,-0.707106781186548,0.));
#7173=DIRECTION('',(0.,0.,-1.));
#7174=DIRECTION('',(-0.707106781186548,-0.707106781186548,0.));
#7175=DIRECTION('',(0.,0.,-1.));
#7176=DIRECTION('',(0.707106781186548,0.707106781186548,0.));
#7177=DIRECTION('',(-1.,0.,0.));
#7178=DIRECTION('',(0.,0.,1.));
#7179=DIRECTION('',(0.,0.,-1.));
#7180=DIRECTION('',(0.,-1.,0.));
#7181=DIRECTION('',(0.,0.,-1.));
#7182=DIRECTION('',(0.,1.,0.));
#7183=DIRECTION('',(-0.707106781186548,-0.707106781186548,0.));
#7184=DIRECTION('',(0.707106781186548,-0.707106781186548,0.));
#7185=DIRECTION('',(0.,0.,-1.));
#7186=DIRECTION('',(0.707106781186548,-0.707106781186548,0.));
#7187=DIRECTION('',(0.,0.,-1.));
#7188=DIRECTION('',(-0.707106781186548,0.707106781186548,0.));
#7189=DIRECTION('',(1.,0.,0.));
#7190=DIRECTION('',(0.,0.,-1.));
#7191=DIRECTION('',(0.,0.,-1.));
#7192=DIRECTION('',(0.,-1.,0.));
#7193=DIRECTION('',(0.,0.,-1.));
#7194=DIRECTION('',(0.,1.,0.));
#7195=DIRECTION('',(-0.974239236446869,-0.225516984210549,0.));
#7196=DIRECTION('',(0.225516984210549,-0.974239236446869,0.));
#7197=DIRECTION('',(0.,0.,-1.));
#7198=DIRECTION('',(0.225516984210549,-0.974239236446869,0.));
#7199=DIRECTION('',(0.,0.,-1.));
#7200=DIRECTION('',(-0.225516984210549,0.974239236446869,0.));
#7201=DIRECTION('',(0.,-1.,0.));
#7202=DIRECTION('',(0.,0.,-1.));
#7203=DIRECTION('',(0.,0.,-1.));
#7204=DIRECTION('',(1.,0.,0.));
#7205=DIRECTION('',(0.,0.,-1.));
#7206=DIRECTION('',(-1.,0.,0.));
#7207=DIRECTION('',(1.,1.0842021724855E-16,0.));
#7208=DIRECTION('',(-1.0842021724855E-16,1.,0.));
#7209=DIRECTION('',(0.,0.,-1.));
#7210=DIRECTION('',(-1.0842021724855E-16,1.,0.));
#7211=DIRECTION('',(0.,0.,-1.));
#7212=DIRECTION('',(1.0842021724855E-16,-1.,0.));
#7213=DIRECTION('',(0.,1.,0.));
#7214=DIRECTION('',(0.,0.,1.));
#7215=DIRECTION('',(0.,0.,-1.));
#7216=DIRECTION('',(-1.,0.,0.));
#7217=DIRECTION('',(0.,0.,-1.));
#7218=DIRECTION('',(1.,0.,0.));
#7219=DIRECTION('',(0.974239236446869,0.225516984210549,0.));
#7220=DIRECTION('',(-0.225516984210549,0.974239236446869,0.));
#7221=DIRECTION('',(0.,0.,-1.));
#7222=DIRECTION('',(-0.225516984210549,0.974239236446869,0.));
#7223=DIRECTION('',(0.,0.,-1.));
#7224=DIRECTION('',(0.225516984210549,-0.974239236446869,0.));
#7225=DIRECTION('',(1.,0.,0.));
#7226=DIRECTION('',(0.,0.,-1.));
#7227=DIRECTION('',(0.,0.,-1.));
#7228=DIRECTION('',(0.,1.,0.));
#7229=DIRECTION('',(0.,0.,-1.));
#7230=DIRECTION('',(0.,-1.,0.));
#7231=DIRECTION('',(0.974239236446869,-0.22551698421055,0.));
#7232=DIRECTION('',(0.22551698421055,0.974239236446869,0.));
#7233=DIRECTION('',(0.,0.,-1.));
#7234=DIRECTION('',(0.22551698421055,0.974239236446869,0.));
#7235=DIRECTION('',(0.,0.,-1.));
#7236=DIRECTION('',(-0.22551698421055,-0.974239236446869,0.));
#7237=DIRECTION('',(0.,1.,0.));
#7238=DIRECTION('',(0.,0.,1.));
#7239=DIRECTION('',(0.,0.,-1.));
#7240=DIRECTION('',(1.,0.,0.));
#7241=DIRECTION('',(0.,0.,-1.));
#7242=DIRECTION('',(-1.,0.,0.));
#7243=DIRECTION('',(-0.974239236446869,-0.225516984210549,0.));
#7244=DIRECTION('',(0.225516984210549,-0.974239236446869,0.));
#7245=DIRECTION('',(0.,0.,-1.));
#7246=DIRECTION('',(0.225516984210549,-0.974239236446869,0.));
#7247=DIRECTION('',(0.,0.,-1.));
#7248=DIRECTION('',(-0.225516984210549,0.974239236446869,0.));
#7249=DIRECTION('',(1.,0.,0.));
#7250=DIRECTION('',(0.,0.,-1.));
#7251=DIRECTION('',(0.,0.,-1.));
#7252=DIRECTION('',(0.,-1.,0.));
#7253=DIRECTION('',(0.,0.,-1.));
#7254=DIRECTION('',(0.,1.,0.));
#7255=DIRECTION('',(0.974239236446869,-0.22551698421055,0.));
#7256=DIRECTION('',(0.22551698421055,0.974239236446869,0.));
#7257=DIRECTION('',(0.,0.,-1.));
#7258=DIRECTION('',(-0.22551698421055,-0.974239236446869,0.));
#7259=DIRECTION('',(0.,0.,-1.));
#7260=DIRECTION('',(0.22551698421055,0.974239236446869,0.));
#7261=DIRECTION('',(0.,-1.,0.));
#7262=DIRECTION('',(0.,0.,-1.));
#7263=DIRECTION('',(0.,0.,-1.));
#7264=DIRECTION('',(-1.,0.,0.));
#7265=DIRECTION('',(0.,0.,-1.));
#7266=DIRECTION('',(1.,0.,0.));
#7267=DIRECTION('',(1.,-1.0842021724855E-16,0.));
#7268=DIRECTION('',(1.0842021724855E-16,1.,0.));
#7269=DIRECTION('',(0.,0.,-1.));
#7270=DIRECTION('',(-1.0842021724855E-16,-1.,0.));
#7271=DIRECTION('',(0.,0.,-1.));
#7272=DIRECTION('',(1.0842021724855E-16,1.,0.));
#7273=DIRECTION('',(0.,1.,0.));
#7274=DIRECTION('',(0.,0.,1.));
#7275=DIRECTION('',(0.,0.,-1.));
#7276=DIRECTION('',(1.,0.,0.));
#7277=DIRECTION('',(0.,0.,-1.));
#7278=DIRECTION('',(-1.,0.,0.));
#7279=DIRECTION('',(0.,0.,-1.));
#7280=DIRECTION('',(-1.,0.,0.));
#7281=DIRECTION('',(0.,0.,-1.));
#7282=DIRECTION('',(0.,0.,1.));
#7283=DIRECTION('',(1.,0.,0.));
#7284=DIRECTION('',(0.,0.,-1.));
#7285=DIRECTION('',(0.,0.,1.));
#7286=DIRECTION('',(1.,0.,0.));
#7287=DIRECTION('',(0.,-1.,0.));
#7288=DIRECTION('',(0.,0.,-1.));
#7289=DIRECTION('',(0.,0.,1.));
#7290=DIRECTION('',(1.,0.,0.));
#7291=DIRECTION('',(0.,0.,1.));
#7292=DIRECTION('',(-1.,0.,0.));
#7293=DIRECTION('',(0.,0.,-1.));
#7294=DIRECTION('',(-1.,0.,0.));
#7295=DIRECTION('',(0.,0.,1.));
#7296=DIRECTION('',(1.,0.,0.));
#7297=DIRECTION('',(0.,0.,1.));
#7298=DIRECTION('',(1.,0.,0.));
#7299=DIRECTION('',(0.,0.,-1.));
#7300=DIRECTION('',(-1.,0.,0.));
#7301=DIRECTION('',(0.,0.,1.));
#7302=DIRECTION('',(1.,0.,0.));
#7303=DIRECTION('',(0.,0.,1.));
#7304=DIRECTION('',(1.,0.,0.));
#7305=DIRECTION('',(0.,0.,-1.));
#7306=DIRECTION('',(-1.,0.,0.));
#7307=DIRECTION('',(0.,0.,1.));
#7308=DIRECTION('',(1.,0.,0.));
#7309=DIRECTION('',(0.,0.,1.));
#7310=DIRECTION('',(1.,0.,0.));
#7311=DIRECTION('',(0.,0.,-1.));
#7312=DIRECTION('',(-1.,0.,0.));
#7313=DIRECTION('',(0.,0.,1.));
#7314=DIRECTION('',(1.,0.,0.));
#7315=DIRECTION('',(0.,0.,1.));
#7316=DIRECTION('',(1.,0.,0.));
#7317=DIRECTION('',(0.,0.,-1.));
#7318=DIRECTION('',(-1.,0.,0.));
#7319=DIRECTION('',(0.,0.,1.));
#7320=DIRECTION('',(1.,0.,0.));
#7321=DIRECTION('',(0.,0.,1.));
#7322=DIRECTION('',(1.,0.,0.));
#7323=DIRECTION('',(0.,0.,-1.));
#7324=DIRECTION('',(-1.,0.,0.));
#7325=DIRECTION('',(0.,0.,1.));
#7326=DIRECTION('',(1.,0.,0.));
#7327=DIRECTION('',(0.,0.,1.));
#7328=DIRECTION('',(1.,0.,0.));
#7329=DIRECTION('',(0.,0.,-1.));
#7330=DIRECTION('',(-1.,0.,0.));
#7331=DIRECTION('',(0.,0.,1.));
#7332=DIRECTION('',(1.,0.,0.));
#7333=DIRECTION('',(0.,0.,1.));
#7334=DIRECTION('',(1.,0.,0.));
#7335=DIRECTION('',(0.,0.,-1.));
#7336=DIRECTION('',(-1.,0.,0.));
#7337=DIRECTION('',(0.,0.,1.));
#7338=DIRECTION('',(1.,0.,0.));
#7339=DIRECTION('',(0.,0.,1.));
#7340=DIRECTION('',(1.,0.,0.));
#7341=DIRECTION('',(0.,1.,0.));
#7342=DIRECTION('',(0.,0.,1.));
#7343=DIRECTION('',(0.,0.,-1.));
#7344=DIRECTION('',(1.,0.,0.));
#7345=DIRECTION('',(0.,0.,-1.));
#7346=DIRECTION('',(-1.,0.,0.));
#7347=DIRECTION('',(0.,1.,0.));
#7348=DIRECTION('',(0.,0.,1.));
#7349=DIRECTION('',(0.,0.,-1.));
#7350=DIRECTION('',(1.,0.,0.));
#7351=DIRECTION('',(0.,0.,-1.));
#7352=DIRECTION('',(-1.,0.,0.));
#7353=DIRECTION('',(-1.,4.95635278850517E-16,0.));
#7354=DIRECTION('',(-4.95635278850517E-16,-1.,0.));
#7355=DIRECTION('',(0.,0.,-1.));
#7356=DIRECTION('',(4.95635278850517E-16,1.,0.));
#7357=DIRECTION('',(0.,0.,-1.));
#7358=DIRECTION('',(-4.95635278850517E-16,-1.,0.));
#7359=DIRECTION('',(0.974239236446869,-0.22551698421055,0.));
#7360=DIRECTION('',(0.22551698421055,0.974239236446869,0.));
#7361=DIRECTION('',(0.,0.,-1.));
#7362=DIRECTION('',(0.22551698421055,0.974239236446869,0.));
#7363=DIRECTION('',(0.,0.,-1.));
#7364=DIRECTION('',(-0.22551698421055,-0.974239236446869,0.));
#7365=DIRECTION('',(0.,0.,-1.));
#7366=DIRECTION('',(-1.,0.,0.));
#7367=DIRECTION('',(0.,0.,-1.));
#7368=DIRECTION('',(0.,0.,1.));
#7369=DIRECTION('',(1.,0.,0.));
#7370=DIRECTION('',(0.,0.,-1.));
#7371=DIRECTION('',(0.,0.,1.));
#7372=DIRECTION('',(1.,0.,0.));
#7373=DIRECTION('',(0.,0.,1.));
#7374=DIRECTION('',(1.,0.,0.));
#7375=DIRECTION('',(0.,0.,1.));
#7376=DIRECTION('',(1.,0.,0.));
#7377=DIRECTION('',(1.,0.,0.));
#7378=DIRECTION('',(0.,0.,1.));
#7379=DIRECTION('',(1.,0.,0.));
#7380=DIRECTION('',(0.,-1.,0.));
#7381=DIRECTION('',(0.,0.,1.));
#7382=DIRECTION('',(1.,0.,0.));
#7383=DIRECTION('',(-1.,0.,0.));
#7384=DIRECTION('',(0.,0.,1.));
#7385=DIRECTION('',(1.,0.,0.));
#7386=DIRECTION('',(-8.67361737988404E-17,1.,0.));
#7387=DIRECTION('',(0.,0.,1.));
#7388=DIRECTION('',(1.,0.,0.));
#7389=DIRECTION('',(1.,0.,0.));
#7390=DIRECTION('',(0.,0.,1.));
#7391=DIRECTION('',(1.,0.,0.));
#7392=DIRECTION('',(-8.67361737988404E-17,-1.,0.));
#7393=DIRECTION('',(0.,0.,1.));
#7394=DIRECTION('',(1.,0.,0.));
#7395=DIRECTION('',(-1.,0.,0.));
#7396=DIRECTION('',(0.,0.,1.));
#7397=DIRECTION('',(1.,0.,0.));
#7398=DIRECTION('',(1.7347234759768E-16,1.,0.));
#7399=DIRECTION('',(0.,0.,1.));
#7400=DIRECTION('',(1.,0.,0.));
#7401=DIRECTION('',(-4.04768811061255E-16,-1.,0.));
#7402=DIRECTION('',(0.,0.,1.));
#7403=DIRECTION('',(1.,0.,0.));
#7404=DIRECTION('',(0.,0.,1.));
#7405=DIRECTION('',(1.,0.,0.));
#7406=DIRECTION('',(0.,0.,1.));
#7407=DIRECTION('',(1.,0.,0.));
#7408=DIRECTION('',(-2.16840434497101E-16,1.,0.));
#7409=DIRECTION('',(0.,0.,1.));
#7410=DIRECTION('',(1.,0.,0.));
#7411=DIRECTION('',(0.,0.,1.));
#7412=DIRECTION('',(1.,0.,0.));
#7413=DIRECTION('',(0.,0.,1.));
#7414=DIRECTION('',(1.,0.,0.));
#7415=DIRECTION('',(2.16840434497101E-16,-1.,0.));
#7416=DIRECTION('',(0.,0.,1.));
#7417=DIRECTION('',(1.,0.,0.));
#7418=DIRECTION('',(0.,0.,1.));
#7419=DIRECTION('',(1.,0.,0.));
#7420=DIRECTION('',(0.,0.,1.));
#7421=DIRECTION('',(1.,0.,0.));
#7422=DIRECTION('',(4.04768811061255E-16,1.,0.));
#7423=DIRECTION('',(0.,0.,1.));
#7424=DIRECTION('',(1.,0.,0.));
#7425=DIRECTION('',(0.,0.,1.));
#7426=DIRECTION('',(1.,0.,0.));
#7427=DIRECTION('',(0.,0.,1.));
#7428=DIRECTION('',(1.,0.,0.));
#7429=DIRECTION('',(-1.,0.,0.));
#7430=DIRECTION('',(0.,0.,1.));
#7431=DIRECTION('',(1.,0.,0.));
#7432=DIRECTION('',(4.95635278850517E-16,1.,0.));
#7433=DIRECTION('',(0.,0.,1.));
#7434=DIRECTION('',(1.,0.,0.));
#7435=DIRECTION('',(1.,1.87537673078573E-16,0.));
#7436=DIRECTION('',(0.,0.,1.));
#7437=DIRECTION('',(1.,0.,0.));
#7438=DIRECTION('',(-4.95635278850517E-16,-1.,0.));
#7439=DIRECTION('',(0.,0.,1.));
#7440=DIRECTION('',(1.,0.,0.));
#7441=DIRECTION('',(0.,0.,1.));
#7442=DIRECTION('',(1.,0.,0.));
#7443=DIRECTION('',(0.,0.,1.));
#7444=DIRECTION('',(1.,0.,0.));
#7445=DIRECTION('',(0.,1.,0.));
#7446=DIRECTION('',(0.,0.,1.));
#7447=DIRECTION('',(1.,0.,0.));
#7448=DIRECTION('',(1.,0.,0.));
#7449=DIRECTION('',(0.,0.,1.));
#7450=DIRECTION('',(1.,0.,0.));
#7451=DIRECTION('',(-6.93889390390722E-16,-1.,0.));
#7452=DIRECTION('',(0.,0.,1.));
#7453=DIRECTION('',(1.,0.,0.));
#7454=DIRECTION('',(0.,0.,1.));
#7455=DIRECTION('',(1.,0.,0.));
#7456=DIRECTION('',(0.,0.,1.));
#7457=DIRECTION('',(1.,0.,0.));
#7458=DIRECTION('',(-1.,0.,0.));
#7459=DIRECTION('',(0.,0.,1.));
#7460=DIRECTION('',(1.,0.,0.));
#7461=DIRECTION('',(0.,1.,0.));
#7462=DIRECTION('',(0.,0.,1.));
#7463=DIRECTION('',(1.,0.,0.));
#7464=DIRECTION('',(-0.225516984210549,0.974239236446869,0.));
#7465=DIRECTION('',(0.,0.,1.));
#7466=DIRECTION('',(1.,0.,0.));
#7467=DIRECTION('',(-1.,0.,0.));
#7468=DIRECTION('',(0.,0.,1.));
#7469=DIRECTION('',(1.,0.,0.));
#7470=DIRECTION('',(1.0842021724855E-16,-1.,0.));
#7471=DIRECTION('',(0.,0.,1.));
#7472=DIRECTION('',(1.,0.,0.));
#7473=DIRECTION('',(1.,0.,0.));
#7474=DIRECTION('',(0.,0.,1.));
#7475=DIRECTION('',(1.,0.,0.));
#7476=DIRECTION('',(0.225516984210549,-0.974239236446869,0.));
#7477=DIRECTION('',(0.,0.,1.));
#7478=DIRECTION('',(1.,0.,0.));
#7479=DIRECTION('',(0.,-1.,0.));
#7480=DIRECTION('',(0.,0.,1.));
#7481=DIRECTION('',(1.,0.,0.));
#7482=DIRECTION('',(-0.22551698421055,-0.974239236446869,0.));
#7483=DIRECTION('',(0.,0.,1.));
#7484=DIRECTION('',(1.,0.,0.));
#7485=DIRECTION('',(-1.,0.,0.));
#7486=DIRECTION('',(0.,0.,1.));
#7487=DIRECTION('',(1.,0.,0.));
#7488=DIRECTION('',(-0.225516984210549,0.974239236446869,0.));
#7489=DIRECTION('',(0.,0.,1.));
#7490=DIRECTION('',(1.,0.,0.));
#7491=DIRECTION('',(0.,1.,0.));
#7492=DIRECTION('',(0.,0.,1.));
#7493=DIRECTION('',(1.,0.,0.));
#7494=DIRECTION('',(0.22551698421055,0.974239236446869,0.));
#7495=DIRECTION('',(0.,0.,1.));
#7496=DIRECTION('',(1.,0.,0.));
#7497=DIRECTION('',(1.,0.,0.));
#7498=DIRECTION('',(0.,0.,1.));
#7499=DIRECTION('',(1.,0.,0.));
#7500=DIRECTION('',(1.0842021724855E-16,1.,0.));
#7501=DIRECTION('',(0.,0.,1.));
#7502=DIRECTION('',(1.,0.,0.));
#7503=DIRECTION('',(-1.,0.,0.));
#7504=DIRECTION('',(0.,0.,1.));
#7505=DIRECTION('',(1.,0.,0.));
#7506=DIRECTION('',(-0.22551698421055,-0.974239236446869,0.));
#7507=DIRECTION('',(0.,0.,1.));
#7508=DIRECTION('',(1.,0.,0.));
#7509=DIRECTION('',(3.07200683367629E-16,-1.,0.));
#7510=DIRECTION('',(0.,0.,1.));
#7511=DIRECTION('',(1.,0.,0.));
#7512=DIRECTION('',(-0.707106781186548,-0.707106781186548,0.));
#7513=DIRECTION('',(0.,0.,1.));
#7514=DIRECTION('',(1.,0.,0.));
#7515=DIRECTION('',(0.,-1.,0.));
#7516=DIRECTION('',(0.,0.,1.));
#7517=DIRECTION('',(1.,0.,0.));
#7518=DIRECTION('',(0.707106781186548,-0.707106781186547,0.));
#7519=DIRECTION('',(0.,0.,1.));
#7520=DIRECTION('',(1.,0.,0.));
#7521=DIRECTION('',(-1.10711377570247E-16,-1.,0.));
#7522=DIRECTION('',(0.,0.,1.));
#7523=DIRECTION('',(1.,0.,0.));
#7524=DIRECTION('',(-0.707106781186551,-0.707106781186544,0.));
#7525=DIRECTION('',(0.,0.,1.));
#7526=DIRECTION('',(1.,0.,0.));
#7527=DIRECTION('',(8.33553508612424E-16,-1.,0.));
#7528=DIRECTION('',(0.,0.,1.));
#7529=DIRECTION('',(1.,0.,0.));
#7530=DIRECTION('',(0.707106781186547,-0.707106781186548,0.));
#7531=DIRECTION('',(0.,0.,1.));
#7532=DIRECTION('',(1.,0.,0.));
#7533=DIRECTION('',(1.,0.,0.));
#7534=DIRECTION('',(0.,0.,1.));
#7535=DIRECTION('',(1.,0.,0.));
#7536=DIRECTION('',(0.707106781186548,0.707106781186547,0.));
#7537=DIRECTION('',(0.,0.,1.));
#7538=DIRECTION('',(1.,0.,0.));
#7539=DIRECTION('',(1.,0.,0.));
#7540=DIRECTION('',(0.,0.,1.));
#7541=DIRECTION('',(1.,0.,0.));
#7542=DIRECTION('',(0.707106781186548,-0.707106781186548,0.));
#7543=DIRECTION('',(0.,0.,1.));
#7544=DIRECTION('',(1.,0.,0.));
#7545=DIRECTION('',(1.,0.,0.));
#7546=DIRECTION('',(0.,0.,1.));
#7547=DIRECTION('',(1.,0.,0.));
#7548=DIRECTION('',(0.707106781186548,0.707106781186547,0.));
#7549=DIRECTION('',(0.,0.,1.));
#7550=DIRECTION('',(1.,0.,0.));
#7551=DIRECTION('',(0.,1.,0.));
#7552=DIRECTION('',(0.,0.,1.));
#7553=DIRECTION('',(1.,0.,0.));
#7554=DIRECTION('',(-0.707106781186548,0.707106781186548,0.));
#7555=DIRECTION('',(0.,0.,1.));
#7556=DIRECTION('',(1.,0.,0.));
#7557=DIRECTION('',(-5.53556887851236E-17,1.,0.));
#7558=DIRECTION('',(0.,0.,1.));
#7559=DIRECTION('',(1.,0.,0.));
#7560=DIRECTION('',(0.707106781186548,0.707106781186548,0.));
#7561=DIRECTION('',(0.,0.,1.));
#7562=DIRECTION('',(1.,0.,0.));
#7563=DIRECTION('',(0.,1.,0.));
#7564=DIRECTION('',(0.,0.,1.));
#7565=DIRECTION('',(1.,0.,0.));
#7566=DIRECTION('',(-0.707106781186548,0.707106781186548,0.));
#7567=DIRECTION('',(0.,0.,1.));
#7568=DIRECTION('',(1.,0.,0.));
#7569=DIRECTION('',(0.,0.,1.));
#7570=DIRECTION('',(1.,0.,0.));
#7571=DIRECTION('',(-1.,0.,0.));
#7572=DIRECTION('',(0.,0.,1.));
#7573=DIRECTION('',(1.,0.,0.));
#7574=DIRECTION('',(8.67361737988404E-17,-1.,0.));
#7575=DIRECTION('',(0.,0.,1.));
#7576=DIRECTION('',(1.,0.,0.));
#7577=DIRECTION('',(1.,0.,0.));
#7578=DIRECTION('',(0.,0.,1.));
#7579=DIRECTION('',(1.,0.,0.));
#7580=DIRECTION('',(0.,1.,0.));
#7581=DIRECTION('',(0.,0.,1.));
#7582=DIRECTION('',(1.,0.,0.));
#7583=DIRECTION('',(-1.,0.,0.));
#7584=DIRECTION('',(0.,0.,1.));
#7585=DIRECTION('',(1.,0.,0.));
#7586=DIRECTION('',(-1.7347234759768E-16,-1.,0.));
#7587=DIRECTION('',(0.,0.,1.));
#7588=DIRECTION('',(1.,0.,0.));
#7589=DIRECTION('',(1.,0.,0.));
#7590=DIRECTION('',(0.,0.,1.));
#7591=DIRECTION('',(1.,0.,0.));
#7592=DIRECTION('',(8.67361737988404E-17,1.,0.));
#7593=DIRECTION('',(0.,0.,1.));
#7594=DIRECTION('',(1.,0.,0.));
#7595=DIRECTION('',(4.04768811061255E-16,1.,0.));
#7596=DIRECTION('',(0.,0.,1.));
#7597=DIRECTION('',(1.,0.,0.));
#7598=DIRECTION('',(0.,0.,1.));
#7599=DIRECTION('',(1.,0.,0.));
#7600=DIRECTION('',(0.,0.,1.));
#7601=DIRECTION('',(1.,0.,0.));
#7602=DIRECTION('',(2.16840434497101E-16,-1.,0.));
#7603=DIRECTION('',(0.,0.,1.));
#7604=DIRECTION('',(1.,0.,0.));
#7605=DIRECTION('',(0.,0.,1.));
#7606=DIRECTION('',(1.,0.,0.));
#7607=DIRECTION('',(0.,0.,1.));
#7608=DIRECTION('',(1.,0.,0.));
#7609=DIRECTION('',(-2.16840434497101E-16,1.,0.));
#7610=DIRECTION('',(0.,0.,1.));
#7611=DIRECTION('',(1.,0.,0.));
#7612=DIRECTION('',(0.,0.,1.));
#7613=DIRECTION('',(1.,0.,0.));
#7614=DIRECTION('',(0.,0.,1.));
#7615=DIRECTION('',(1.,0.,0.));
#7616=DIRECTION('',(-4.04768811061255E-16,-1.,0.));
#7617=DIRECTION('',(0.,0.,1.));
#7618=DIRECTION('',(1.,0.,0.));
#7619=DIRECTION('',(0.,0.,1.));
#7620=DIRECTION('',(1.,0.,0.));
#7621=DIRECTION('',(0.,0.,1.));
#7622=DIRECTION('',(1.,0.,0.));
#7623=DIRECTION('',(1.,0.,0.));
#7624=DIRECTION('',(0.,0.,1.));
#7625=DIRECTION('',(1.,0.,0.));
#7626=DIRECTION('',(4.95635278850517E-16,1.,0.));
#7627=DIRECTION('',(0.,0.,1.));
#7628=DIRECTION('',(1.,0.,0.));
#7629=DIRECTION('',(-1.,-1.87537673078573E-16,0.));
#7630=DIRECTION('',(0.,0.,1.));
#7631=DIRECTION('',(1.,0.,0.));
#7632=DIRECTION('',(-4.95635278850517E-16,-1.,0.));
#7633=DIRECTION('',(0.,0.,1.));
#7634=DIRECTION('',(1.,0.,0.));
#7635=DIRECTION('',(0.,0.,1.));
#7636=DIRECTION('',(1.,0.,0.));
#7637=DIRECTION('',(0.,0.,1.));
#7638=DIRECTION('',(1.,0.,0.));
#7639=DIRECTION('',(1.,0.,0.));
#7640=DIRECTION('',(0.,0.,1.));
#7641=DIRECTION('',(1.,0.,0.));
#7642=DIRECTION('',(0.,0.,1.));
#7643=DIRECTION('',(1.,0.,0.));
#7644=DIRECTION('',(0.,0.,1.));
#7645=DIRECTION('',(1.,0.,0.));
#7646=DIRECTION('',(6.93889390390722E-16,1.,0.));
#7647=DIRECTION('',(0.,0.,1.));
#7648=DIRECTION('',(1.,0.,0.));
#7649=DIRECTION('',(-1.,0.,0.));
#7650=DIRECTION('',(0.,0.,1.));
#7651=DIRECTION('',(1.,0.,0.));
#7652=DIRECTION('',(0.,-1.,0.));
#7653=DIRECTION('',(0.,0.,1.));
#7654=DIRECTION('',(1.,0.,0.));
#7655=DIRECTION('',(0.,-1.,0.));
#7656=DIRECTION('',(0.,0.,1.));
#7657=DIRECTION('',(1.,0.,0.));
#7658=DIRECTION('',(0.707106781186548,-0.707106781186548,0.));
#7659=DIRECTION('',(0.,0.,1.));
#7660=DIRECTION('',(1.,0.,0.));
#7661=DIRECTION('',(0.,-1.,0.));
#7662=DIRECTION('',(0.,0.,1.));
#7663=DIRECTION('',(1.,0.,0.));
#7664=DIRECTION('',(-0.707106781186548,-0.707106781186548,0.));
#7665=DIRECTION('',(0.,0.,1.));
#7666=DIRECTION('',(1.,0.,0.));
#7667=DIRECTION('',(5.53556887851236E-17,-1.,0.));
#7668=DIRECTION('',(0.,0.,1.));
#7669=DIRECTION('',(1.,0.,0.));
#7670=DIRECTION('',(0.707106781186548,-0.707106781186548,0.));
#7671=DIRECTION('',(0.,0.,1.));
#7672=DIRECTION('',(1.,0.,0.));
#7673=DIRECTION('',(0.,-1.,0.));
#7674=DIRECTION('',(0.,0.,1.));
#7675=DIRECTION('',(1.,0.,0.));
#7676=DIRECTION('',(-0.707106781186548,-0.707106781186547,0.));
#7677=DIRECTION('',(0.,0.,1.));
#7678=DIRECTION('',(1.,0.,0.));
#7679=DIRECTION('',(-1.,0.,0.));
#7680=DIRECTION('',(0.,0.,1.));
#7681=DIRECTION('',(1.,0.,0.));
#7682=DIRECTION('',(-0.707106781186548,0.707106781186548,0.));
#7683=DIRECTION('',(0.,0.,1.));
#7684=DIRECTION('',(1.,0.,0.));
#7685=DIRECTION('',(-1.,0.,0.));
#7686=DIRECTION('',(0.,0.,1.));
#7687=DIRECTION('',(1.,0.,0.));
#7688=DIRECTION('',(-0.707106781186548,-0.707106781186547,0.));
#7689=DIRECTION('',(0.,0.,1.));
#7690=DIRECTION('',(1.,0.,0.));
#7691=DIRECTION('',(-1.,0.,0.));
#7692=DIRECTION('',(0.,0.,1.));
#7693=DIRECTION('',(1.,0.,0.));
#7694=DIRECTION('',(-0.707106781186547,0.707106781186548,0.));
#7695=DIRECTION('',(0.,0.,1.));
#7696=DIRECTION('',(1.,0.,0.));
#7697=DIRECTION('',(-8.33553508612424E-16,1.,0.));
#7698=DIRECTION('',(0.,0.,1.));
#7699=DIRECTION('',(1.,0.,0.));
#7700=DIRECTION('',(0.707106781186551,0.707106781186544,0.));
#7701=DIRECTION('',(0.,0.,1.));
#7702=DIRECTION('',(1.,0.,0.));
#7703=DIRECTION('',(1.10711377570247E-16,1.,0.));
#7704=DIRECTION('',(0.,0.,1.));
#7705=DIRECTION('',(1.,0.,0.));
#7706=DIRECTION('',(-0.707106781186548,0.707106781186547,0.));
#7707=DIRECTION('',(0.,0.,1.));
#7708=DIRECTION('',(1.,0.,0.));
#7709=DIRECTION('',(0.,1.,0.));
#7710=DIRECTION('',(0.,0.,1.));
#7711=DIRECTION('',(1.,0.,0.));
#7712=DIRECTION('',(0.707106781186548,0.707106781186548,0.));
#7713=DIRECTION('',(0.,0.,1.));
#7714=DIRECTION('',(1.,0.,0.));
#7715=DIRECTION('',(-3.07200683367629E-16,1.,0.));
#7716=DIRECTION('',(0.,0.,1.));
#7717=DIRECTION('',(1.,0.,0.));
#7718=DIRECTION('',(0.22551698421055,0.974239236446869,0.));
#7719=DIRECTION('',(0.,0.,1.));
#7720=DIRECTION('',(1.,0.,0.));
#7721=DIRECTION('',(1.,0.,0.));
#7722=DIRECTION('',(0.,0.,1.));
#7723=DIRECTION('',(1.,0.,0.));
#7724=DIRECTION('',(-1.0842021724855E-16,-1.,0.));
#7725=DIRECTION('',(0.,0.,1.));
#7726=DIRECTION('',(1.,0.,0.));
#7727=DIRECTION('',(-1.,0.,0.));
#7728=DIRECTION('',(0.,0.,1.));
#7729=DIRECTION('',(1.,0.,0.));
#7730=DIRECTION('',(-0.22551698421055,-0.974239236446869,0.));
#7731=DIRECTION('',(0.,0.,1.));
#7732=DIRECTION('',(1.,0.,0.));
#7733=DIRECTION('',(0.,-1.,0.));
#7734=DIRECTION('',(0.,0.,1.));
#7735=DIRECTION('',(1.,0.,0.));
#7736=DIRECTION('',(0.225516984210549,-0.974239236446869,0.));
#7737=DIRECTION('',(0.,0.,1.));
#7738=DIRECTION('',(1.,0.,0.));
#7739=DIRECTION('',(1.,0.,0.));
#7740=DIRECTION('',(0.,0.,1.));
#7741=DIRECTION('',(1.,0.,0.));
#7742=DIRECTION('',(0.22551698421055,0.974239236446869,0.));
#7743=DIRECTION('',(0.,0.,1.));
#7744=DIRECTION('',(1.,0.,0.));
#7745=DIRECTION('',(0.,1.,0.));
#7746=DIRECTION('',(0.,0.,1.));
#7747=DIRECTION('',(1.,0.,0.));
#7748=DIRECTION('',(-0.225516984210549,0.974239236446869,0.));
#7749=DIRECTION('',(0.,0.,1.));
#7750=DIRECTION('',(1.,0.,0.));
#7751=DIRECTION('',(-1.,0.,0.));
#7752=DIRECTION('',(0.,0.,1.));
#7753=DIRECTION('',(1.,0.,0.));
#7754=DIRECTION('',(-1.0842021724855E-16,1.,0.));
#7755=DIRECTION('',(0.,0.,1.));
#7756=DIRECTION('',(1.,0.,0.));
#7757=DIRECTION('',(1.,0.,0.));
#7758=DIRECTION('',(0.,0.,1.));
#7759=DIRECTION('',(1.,0.,0.));
#7760=DIRECTION('',(0.225516984210549,-0.974239236446869,0.));
#7761=DIRECTION('',(0.,0.,1.));
#7762=DIRECTION('',(1.,0.,0.));
#7763=DIRECTION('',(0.,0.,1.));
#7764=DIRECTION('',(1.,0.,0.));
#7765=DIRECTION('',(0.,0.,1.));
#7766=DIRECTION('',(1.,0.,0.));
#7767=DIRECTION('',(0.,0.,1.));
#7768=DIRECTION('',(1.,0.,0.));
#7769=DIRECTION('',(0.,0.,1.));
#7770=DIRECTION('',(1.,0.,0.));
#7771=DIRECTION('',(0.,0.,1.));
#7772=DIRECTION('',(1.,0.,0.));
#7773=DIRECTION('',(0.,0.,-1.));
#7774=DIRECTION('',(-1.,0.,0.));
#7775=DIRECTION('',(0.,0.,1.));
#7776=DIRECTION('',(1.,0.,0.));
#7777=DIRECTION('',(0.,0.,1.));
#7778=DIRECTION('',(1.,0.,0.));
#7779=DIRECTION('',(0.,0.,-1.));
#7780=DIRECTION('',(-1.,0.,0.));
#7781=DIRECTION('',(0.,0.,1.));
#7782=DIRECTION('',(1.,0.,0.));
#7783=DIRECTION('',(0.,0.,1.));
#7784=DIRECTION('',(1.,0.,0.));
#7785=DIRECTION('',(0.,0.,1.));
#7786=DIRECTION('',(1.,0.,0.));
#7787=DIRECTION('',(0.,0.,1.));
#7788=DIRECTION('',(1.,0.,0.));
#7789=DIRECTION('',(0.,0.,1.));
#7790=DIRECTION('',(1.,0.,0.));
#7791=DIRECTION('',(0.,0.,1.));
#7792=DIRECTION('',(1.,0.,0.));
#7793=DIRECTION('',(0.,0.,1.));
#7794=DIRECTION('',(1.,0.,0.));
#7795=DIRECTION('',(0.,0.,1.));
#7796=DIRECTION('',(1.,0.,0.));
#7797=DIRECTION('',(0.,0.,-1.));
#7798=DIRECTION('',(-1.,0.,0.));
#7799=DIRECTION('',(0.,0.,1.));
#7800=DIRECTION('',(1.,0.,0.));
#7801=DIRECTION('',(0.,0.,1.));
#7802=DIRECTION('',(1.,0.,0.));
#7803=DIRECTION('',(0.,0.,-1.));
#7804=DIRECTION('',(-1.,0.,0.));
#7805=DIRECTION('',(0.,0.,1.));
#7806=DIRECTION('',(1.,0.,0.));
#7807=DIRECTION('',(0.,0.,1.));
#7808=DIRECTION('',(1.,0.,0.));
#7809=DIRECTION('',(0.,0.,1.));
#7810=DIRECTION('',(1.,0.,0.));
#7811=DIRECTION('',(0.,0.,1.));
#7812=DIRECTION('',(1.,0.,0.));
#7813=DIRECTION('',(0.,0.,1.));
#7814=DIRECTION('',(1.,0.,0.));
#7815=DIRECTION('',(0.,0.,1.));
#7816=DIRECTION('',(1.,0.,0.));
#7817=DIRECTION('',(0.,0.,1.));
#7818=DIRECTION('',(1.,0.,0.));
#7819=DIRECTION('',(0.,0.,1.));
#7820=DIRECTION('',(1.,0.,0.));
#7821=DIRECTION('',(0.,0.,-1.));
#7822=DIRECTION('',(-1.,0.,0.));
#7823=DIRECTION('',(0.,0.,1.));
#7824=DIRECTION('',(1.,0.,0.));
#7825=DIRECTION('',(0.,0.,1.));
#7826=DIRECTION('',(1.,0.,0.));
#7827=DIRECTION('',(0.,0.,-1.));
#7828=DIRECTION('',(-1.,0.,0.));
#7829=DIRECTION('',(0.,0.,1.));
#7830=DIRECTION('',(1.,0.,0.));
#7831=DIRECTION('',(0.,0.,1.));
#7832=DIRECTION('',(1.,0.,0.));
#7833=DIRECTION('',(0.,0.,-1.));
#7834=DIRECTION('',(-1.,0.,0.));
#7835=DIRECTION('',(0.,0.,1.));
#7836=DIRECTION('',(1.,0.,0.));
#7837=DIRECTION('',(0.,0.,1.));
#7838=DIRECTION('',(1.,0.,0.));
#7839=DIRECTION('',(0.,0.,-1.));
#7840=DIRECTION('',(-1.,0.,0.));
#7841=DIRECTION('',(0.,0.,1.));
#7842=DIRECTION('',(1.,0.,0.));
#7843=DIRECTION('',(0.,0.,1.));
#7844=DIRECTION('',(1.,0.,0.));
#7845=DIRECTION('',(0.,0.,-1.));
#7846=DIRECTION('',(-1.,0.,0.));
#7847=DIRECTION('',(0.,0.,1.));
#7848=DIRECTION('',(1.,0.,0.));
#7849=DIRECTION('',(0.,0.,1.));
#7850=DIRECTION('',(1.,0.,0.));
#7851=DIRECTION('',(0.,0.,-1.));
#7852=DIRECTION('',(-1.,0.,0.));
#7853=DIRECTION('',(0.,0.,1.));
#7854=DIRECTION('',(1.,0.,0.));
#7855=DIRECTION('',(0.,0.,1.));
#7856=DIRECTION('',(1.,0.,0.));
#7857=DIRECTION('',(0.,0.,-1.));
#7858=DIRECTION('',(-1.,0.,0.));
#7859=DIRECTION('',(0.,0.,1.));
#7860=DIRECTION('',(1.,0.,0.));
#7861=DIRECTION('',(0.,0.,1.));
#7862=DIRECTION('',(1.,0.,0.));
#7863=DIRECTION('',(0.,0.,-1.));
#7864=DIRECTION('',(-1.,0.,0.));
#7865=DIRECTION('',(0.,0.,1.));
#7866=DIRECTION('',(1.,0.,0.));
#7867=DIRECTION('',(0.,0.,1.));
#7868=DIRECTION('',(1.,0.,0.));
#7869=DIRECTION('',(0.,0.,-1.));
#7870=DIRECTION('',(-1.,0.,0.));
#7871=DIRECTION('',(0.,0.,1.));
#7872=DIRECTION('',(1.,0.,0.));
#7873=DIRECTION('',(0.,0.,1.));
#7874=DIRECTION('',(1.,0.,0.));
#7875=DIRECTION('',(0.,0.,-1.));
#7876=DIRECTION('',(-1.,0.,0.));
#7877=DIRECTION('',(0.,0.,1.));
#7878=DIRECTION('',(1.,0.,0.));
#7879=DIRECTION('',(0.,0.,1.));
#7880=DIRECTION('',(1.,0.,0.));
#7881=DIRECTION('',(0.,0.,1.));
#7882=DIRECTION('',(1.,0.,0.));
#7883=DIRECTION('',(0.,0.,1.));
#7884=DIRECTION('',(1.,0.,0.));
#7885=DIRECTION('',(0.,0.,1.));
#7886=DIRECTION('',(1.,0.,0.));
#7887=DIRECTION('',(0.,0.,-1.));
#7888=DIRECTION('',(-1.,0.,0.));
#7889=DIRECTION('',(0.,0.,1.));
#7890=DIRECTION('',(1.,0.,0.));
#7891=DIRECTION('',(0.,0.,1.));
#7892=DIRECTION('',(1.,0.,0.));
#7893=DIRECTION('',(0.,0.,1.));
#7894=DIRECTION('',(1.,0.,0.));
#7895=DIRECTION('',(0.,0.,1.));
#7896=DIRECTION('',(1.,0.,0.));
#7897=DIRECTION('',(0.,0.,1.));
#7898=DIRECTION('',(1.,0.,0.));
#7899=DIRECTION('',(0.,0.,-1.));
#7900=DIRECTION('',(-1.,0.,0.));
#7901=DIRECTION('',(0.,0.,1.));
#7902=DIRECTION('',(1.,0.,0.));
#7903=DIRECTION('',(0.,0.,1.));
#7904=DIRECTION('',(1.,0.,0.));
#7905=DIRECTION('',(0.,0.,-1.));
#7906=DIRECTION('',(-1.,0.,0.));
#7907=DIRECTION('',(0.,0.,1.));
#7908=DIRECTION('',(1.,0.,0.));
#7909=DIRECTION('',(0.,0.,1.));
#7910=DIRECTION('',(1.,0.,0.));
#7911=DIRECTION('',(0.,0.,-1.));
#7912=DIRECTION('',(-1.,0.,0.));
#7913=DIRECTION('',(0.,0.,1.));
#7914=DIRECTION('',(1.,0.,0.));
#7915=DIRECTION('',(0.,0.,1.));
#7916=DIRECTION('',(1.,0.,0.));
#7917=DIRECTION('',(0.,0.,1.));
#7918=DIRECTION('',(1.,0.,0.));
#7919=DIRECTION('',(0.,0.,1.));
#7920=DIRECTION('',(1.,0.,0.));
#7921=DIRECTION('',(0.,0.,1.));
#7922=DIRECTION('',(1.,0.,0.));
#7923=DIRECTION('',(0.,0.,1.));
#7924=DIRECTION('',(1.,0.,0.));
#7925=DIRECTION('',(0.,0.,1.));
#7926=DIRECTION('',(1.,0.,0.));
#7927=DIRECTION('',(0.,0.,1.));
#7928=DIRECTION('',(1.,0.,0.));
#7929=DIRECTION('',(0.,0.,1.));
#7930=DIRECTION('',(1.,0.,0.));
#7931=DIRECTION('',(0.,0.,1.));
#7932=DIRECTION('',(1.,0.,0.));
#7933=DIRECTION('',(0.,0.,1.));
#7934=DIRECTION('',(1.,0.,0.));
#7935=DIRECTION('',(0.,0.,1.));
#7936=DIRECTION('',(1.,0.,0.));
#7937=DIRECTION('',(0.,0.,1.));
#7938=DIRECTION('',(1.,0.,0.));
#7939=DIRECTION('',(0.,0.,1.));
#7940=DIRECTION('',(1.,0.,0.));
#7941=DIRECTION('',(0.,0.,1.));
#7942=DIRECTION('',(1.,0.,0.));
#7943=DIRECTION('',(0.,0.,1.));
#7944=DIRECTION('',(1.,0.,0.));
#7945=DIRECTION('',(0.,0.,1.));
#7946=DIRECTION('',(1.,0.,0.));
#7947=DIRECTION('',(0.,0.,1.));
#7948=DIRECTION('',(1.,0.,0.));
#7949=DIRECTION('',(0.,0.,1.));
#7950=DIRECTION('',(1.,0.,0.));
#7951=DIRECTION('',(0.,0.,1.));
#7952=DIRECTION('',(1.,0.,0.));
#7953=DIRECTION('',(0.,0.,1.));
#7954=DIRECTION('',(1.,0.,0.));
#7955=DIRECTION('',(0.,0.,1.));
#7956=DIRECTION('',(1.,0.,0.));
#7957=DIRECTION('',(0.,0.,1.));
#7958=DIRECTION('',(1.,0.,0.));
#7959=DIRECTION('',(0.,0.,1.));
#7960=DIRECTION('',(1.,0.,0.));
#7961=DIRECTION('',(0.,0.,1.));
#7962=DIRECTION('',(1.,0.,0.));
#7963=DIRECTION('',(0.,0.,1.));
#7964=DIRECTION('',(1.,0.,0.));
#7965=DIRECTION('',(0.,0.,1.));
#7966=DIRECTION('',(1.,0.,0.));
#7967=DIRECTION('',(0.,0.,1.));
#7968=DIRECTION('',(1.,0.,0.));
#7969=DIRECTION('',(0.,0.,1.));
#7970=DIRECTION('',(1.,0.,0.));
#7971=DIRECTION('',(0.,0.,1.));
#7972=DIRECTION('',(1.,0.,0.));
#7973=DIRECTION('',(0.,0.,1.));
#7974=DIRECTION('',(1.,0.,0.));
#7975=DIRECTION('',(0.,0.,1.));
#7976=DIRECTION('',(1.,0.,0.));
#7977=DIRECTION('',(0.,0.,1.));
#7978=DIRECTION('',(1.,0.,0.));
#7979=DIRECTION('',(0.,0.,1.));
#7980=DIRECTION('',(1.,0.,0.));
#7981=DIRECTION('',(0.,0.,1.));
#7982=DIRECTION('',(1.,0.,0.));
#7983=DIRECTION('',(0.,0.,1.));
#7984=DIRECTION('',(1.,0.,0.));
#7985=DIRECTION('',(0.,0.,1.));
#7986=DIRECTION('',(1.,0.,0.));
#7987=DIRECTION('',(0.,0.,1.));
#7988=DIRECTION('',(1.,0.,0.));
#7989=DIRECTION('',(0.,0.,-1.));
#7990=DIRECTION('',(-1.,0.,0.));
#7991=DIRECTION('',(0.,0.,1.));
#7992=DIRECTION('',(1.,0.,0.));
#7993=DIRECTION('',(0.,0.,1.));
#7994=DIRECTION('',(1.,0.,0.));
#7995=DIRECTION('',(0.,0.,-1.));
#7996=DIRECTION('',(-1.,0.,0.));
#7997=DIRECTION('',(0.,0.,1.));
#7998=DIRECTION('',(1.,0.,0.));
#7999=DIRECTION('',(0.,0.,1.));
#8000=DIRECTION('',(1.,0.,0.));
#8001=DIRECTION('',(0.,0.,-1.));
#8002=DIRECTION('',(-1.,0.,0.));
#8003=DIRECTION('',(0.,0.,1.));
#8004=DIRECTION('',(1.,0.,0.));
#8005=DIRECTION('',(0.,0.,1.));
#8006=DIRECTION('',(1.,0.,0.));
#8007=DIRECTION('',(0.,0.,1.));
#8008=DIRECTION('',(1.,0.,0.));
#8009=DIRECTION('',(0.,0.,1.));
#8010=DIRECTION('',(1.,0.,0.));
#8011=DIRECTION('',(0.,0.,1.));
#8012=DIRECTION('',(1.,0.,0.));
#8013=DIRECTION('',(0.,0.,-1.));
#8014=DIRECTION('',(-1.,0.,0.));
#8015=DIRECTION('',(0.,0.,1.));
#8016=DIRECTION('',(1.,0.,0.));
#8017=DIRECTION('',(0.,0.,1.));
#8018=DIRECTION('',(1.,0.,0.));
#8019=DIRECTION('',(0.,0.,-1.));
#8020=DIRECTION('',(-1.,0.,0.));
#8021=DIRECTION('',(0.,0.,1.));
#8022=DIRECTION('',(1.,0.,0.));
#8023=DIRECTION('',(0.,0.,1.));
#8024=DIRECTION('',(1.,0.,0.));
#8025=DIRECTION('',(0.,0.,-1.));
#8026=DIRECTION('',(-1.,0.,0.));
#8027=DIRECTION('',(0.,0.,1.));
#8028=DIRECTION('',(1.,0.,0.));
#8029=DIRECTION('',(0.,0.,1.));
#8030=DIRECTION('',(1.,0.,0.));
#8031=DIRECTION('',(0.,0.,-1.));
#8032=DIRECTION('',(-1.,0.,0.));
#8033=DIRECTION('',(0.,0.,1.));
#8034=DIRECTION('',(1.,0.,0.));
#8035=DIRECTION('',(0.,0.,1.));
#8036=DIRECTION('',(1.,0.,0.));
#8037=DIRECTION('',(0.,0.,-1.));
#8038=DIRECTION('',(-1.,0.,0.));
#8039=DIRECTION('',(0.,0.,1.));
#8040=DIRECTION('',(1.,0.,0.));
#8041=DIRECTION('',(0.,0.,1.));
#8042=DIRECTION('',(1.,0.,0.));
#8043=DIRECTION('',(0.,0.,-1.));
#8044=DIRECTION('',(-1.,0.,0.));
#8045=DIRECTION('',(0.,0.,1.));
#8046=DIRECTION('',(1.,0.,0.));
#8047=DIRECTION('',(0.,0.,1.));
#8048=DIRECTION('',(1.,0.,0.));
#8049=DIRECTION('',(0.,0.,-1.));
#8050=DIRECTION('',(-1.,0.,0.));
#8051=DIRECTION('',(0.,0.,1.));
#8052=DIRECTION('',(1.,0.,0.));
#8053=DIRECTION('',(0.,0.,1.));
#8054=DIRECTION('',(1.,0.,0.));
#8055=DIRECTION('',(0.,0.,-1.));
#8056=DIRECTION('',(-1.,0.,0.));
#8057=DIRECTION('',(0.,0.,1.));
#8058=DIRECTION('',(1.,0.,0.));
#8059=DIRECTION('',(0.,0.,1.));
#8060=DIRECTION('',(1.,0.,0.));
#8061=DIRECTION('',(0.,0.,-1.));
#8062=DIRECTION('',(-1.,0.,0.));
#8063=DIRECTION('',(0.,0.,1.));
#8064=DIRECTION('',(1.,0.,0.));
#8065=DIRECTION('',(0.,0.,1.));
#8066=DIRECTION('',(1.,0.,0.));
#8067=DIRECTION('',(0.,0.,1.));
#8068=DIRECTION('',(1.,0.,0.));
#8069=DIRECTION('',(0.,0.,1.));
#8070=DIRECTION('',(1.,0.,0.));
#8071=DIRECTION('',(0.,0.,1.));
#8072=DIRECTION('',(1.,0.,0.));
#8073=DIRECTION('',(0.,0.,-1.));
#8074=DIRECTION('',(-1.,0.,0.));
#8075=DIRECTION('',(0.,0.,1.));
#8076=DIRECTION('',(1.,0.,0.));
#8077=DIRECTION('',(0.,0.,1.));
#8078=DIRECTION('',(1.,0.,0.));
#8079=DIRECTION('',(0.,0.,-1.));
#8080=DIRECTION('',(-1.,0.,0.));
#8081=DIRECTION('',(0.,0.,1.));
#8082=DIRECTION('',(1.,0.,0.));
#8083=DIRECTION('',(0.,0.,1.));
#8084=DIRECTION('',(1.,0.,0.));
#8085=DIRECTION('',(0.,0.,-1.));
#8086=DIRECTION('',(-1.,0.,0.));
#8087=DIRECTION('',(0.,0.,1.));
#8088=DIRECTION('',(1.,0.,0.));
#8089=DIRECTION('',(0.,0.,1.));
#8090=DIRECTION('',(1.,0.,0.));
#8091=DIRECTION('',(0.,0.,1.));
#8092=DIRECTION('',(1.,0.,0.));
#8093=DIRECTION('',(0.,0.,1.));
#8094=DIRECTION('',(1.,0.,0.));
#8095=DIRECTION('',(0.,0.,1.));
#8096=DIRECTION('',(1.,0.,0.));
#8097=DIRECTION('',(0.,0.,-1.));
#8098=DIRECTION('',(-1.,0.,0.));
#8099=DIRECTION('',(0.,0.,1.));
#8100=DIRECTION('',(1.,0.,0.));
#8101=DIRECTION('',(0.,0.,1.));
#8102=DIRECTION('',(1.,0.,0.));
#8103=DIRECTION('',(0.,0.,-1.));
#8104=DIRECTION('',(-1.,0.,0.));
#8105=DIRECTION('',(0.,0.,1.));
#8106=DIRECTION('',(1.,0.,0.));
#8107=DIRECTION('',(0.,0.,1.));
#8108=DIRECTION('',(1.,0.,0.));
#8109=DIRECTION('',(0.,0.,1.));
#8110=DIRECTION('',(1.,0.,0.));
#8111=DIRECTION('',(0.,0.,1.));
#8112=DIRECTION('',(1.,0.,0.));
#8113=DIRECTION('',(0.,0.,1.));
#8114=DIRECTION('',(1.,0.,0.));
#8115=DIRECTION('',(0.,0.,1.));
#8116=DIRECTION('',(1.,0.,0.));
#8117=DIRECTION('',(0.,0.,1.));
#8118=DIRECTION('',(1.,0.,0.));
#8119=DIRECTION('',(0.,0.,1.));
#8120=DIRECTION('',(1.,0.,0.));
#8121=DIRECTION('',(0.,0.,1.));
#8122=DIRECTION('',(1.,0.,0.));
#8123=DIRECTION('',(0.,0.,1.));
#8124=DIRECTION('',(1.,0.,0.));
#8125=DIRECTION('',(0.,0.,1.));
#8126=DIRECTION('',(1.,0.,0.));
#8127=DIRECTION('',(0.,0.,-1.));
#8128=DIRECTION('',(-1.,0.,0.));
#8129=DIRECTION('',(0.,0.,1.));
#8130=DIRECTION('',(1.,0.,0.));
#8131=DIRECTION('',(0.,0.,1.));
#8132=DIRECTION('',(1.,0.,0.));
#8133=DIRECTION('',(0.707106781186548,0.,-0.707106781186548));
#8134=DIRECTION('',(0.,1.,0.));
#8135=DIRECTION('',(-0.707106781186548,0.,-0.707106781186548));
#8136=DIRECTION('',(0.707106781186548,0.,0.707106781186548));
#8137=DIRECTION('',(0.,0.,-1.));
#8138=DIRECTION('',(-1.,0.,0.));
#8139=DIRECTION('',(0.5,-0.5,0.707106781186548));
#8140=DIRECTION('',(0.,0.,-1.));
#8141=DIRECTION('',(-1.,0.,0.));
#8142=DIRECTION('',(-0.5,-0.5,-0.707106781186549));
#8143=DIRECTION('',(0.5,-0.5,-0.707106781186545));
#8144=DIRECTION('',(0.707106781186548,0.707106781186548,0.));
#8145=DIRECTION('',(0.5,-0.5,0.707106781186549));
#8146=DIRECTION('',(0.5,0.5,-0.707106781186547));
#8147=DIRECTION('',(-0.707106781186548,0.707106781186547,0.));
#8148=DIRECTION('',(-0.5,-0.5,-0.707106781186548));
#8149=DIRECTION('',(0.,0.,1.));
#8150=DIRECTION('',(1.,0.,0.));
#8151=DIRECTION('',(0.707106781186545,0.,0.70710678118655));
#8152=DIRECTION('',(0.,0.,1.));
#8153=DIRECTION('',(1.,0.,0.));
#8154=DIRECTION('',(-0.707106781186546,0.,-0.707106781186549));
#8155=DIRECTION('',(0.707106781186548,2.17223686394392E-16,-0.707106781186547));
#8156=DIRECTION('',(-3.07200683367629E-16,1.,0.));
#8157=DIRECTION('',(0.707106781186546,0.,0.707106781186549));
#8158=DIRECTION('',(0.707106781186549,-7.82847658344261E-17,-0.707106781186547));
#8159=DIRECTION('',(1.10711377570247E-16,1.,0.));
#8160=DIRECTION('',(-0.707106781186546,0.,-0.707106781186549));
#8161=DIRECTION('',(0.,0.,-1.));
#8162=DIRECTION('',(-1.,0.,0.));
#8163=DIRECTION('',(0.688891170589585,-0.159464588808014,0.707106781186549));
#8164=DIRECTION('',(0.,0.,1.));
#8165=DIRECTION('',(1.,0.,0.));
#8166=DIRECTION('',(-0.5,0.5,-0.707106781186548));
#8167=DIRECTION('',(-0.688891170589587,0.15946458880802,0.707106781186546));
#8168=DIRECTION('',(0.22551698421055,0.974239236446869,0.));
#8169=DIRECTION('',(0.688891170589584,-0.159464588808023,0.707106781186548));
#8170=DIRECTION('',(0.5,-0.5,-0.707106781186548));
#8171=DIRECTION('',(0.707106781186551,0.707106781186544,0.));
#8172=DIRECTION('',(-0.5,0.500000000000006,-0.707106781186546));
#8173=DIRECTION('',(0.,0.,-1.));
#8174=DIRECTION('',(-1.,0.,0.));
#8175=DIRECTION('',(0.,-0.707106781186548,0.707106781186548));
#8176=DIRECTION('',(0.,0.,-1.));
#8177=DIRECTION('',(-1.,0.,0.));
#8178=DIRECTION('',(-0.707106781186548,0.,-0.707106781186548));
#8179=DIRECTION('',(0.,-0.707106781186548,-0.707106781186548));
#8180=DIRECTION('',(1.,0.,0.));
#8181=DIRECTION('',(0.,-0.707106781186548,0.707106781186548));
#8182=DIRECTION('',(0.707106781186549,5.89411338421685E-16,-0.707106781186546));
#8183=DIRECTION('',(-8.33553508612424E-16,1.,0.));
#8184=DIRECTION('',(-0.707106781186548,0.,-0.707106781186548));
#8185=DIRECTION('',(0.,0.,-1.));
#8186=DIRECTION('',(-1.,0.,0.));
#8187=DIRECTION('',(-0.707106781186547,0.,0.707106781186548));
#8188=DIRECTION('',(0.,0.,-1.));
#8189=DIRECTION('',(-1.,0.,0.));
#8190=DIRECTION('',(-0.5,-0.5,-0.707106781186547));
#8191=DIRECTION('',(-0.707106781186548,7.66646708341687E-17,-0.707106781186547));
#8192=DIRECTION('',(-1.0842021724855E-16,-1.,0.));
#8193=DIRECTION('',(-0.707106781186547,0.,0.707106781186549));
#8194=DIRECTION('',(-0.5,-0.5,0.707106781186541));
#8195=DIRECTION('',(-0.707106781186547,0.707106781186548,0.));
#8196=DIRECTION('',(-0.5,-0.5,-0.707106781186553));
#8197=DIRECTION('',(0.,0.,-1.));
#8198=DIRECTION('',(-1.,0.,0.));
#8199=DIRECTION('',(0.,0.707106781186548,0.707106781186548));
#8200=DIRECTION('',(0.,0.,-1.));
#8201=DIRECTION('',(-1.,0.,0.));
#8202=DIRECTION('',(0.,-0.707106781186548,-0.707106781186548));
#8203=DIRECTION('',(0.,0.707106781186548,-0.707106781186548));
#8204=DIRECTION('',(-1.,0.,0.));
#8205=DIRECTION('',(0.,0.707106781186548,0.707106781186548));
#8206=DIRECTION('',(0.,-0.707106781186548,0.707106781186548));
#8207=DIRECTION('',(-1.,0.,0.));
#8208=DIRECTION('',(0.,-0.707106781186548,-0.707106781186548));
#8209=DIRECTION('',(0.,0.,1.));
#8210=DIRECTION('',(1.,0.,0.));
#8211=DIRECTION('',(-0.688891170589589,0.159464588808013,0.707106781186546));
#8212=DIRECTION('',(0.,0.,-1.));
#8213=DIRECTION('',(-1.,0.,0.));
#8214=DIRECTION('',(0.5,-0.5,-0.707106781186548));
#8215=DIRECTION('',(-0.688891170589587,0.15946458880802,-0.707106781186546));
#8216=DIRECTION('',(-0.22551698421055,-0.974239236446869,0.));
#8217=DIRECTION('',(-0.688891170589583,0.159464588808023,0.707106781186549));
#8218=DIRECTION('',(0.5,-0.5,0.70710678118654));
#8219=DIRECTION('',(-0.707106781186548,-0.707106781186547,0.));
#8220=DIRECTION('',(0.5,-0.5,-0.70710678118655));
#8221=DIRECTION('',(0.,0.,1.));
#8222=DIRECTION('',(1.,0.,0.));
#8223=DIRECTION('',(-0.707106781186546,0.,0.707106781186549));
#8224=DIRECTION('',(0.,0.,1.));
#8225=DIRECTION('',(1.,0.,0.));
#8226=DIRECTION('',(0.,-0.707106781186548,-0.707106781186548));
#8227=DIRECTION('',(-0.707106781186548,0.,-0.707106781186547));
#8228=DIRECTION('',(0.,-1.,0.));
#8229=DIRECTION('',(-0.707106781186547,0.,0.707106781186548));
#8230=DIRECTION('',(0.,-0.707106781186548,0.707106781186548));
#8231=DIRECTION('',(-1.,0.,0.));
#8232=DIRECTION('',(0.,-0.707106781186548,-0.707106781186548));
#8233=DIRECTION('',(0.,0.,1.));
#8234=DIRECTION('',(1.,0.,0.));
#8235=DIRECTION('',(-0.688891170589586,-0.159464588808014,0.707106781186548));
#8236=DIRECTION('',(0.,0.,1.));
#8237=DIRECTION('',(1.,0.,0.));
#8238=DIRECTION('',(-0.5,-0.5,-0.707106781186549));
#8239=DIRECTION('',(0.688891170589587,0.15946458880802,0.707106781186546));
#8240=DIRECTION('',(0.225516984210549,-0.974239236446869,0.));
#8241=DIRECTION('',(-0.688891170589583,-0.159464588808023,0.707106781186549));
#8242=DIRECTION('',(-0.5,-0.5,0.707106781186548));
#8243=DIRECTION('',(-0.707106781186548,0.707106781186548,0.));
#8244=DIRECTION('',(-0.5,-0.5,-0.707106781186549));
#8245=DIRECTION('',(0.,0.,1.));
#8246=DIRECTION('',(1.,0.,0.));
#8247=DIRECTION('',(0.,-0.707106781186548,0.707106781186548));
#8248=DIRECTION('',(0.,0.,-1.));
#8249=DIRECTION('',(-1.,0.,0.));
#8250=DIRECTION('',(0.,-0.707106781186548,-0.707106781186548));
#8251=DIRECTION('',(0.,-0.707106781186548,-0.707106781186548));
#8252=DIRECTION('',(1.,0.,0.));
#8253=DIRECTION('',(0.,-0.707106781186548,0.707106781186548));
#8254=DIRECTION('',(0.,-0.707106781186548,0.707106781186548));
#8255=DIRECTION('',(-1.,0.,0.));
#8256=DIRECTION('',(0.,-0.707106781186548,-0.707106781186548));
#8257=DIRECTION('',(0.,0.,1.));
#8258=DIRECTION('',(1.,0.,0.));
#8259=DIRECTION('',(0.688891170589589,-0.159464588808013,0.707106781186546));
#8260=DIRECTION('',(0.,0.,-1.));
#8261=DIRECTION('',(-1.,0.,0.));
#8262=DIRECTION('',(0.5,-0.5,-0.707106781186548));
#8263=DIRECTION('',(-0.688891170589585,0.15946458880802,0.707106781186548));
#8264=DIRECTION('',(0.22551698421055,0.974239236446869,0.));
#8265=DIRECTION('',(0.688891170589584,-0.159464588808023,0.707106781186548));
#8266=DIRECTION('',(0.5,-0.5,0.707106781186543));
#8267=DIRECTION('',(-0.707106781186548,-0.707106781186547,0.));
#8268=DIRECTION('',(0.5,-0.499999999999994,-0.707106781186552));
#8269=DIRECTION('',(0.,0.,1.));
#8270=DIRECTION('',(1.,0.,0.));
#8271=DIRECTION('',(0.707106781186546,0.,0.707106781186549));
#8272=DIRECTION('',(0.,0.,-1.));
#8273=DIRECTION('',(-1.,0.,0.));
#8274=DIRECTION('',(0.707106781186548,0.,-0.707106781186548));
#8275=DIRECTION('',(-0.707106781186548,0.,0.707106781186547));
#8276=DIRECTION('',(0.,1.,0.));
#8277=DIRECTION('',(0.707106781186547,0.,0.707106781186548));
#8278=DIRECTION('',(0.707106781186548,0.,0.707106781186548));
#8279=DIRECTION('',(0.,-1.,0.));
#8280=DIRECTION('',(0.707106781186548,0.,-0.707106781186548));
#8281=DIRECTION('',(0.,0.,1.));
#8282=DIRECTION('',(1.,0.,0.));
#8283=DIRECTION('',(0.688891170589586,0.159464588808014,0.707106781186548));
#8284=DIRECTION('',(0.,0.,-1.));
#8285=DIRECTION('',(-1.,0.,0.));
#8286=DIRECTION('',(0.5,0.5,-0.707106781186546));
#8287=DIRECTION('',(-0.688891170589583,-0.159464588808019,0.70710678118655));
#8288=DIRECTION('',(-0.225516984210549,0.974239236446869,0.));
#8289=DIRECTION('',(0.688891170589586,0.159464588808023,0.707106781186546));
#8290=DIRECTION('',(-0.5,-0.5,-0.707106781186548));
#8291=DIRECTION('',(0.707106781186548,-0.707106781186548,0.));
#8292=DIRECTION('',(0.5,0.5,-0.707106781186547));
#8293=DIRECTION('',(0.,0.,1.));
#8294=DIRECTION('',(1.,0.,0.));
#8295=DIRECTION('',(0.,0.707106781186548,0.707106781186548));
#8296=DIRECTION('',(0.,0.,1.));
#8297=DIRECTION('',(1.,0.,0.));
#8298=DIRECTION('',(0.707106781186546,0.,-0.707106781186549));
#8299=DIRECTION('',(0.,-0.707106781186548,0.707106781186548));
#8300=DIRECTION('',(-1.,0.,0.));
#8301=DIRECTION('',(0.,0.707106781186548,0.707106781186548));
#8302=DIRECTION('',(-0.707106781186551,-3.91423829172132E-17,-0.707106781186545));
#8303=DIRECTION('',(5.53556887851236E-17,-1.,0.));
#8304=DIRECTION('',(0.707106781186545,0.,-0.70710678118655));
#8305=DIRECTION('',(0.,0.,-1.));
#8306=DIRECTION('',(-1.,0.,0.));
#8307=DIRECTION('',(0.707106781186547,0.,0.707106781186548));
#8308=DIRECTION('',(0.,0.,1.));
#8309=DIRECTION('',(1.,0.,0.));
#8310=DIRECTION('',(0.5,-0.5,-0.707106781186549));
#8311=DIRECTION('',(-0.707106781186548,-7.66646708341687E-17,0.707106781186547));
#8312=DIRECTION('',(-1.0842021724855E-16,1.,0.));
#8313=DIRECTION('',(0.707106781186547,0.,0.707106781186548));
#8314=DIRECTION('',(0.5,-0.5,0.707106781186546));
#8315=DIRECTION('',(-0.707106781186548,-0.707106781186548,0.));
#8316=DIRECTION('',(0.5,-0.5,-0.707106781186548));
#8317=DIRECTION('',(0.,0.,-1.));
#8318=DIRECTION('',(-1.,0.,0.));
#8319=DIRECTION('',(0.,-0.707106781186548,0.707106781186548));
#8320=DIRECTION('',(0.,0.,-1.));
#8321=DIRECTION('',(-1.,0.,0.));
#8322=DIRECTION('',(0.707106781186548,0.,-0.707106781186548));
#8323=DIRECTION('',(0.,0.707106781186548,0.707106781186548));
#8324=DIRECTION('',(1.,0.,0.));
#8325=DIRECTION('',(0.,-0.707106781186548,0.707106781186548));
#8326=DIRECTION('',(0.707106781186548,0.,0.707106781186548));
#8327=DIRECTION('',(0.,-1.,0.));
#8328=DIRECTION('',(0.707106781186548,0.,-0.707106781186548));
#8329=DIRECTION('',(0.,0.,-1.));
#8330=DIRECTION('',(-1.,0.,0.));
#8331=DIRECTION('',(-0.688891170589586,-0.159464588808014,0.707106781186548));
#8332=DIRECTION('',(0.,0.,-1.));
#8333=DIRECTION('',(-1.,0.,0.));
#8334=DIRECTION('',(0.5,0.5,-0.707106781186549));
#8335=DIRECTION('',(0.688891170589587,0.15946458880802,0.707106781186546));
#8336=DIRECTION('',(0.225516984210549,-0.974239236446869,0.));
#8337=DIRECTION('',(-0.688891170589584,-0.159464588808023,0.707106781186548));
#8338=DIRECTION('',(0.5,0.5,0.707106781186545));
#8339=DIRECTION('',(0.707106781186548,-0.707106781186548,0.));
#8340=DIRECTION('',(0.5,0.5,-0.707106781186549));
#8341=DIRECTION('',(0.,0.,-1.));
#8342=DIRECTION('',(-1.,0.,0.));
#8343=DIRECTION('',(-0.707106781186548,0.,0.707106781186548));
#8344=DIRECTION('',(0.,0.,1.));
#8345=DIRECTION('',(1.,0.,0.));
#8346=DIRECTION('',(0.707106781186546,0.,-0.707106781186549));
#8347=DIRECTION('',(-0.707106781186548,0.,-0.707106781186548));
#8348=DIRECTION('',(0.,-1.,0.));
#8349=DIRECTION('',(-0.707106781186548,0.,-0.707106781186548));
#8350=DIRECTION('',(0.,-1.,0.));
#8351=DIRECTION('',(0.707106781186548,0.,-0.707106781186548));
#8352=DIRECTION('',(-0.707106781186548,0.,0.707106781186548));
#8353=DIRECTION('',(0.,0.,1.));
#8354=DIRECTION('',(1.,0.,0.));
#8355=DIRECTION('',(-0.5,0.5,0.707106781186549));
#8356=DIRECTION('',(0.,0.,1.));
#8357=DIRECTION('',(1.,0.,0.));
#8358=DIRECTION('',(0.5,0.5,-0.707106781186547));
#8359=DIRECTION('',(-0.5,0.5,-0.707106781186545));
#8360=DIRECTION('',(-0.707106781186548,-0.707106781186548,0.));
#8361=DIRECTION('',(-0.5,0.5,0.707106781186549));
#8362=DIRECTION('',(-0.5,-0.5,-0.707106781186547));
#8363=DIRECTION('',(0.707106781186548,-0.707106781186547,0.));
#8364=DIRECTION('',(0.5,0.5,-0.707106781186549));
#8365=DIRECTION('',(0.,0.,-1.));
#8366=DIRECTION('',(-1.,0.,0.));
#8367=DIRECTION('',(-0.707106781186546,0.,0.707106781186549));
#8368=DIRECTION('',(0.,0.,-1.));
#8369=DIRECTION('',(-1.,0.,0.));
#8370=DIRECTION('',(0.707106781186546,0.,-0.707106781186549));
#8371=DIRECTION('',(-0.707106781186548,-2.17223686394392E-16,-0.707106781186547));
#8372=DIRECTION('',(3.07200683367629E-16,-1.,0.));
#8373=DIRECTION('',(-0.707106781186546,0.,0.707106781186549));
#8374=DIRECTION('',(-0.707106781186549,7.82847658344261E-17,-0.707106781186547));
#8375=DIRECTION('',(-1.10711377570247E-16,-1.,0.));
#8376=DIRECTION('',(0.707106781186546,0.,-0.707106781186549));
#8377=DIRECTION('',(0.,0.,1.));
#8378=DIRECTION('',(1.,0.,0.));
#8379=DIRECTION('',(-0.688891170589583,0.159464588808023,0.707106781186549));
#8380=DIRECTION('',(0.,0.,-1.));
#8381=DIRECTION('',(-1.,0.,0.));
#8382=DIRECTION('',(0.5,-0.5,-0.707106781186548));
#8383=DIRECTION('',(0.688891170589587,-0.15946458880802,0.707106781186546));
#8384=DIRECTION('',(-0.22551698421055,-0.974239236446869,0.));
#8385=DIRECTION('',(-0.688891170589585,0.159464588808014,0.707106781186549));
#8386=DIRECTION('',(-0.5,0.5,-0.707106781186548));
#8387=DIRECTION('',(-0.707106781186551,-0.707106781186544,0.));
#8388=DIRECTION('',(0.5,-0.5,-0.707106781186544));
#8389=DIRECTION('',(0.,0.,1.));
#8390=DIRECTION('',(1.,0.,0.));
#8391=DIRECTION('',(0.,0.707106781186548,0.707106781186548));
#8392=DIRECTION('',(0.,0.,1.));
#8393=DIRECTION('',(1.,0.,0.));
#8394=DIRECTION('',(0.707106781186548,0.,-0.707106781186548));
#8395=DIRECTION('',(0.,0.707106781186548,-0.707106781186548));
#8396=DIRECTION('',(-1.,0.,0.));
#8397=DIRECTION('',(0.,0.707106781186548,0.707106781186548));
#8398=DIRECTION('',(-0.707106781186549,-5.89411338421685E-16,-0.707106781186546));
#8399=DIRECTION('',(8.33553508612424E-16,-1.,0.));
#8400=DIRECTION('',(0.707106781186548,0.,-0.707106781186548));
#8401=DIRECTION('',(0.,0.,1.));
#8402=DIRECTION('',(1.,0.,0.));
#8403=DIRECTION('',(0.707106781186547,0.,0.707106781186549));
#8404=DIRECTION('',(0.,0.,1.));
#8405=DIRECTION('',(1.,0.,0.));
#8406=DIRECTION('',(0.5,0.5,-0.707106781186547));
#8407=DIRECTION('',(0.707106781186548,-7.66646708341687E-17,-0.707106781186547));
#8408=DIRECTION('',(1.0842021724855E-16,1.,0.));
#8409=DIRECTION('',(0.707106781186547,0.,0.707106781186548));
#8410=DIRECTION('',(0.5,0.5,0.707106781186541));
#8411=DIRECTION('',(0.707106781186547,-0.707106781186548,0.));
#8412=DIRECTION('',(0.5,0.499999999999993,-0.707106781186555));
#8413=DIRECTION('',(0.,0.,1.));
#8414=DIRECTION('',(1.,0.,0.));
#8415=DIRECTION('',(0.,-0.707106781186548,0.707106781186548));
#8416=DIRECTION('',(0.,0.,1.));
#8417=DIRECTION('',(1.,0.,0.));
#8418=DIRECTION('',(0.,0.707106781186548,-0.707106781186548));
#8419=DIRECTION('',(0.,-0.707106781186548,-0.707106781186548));
#8420=DIRECTION('',(1.,0.,0.));
#8421=DIRECTION('',(0.,-0.707106781186548,0.707106781186548));
#8422=DIRECTION('',(0.,0.707106781186548,0.707106781186548));
#8423=DIRECTION('',(1.,0.,0.));
#8424=DIRECTION('',(0.,0.707106781186548,-0.707106781186548));
#8425=DIRECTION('',(0.,0.,-1.));
#8426=DIRECTION('',(-1.,0.,0.));
#8427=DIRECTION('',(0.688891170589587,-0.159464588808023,0.707106781186546));
#8428=DIRECTION('',(0.,0.,1.));
#8429=DIRECTION('',(1.,0.,0.));
#8430=DIRECTION('',(-0.5,0.5,-0.707106781186548));
#8431=DIRECTION('',(0.688891170589587,-0.15946458880802,-0.707106781186546));
#8432=DIRECTION('',(0.22551698421055,0.974239236446869,0.));
#8433=DIRECTION('',(0.688891170589586,-0.159464588808014,0.707106781186548));
#8434=DIRECTION('',(-0.5,0.5,0.70710678118654));
#8435=DIRECTION('',(0.707106781186548,0.707106781186547,0.));
#8436=DIRECTION('',(-0.5,0.499999999999994,-0.707106781186556));
#8437=DIRECTION('',(0.,0.,-1.));
#8438=DIRECTION('',(-1.,0.,0.));
#8439=DIRECTION('',(0.707106781186546,0.,0.707106781186549));
#8440=DIRECTION('',(0.,0.,-1.));
#8441=DIRECTION('',(-1.,0.,0.));
#8442=DIRECTION('',(0.,0.707106781186548,-0.707106781186548));
#8443=DIRECTION('',(0.707106781186548,0.,-0.707106781186547));
#8444=DIRECTION('',(0.,1.,0.));
#8445=DIRECTION('',(0.707106781186547,0.,0.707106781186548));
#8446=DIRECTION('',(0.,0.707106781186548,0.707106781186548));
#8447=DIRECTION('',(1.,0.,0.));
#8448=DIRECTION('',(0.,0.707106781186548,-0.707106781186548));
#8449=DIRECTION('',(0.,0.,-1.));
#8450=DIRECTION('',(-1.,0.,0.));
#8451=DIRECTION('',(0.688891170589584,0.159464588808023,0.707106781186548));
#8452=DIRECTION('',(0.,0.,-1.));
#8453=DIRECTION('',(-1.,0.,0.));
#8454=DIRECTION('',(0.5,0.5,-0.70710678118655));
#8455=DIRECTION('',(-0.688891170589587,-0.15946458880802,0.707106781186546));
#8456=DIRECTION('',(-0.225516984210549,0.974239236446869,0.));
#8457=DIRECTION('',(0.688891170589586,0.159464588808014,0.707106781186549));
#8458=DIRECTION('',(0.5,0.5,0.707106781186548));
#8459=DIRECTION('',(0.707106781186548,-0.707106781186548,0.));
#8460=DIRECTION('',(0.5,0.5,-0.707106781186548));
#8461=DIRECTION('',(0.,0.,-1.));
#8462=DIRECTION('',(-1.,0.,0.));
#8463=DIRECTION('',(0.,0.707106781186548,0.707106781186548));
#8464=DIRECTION('',(0.,0.,1.));
#8465=DIRECTION('',(1.,0.,0.));
#8466=DIRECTION('',(0.,0.707106781186548,-0.707106781186548));
#8467=DIRECTION('',(0.,0.707106781186548,-0.707106781186548));
#8468=DIRECTION('',(-1.,0.,0.));
#8469=DIRECTION('',(0.,0.707106781186548,0.707106781186548));
#8470=DIRECTION('',(0.,0.707106781186548,0.707106781186548));
#8471=DIRECTION('',(1.,0.,0.));
#8472=DIRECTION('',(0.,0.707106781186548,-0.707106781186548));
#8473=DIRECTION('',(0.,0.,-1.));
#8474=DIRECTION('',(-1.,0.,0.));
#8475=DIRECTION('',(-0.688891170589587,0.159464588808023,0.707106781186546));
#8476=DIRECTION('',(0.,0.,1.));
#8477=DIRECTION('',(1.,0.,0.));
#8478=DIRECTION('',(-0.5,0.5,-0.707106781186549));
#8479=DIRECTION('',(0.688891170589585,-0.15946458880802,0.707106781186548));
#8480=DIRECTION('',(-0.22551698421055,-0.974239236446869,0.));
#8481=DIRECTION('',(-0.688891170589586,0.159464588808014,0.707106781186548));
#8482=DIRECTION('',(-0.5,0.5,0.707106781186543));
#8483=DIRECTION('',(0.707106781186548,0.707106781186547,0.));
#8484=DIRECTION('',(-0.5,0.499999999999993,-0.707106781186554));
#8485=DIRECTION('',(0.,0.,-1.));
#8486=DIRECTION('',(-1.,0.,0.));
#8487=DIRECTION('',(-0.707106781186546,0.,0.707106781186549));
#8488=DIRECTION('',(0.,0.,1.));
#8489=DIRECTION('',(1.,0.,0.));
#8490=DIRECTION('',(-0.707106781186548,0.,-0.707106781186548));
#8491=DIRECTION('',(0.707106781186548,0.,0.707106781186547));
#8492=DIRECTION('',(0.,-1.,0.));
#8493=DIRECTION('',(-0.707106781186547,0.,0.707106781186548));
#8494=DIRECTION('',(-0.707106781186548,0.,0.707106781186548));
#8495=DIRECTION('',(0.,1.,0.));
#8496=DIRECTION('',(-0.707106781186548,0.,-0.707106781186548));
#8497=DIRECTION('',(0.,0.,-1.));
#8498=DIRECTION('',(-1.,0.,0.));
#8499=DIRECTION('',(-0.688891170589584,-0.159464588808023,0.707106781186548));
#8500=DIRECTION('',(0.,0.,1.));
#8501=DIRECTION('',(1.,0.,0.));
#8502=DIRECTION('',(-0.5,-0.5,-0.707106781186546));
#8503=DIRECTION('',(0.688891170589583,0.159464588808019,0.70710678118655));
#8504=DIRECTION('',(0.225516984210549,-0.974239236446869,0.));
#8505=DIRECTION('',(-0.68889117058959,-0.159464588808013,0.707106781186545));
#8506=DIRECTION('',(0.5,0.5,-0.707106781186548));
#8507=DIRECTION('',(-0.707106781186548,0.707106781186548,0.));
#8508=DIRECTION('',(-0.5,-0.5,-0.707106781186549));
#8509=DIRECTION('',(0.,0.,-1.));
#8510=DIRECTION('',(-1.,0.,0.));
#8511=DIRECTION('',(0.,-0.707106781186548,0.707106781186548));
#8512=DIRECTION('',(0.,0.,-1.));
#8513=DIRECTION('',(-1.,0.,0.));
#8514=DIRECTION('',(-0.707106781186546,0.,-0.707106781186549));
#8515=DIRECTION('',(0.,0.707106781186548,0.707106781186548));
#8516=DIRECTION('',(1.,0.,0.));
#8517=DIRECTION('',(0.,-0.707106781186548,0.707106781186548));
#8518=DIRECTION('',(0.707106781186548,3.9142382917213E-17,-0.707106781186547));
#8519=DIRECTION('',(-5.53556887851236E-17,1.,0.));
#8520=DIRECTION('',(-0.707106781186548,0.,-0.707106781186548));
#8521=DIRECTION('',(0.,0.,1.));
#8522=DIRECTION('',(1.,0.,0.));
#8523=DIRECTION('',(-0.707106781186547,0.,0.707106781186549));
#8524=DIRECTION('',(0.,0.,-1.));
#8525=DIRECTION('',(-1.,0.,0.));
#8526=DIRECTION('',(-0.5,0.5,-0.707106781186549));
#8527=DIRECTION('',(0.707106781186548,7.66646708341687E-17,0.707106781186547));
#8528=DIRECTION('',(1.0842021724855E-16,-1.,0.));
#8529=DIRECTION('',(-0.707106781186547,0.,0.707106781186549));
#8530=DIRECTION('',(-0.5,0.5,0.707106781186546));
#8531=DIRECTION('',(0.707106781186548,0.707106781186548,0.));
#8532=DIRECTION('',(-0.5,0.5,-0.707106781186549));
#8533=DIRECTION('',(0.,0.,1.));
#8534=DIRECTION('',(1.,0.,0.));
#8535=DIRECTION('',(0.,0.707106781186548,0.707106781186548));
#8536=DIRECTION('',(0.,0.,1.));
#8537=DIRECTION('',(1.,0.,0.));
#8538=DIRECTION('',(-0.707106781186548,0.,-0.707106781186548));
#8539=DIRECTION('',(0.,-0.707106781186548,0.707106781186548));
#8540=DIRECTION('',(-1.,0.,0.));
#8541=DIRECTION('',(0.,0.707106781186548,0.707106781186548));
#8542=DIRECTION('',(-0.707106781186548,0.,0.707106781186548));
#8543=DIRECTION('',(0.,1.,0.));
#8544=DIRECTION('',(-0.707106781186548,0.,-0.707106781186548));
#8545=DIRECTION('',(0.,0.,1.));
#8546=DIRECTION('',(1.,0.,0.));
#8547=DIRECTION('',(0.688891170589583,0.159464588808023,0.707106781186549));
#8548=DIRECTION('',(0.,0.,1.));
#8549=DIRECTION('',(1.,0.,0.));
#8550=DIRECTION('',(-0.5,-0.5,-0.707106781186548));
#8551=DIRECTION('',(-0.688891170589584,-0.159464588808019,0.707106781186549));
#8552=DIRECTION('',(-0.225516984210549,0.974239236446869,0.));
#8553=DIRECTION('',(0.688891170589588,0.159464588808013,0.707106781186547));
#8554=DIRECTION('',(-0.5,-0.5,0.707106781186545));
#8555=DIRECTION('',(-0.707106781186548,0.707106781186548,0.));
#8556=DIRECTION('',(-0.5,-0.5,-0.707106781186549));
#8557=DIRECTION('',(0.,0.,1.));
#8558=DIRECTION('',(1.,0.,0.));
#8559=DIRECTION('',(0.707106781186548,0.,0.707106781186548));
#8560=DIRECTION('',(0.,0.,-1.));
#8561=DIRECTION('',(-1.,0.,0.));
#8562=DIRECTION('',(-0.707106781186546,0.,-0.707106781186549));
#8563=DIRECTION('',(0.707106781186548,0.,-0.707106781186548));
#8564=DIRECTION('',(0.,1.,0.));
#8565=DIRECTION('',(-0.707106781186547,4.90653893338679E-16,0.707106781186548));
#8566=DIRECTION('',(6.93889390390722E-16,1.,0.));
#8567=DIRECTION('',(0.707106781186548,0.,0.707106781186548));
#8568=DIRECTION('',(-0.707106781186548,0.,-0.707106781186548));
#8569=DIRECTION('',(0.,0.,1.));
#8570=DIRECTION('',(1.,0.,0.));
#8571=DIRECTION('',(-0.507809492238808,0.492066580446351,-0.707106781186547));
#8572=DIRECTION('',(0.,0.,1.));
#8573=DIRECTION('',(1.,0.,0.));
#8574=DIRECTION('',(0.,0.707106781186548,0.707106781186548));
#8575=DIRECTION('',(0.,0.,-1.));
#8576=DIRECTION('',(-1.,0.,0.));
#8577=DIRECTION('',(-0.706313640948274,0.0334819445432242,-0.707106781186546));
#8578=DIRECTION('',(0.,-0.707106781186548,0.707106781186548));
#8579=DIRECTION('',(-1.,0.,0.));
#8580=DIRECTION('',(0.,0.707106781186548,0.707106781186548));
#8581=DIRECTION('',(0.,0.,1.));
#8582=DIRECTION('',(1.,0.,0.));
#8583=DIRECTION('',(0.,0.707106781186548,-0.707106781186548));
#8584=DIRECTION('',(0.,0.,1.));
#8585=DIRECTION('',(1.,0.,0.));
#8586=DIRECTION('',(-0.707106781186546,0.,0.707106781186549));
#8587=DIRECTION('',(0.,0.707106781186548,0.707106781186548));
#8588=DIRECTION('',(1.,0.,0.));
#8589=DIRECTION('',(0.,0.707106781186548,-0.707106781186548));
#8590=DIRECTION('',(0.707106781186549,0.,0.707106781186546));
#8591=DIRECTION('',(0.,-1.,0.));
#8592=DIRECTION('',(-0.707106781186546,0.,0.707106781186549));
#8593=DIRECTION('',(0.,0.,1.));
#8594=DIRECTION('',(1.,0.,0.));
#8595=DIRECTION('',(0.706313640948272,0.0334819445432145,-0.707106781186549));
#8596=DIRECTION('',(0.,0.,1.));
#8597=DIRECTION('',(1.,0.,0.));
#8598=DIRECTION('',(-0.507809492238804,-0.492066580446352,0.707106781186549));
#8599=DIRECTION('',(0.,0.,-1.));
#8600=DIRECTION('',(-1.,0.,0.));
#8601=DIRECTION('',(0.707106781186547,-4.90653893338679E-16,0.707106781186548));
#8602=DIRECTION('',(-6.93889390390722E-16,-1.,0.));
#8603=DIRECTION('',(-0.707106781186548,0.,0.707106781186548));
#8604=DIRECTION('',(0.707106781186548,0.,-0.707106781186548));
#8605=DIRECTION('',(0.,0.,-1.));
#8606=DIRECTION('',(-1.,0.,0.));
#8607=DIRECTION('',(0.507809492238811,-0.492066580446347,-0.707106781186548));
#8608=DIRECTION('',(0.,0.,-1.));
#8609=DIRECTION('',(-1.,0.,0.));
#8610=DIRECTION('',(0.,-0.707106781186548,0.707106781186548));
#8611=DIRECTION('',(0.,0.,1.));
#8612=DIRECTION('',(1.,0.,0.));
#8613=DIRECTION('',(0.706313640948272,-0.0334819445432145,-0.707106781186548));
#8614=DIRECTION('',(0.,0.707106781186548,0.707106781186548));
#8615=DIRECTION('',(1.,0.,0.));
#8616=DIRECTION('',(0.,-0.707106781186548,0.707106781186548));
#8617=DIRECTION('',(0.,0.,-1.));
#8618=DIRECTION('',(-1.,0.,0.));
#8619=DIRECTION('',(0.,-0.707106781186548,-0.707106781186548));
#8620=DIRECTION('',(0.,0.,-1.));
#8621=DIRECTION('',(-1.,0.,0.));
#8622=DIRECTION('',(0.707106781186546,0.,0.707106781186549));
#8623=DIRECTION('',(0.,-0.707106781186548,0.707106781186548));
#8624=DIRECTION('',(-1.,0.,0.));
#8625=DIRECTION('',(0.,-0.707106781186548,-0.707106781186548));
#8626=DIRECTION('',(-0.707106781186549,0.,0.707106781186546));
#8627=DIRECTION('',(0.,1.,0.));
#8628=DIRECTION('',(0.707106781186546,0.,0.707106781186549));
#8629=DIRECTION('',(0.,0.,-1.));
#8630=DIRECTION('',(-1.,0.,0.));
#8631=DIRECTION('',(-0.706313640948274,-0.0334819445432143,-0.707106781186546));
#8632=DIRECTION('',(0.,0.,-1.));
#8633=DIRECTION('',(-1.,0.,0.));
#8634=DIRECTION('',(0.507809492238804,0.492066580446352,0.707106781186549));
#8635=DIRECTION('',(0.,0.,1.));
#8636=DIRECTION('',(1.,0.,0.));
#8637=DIRECTION('',(0.,-0.707106781186548,-0.707106781186548));
#8638=DIRECTION('',(1.,0.,0.));
#8639=DIRECTION('',(0.,-0.707106781186548,0.707106781186548));
#8640=DIRECTION('',(0.,0.707106781186548,-0.707106781186548));
#8641=DIRECTION('',(0.,0.,1.));
#8642=DIRECTION('',(1.,0.,0.));
#8643=DIRECTION('',(0.707106781186548,0.,-0.707106781186548));
#8644=DIRECTION('',(0.,0.,1.));
#8645=DIRECTION('',(1.,0.,0.));
#8646=DIRECTION('',(0.707106781186548,0.,0.707106781186548));
#8647=DIRECTION('',(-0.707106781186547,-6.13317366673349E-17,-0.707106781186548));
#8648=DIRECTION('',(8.67361737988404E-17,-1.,0.));
#8649=DIRECTION('',(0.707106781186548,0.,-0.707106781186548));
#8650=DIRECTION('',(-0.707106781186548,0.,0.707106781186548));
#8651=DIRECTION('',(0.,1.,0.));
#8652=DIRECTION('',(0.707106781186548,0.,0.707106781186548));
#8653=DIRECTION('',(0.,0.,1.));
#8654=DIRECTION('',(1.,0.,0.));
#8655=DIRECTION('',(0.,-0.707106781186548,-0.707106781186548));
#8656=DIRECTION('',(0.,0.,1.));
#8657=DIRECTION('',(1.,0.,0.));
#8658=DIRECTION('',(0.,0.707106781186548,0.707106781186548));
#8659=DIRECTION('',(0.,-0.707106781186548,0.707106781186548));
#8660=DIRECTION('',(-1.,0.,0.));
#8661=DIRECTION('',(0.,0.707106781186548,-0.707106781186548));
#8662=DIRECTION('',(-1.,0.,0.));
#8663=DIRECTION('',(0.,0.707106781186548,0.707106781186548));
#8664=DIRECTION('',(0.,-0.707106781186548,-0.707106781186548));
#8665=DIRECTION('',(0.,0.,-1.));
#8666=DIRECTION('',(-1.,0.,0.));
#8667=DIRECTION('',(-0.707106781186548,0.,-0.707106781186547));
#8668=DIRECTION('',(0.,0.,-1.));
#8669=DIRECTION('',(-1.,0.,0.));
#8670=DIRECTION('',(-0.707106781186548,0.,0.707106781186548));
#8671=DIRECTION('',(0.707106781186547,6.13317366673349E-17,-0.707106781186548));
#8672=DIRECTION('',(-8.67361737988404E-17,1.,0.));
#8673=DIRECTION('',(-0.707106781186548,0.,-0.707106781186547));
#8674=DIRECTION('',(0.707106781186548,0.,0.707106781186548));
#8675=DIRECTION('',(0.,-1.,0.));
#8676=DIRECTION('',(-0.707106781186548,0.,0.707106781186548));
#8677=DIRECTION('',(0.,0.,-1.));
#8678=DIRECTION('',(-1.,0.,0.));
#8679=DIRECTION('',(0.,0.707106781186548,-0.707106781186548));
#8680=DIRECTION('',(0.,0.,-1.));
#8681=DIRECTION('',(-1.,0.,0.));
#8682=DIRECTION('',(0.,-0.707106781186548,0.707106781186548));
#8683=DIRECTION('',(0.,0.707106781186548,0.707106781186548));
#8684=DIRECTION('',(1.,0.,0.));
#8685=DIRECTION('',(0.,-0.707106781186548,-0.707106781186548));
#8686=DIRECTION('',(1.,0.,0.));
#8687=DIRECTION('',(0.,-0.707106781186548,0.707106781186548));
#8688=DIRECTION('',(0.,0.707106781186548,-0.707106781186548));
#8689=DIRECTION('',(0.,0.,1.));
#8690=DIRECTION('',(1.,0.,0.));
#8691=DIRECTION('',(0.707106781186548,0.,-0.707106781186548));
#8692=DIRECTION('',(0.,0.,1.));
#8693=DIRECTION('',(1.,0.,0.));
#8694=DIRECTION('',(0.707106781186548,0.,0.707106781186547));
#8695=DIRECTION('',(-0.707106781186548,1.2266347333467E-16,-0.707106781186547));
#8696=DIRECTION('',(-1.7347234759768E-16,-1.,0.));
#8697=DIRECTION('',(0.707106781186548,0.,-0.707106781186548));
#8698=DIRECTION('',(-0.707106781186547,6.13317366673349E-17,0.707106781186548));
#8699=DIRECTION('',(8.67361737988404E-17,1.,0.));
#8700=DIRECTION('',(0.707106781186548,0.,0.707106781186547));
#8701=DIRECTION('',(0.,0.,1.));
#8702=DIRECTION('',(1.,0.,0.));
#8703=DIRECTION('',(0.,-0.707106781186548,-0.707106781186548));
#8704=DIRECTION('',(0.,0.,1.));
#8705=DIRECTION('',(1.,0.,0.));
#8706=DIRECTION('',(0.,0.707106781186548,0.707106781186548));
#8707=DIRECTION('',(0.,-0.707106781186548,0.707106781186548));
#8708=DIRECTION('',(-1.,0.,0.));
#8709=DIRECTION('',(0.,0.707106781186548,-0.707106781186548));
#8710=DIRECTION('',(-1.,0.,0.));
#8711=DIRECTION('',(0.,0.707106781186548,0.707106781186548));
#8712=DIRECTION('',(0.,-0.707106781186548,-0.707106781186548));
#8713=DIRECTION('',(0.,0.,-1.));
#8714=DIRECTION('',(-1.,0.,0.));
#8715=DIRECTION('',(-0.707106781186548,0.,-0.707106781186548));
#8716=DIRECTION('',(0.,0.,-1.));
#8717=DIRECTION('',(-1.,0.,0.));
#8718=DIRECTION('',(-0.707106781186548,0.,0.707106781186547));
#8719=DIRECTION('',(0.707106781186548,-1.2266347333467E-16,-0.707106781186547));
#8720=DIRECTION('',(1.7347234759768E-16,1.,0.));
#8721=DIRECTION('',(-0.707106781186546,0.,-0.707106781186549));
#8722=DIRECTION('',(0.707106781186547,-6.13317366673349E-17,0.707106781186548));
#8723=DIRECTION('',(-8.67361737988404E-17,-1.,0.));
#8724=DIRECTION('',(-0.707106781186548,0.,0.707106781186548));
#8725=DIRECTION('',(0.,0.,-1.));
#8726=DIRECTION('',(-1.,0.,0.));
#8727=DIRECTION('',(0.,0.707106781186548,-0.707106781186548));
#8728=DIRECTION('',(0.,0.,-1.));
#8729=DIRECTION('',(-1.,0.,0.));
#8730=DIRECTION('',(0.,-0.707106781186548,0.707106781186548));
#8731=DIRECTION('',(0.,0.707106781186548,0.707106781186548));
#8732=DIRECTION('',(1.,0.,0.));
#8733=DIRECTION('',(-0.707106781186548,-1.53329341668337E-16,-0.707106781186547));
#8734=DIRECTION('',(2.16840434497101E-16,-1.,0.));
#8735=DIRECTION('',(0.707106781186547,0.,-0.707106781186548));
#8736=DIRECTION('',(-0.707106781186547,0.,0.707106781186548));
#8737=DIRECTION('',(0.,0.,1.));
#8738=DIRECTION('',(1.,0.,0.));
#8739=DIRECTION('',(-0.429567955937106,-0.561668381905209,0.707106781186548));
#8740=DIRECTION('',(0.,0.,1.));
#8741=DIRECTION('',(1.,0.,0.));
#8742=DIRECTION('',(0.429567955937108,-0.561668381905206,-0.70710678118655));
#8743=DIRECTION('',(0.,0.,-1.));
#8744=DIRECTION('',(-1.,0.,0.));
#8745=DIRECTION('',(-0.612402419608395,-0.353501451846782,0.707106781186549));
#8746=DIRECTION('',(0.,0.,-1.));
#8747=DIRECTION('',(-1.,0.,0.));
#8748=DIRECTION('',(0.612402419608392,-0.353501451846786,-0.707106781186549));
#8749=DIRECTION('',(0.,0.,1.));
#8750=DIRECTION('',(1.,0.,0.));
#8751=DIRECTION('',(0.707106781186546,0.,0.707106781186549));
#8752=DIRECTION('',(0.,0.,1.));
#8753=DIRECTION('',(1.,0.,0.));
#8754=DIRECTION('',(-0.707106781186546,0.,-0.707106781186549));
#8755=DIRECTION('',(0.707106781186547,-2.8621477111423E-16,-0.707106781186548));
#8756=DIRECTION('',(4.04768811061255E-16,1.,0.));
#8757=DIRECTION('',(0.707106781186548,1.53329341668337E-16,-0.707106781186547));
#8758=DIRECTION('',(-2.16840434497101E-16,1.,0.));
#8759=DIRECTION('',(-0.707106781186547,0.,-0.707106781186548));
#8760=DIRECTION('',(0.707106781186547,0.,0.707106781186548));
#8761=DIRECTION('',(0.,0.,-1.));
#8762=DIRECTION('',(-1.,0.,0.));
#8763=DIRECTION('',(0.429567955937106,0.561668381905209,0.707106781186548));
#8764=DIRECTION('',(0.,0.,-1.));
#8765=DIRECTION('',(-1.,0.,0.));
#8766=DIRECTION('',(-0.429567955937108,0.561668381905206,-0.70710678118655));
#8767=DIRECTION('',(0.,0.,1.));
#8768=DIRECTION('',(1.,0.,0.));
#8769=DIRECTION('',(0.612402419608393,0.353501451846782,0.70710678118655));
#8770=DIRECTION('',(0.,0.,1.));
#8771=DIRECTION('',(1.,0.,0.));
#8772=DIRECTION('',(-0.612402419608389,0.35350145184678,-0.707106781186554));
#8773=DIRECTION('',(0.,0.,-1.));
#8774=DIRECTION('',(-1.,0.,0.));
#8775=DIRECTION('',(-0.707106781186546,0.,0.707106781186549));
#8776=DIRECTION('',(0.,0.,-1.));
#8777=DIRECTION('',(-1.,0.,0.));
#8778=DIRECTION('',(0.707106781186546,0.,-0.707106781186549));
#8779=DIRECTION('',(-0.707106781186547,2.8621477111423E-16,-0.707106781186548));
#8780=DIRECTION('',(-4.04768811061255E-16,-1.,0.));
#8781=DIRECTION('',(0.707106781186548,-2.8621477111423E-16,0.707106781186547));
#8782=DIRECTION('',(-4.04768811061255E-16,-1.,0.));
#8783=DIRECTION('',(-0.707106781186548,0.,0.707106781186548));
#8784=DIRECTION('',(0.707106781186548,0.,-0.707106781186548));
#8785=DIRECTION('',(0.,0.,1.));
#8786=DIRECTION('',(1.,0.,0.));
#8787=DIRECTION('',(-0.612402419608392,-0.353501451846786,-0.707106781186549));
#8788=DIRECTION('',(0.,0.,1.));
#8789=DIRECTION('',(1.,0.,0.));
#8790=DIRECTION('',(0.612402419608395,-0.353501451846782,0.707106781186549));
#8791=DIRECTION('',(0.,0.,-1.));
#8792=DIRECTION('',(-1.,0.,0.));
#8793=DIRECTION('',(-0.429567955937109,-0.561668381905205,-0.707106781186549));
#8794=DIRECTION('',(0.,0.,-1.));
#8795=DIRECTION('',(-1.,0.,0.));
#8796=DIRECTION('',(0.429567955937108,-0.561668381905209,0.707106781186547));
#8797=DIRECTION('',(0.,0.,1.));
#8798=DIRECTION('',(1.,0.,0.));
#8799=DIRECTION('',(-0.707106781186547,0.,-0.707106781186548));
#8800=DIRECTION('',(0.,0.,1.));
#8801=DIRECTION('',(1.,0.,0.));
#8802=DIRECTION('',(0.707106781186546,0.,0.707106781186549));
#8803=DIRECTION('',(-0.707106781186548,-1.53329341668337E-16,0.707106781186547));
#8804=DIRECTION('',(-2.16840434497101E-16,1.,0.));
#8805=DIRECTION('',(-0.707106781186548,2.8621477111423E-16,0.707106781186547));
#8806=DIRECTION('',(4.04768811061255E-16,1.,0.));
#8807=DIRECTION('',(0.707106781186548,0.,0.707106781186548));
#8808=DIRECTION('',(-0.707106781186548,0.,-0.707106781186548));
#8809=DIRECTION('',(0.,0.,-1.));
#8810=DIRECTION('',(-1.,0.,0.));
#8811=DIRECTION('',(0.612402419608393,0.353501451846786,-0.707106781186547));
#8812=DIRECTION('',(0.,0.,-1.));
#8813=DIRECTION('',(-1.,0.,0.));
#8814=DIRECTION('',(-0.612402419608395,0.353501451846782,0.707106781186549));
#8815=DIRECTION('',(0.,0.,1.));
#8816=DIRECTION('',(1.,0.,0.));
#8817=DIRECTION('',(0.429567955937107,0.561668381905206,-0.70710678118655));
#8818=DIRECTION('',(0.,0.,1.));
#8819=DIRECTION('',(1.,0.,0.));
#8820=DIRECTION('',(-0.429567955937106,0.561668381905206,0.70710678118655));
#8821=DIRECTION('',(0.,0.,-1.));
#8822=DIRECTION('',(-1.,0.,0.));
#8823=DIRECTION('',(0.707106781186548,0.,-0.707106781186547));
#8824=DIRECTION('',(0.,0.,-1.));
#8825=DIRECTION('',(-1.,0.,0.));
#8826=DIRECTION('',(-0.707106781186546,0.,0.707106781186549));
#8827=DIRECTION('',(0.707106781186548,1.53329341668337E-16,0.707106781186547));
#8828=DIRECTION('',(2.16840434497101E-16,-1.,0.));
#8829=DIRECTION('',(-1.32609160361805E-16,0.707106781186548,-0.707106781186548));
#8830=DIRECTION('',(-1.,-1.87537673078573E-16,0.));
#8831=DIRECTION('',(0.,-0.707106781186548,-0.707106781186548));
#8832=DIRECTION('',(0.,0.707106781186545,0.70710678118655));
#8833=DIRECTION('',(0.,0.,1.));
#8834=DIRECTION('',(1.,0.,0.));
#8835=DIRECTION('',(-0.707106781186546,0.,0.707106781186549));
#8836=DIRECTION('',(0.,0.,1.));
#8837=DIRECTION('',(1.,0.,0.));
#8838=DIRECTION('',(-0.707106781186548,0.,-0.707106781186548));
#8839=DIRECTION('',(-0.707106781186547,3.50467066670486E-16,-0.707106781186548));
#8840=DIRECTION('',(-4.95635278850517E-16,-1.,0.));
#8841=DIRECTION('',(-0.707106781186548,0.,0.707106781186548));
#8842=DIRECTION('',(0.707106781186548,-3.50467066670486E-16,-0.707106781186547));
#8843=DIRECTION('',(4.95635278850517E-16,1.,0.));
#8844=DIRECTION('',(-0.707106781186548,0.,-0.707106781186548));
#8845=DIRECTION('',(0.,0.,1.));
#8846=DIRECTION('',(1.,0.,0.));
#8847=DIRECTION('',(0.,-0.707106781186548,0.707106781186548));
#8848=DIRECTION('',(0.,0.,1.));
#8849=DIRECTION('',(1.,0.,0.));
#8850=DIRECTION('',(0.,0.707106781186548,-0.707106781186548));
#8851=DIRECTION('',(0.,-0.707106781186548,-0.707106781186548));
#8852=DIRECTION('',(1.,0.,0.));
#8853=DIRECTION('',(1.32609160361805E-16,-0.707106781186548,-0.707106781186548));
#8854=DIRECTION('',(1.,1.87537673078573E-16,0.));
#8855=DIRECTION('',(0.,0.70710678118655,-0.707106781186545));
#8856=DIRECTION('',(0.,-0.707106781186548,0.707106781186548));
#8857=DIRECTION('',(0.,0.,-1.));
#8858=DIRECTION('',(-1.,0.,0.));
#8859=DIRECTION('',(0.707106781186546,0.,0.707106781186549));
#8860=DIRECTION('',(0.,0.,-1.));
#8861=DIRECTION('',(-1.,0.,0.));
#8862=DIRECTION('',(0.707106781186549,0.,-0.707106781186546));
#8863=DIRECTION('',(0.707106781186547,-3.50467066670486E-16,-0.707106781186548));
#8864=DIRECTION('',(4.95635278850517E-16,1.,0.));
#8865=DIRECTION('',(0.707106781186548,0.,0.707106781186548));
#8866=DIRECTION('',(-0.707106781186548,3.50467066670486E-16,-0.707106781186547));
#8867=DIRECTION('',(-4.95635278850517E-16,-1.,0.));
#8868=DIRECTION('',(0.707106781186548,0.,-0.707106781186548));
#8869=DIRECTION('',(0.,0.,-1.));
#8870=DIRECTION('',(-1.,0.,0.));
#8871=DIRECTION('',(0.,0.707106781186548,0.707106781186548));
#8872=DIRECTION('',(0.,0.,-1.));
#8873=DIRECTION('',(-1.,0.,0.));
#8874=DIRECTION('',(0.,-0.707106781186548,-0.707106781186548));
#8875=DIRECTION('',(0.,0.707106781186548,-0.707106781186548));
#8876=DIRECTION('',(-1.,0.,0.));
#8877=CARTESIAN_POINT('',(0.,0.,0.));
#8878=CARTESIAN_POINT('',(0.004,0.0345,0.0285));
#8879=CARTESIAN_POINT('',(0.004,0.0379701499862441,0.0285));
#8880=CARTESIAN_POINT('',(0.004,0.0379701499862441,0.027));
#8881=CARTESIAN_POINT('',(0.004,0.0379701499862441,0.028));
#8882=CARTESIAN_POINT('',(0.004,0.0345,0.028));
#8883=CARTESIAN_POINT('',(0.004,0.0310298500137559,0.028));
#8884=CARTESIAN_POINT('',(0.004,0.0310298500137559,0.0285));
#8885=CARTESIAN_POINT('',(0.004,0.0310298500137559,0.027));
#8886=CARTESIAN_POINT('',(0.004,0.0379701499862441,0.027));
#8887=CARTESIAN_POINT('',(-0.00470038830941666,0.0507189706303504,0.0285));
#8888=CARTESIAN_POINT('',(0.00829062880218771,0.0432200724175459,0.0285));
#8889=CARTESIAN_POINT('',(0.00829062880218771,0.0432200724175459,0.027));
#8890=CARTESIAN_POINT('',(0.00829062880218771,0.0432200724175459,0.028));
#8891=CARTESIAN_POINT('',(-0.00470038830941666,0.0507189706303504,0.028));
#8892=CARTESIAN_POINT('',(0.0044121241292905,0.0388041849816529,0.028));
#8893=CARTESIAN_POINT('',(0.0044121241292905,0.0388041849816529,0.0285));
#8894=CARTESIAN_POINT('',(0.0044121241292905,0.0388041849816529,0.027));
#8895=CARTESIAN_POINT('',(-0.00470038830941666,0.0507189706303504,0.027));
#8896=CARTESIAN_POINT('',(0.01025,0.0345,0.0285));
#8897=CARTESIAN_POINT('',(0.01025,0.0263048504573504,0.0285));
#8898=CARTESIAN_POINT('',(0.01025,0.0263048504573504,0.027));
#8899=CARTESIAN_POINT('',(0.01025,0.0263048504573504,0.028));
#8900=CARTESIAN_POINT('',(0.01025,0.0345,0.028));
#8901=CARTESIAN_POINT('',(0.01025,0.0426951495426496,0.028));
#8902=CARTESIAN_POINT('',(0.01025,0.0426951495426496,0.0285));
#8903=CARTESIAN_POINT('',(0.01025,0.0426951495426496,0.027));
#8904=CARTESIAN_POINT('',(0.01025,0.0263048504573504,0.027));
#8905=CARTESIAN_POINT('',(-0.004,0.0345,0.0285));
#8906=CARTESIAN_POINT('',(-0.004,0.0310298500137559,0.0285));
#8907=CARTESIAN_POINT('',(-0.004,0.0310298500137559,0.027));
#8908=CARTESIAN_POINT('',(-0.004,0.0310298500137559,0.028));
#8909=CARTESIAN_POINT('',(-0.004,0.0379701499862441,0.028));
#8910=CARTESIAN_POINT('',(-0.004,0.0379701499862441,0.028));
#8911=CARTESIAN_POINT('',(-0.004,0.0379701499862441,0.0265));
#8912=CARTESIAN_POINT('',(-0.004,0.0379701499862441,0.027));
#8913=CARTESIAN_POINT('',(-0.004,0.0345,0.027));
#8914=CARTESIAN_POINT('',(0.00470038830941668,0.0182810293696496,0.0285));
#8915=CARTESIAN_POINT('',(-0.0082906288021877,0.0257799275824541,0.0285));
#8916=CARTESIAN_POINT('',(-0.0082906288021877,0.0257799275824541,0.027));
#8917=CARTESIAN_POINT('',(-0.0082906288021877,0.0257799275824541,0.028));
#8918=CARTESIAN_POINT('',(0.00470038830941668,0.0182810293696496,0.028));
#8919=CARTESIAN_POINT('',(-0.00441212412929049,0.0301958150183471,0.028));
#8920=CARTESIAN_POINT('',(-0.00441212412929049,0.0301958150183471,0.0285));
#8921=CARTESIAN_POINT('',(-0.00441212412929049,0.0301958150183471,0.027));
#8922=CARTESIAN_POINT('',(0.00470038830941668,0.0182810293696496,0.027));
#8923=CARTESIAN_POINT('',(-0.01025,0.0345,0.0285));
#8924=CARTESIAN_POINT('',(-0.01025,0.0426951495426496,0.0285));
#8925=CARTESIAN_POINT('',(-0.01025,0.0426951495426496,0.027));
#8926=CARTESIAN_POINT('',(-0.01025,0.0426951495426496,0.028));
#8927=CARTESIAN_POINT('',(-0.01025,0.0263048504573504,0.028));
#8928=CARTESIAN_POINT('',(-0.01025,0.0263048504573504,0.028));
#8929=CARTESIAN_POINT('',(-0.01025,0.0263048504573504,0.0265));
#8930=CARTESIAN_POINT('',(-0.01025,0.0263048504573504,0.027));
#8931=CARTESIAN_POINT('',(-0.01025,0.0345,0.027));
#8932=CARTESIAN_POINT('',(-0.0241249999999997,-0.0345,0.0285));
#8933=CARTESIAN_POINT('',(-0.00895405862457721,-0.0197993822312294,0.0285));
#8934=CARTESIAN_POINT('',(-0.00895405862457721,-0.0197993822312294,0.027));
#8935=CARTESIAN_POINT('',(-0.00895405862457721,-0.0197993822312294,0.028));
#8936=CARTESIAN_POINT('',(-0.0241249999999997,-0.0345,0.028));
#8937=CARTESIAN_POINT('',(-0.0030236952720284,-0.033499718151071,0.028));
#8938=CARTESIAN_POINT('',(-0.0030236952720284,-0.033499718151071,0.0285));
#8939=CARTESIAN_POINT('',(-0.0030236952720284,-0.033499718151071,0.027));
#8940=CARTESIAN_POINT('',(-0.0241249999999997,-0.0345,0.027));
#8941=CARTESIAN_POINT('',(-0.00925,-0.01825,0.0285));
#8942=CARTESIAN_POINT('',(-0.00925,-0.01805,0.0285));
#8943=CARTESIAN_POINT('',(-0.00925,-0.01805,0.027));
#8944=CARTESIAN_POINT('',(-0.00925,-0.01805,0.028));
#8945=CARTESIAN_POINT('',(-0.00925,-0.0190687006379887,0.028));
#8946=CARTESIAN_POINT('',(-0.00925,-0.0190687006379887,0.028));
#8947=CARTESIAN_POINT('',(-0.00925,-0.0190687006379887,0.0265));
#8948=CARTESIAN_POINT('',(-0.00925,-0.0190687006379887,0.027));
#8949=CARTESIAN_POINT('',(-0.00925,-0.01825,0.027));
#8950=CARTESIAN_POINT('',(0.,-0.017,0.0285));
#8951=CARTESIAN_POINT('',(0.0082,-0.017,0.0285));
#8952=CARTESIAN_POINT('',(0.0082,-0.017,0.027));
#8953=CARTESIAN_POINT('',(0.0082,-0.017,0.028));
#8954=CARTESIAN_POINT('',(-0.0082,-0.017,0.028));
#8955=CARTESIAN_POINT('',(-0.0082,-0.017,0.028));
#8956=CARTESIAN_POINT('',(-0.0082,-0.017,0.0265));
#8957=CARTESIAN_POINT('',(-0.0082,-0.017,0.027));
#8958=CARTESIAN_POINT('',(0.,-0.017,0.027));
#8959=CARTESIAN_POINT('',(0.00925,-0.01825,0.0285));
#8960=CARTESIAN_POINT('',(0.00925,-0.0190687006379887,0.0285));
#8961=CARTESIAN_POINT('',(0.00925,-0.0190687006379887,0.027));
#8962=CARTESIAN_POINT('',(0.00925,-0.0190687006379887,0.028));
#8963=CARTESIAN_POINT('',(0.00925,-0.01805,0.028));
#8964=CARTESIAN_POINT('',(0.00925,-0.01805,0.028));
#8965=CARTESIAN_POINT('',(0.00925,-0.01805,0.0265));
#8966=CARTESIAN_POINT('',(0.00925,-0.01805,0.027));
#8967=CARTESIAN_POINT('',(0.00925,-0.01825,0.027));
#8968=CARTESIAN_POINT('',(0.0241249999999997,-0.0345,0.0285));
#8969=CARTESIAN_POINT('',(0.00302369527202842,-0.033499718151071,0.0285));
#8970=CARTESIAN_POINT('',(0.00302369527202842,-0.033499718151071,0.027));
#8971=CARTESIAN_POINT('',(0.00302369527202842,-0.033499718151071,0.028));
#8972=CARTESIAN_POINT('',(0.0241249999999997,-0.0345,0.028));
#8973=CARTESIAN_POINT('',(0.00895405862457721,-0.0197993822312294,0.028));
#8974=CARTESIAN_POINT('',(0.00895405862457721,-0.0197993822312294,0.0285));
#8975=CARTESIAN_POINT('',(0.00895405862457721,-0.0197993822312294,0.027));
#8976=CARTESIAN_POINT('',(0.0241249999999997,-0.0345,0.027));
#8977=CARTESIAN_POINT('',(0.00625,-0.002,0.0285));
#8978=CARTESIAN_POINT('',(0.00625,0.00695,0.0285));
#8979=CARTESIAN_POINT('',(0.00625,0.00695,0.027));
#8980=CARTESIAN_POINT('',(0.00625,0.00695,0.028));
#8981=CARTESIAN_POINT('',(0.00625,-0.002,0.028));
#8982=CARTESIAN_POINT('',(0.00625,-0.01095,0.028));
#8983=CARTESIAN_POINT('',(0.00625,-0.01095,0.0265));
#8984=CARTESIAN_POINT('',(0.00625,-0.01095,0.027));
#8985=CARTESIAN_POINT('',(0.00625,0.00695,0.027));
#8986=CARTESIAN_POINT('',(0.00775,0.008,0.0285));
#8987=CARTESIAN_POINT('',(0.0082,0.008,0.0285));
#8988=CARTESIAN_POINT('',(0.0082,0.008,0.027));
#8989=CARTESIAN_POINT('',(0.0082,0.008,0.028));
#8990=CARTESIAN_POINT('',(0.0073,0.008,0.028));
#8991=CARTESIAN_POINT('',(0.0073,0.008,0.028));
#8992=CARTESIAN_POINT('',(0.0073,0.008,0.0285));
#8993=CARTESIAN_POINT('',(0.0073,0.008,0.027));
#8994=CARTESIAN_POINT('',(0.00775,0.008,0.027));
#8995=CARTESIAN_POINT('',(0.00925,-0.002,0.0285));
#8996=CARTESIAN_POINT('',(0.00925,-0.01095,0.0285));
#8997=CARTESIAN_POINT('',(0.00925,-0.01095,0.027));
#8998=CARTESIAN_POINT('',(0.00925,-0.01095,0.028));
#8999=CARTESIAN_POINT('',(0.00925,0.00695,0.028));
#9000=CARTESIAN_POINT('',(0.00925,0.00695,0.028));
#9001=CARTESIAN_POINT('',(0.00925,0.00695,0.0265));
#9002=CARTESIAN_POINT('',(0.00925,0.00695,0.027));
#9003=CARTESIAN_POINT('',(0.00925,-0.002,0.027));
#9004=CARTESIAN_POINT('',(-0.00925,-0.002,0.0285));
#9005=CARTESIAN_POINT('',(-0.00925,0.00695,0.0285));
#9006=CARTESIAN_POINT('',(-0.00925,0.00695,0.027));
#9007=CARTESIAN_POINT('',(-0.00925,0.00695,0.028));
#9008=CARTESIAN_POINT('',(-0.00925,-0.002,0.028));
#9009=CARTESIAN_POINT('',(-0.00925,-0.01095,0.028));
#9010=CARTESIAN_POINT('',(-0.00925,-0.01095,0.0265));
#9011=CARTESIAN_POINT('',(-0.00925,-0.01095,0.027));
#9012=CARTESIAN_POINT('',(-0.00925,0.00695,0.027));
#9013=CARTESIAN_POINT('',(-0.00775,0.008,0.0285));
#9014=CARTESIAN_POINT('',(-0.0073,0.008,0.0285));
#9015=CARTESIAN_POINT('',(-0.0073,0.008,0.027));
#9016=CARTESIAN_POINT('',(-0.0073,0.008,0.028));
#9017=CARTESIAN_POINT('',(-0.0082,0.008,0.028));
#9018=CARTESIAN_POINT('',(-0.0082,0.008,0.028));
#9019=CARTESIAN_POINT('',(-0.0082,0.008,0.0285));
#9020=CARTESIAN_POINT('',(-0.0082,0.008,0.027));
#9021=CARTESIAN_POINT('',(-0.00775,0.008,0.027));
#9022=CARTESIAN_POINT('',(-0.00625,-0.002,0.0285));
#9023=CARTESIAN_POINT('',(-0.00625,-0.01095,0.0285));
#9024=CARTESIAN_POINT('',(-0.00625,-0.01095,0.027));
#9025=CARTESIAN_POINT('',(-0.00625,-0.01095,0.028));
#9026=CARTESIAN_POINT('',(-0.00625,0.00695,0.028));
#9027=CARTESIAN_POINT('',(-0.00625,0.00695,0.028));
#9028=CARTESIAN_POINT('',(-0.00625,0.00695,0.0265));
#9029=CARTESIAN_POINT('',(-0.00625,0.00695,0.027));
#9030=CARTESIAN_POINT('',(-0.00625,-0.002,0.027));
#9031=CARTESIAN_POINT('',(0.,0.015,0.0285));
#9032=CARTESIAN_POINT('',(-0.0082,0.015,0.0285));
#9033=CARTESIAN_POINT('',(-0.0082,0.015,0.027));
#9034=CARTESIAN_POINT('',(-0.0082,0.015,0.028));
#9035=CARTESIAN_POINT('',(0.,0.015,0.028));
#9036=CARTESIAN_POINT('',(0.0082,0.015,0.028));
#9037=CARTESIAN_POINT('',(0.0082,0.015,0.0265));
#9038=CARTESIAN_POINT('',(0.0082,0.015,0.027));
#9039=CARTESIAN_POINT('',(-0.0082,0.015,0.027));
#9040=CARTESIAN_POINT('',(-0.00925,0.01675,0.0285));
#9041=CARTESIAN_POINT('',(-0.00925,0.01745,0.0285));
#9042=CARTESIAN_POINT('',(-0.00925,0.01745,0.027));
#9043=CARTESIAN_POINT('',(-0.00925,0.01745,0.028));
#9044=CARTESIAN_POINT('',(-0.00925,0.01675,0.028));
#9045=CARTESIAN_POINT('',(-0.00925,0.01605,0.028));
#9046=CARTESIAN_POINT('',(-0.00925,0.01605,0.0265));
#9047=CARTESIAN_POINT('',(-0.00925,0.01605,0.027));
#9048=CARTESIAN_POINT('',(-0.00925,0.01745,0.027));
#9049=CARTESIAN_POINT('',(0.,0.0185,0.0285));
#9050=CARTESIAN_POINT('',(0.0082,0.0185,0.0285));
#9051=CARTESIAN_POINT('',(0.0082,0.0185,0.027));
#9052=CARTESIAN_POINT('',(0.0082,0.0185,0.028));
#9053=CARTESIAN_POINT('',(0.,0.0185,0.028));
#9054=CARTESIAN_POINT('',(-0.0082,0.0185,0.028));
#9055=CARTESIAN_POINT('',(-0.0082,0.0185,0.0265));
#9056=CARTESIAN_POINT('',(-0.0082,0.0185,0.027));
#9057=CARTESIAN_POINT('',(0.0082,0.0185,0.027));
#9058=CARTESIAN_POINT('',(-0.01525,0.0464900195040431,0.0285));
#9059=CARTESIAN_POINT('',(-0.01525,0.0145160425586961,0.0285));
#9060=CARTESIAN_POINT('',(-0.01525,0.0145160425586961,0.027));
#9061=CARTESIAN_POINT('',(-0.01525,0.0145160425586961,0.028));
#9062=CARTESIAN_POINT('',(-0.01525,0.0464900195040431,0.028));
#9063=CARTESIAN_POINT('',(-0.01525,0.0520226634418362,0.028));
#9064=CARTESIAN_POINT('',(-0.01525,0.0520226634418362,0.0265));
#9065=CARTESIAN_POINT('',(-0.01525,0.0520226634418362,0.027));
#9066=CARTESIAN_POINT('',(-0.01525,0.0145160425586961,0.027));
#9067=CARTESIAN_POINT('',(-0.016,0.0133311183182043,0.0285));
#9068=CARTESIAN_POINT('',(-0.0164571067811866,0.0128740115370178,0.0285));
#9069=CARTESIAN_POINT('',(-0.0164571067811866,0.0128740115370178,0.027));
#9070=CARTESIAN_POINT('',(-0.0164571067811866,0.0128740115370178,0.028));
#9071=CARTESIAN_POINT('',(-0.016,0.0133311183182043,0.028));
#9072=CARTESIAN_POINT('',(-0.0155575378797541,0.0137735804384502,0.028));
#9073=CARTESIAN_POINT('',(-0.0155575378797541,0.0137735804384502,0.0265));
#9074=CARTESIAN_POINT('',(-0.0155575378797541,0.0137735804384502,0.027));
#9075=CARTESIAN_POINT('',(-0.0164571067811866,0.0128740115370178,0.027));
#9076=CARTESIAN_POINT('',(-0.01675,0.0105,0.0285));
#9077=CARTESIAN_POINT('',(-0.01675,0.00883309524416875,0.0285));
#9078=CARTESIAN_POINT('',(-0.01675,0.00883309524416875,0.027));
#9079=CARTESIAN_POINT('',(-0.01675,0.00883309524416875,0.028));
#9080=CARTESIAN_POINT('',(-0.01675,0.0105,0.028));
#9081=CARTESIAN_POINT('',(-0.01675,0.0121669047558313,0.028));
#9082=CARTESIAN_POINT('',(-0.01675,0.0121669047558313,0.0285));
#9083=CARTESIAN_POINT('',(-0.01675,0.0121669047558313,0.027));
#9084=CARTESIAN_POINT('',(-0.01675,0.00883309524416875,0.027));
#9085=CARTESIAN_POINT('',(-0.016,0.00766888168179566,0.0285));
#9086=CARTESIAN_POINT('',(-0.0155575378797542,0.0072264195615498,0.0285));
#9087=CARTESIAN_POINT('',(-0.0155575378797542,0.0072264195615498,0.027));
#9088=CARTESIAN_POINT('',(-0.0155575378797542,0.0072264195615498,0.028));
#9089=CARTESIAN_POINT('',(-0.016,0.00766888168179566,0.028));
#9090=CARTESIAN_POINT('',(-0.0164571067811866,0.0081259884629822,0.028));
#9091=CARTESIAN_POINT('',(-0.0164571067811866,0.0081259884629822,0.0285));
#9092=CARTESIAN_POINT('',(-0.0164571067811866,0.0081259884629822,0.027));
#9093=CARTESIAN_POINT('',(-0.0155575378797542,0.0072264195615498,0.027));
#9094=CARTESIAN_POINT('',(-0.01525,-0.00875,0.0285));
#9095=CARTESIAN_POINT('',(-0.01525,-0.0239839574413039,0.0285));
#9096=CARTESIAN_POINT('',(-0.01525,-0.0239839574413039,0.027));
#9097=CARTESIAN_POINT('',(-0.01525,-0.0239839574413039,0.028));
#9098=CARTESIAN_POINT('',(-0.01525,-0.00875,0.028));
#9099=CARTESIAN_POINT('',(-0.01525,0.00648395744130392,0.028));
#9100=CARTESIAN_POINT('',(-0.01525,0.00648395744130392,0.0265));
#9101=CARTESIAN_POINT('',(-0.01525,0.00648395744130392,0.027));
#9102=CARTESIAN_POINT('',(-0.01525,-0.0239839574413039,0.027));
#9103=CARTESIAN_POINT('',(-0.016,-0.0251688816817957,0.0285));
#9104=CARTESIAN_POINT('',(-0.0164571067811866,-0.0256259884629822,0.0285));
#9105=CARTESIAN_POINT('',(-0.0164571067811866,-0.0256259884629822,0.027));
#9106=CARTESIAN_POINT('',(-0.0164571067811866,-0.0256259884629822,0.028));
#9107=CARTESIAN_POINT('',(-0.016,-0.0251688816817957,0.028));
#9108=CARTESIAN_POINT('',(-0.0155575378797542,-0.0247264195615498,0.028));
#9109=CARTESIAN_POINT('',(-0.0155575378797542,-0.0247264195615498,0.0265));
#9110=CARTESIAN_POINT('',(-0.0155575378797542,-0.0247264195615498,0.027));
#9111=CARTESIAN_POINT('',(-0.0164571067811866,-0.0256259884629822,0.027));
#9112=CARTESIAN_POINT('',(-0.01675,-0.028,0.0285));
#9113=CARTESIAN_POINT('',(-0.01675,-0.0502426406871193,0.0285));
#9114=CARTESIAN_POINT('',(-0.01675,-0.0502426406871193,0.027));
#9115=CARTESIAN_POINT('',(-0.01675,-0.0502426406871193,0.028));
#9116=CARTESIAN_POINT('',(-0.01675,-0.028,0.028));
#9117=CARTESIAN_POINT('',(-0.01675,-0.0263330952441687,0.028));
#9118=CARTESIAN_POINT('',(-0.01675,-0.0263330952441687,0.0285));
#9119=CARTESIAN_POINT('',(-0.01675,-0.0263330952441687,0.027));
#9120=CARTESIAN_POINT('',(-0.01675,-0.0502426406871193,0.027));
#9121=CARTESIAN_POINT('',(-0.0155784271247462,-0.0518284271247462,0.0285));
#9122=CARTESIAN_POINT('',(-0.0146997474683058,-0.0527071067811865,0.0285));
#9123=CARTESIAN_POINT('',(-0.0146997474683058,-0.0527071067811865,0.027));
#9124=CARTESIAN_POINT('',(-0.0146997474683058,-0.0527071067811865,0.028));
#9125=CARTESIAN_POINT('',(-0.0164571067811866,-0.0509497474683058,0.028));
#9126=CARTESIAN_POINT('',(-0.0164571067811866,-0.0509497474683058,0.028));
#9127=CARTESIAN_POINT('',(-0.0164571067811866,-0.0509497474683058,0.0265));
#9128=CARTESIAN_POINT('',(-0.0164571067811866,-0.0509497474683058,0.027));
#9129=CARTESIAN_POINT('',(-0.0155784271247462,-0.0518284271247462,0.027));
#9130=CARTESIAN_POINT('',(-0.01275,-0.053,0.0285));
#9131=CARTESIAN_POINT('',(-0.0115073593128807,-0.053,0.0285));
#9132=CARTESIAN_POINT('',(-0.0115073593128807,-0.053,0.027));
#9133=CARTESIAN_POINT('',(-0.0115073593128807,-0.053,0.028));
#9134=CARTESIAN_POINT('',(-0.0139926406871193,-0.053,0.028));
#9135=CARTESIAN_POINT('',(-0.0139926406871193,-0.053,0.028));
#9136=CARTESIAN_POINT('',(-0.0139926406871193,-0.053,0.0285));
#9137=CARTESIAN_POINT('',(-0.0139926406871193,-0.053,0.027));
#9138=CARTESIAN_POINT('',(-0.01275,-0.053,0.027));
#9139=CARTESIAN_POINT('',(-0.00759314575050763,-0.0495,0.0285));
#9140=CARTESIAN_POINT('',(-0.00440068363026175,-0.0463075378797541,0.0285));
#9141=CARTESIAN_POINT('',(-0.00440068363026175,-0.0463075378797541,0.027));
#9142=CARTESIAN_POINT('',(-0.00440068363026175,-0.0463075378797541,0.028));
#9143=CARTESIAN_POINT('',(-0.0108002525316942,-0.0527071067811865,0.028));
#9144=CARTESIAN_POINT('',(-0.0108002525316942,-0.0527071067811865,0.028));
#9145=CARTESIAN_POINT('',(-0.0108002525316942,-0.0527071067811865,0.0285));
#9146=CARTESIAN_POINT('',(-0.0108002525316942,-0.0527071067811865,0.027));
#9147=CARTESIAN_POINT('',(-0.00759314575050763,-0.0495,0.027));
#9148=CARTESIAN_POINT('',(1.64798730217796E-17,-0.046,0.0285));
#9149=CARTESIAN_POINT('',(0.00365822151001591,-0.046,0.0285));
#9150=CARTESIAN_POINT('',(0.00365822151001591,-0.046,0.027));
#9151=CARTESIAN_POINT('',(0.00365822151001591,-0.046,0.028));
#9152=CARTESIAN_POINT('',(-0.00365822151001588,-0.046,0.028));
#9153=CARTESIAN_POINT('',(-0.00365822151001588,-0.046,0.028));
#9154=CARTESIAN_POINT('',(-0.00365822151001588,-0.046,0.0265));
#9155=CARTESIAN_POINT('',(-0.00365822151001588,-0.046,0.027));
#9156=CARTESIAN_POINT('',(1.64798730217796E-17,-0.046,0.027));
#9157=CARTESIAN_POINT('',(0.00759314575050766,-0.0495,0.0285));
#9158=CARTESIAN_POINT('',(0.0108002525316942,-0.0527071067811865,0.0285));
#9159=CARTESIAN_POINT('',(0.0108002525316942,-0.0527071067811865,0.027));
#9160=CARTESIAN_POINT('',(0.0108002525316942,-0.0527071067811865,0.028));
#9161=CARTESIAN_POINT('',(0.00440068363026179,-0.0463075378797541,0.028));
#9162=CARTESIAN_POINT('',(0.00440068363026179,-0.0463075378797541,0.028));
#9163=CARTESIAN_POINT('',(0.00440068363026179,-0.0463075378797541,0.0265));
#9164=CARTESIAN_POINT('',(0.00440068363026179,-0.0463075378797541,0.027));
#9165=CARTESIAN_POINT('',(0.00759314575050766,-0.0495,0.027));
#9166=CARTESIAN_POINT('',(0.01275,-0.053,0.0285));
#9167=CARTESIAN_POINT('',(0.0139926406871193,-0.053,0.0285));
#9168=CARTESIAN_POINT('',(0.0139926406871193,-0.053,0.027));
#9169=CARTESIAN_POINT('',(0.0139926406871193,-0.053,0.028));
#9170=CARTESIAN_POINT('',(0.0115073593128807,-0.053,0.028));
#9171=CARTESIAN_POINT('',(0.0115073593128807,-0.053,0.028));
#9172=CARTESIAN_POINT('',(0.0115073593128807,-0.053,0.0285));
#9173=CARTESIAN_POINT('',(0.0115073593128807,-0.053,0.027));
#9174=CARTESIAN_POINT('',(0.01275,-0.053,0.027));
#9175=CARTESIAN_POINT('',(0.0155784271247462,-0.0518284271247462,0.0285));
#9176=CARTESIAN_POINT('',(0.0164571067811866,-0.0509497474683058,0.0285));
#9177=CARTESIAN_POINT('',(0.0164571067811866,-0.0509497474683058,0.027));
#9178=CARTESIAN_POINT('',(0.0164571067811866,-0.0509497474683058,0.028));
#9179=CARTESIAN_POINT('',(0.0146997474683059,-0.0527071067811865,0.028));
#9180=CARTESIAN_POINT('',(0.0146997474683059,-0.0527071067811865,0.028));
#9181=CARTESIAN_POINT('',(0.0146997474683059,-0.0527071067811865,0.0285));
#9182=CARTESIAN_POINT('',(0.0146997474683059,-0.0527071067811865,0.027));
#9183=CARTESIAN_POINT('',(0.0155784271247462,-0.0518284271247462,0.027));
#9184=CARTESIAN_POINT('',(0.01675,-0.049,0.0285));
#9185=CARTESIAN_POINT('',(0.01675,-0.0263330952441687,0.0285));
#9186=CARTESIAN_POINT('',(0.01675,-0.0263330952441687,0.027));
#9187=CARTESIAN_POINT('',(0.01675,-0.0263330952441687,0.028));
#9188=CARTESIAN_POINT('',(0.01675,-0.0502426406871193,0.028));
#9189=CARTESIAN_POINT('',(0.01675,-0.0502426406871193,0.028));
#9190=CARTESIAN_POINT('',(0.01675,-0.0502426406871193,0.0285));
#9191=CARTESIAN_POINT('',(0.01675,-0.0502426406871193,0.027));
#9192=CARTESIAN_POINT('',(0.01675,-0.049,0.027));
#9193=CARTESIAN_POINT('',(0.016,-0.0251688816817957,0.0285));
#9194=CARTESIAN_POINT('',(0.0155575378797542,-0.0247264195615498,0.0285));
#9195=CARTESIAN_POINT('',(0.0155575378797542,-0.0247264195615498,0.027));
#9196=CARTESIAN_POINT('',(0.0155575378797542,-0.0247264195615498,0.028));
#9197=CARTESIAN_POINT('',(0.016,-0.0251688816817957,0.028));
#9198=CARTESIAN_POINT('',(0.0164571067811866,-0.0256259884629822,0.028));
#9199=CARTESIAN_POINT('',(0.0164571067811866,-0.0256259884629822,0.0265));
#9200=CARTESIAN_POINT('',(0.0164571067811866,-0.0256259884629822,0.027));
#9201=CARTESIAN_POINT('',(0.0155575378797542,-0.0247264195615498,0.027));
#9202=CARTESIAN_POINT('',(0.01525,-0.00875,0.0285));
#9203=CARTESIAN_POINT('',(0.01525,0.00648395744130388,0.0285));
#9204=CARTESIAN_POINT('',(0.01525,0.00648395744130388,0.027));
#9205=CARTESIAN_POINT('',(0.01525,0.00648395744130388,0.028));
#9206=CARTESIAN_POINT('',(0.01525,-0.00875,0.028));
#9207=CARTESIAN_POINT('',(0.01525,-0.0239839574413038,0.028));
#9208=CARTESIAN_POINT('',(0.01525,-0.0239839574413038,0.0265));
#9209=CARTESIAN_POINT('',(0.01525,-0.0239839574413038,0.027));
#9210=CARTESIAN_POINT('',(0.01525,0.00648395744130388,0.027));
#9211=CARTESIAN_POINT('',(0.016,0.00766888168179565,0.0285));
#9212=CARTESIAN_POINT('',(0.0164571067811866,0.00812598846298218,0.0285));
#9213=CARTESIAN_POINT('',(0.0164571067811866,0.00812598846298218,0.027));
#9214=CARTESIAN_POINT('',(0.0164571067811866,0.00812598846298218,0.028));
#9215=CARTESIAN_POINT('',(0.0155575378797542,0.00722641956154976,0.028));
#9216=CARTESIAN_POINT('',(0.0155575378797542,0.00722641956154976,0.028));
#9217=CARTESIAN_POINT('',(0.0155575378797542,0.00722641956154976,0.0285));
#9218=CARTESIAN_POINT('',(0.0155575378797542,0.00722641956154976,0.027));
#9219=CARTESIAN_POINT('',(0.016,0.00766888168179565,0.027));
#9220=CARTESIAN_POINT('',(0.01675,0.0105,0.0285));
#9221=CARTESIAN_POINT('',(0.01675,0.0121669047558313,0.0285));
#9222=CARTESIAN_POINT('',(0.01675,0.0121669047558313,0.027));
#9223=CARTESIAN_POINT('',(0.01675,0.0121669047558313,0.028));
#9224=CARTESIAN_POINT('',(0.01675,0.00883309524416873,0.028));
#9225=CARTESIAN_POINT('',(0.01675,0.00883309524416873,0.028));
#9226=CARTESIAN_POINT('',(0.01675,0.00883309524416873,0.0285));
#9227=CARTESIAN_POINT('',(0.01675,0.00883309524416873,0.027));
#9228=CARTESIAN_POINT('',(0.01675,0.0105,0.027));
#9229=CARTESIAN_POINT('',(0.016,0.0133311183182043,0.0285));
#9230=CARTESIAN_POINT('',(0.0155575378797542,0.0137735804384502,0.0285));
#9231=CARTESIAN_POINT('',(0.0155575378797542,0.0137735804384502,0.027));
#9232=CARTESIAN_POINT('',(0.0155575378797542,0.0137735804384502,0.028));
#9233=CARTESIAN_POINT('',(0.0164571067811866,0.0128740115370178,0.028));
#9234=CARTESIAN_POINT('',(0.0164571067811866,0.0128740115370178,0.028));
#9235=CARTESIAN_POINT('',(0.0164571067811866,0.0128740115370178,0.0285));
#9236=CARTESIAN_POINT('',(0.0164571067811866,0.0128740115370178,0.027));
#9237=CARTESIAN_POINT('',(0.016,0.0133311183182043,0.027));
#9238=CARTESIAN_POINT('',(0.01525,0.018000052409388,0.0285));
#9239=CARTESIAN_POINT('',(0.01525,0.0520226634418364,0.0285));
#9240=CARTESIAN_POINT('',(0.01525,0.0520226634418364,0.027));
#9241=CARTESIAN_POINT('',(0.01525,0.0520226634418364,0.028));
#9242=CARTESIAN_POINT('',(0.01525,0.018000052409388,0.028));
#9243=CARTESIAN_POINT('',(0.01525,0.0145160425586961,0.028));
#9244=CARTESIAN_POINT('',(0.01525,0.0145160425586961,0.0285));
#9245=CARTESIAN_POINT('',(0.01525,0.0145160425586961,0.027));
#9246=CARTESIAN_POINT('',(0.01525,0.0520226634418364,0.027));
#9247=CARTESIAN_POINT('',(0.0143399236795555,0.0560684466287893,0.0285));
#9248=CARTESIAN_POINT('',(0.0136091247557801,0.0592255169842106,0.0285));
#9249=CARTESIAN_POINT('',(0.0136091247557801,0.0592255169842106,0.027));
#9250=CARTESIAN_POINT('',(0.0136091247557801,0.0592255169842106,0.028));
#9251=CARTESIAN_POINT('',(0.0152242392364469,0.0522481804260469,0.028));
#9252=CARTESIAN_POINT('',(0.0152242392364469,0.0522481804260469,0.028));
#9253=CARTESIAN_POINT('',(0.0152242392364469,0.0522481804260469,0.0265));
#9254=CARTESIAN_POINT('',(0.0152242392364469,0.0522481804260469,0.027));
#9255=CARTESIAN_POINT('',(0.0143399236795555,0.0560684466287893,0.027));
#9256=CARTESIAN_POINT('',(0.00771492367955547,0.06,0.0285));
#9257=CARTESIAN_POINT('',(0.003,0.06,0.0285));
#9258=CARTESIAN_POINT('',(0.003,0.06,0.027));
#9259=CARTESIAN_POINT('',(0.003,0.06,0.028));
#9260=CARTESIAN_POINT('',(0.0126348855193332,0.06,0.028));
#9261=CARTESIAN_POINT('',(0.0126348855193332,0.06,0.028));
#9262=CARTESIAN_POINT('',(0.0126348855193332,0.06,0.0285));
#9263=CARTESIAN_POINT('',(0.0126348855193332,0.06,0.027));
#9264=CARTESIAN_POINT('',(0.00771492367955547,0.06,0.027));
#9265=CARTESIAN_POINT('',(0.002,0.058,0.0285));
#9266=CARTESIAN_POINT('',(0.002,0.057,0.0285));
#9267=CARTESIAN_POINT('',(0.002,0.057,0.027));
#9268=CARTESIAN_POINT('',(0.002,0.057,0.028));
#9269=CARTESIAN_POINT('',(0.002,0.059,0.028));
#9270=CARTESIAN_POINT('',(0.002,0.059,0.028));
#9271=CARTESIAN_POINT('',(0.002,0.059,0.0285));
#9272=CARTESIAN_POINT('',(0.002,0.059,0.027));
#9273=CARTESIAN_POINT('',(0.002,0.058,0.027));
#9274=CARTESIAN_POINT('',(0.00338425995598728,0.056,0.0285));
#9275=CARTESIAN_POINT('',(0.00393380998020796,0.056,0.0285));
#9276=CARTESIAN_POINT('',(0.00393380998020796,0.056,0.027));
#9277=CARTESIAN_POINT('',(0.00393380998020796,0.056,0.028));
#9278=CARTESIAN_POINT('',(0.003,0.056,0.028));
#9279=CARTESIAN_POINT('',(0.003,0.056,0.028));
#9280=CARTESIAN_POINT('',(0.003,0.056,0.0285));
#9281=CARTESIAN_POINT('',(0.003,0.056,0.027));
#9282=CARTESIAN_POINT('',(0.00338425995598728,0.056,0.027));
#9283=CARTESIAN_POINT('',(0.00488425995598728,0.0555,0.0285));
#9284=CARTESIAN_POINT('',(0.00497295119826921,0.0551168515268917,0.0285));
#9285=CARTESIAN_POINT('',(0.00497295119826921,0.0551168515268917,0.027));
#9286=CARTESIAN_POINT('',(0.00497295119826921,0.0551168515268917,0.028));
#9287=CARTESIAN_POINT('',(0.00495676117847717,0.0551867928334211,0.028));
#9288=CARTESIAN_POINT('',(0.00495676117847717,0.0551867928334211,0.028));
#9289=CARTESIAN_POINT('',(0.00495676117847717,0.0551867928334211,0.0265));
#9290=CARTESIAN_POINT('',(0.00495676117847717,0.0551867928334211,0.027));
#9291=CARTESIAN_POINT('',(0.00488425995598728,0.0555,0.027));
#9292=CARTESIAN_POINT('',(0.005,0.0535,0.0285));
#9293=CARTESIAN_POINT('',(0.005,0.0521199413065295,0.0285));
#9294=CARTESIAN_POINT('',(0.005,0.0521199413065295,0.027));
#9295=CARTESIAN_POINT('',(0.005,0.0521199413065295,0.028));
#9296=CARTESIAN_POINT('',(0.005,0.0548800586934706,0.028));
#9297=CARTESIAN_POINT('',(0.005,0.0548800586934706,0.028));
#9298=CARTESIAN_POINT('',(0.005,0.0548800586934706,0.0265));
#9299=CARTESIAN_POINT('',(0.005,0.0548800586934706,0.027));
#9300=CARTESIAN_POINT('',(0.005,0.0535,0.027));
#9301=CARTESIAN_POINT('',(0.00488425995598729,0.0515,0.0285));
#9302=CARTESIAN_POINT('',(0.00495676117847717,0.051813207166579,0.0285));
#9303=CARTESIAN_POINT('',(0.00495676117847717,0.051813207166579,0.027));
#9304=CARTESIAN_POINT('',(0.00495676117847717,0.051813207166579,0.028));
#9305=CARTESIAN_POINT('',(0.00497295119826921,0.0518831484731084,0.028));
#9306=CARTESIAN_POINT('',(0.00497295119826921,0.0518831484731084,0.028));
#9307=CARTESIAN_POINT('',(0.00497295119826921,0.0518831484731084,0.0265));
#9308=CARTESIAN_POINT('',(0.00497295119826921,0.0518831484731084,0.027));
#9309=CARTESIAN_POINT('',(0.00488425995598729,0.0515,0.027));
#9310=CARTESIAN_POINT('',(0.,0.051,0.0285));
#9311=CARTESIAN_POINT('',(-0.00393380998020796,0.051,0.0285));
#9312=CARTESIAN_POINT('',(-0.00393380998020796,0.051,0.027));
#9313=CARTESIAN_POINT('',(-0.00393380998020796,0.051,0.028));
#9314=CARTESIAN_POINT('',(0.,0.051,0.028));
#9315=CARTESIAN_POINT('',(0.00393380998020796,0.051,0.028));
#9316=CARTESIAN_POINT('',(0.00393380998020796,0.051,0.0285));
#9317=CARTESIAN_POINT('',(0.00393380998020796,0.051,0.027));
#9318=CARTESIAN_POINT('',(-0.00393380998020796,0.051,0.027));
#9319=CARTESIAN_POINT('',(-0.00488425995598728,0.0515,0.0285));
#9320=CARTESIAN_POINT('',(-0.00497295119826921,0.0518831484731084,0.0285));
#9321=CARTESIAN_POINT('',(-0.00497295119826921,0.0518831484731084,0.027));
#9322=CARTESIAN_POINT('',(-0.00497295119826921,0.0518831484731084,0.028));
#9323=CARTESIAN_POINT('',(-0.00495676117847717,0.051813207166579,0.028));
#9324=CARTESIAN_POINT('',(-0.00495676117847717,0.051813207166579,0.028));
#9325=CARTESIAN_POINT('',(-0.00495676117847717,0.051813207166579,0.0285));
#9326=CARTESIAN_POINT('',(-0.00495676117847717,0.051813207166579,0.027));
#9327=CARTESIAN_POINT('',(-0.00488425995598728,0.0515,0.027));
#9328=CARTESIAN_POINT('',(-0.005,0.0535,0.0285));
#9329=CARTESIAN_POINT('',(-0.005,0.0548800586934706,0.0285));
#9330=CARTESIAN_POINT('',(-0.005,0.0548800586934706,0.027));
#9331=CARTESIAN_POINT('',(-0.005,0.0548800586934706,0.028));
#9332=CARTESIAN_POINT('',(-0.005,0.0535,0.028));
#9333=CARTESIAN_POINT('',(-0.005,0.0521199413065295,0.028));
#9334=CARTESIAN_POINT('',(-0.005,0.0521199413065295,0.0285));
#9335=CARTESIAN_POINT('',(-0.005,0.0521199413065295,0.027));
#9336=CARTESIAN_POINT('',(-0.005,0.0548800586934706,0.027));
#9337=CARTESIAN_POINT('',(-0.00488425995598728,0.0555,0.0285));
#9338=CARTESIAN_POINT('',(-0.00495676117847717,0.0551867928334211,0.0285));
#9339=CARTESIAN_POINT('',(-0.00495676117847717,0.0551867928334211,0.027));
#9340=CARTESIAN_POINT('',(-0.00495676117847717,0.0551867928334211,0.028));
#9341=CARTESIAN_POINT('',(-0.00488425995598728,0.0555,0.028));
#9342=CARTESIAN_POINT('',(-0.00497295119826921,0.0551168515268917,0.028));
#9343=CARTESIAN_POINT('',(-0.00497295119826921,0.0551168515268917,0.0265));
#9344=CARTESIAN_POINT('',(-0.00497295119826921,0.0551168515268917,0.027));
#9345=CARTESIAN_POINT('',(-0.00495676117847717,0.0551867928334211,0.027));
#9346=CARTESIAN_POINT('',(-0.00338425995598728,0.056,0.0285));
#9347=CARTESIAN_POINT('',(-0.003,0.056,0.0285));
#9348=CARTESIAN_POINT('',(-0.003,0.056,0.027));
#9349=CARTESIAN_POINT('',(-0.003,0.056,0.028));
#9350=CARTESIAN_POINT('',(-0.00338425995598728,0.056,0.028));
#9351=CARTESIAN_POINT('',(-0.00393380998020796,0.056,0.028));
#9352=CARTESIAN_POINT('',(-0.00393380998020796,0.056,0.0265));
#9353=CARTESIAN_POINT('',(-0.00393380998020796,0.056,0.027));
#9354=CARTESIAN_POINT('',(-0.003,0.056,0.027));
#9355=CARTESIAN_POINT('',(-0.002,0.058,0.0285));
#9356=CARTESIAN_POINT('',(-0.002,0.059,0.0285));
#9357=CARTESIAN_POINT('',(-0.002,0.059,0.027));
#9358=CARTESIAN_POINT('',(-0.002,0.059,0.028));
#9359=CARTESIAN_POINT('',(-0.002,0.058,0.028));
#9360=CARTESIAN_POINT('',(-0.002,0.057,0.028));
#9361=CARTESIAN_POINT('',(-0.002,0.057,0.0285));
#9362=CARTESIAN_POINT('',(-0.002,0.057,0.027));
#9363=CARTESIAN_POINT('',(-0.002,0.059,0.027));
#9364=CARTESIAN_POINT('',(-0.00771492367955546,0.06,0.0285));
#9365=CARTESIAN_POINT('',(-0.0126348855193332,0.06,0.0285));
#9366=CARTESIAN_POINT('',(-0.0126348855193332,0.06,0.027));
#9367=CARTESIAN_POINT('',(-0.0126348855193332,0.06,0.028));
#9368=CARTESIAN_POINT('',(-0.00771492367955546,0.06,0.028));
#9369=CARTESIAN_POINT('',(-0.003,0.06,0.028));
#9370=CARTESIAN_POINT('',(-0.003,0.06,0.0285));
#9371=CARTESIAN_POINT('',(-0.003,0.06,0.027));
#9372=CARTESIAN_POINT('',(-0.0126348855193332,0.06,0.027));
#9373=CARTESIAN_POINT('',(0.00470038830941666,0.0507189706303504,0.0285));
#9374=CARTESIAN_POINT('',(-0.0044121241292905,0.0388041849816529,0.0285));
#9375=CARTESIAN_POINT('',(-0.0044121241292905,0.0388041849816529,0.027));
#9376=CARTESIAN_POINT('',(-0.0044121241292905,0.0388041849816529,0.028));
#9377=CARTESIAN_POINT('',(0.00470038830941666,0.0507189706303504,0.028));
#9378=CARTESIAN_POINT('',(-0.0082906288021877,0.0432200724175459,0.028));
#9379=CARTESIAN_POINT('',(-0.0082906288021877,0.0432200724175459,0.0285));
#9380=CARTESIAN_POINT('',(-0.0082906288021877,0.0432200724175459,0.027));
#9381=CARTESIAN_POINT('',(0.00470038830941666,0.0507189706303504,0.027));
#9382=CARTESIAN_POINT('',(-8.63024929298462E-17,-0.0345,0.0285));
#9383=CARTESIAN_POINT('',(-0.00197487302519433,-0.0345,0.0285));
#9384=CARTESIAN_POINT('',(-0.00197487302519433,-0.0345,0.027));
#9385=CARTESIAN_POINT('',(-0.00197487302519433,-0.0345,0.028));
#9386=CARTESIAN_POINT('',(0.00197487302519434,-0.0345,0.028));
#9387=CARTESIAN_POINT('',(0.00197487302519434,-0.0345,0.028));
#9388=CARTESIAN_POINT('',(0.00197487302519434,-0.0345,0.0265));
#9389=CARTESIAN_POINT('',(0.00197487302519434,-0.0345,0.027));
#9390=CARTESIAN_POINT('',(-8.63024929298462E-17,-0.0345,0.027));
#9391=CARTESIAN_POINT('',(-0.01275,0.0105,0.0285));
#9392=CARTESIAN_POINT('',(-0.01275,0.0105,0.0285));
#9393=CARTESIAN_POINT('',(-0.01145,0.0105,0.0285));
#9394=CARTESIAN_POINT('',(-0.01275,0.0105,0.0265));
#9395=CARTESIAN_POINT('',(-0.01145,0.0105,0.0265));
#9396=CARTESIAN_POINT('',(0.01275,-0.049,0.0285));
#9397=CARTESIAN_POINT('',(0.01275,-0.049,0.0285));
#9398=CARTESIAN_POINT('',(0.01405,-0.049,0.0285));
#9399=CARTESIAN_POINT('',(0.01275,-0.049,0.0265));
#9400=CARTESIAN_POINT('',(0.01405,-0.049,0.0265));
#9401=CARTESIAN_POINT('',(-0.01275,-0.049,0.0285));
#9402=CARTESIAN_POINT('',(-0.01275,-0.049,0.0285));
#9403=CARTESIAN_POINT('',(-0.01145,-0.049,0.0285));
#9404=CARTESIAN_POINT('',(-0.01275,-0.049,0.0265));
#9405=CARTESIAN_POINT('',(-0.01145,-0.049,0.0265));
#9406=CARTESIAN_POINT('',(0.01275,0.0105,0.0285));
#9407=CARTESIAN_POINT('',(0.01275,0.0105,0.0285));
#9408=CARTESIAN_POINT('',(0.01405,0.0105,0.0285));
#9409=CARTESIAN_POINT('',(0.01275,0.0105,0.0265));
#9410=CARTESIAN_POINT('',(0.01405,0.0105,0.0265));
#9411=CARTESIAN_POINT('',(-0.01025,0.056,0.0285));
#9412=CARTESIAN_POINT('',(-0.01025,0.056,0.0285));
#9413=CARTESIAN_POINT('',(-0.00895,0.056,0.0285));
#9414=CARTESIAN_POINT('',(-0.01025,0.056,0.0265));
#9415=CARTESIAN_POINT('',(-0.00895,0.056,0.0265));
#9416=CARTESIAN_POINT('',(0.01025,0.056,0.0285));
#9417=CARTESIAN_POINT('',(0.01025,0.056,0.0285));
#9418=CARTESIAN_POINT('',(0.01155,0.056,0.0285));
#9419=CARTESIAN_POINT('',(0.01025,0.056,0.0265));
#9420=CARTESIAN_POINT('',(0.01155,0.056,0.0265));
#9421=CARTESIAN_POINT('',(-0.01275,-0.028,0.0285));
#9422=CARTESIAN_POINT('',(-0.01275,-0.028,0.0285));
#9423=CARTESIAN_POINT('',(-0.01145,-0.028,0.0285));
#9424=CARTESIAN_POINT('',(-0.01275,-0.028,0.0265));
#9425=CARTESIAN_POINT('',(-0.01145,-0.028,0.0265));
#9426=CARTESIAN_POINT('',(0.01275,-0.028,0.0285));
#9427=CARTESIAN_POINT('',(0.01275,-0.028,0.0285));
#9428=CARTESIAN_POINT('',(0.01405,-0.028,0.0285));
#9429=CARTESIAN_POINT('',(0.01275,-0.028,0.0265));
#9430=CARTESIAN_POINT('',(0.01405,-0.028,0.0265));
#9431=CARTESIAN_POINT('',(0.00775,-0.012,0.0285));
#9432=CARTESIAN_POINT('',(0.0073,-0.012,0.0285));
#9433=CARTESIAN_POINT('',(0.0073,-0.012,0.027));
#9434=CARTESIAN_POINT('',(0.0073,-0.012,0.028));
#9435=CARTESIAN_POINT('',(0.00775,-0.012,0.028));
#9436=CARTESIAN_POINT('',(0.0082,-0.012,0.028));
#9437=CARTESIAN_POINT('',(0.0082,-0.012,0.0285));
#9438=CARTESIAN_POINT('',(0.0082,-0.012,0.027));
#9439=CARTESIAN_POINT('',(0.0073,-0.012,0.027));
#9440=CARTESIAN_POINT('',(-0.00775,-0.012,0.0285));
#9441=CARTESIAN_POINT('',(-0.0082,-0.012,0.0285));
#9442=CARTESIAN_POINT('',(-0.0082,-0.012,0.027));
#9443=CARTESIAN_POINT('',(-0.0082,-0.012,0.028));
#9444=CARTESIAN_POINT('',(-0.00775,-0.012,0.028));
#9445=CARTESIAN_POINT('',(-0.0073,-0.012,0.028));
#9446=CARTESIAN_POINT('',(-0.0073,-0.012,0.0285));
#9447=CARTESIAN_POINT('',(-0.0073,-0.012,0.027));
#9448=CARTESIAN_POINT('',(-0.0082,-0.012,0.027));
#9449=CARTESIAN_POINT('',(0.00925,0.01675,0.0285));
#9450=CARTESIAN_POINT('',(0.00925,0.01605,0.0285));
#9451=CARTESIAN_POINT('',(0.00925,0.01605,0.027));
#9452=CARTESIAN_POINT('',(0.00925,0.01605,0.028));
#9453=CARTESIAN_POINT('',(0.00925,0.01675,0.028));
#9454=CARTESIAN_POINT('',(0.00925,0.01745,0.028));
#9455=CARTESIAN_POINT('',(0.00925,0.01745,0.0265));
#9456=CARTESIAN_POINT('',(0.00925,0.01745,0.027));
#9457=CARTESIAN_POINT('',(0.00925,0.01605,0.027));
#9458=CARTESIAN_POINT('',(-0.0143399236795555,0.0560684466287893,0.0285));
#9459=CARTESIAN_POINT('',(-0.0152242392364469,0.0522481804260468,0.0285));
#9460=CARTESIAN_POINT('',(-0.0152242392364469,0.0522481804260468,0.027));
#9461=CARTESIAN_POINT('',(-0.0152242392364469,0.0522481804260468,0.028));
#9462=CARTESIAN_POINT('',(-0.0136091247557801,0.0592255169842106,0.028));
#9463=CARTESIAN_POINT('',(-0.0136091247557801,0.0592255169842106,0.028));
#9464=CARTESIAN_POINT('',(-0.0136091247557801,0.0592255169842106,0.0265));
#9465=CARTESIAN_POINT('',(-0.0136091247557801,0.0592255169842106,0.027));
#9466=CARTESIAN_POINT('',(-0.0143399236795555,0.0560684466287893,0.027));
#9467=CARTESIAN_POINT('',(-0.00470038830941668,0.0182810293696496,0.0285));
#9468=CARTESIAN_POINT('',(0.0044121241292905,0.0301958150183471,0.0285));
#9469=CARTESIAN_POINT('',(0.0044121241292905,0.0301958150183471,0.027));
#9470=CARTESIAN_POINT('',(0.0044121241292905,0.0301958150183471,0.028));
#9471=CARTESIAN_POINT('',(-0.00470038830941668,0.0182810293696496,0.028));
#9472=CARTESIAN_POINT('',(0.0082906288021877,0.0257799275824541,0.028));
#9473=CARTESIAN_POINT('',(0.0082906288021877,0.0257799275824541,0.0285));
#9474=CARTESIAN_POINT('',(0.0082906288021877,0.0257799275824541,0.027));
#9475=CARTESIAN_POINT('',(-0.00470038830941668,0.0182810293696496,0.027));
#9476=CARTESIAN_POINT('',(1.04083408558608E-17,0.0035,0.0285));
#9477=CARTESIAN_POINT('',(0.0073,0.00695,0.0285));
#9478=CARTESIAN_POINT('',(0.00575,0.00695,0.0285));
#9479=CARTESIAN_POINT('',(0.0073,0.0085,0.0285));
#9480=CARTESIAN_POINT('',(0.0082,0.0085,0.0285));
#9481=CARTESIAN_POINT('',(0.0082,0.0085,0.0285));
#9482=CARTESIAN_POINT('',(0.0082,0.00695,0.0285));
#9483=CARTESIAN_POINT('',(0.00975,0.00695,0.0285));
#9484=CARTESIAN_POINT('',(0.00975,-0.01095,0.0285));
#9485=CARTESIAN_POINT('',(0.00975,-0.01095,0.0285));
#9486=CARTESIAN_POINT('',(0.0082,-0.01095,0.0285));
#9487=CARTESIAN_POINT('',(0.0082,-0.0125,0.0285));
#9488=CARTESIAN_POINT('',(1.04083408558608E-17,-0.0125,0.0285));
#9489=CARTESIAN_POINT('',(0.0073,-0.0125,0.0285));
#9490=CARTESIAN_POINT('',(0.0073,-0.01095,0.0285));
#9491=CARTESIAN_POINT('',(0.00575,-0.01095,0.0285));
#9492=CARTESIAN_POINT('',(0.00575,0.0035,0.0285));
#9493=CARTESIAN_POINT('',(-0.0082,0.00695,0.0285));
#9494=CARTESIAN_POINT('',(-0.00975,0.00695,0.0285));
#9495=CARTESIAN_POINT('',(-0.0082,0.0085,0.0285));
#9496=CARTESIAN_POINT('',(-0.0073,0.0085,0.0285));
#9497=CARTESIAN_POINT('',(-0.0073,0.0085,0.0285));
#9498=CARTESIAN_POINT('',(-0.0073,0.00695,0.0285));
#9499=CARTESIAN_POINT('',(-0.00575,0.00695,0.0285));
#9500=CARTESIAN_POINT('',(-0.00575,-0.01095,0.0285));
#9501=CARTESIAN_POINT('',(-0.00575,-0.01095,0.0285));
#9502=CARTESIAN_POINT('',(-0.0073,-0.01095,0.0285));
#9503=CARTESIAN_POINT('',(-0.0073,-0.0125,0.0285));
#9504=CARTESIAN_POINT('',(1.04083408558608E-17,-0.0125,0.0285));
#9505=CARTESIAN_POINT('',(-0.0082,-0.0125,0.0285));
#9506=CARTESIAN_POINT('',(-0.0082,-0.01095,0.0285));
#9507=CARTESIAN_POINT('',(-0.00975,-0.01095,0.0285));
#9508=CARTESIAN_POINT('',(-0.00975,0.0035,0.0285));
#9509=CARTESIAN_POINT('',(0.0092,0.0426951495426496,0.0285));
#9510=CARTESIAN_POINT('',(0.00785759489846756,0.0434700356913061,0.0285));
#9511=CARTESIAN_POINT('',(0.01075,0.0426951495426496,0.0285));
#9512=CARTESIAN_POINT('',(0.01075,0.0035,0.0285));
#9513=CARTESIAN_POINT('',(0.01075,0.0263048504573504,0.0285));
#9514=CARTESIAN_POINT('',(0.0092,0.0263048504573504,0.0285));
#9515=CARTESIAN_POINT('',(0.00785759489846756,0.0255299643086939,0.0285));
#9516=CARTESIAN_POINT('',(-0.00470038830941668,0.0182810293696496,0.0285));
#9517=CARTESIAN_POINT('',(0.00410837371466693,0.0297986554967238,0.0285));
#9518=CARTESIAN_POINT('',(0.00505,0.0310298500137559,0.0285));
#9519=CARTESIAN_POINT('',(0.0035,0.0310298500137559,0.0285));
#9520=CARTESIAN_POINT('',(0.0035,0.0035,0.0285));
#9521=CARTESIAN_POINT('',(0.0035,0.0379701499862441,0.0285));
#9522=CARTESIAN_POINT('',(0.00505,0.0379701499862441,0.0285));
#9523=CARTESIAN_POINT('',(0.00410837371466693,0.0392013445032762,0.0285));
#9524=CARTESIAN_POINT('',(-0.00470038830941666,0.0507189706303504,0.0285));
#9525=CARTESIAN_POINT('',(-0.00505,0.0379701499862441,0.0285));
#9526=CARTESIAN_POINT('',(-0.00410837371466692,0.0392013445032762,0.0285));
#9527=CARTESIAN_POINT('',(-0.0035,0.0379701499862441,0.0285));
#9528=CARTESIAN_POINT('',(-0.0035,0.0310298500137559,0.0285));
#9529=CARTESIAN_POINT('',(-0.0035,0.0310298500137559,0.0285));
#9530=CARTESIAN_POINT('',(-0.00505,0.0310298500137559,0.0285));
#9531=CARTESIAN_POINT('',(-0.00410837371466692,0.0297986554967238,0.0285));
#9532=CARTESIAN_POINT('',(0.00470038830941668,0.0182810293696496,0.0285));
#9533=CARTESIAN_POINT('',(-0.00785759489846756,0.0255299643086939,0.0285));
#9534=CARTESIAN_POINT('',(-0.0092,0.0263048504573504,0.0285));
#9535=CARTESIAN_POINT('',(-0.01075,0.0263048504573504,0.0285));
#9536=CARTESIAN_POINT('',(-0.01075,0.0426951495426496,0.0285));
#9537=CARTESIAN_POINT('',(-0.01075,0.0426951495426496,0.0285));
#9538=CARTESIAN_POINT('',(-0.0092,0.0426951495426496,0.0285));
#9539=CARTESIAN_POINT('',(-0.00785759489846755,0.0434700356913061,0.0285));
#9540=CARTESIAN_POINT('',(0.00470038830941666,0.0507189706303504,0.0285));
#9541=CARTESIAN_POINT('',(0.0082,0.01605,0.0285));
#9542=CARTESIAN_POINT('',(0.00975,0.01605,0.0285));
#9543=CARTESIAN_POINT('',(0.0082,0.0145,0.0285));
#9544=CARTESIAN_POINT('',(1.04083408558608E-17,0.0145,0.0285));
#9545=CARTESIAN_POINT('',(-0.0082,0.0145,0.0285));
#9546=CARTESIAN_POINT('',(-0.0082,0.01605,0.0285));
#9547=CARTESIAN_POINT('',(-0.00975,0.01605,0.0285));
#9548=CARTESIAN_POINT('',(-0.00975,0.0035,0.0285));
#9549=CARTESIAN_POINT('',(-0.00975,0.01745,0.0285));
#9550=CARTESIAN_POINT('',(-0.0082,0.01745,0.0285));
#9551=CARTESIAN_POINT('',(-0.0082,0.019,0.0285));
#9552=CARTESIAN_POINT('',(7.50150692314296E-18,0.019,0.0285));
#9553=CARTESIAN_POINT('',(0.0082,0.019,0.0285));
#9554=CARTESIAN_POINT('',(0.0082,0.01745,0.0285));
#9555=CARTESIAN_POINT('',(0.00975,0.01745,0.0285));
#9556=CARTESIAN_POINT('',(0.00975,0.0035,0.0285));
#9557=CARTESIAN_POINT('',(-0.00197487302519433,-0.03345,0.0285));
#9558=CARTESIAN_POINT('',(-0.00197487302519433,-0.035,0.0285));
#9559=CARTESIAN_POINT('',(-0.00352313443718748,-0.0335233934611048,0.0285));
#9560=CARTESIAN_POINT('',(-0.0241249999999997,-0.0345,0.0285));
#9561=CARTESIAN_POINT('',(-0.00931313416009017,-0.0201473258470583,0.0285));
#9562=CARTESIAN_POINT('',(-0.0082,-0.0190687006379887,0.0285));
#9563=CARTESIAN_POINT('',(-0.00975,-0.0190687006379887,0.0285));
#9564=CARTESIAN_POINT('',(-0.00975,-0.01805,0.0285));
#9565=CARTESIAN_POINT('',(-0.00975,-0.01805,0.0285));
#9566=CARTESIAN_POINT('',(-0.0082,-0.01805,0.0285));
#9567=CARTESIAN_POINT('',(-0.0082,-0.0165,0.0285));
#9568=CARTESIAN_POINT('',(0.0082,-0.0165,0.0285));
#9569=CARTESIAN_POINT('',(0.0082,-0.0165,0.0285));
#9570=CARTESIAN_POINT('',(0.0082,-0.01805,0.0285));
#9571=CARTESIAN_POINT('',(0.00975,-0.01805,0.0285));
#9572=CARTESIAN_POINT('',(0.00975,-0.0190687006379887,0.0285));
#9573=CARTESIAN_POINT('',(0.00975,-0.0190687006379887,0.0285));
#9574=CARTESIAN_POINT('',(0.0082,-0.0190687006379887,0.0285));
#9575=CARTESIAN_POINT('',(0.00931313416009016,-0.0201473258470583,0.0285));
#9576=CARTESIAN_POINT('',(0.0241249999999997,-0.0345,0.0285));
#9577=CARTESIAN_POINT('',(0.0035231344371875,-0.0335233934611048,0.0285));
#9578=CARTESIAN_POINT('',(0.00197487302519434,-0.03345,0.0285));
#9579=CARTESIAN_POINT('',(0.00197487302519434,-0.035,0.0285));
#9580=CARTESIAN_POINT('',(-0.00197487302519433,-0.035,0.0285));
#9581=CARTESIAN_POINT('',(0.0163,0.0145160425586961,0.0285));
#9582=CARTESIAN_POINT('',(0.0152039844891608,0.013420027047857,0.0285));
#9583=CARTESIAN_POINT('',(0.01475,0.0145160425586961,0.0285));
#9584=CARTESIAN_POINT('',(0.01475,0.0035,0.0285));
#9585=CARTESIAN_POINT('',(0.01475,0.0520226634418364,0.0285));
#9586=CARTESIAN_POINT('',(0.01425,0.0520226634418364,0.0285));
#9587=CARTESIAN_POINT('',(0.0147371196182234,0.0521354219339416,0.0285));
#9588=CARTESIAN_POINT('',(0.0131220051375567,0.0591127584921053,0.0285));
#9589=CARTESIAN_POINT('',(0.0131220051375566,0.0591127584921053,0.0285));
#9590=CARTESIAN_POINT('',(0.0126348855193332,0.059,0.0285));
#9591=CARTESIAN_POINT('',(0.0126348855193332,0.0595,0.0285));
#9592=CARTESIAN_POINT('',(0.003,0.0595,0.0285));
#9593=CARTESIAN_POINT('',(0.003,0.0595,0.0285));
#9594=CARTESIAN_POINT('',(0.003,0.059,0.0285));
#9595=CARTESIAN_POINT('',(0.0025,0.059,0.0285));
#9596=CARTESIAN_POINT('',(0.0025,0.057,0.0285));
#9597=CARTESIAN_POINT('',(0.0025,0.057,0.0285));
#9598=CARTESIAN_POINT('',(0.003,0.057,0.0285));
#9599=CARTESIAN_POINT('',(0.003,0.0565,0.0285));
#9600=CARTESIAN_POINT('',(0.00393380998020796,0.0565,0.0285));
#9601=CARTESIAN_POINT('',(0.00393380998020796,0.0565,0.0285));
#9602=CARTESIAN_POINT('',(0.00393380998020796,0.05495,0.0285));
#9603=CARTESIAN_POINT('',(0.0054438807967006,0.0552995513255264,0.0285));
#9604=CARTESIAN_POINT('',(0.00546007081649265,0.055229610018997,0.0285));
#9605=CARTESIAN_POINT('',(0.00546007081649265,0.055229610018997,0.0285));
#9606=CARTESIAN_POINT('',(0.00395,0.0548800586934706,0.0285));
#9607=CARTESIAN_POINT('',(0.0055,0.0548800586934706,0.0285));
#9608=CARTESIAN_POINT('',(0.0055,0.0521199413065295,0.0285));
#9609=CARTESIAN_POINT('',(0.0055,0.0521199413065295,0.0285));
#9610=CARTESIAN_POINT('',(0.00395,0.0521199413065295,0.0285));
#9611=CARTESIAN_POINT('',(0.00546007081649265,0.0517703899810031,0.0285));
#9612=CARTESIAN_POINT('',(0.00544388079670061,0.0517004486744737,0.0285));
#9613=CARTESIAN_POINT('',(0.00544388079670061,0.0517004486744737,0.0285));
#9614=CARTESIAN_POINT('',(0.00393380998020796,0.05205,0.0285));
#9615=CARTESIAN_POINT('',(0.00393380998020796,0.0505,0.0285));
#9616=CARTESIAN_POINT('',(1.04083408558608E-17,0.0505,0.0285));
#9617=CARTESIAN_POINT('',(-0.00393380998020796,0.0505,0.0285));
#9618=CARTESIAN_POINT('',(-0.00393380998020796,0.05205,0.0285));
#9619=CARTESIAN_POINT('',(-0.0054438807967006,0.0517004486744737,0.0285));
#9620=CARTESIAN_POINT('',(-0.00546007081649264,0.0517703899810031,0.0285));
#9621=CARTESIAN_POINT('',(-0.00546007081649265,0.0517703899810031,0.0285));
#9622=CARTESIAN_POINT('',(-0.00395,0.0521199413065295,0.0285));
#9623=CARTESIAN_POINT('',(-0.0055,0.0521199413065295,0.0285));
#9624=CARTESIAN_POINT('',(-0.0055,0.0035,0.0285));
#9625=CARTESIAN_POINT('',(-0.0055,0.0548800586934706,0.0285));
#9626=CARTESIAN_POINT('',(-0.00395,0.0548800586934706,0.0285));
#9627=CARTESIAN_POINT('',(-0.00546007081649265,0.055229610018997,0.0285));
#9628=CARTESIAN_POINT('',(-0.0165477660342953,0.00733047833824296,0.0285));
#9629=CARTESIAN_POINT('',(-0.0054438807967006,0.0552995513255264,0.0285));
#9630=CARTESIAN_POINT('',(-0.00393380998020796,0.05495,0.0285));
#9631=CARTESIAN_POINT('',(-0.00393380998020796,0.0565,0.0285));
#9632=CARTESIAN_POINT('',(1.04083408558608E-17,0.0565,0.0285));
#9633=CARTESIAN_POINT('',(-0.003,0.0565,0.0285));
#9634=CARTESIAN_POINT('',(-0.003,0.057,0.0285));
#9635=CARTESIAN_POINT('',(-0.0025,0.057,0.0285));
#9636=CARTESIAN_POINT('',(-0.0025,0.0035,0.0285));
#9637=CARTESIAN_POINT('',(-0.0025,0.059,0.0285));
#9638=CARTESIAN_POINT('',(-0.003,0.059,0.0285));
#9639=CARTESIAN_POINT('',(-0.003,0.0595,0.0285));
#9640=CARTESIAN_POINT('',(1.04083408558608E-17,0.0595,0.0285));
#9641=CARTESIAN_POINT('',(-0.0126348855193332,0.0595,0.0285));
#9642=CARTESIAN_POINT('',(-0.0126348855193332,0.059,0.0285));
#9643=CARTESIAN_POINT('',(-0.0131220051375566,0.0591127584921053,0.0285));
#9644=CARTESIAN_POINT('',(-0.0147371196182234,0.0521354219339415,0.0285));
#9645=CARTESIAN_POINT('',(-0.0147371196182234,0.0521354219339415,0.0285));
#9646=CARTESIAN_POINT('',(-0.01425,0.0520226634418362,0.0285));
#9647=CARTESIAN_POINT('',(-0.01475,0.0520226634418362,0.0285));
#9648=CARTESIAN_POINT('',(-0.01475,0.0035,0.0285));
#9649=CARTESIAN_POINT('',(-0.01475,0.0145160425586961,0.0285));
#9650=CARTESIAN_POINT('',(-0.0163,0.0145160425586961,0.0285));
#9651=CARTESIAN_POINT('',(-0.0152039844891608,0.013420027047857,0.0285));
#9652=CARTESIAN_POINT('',(-0.0125620057685089,0.016062005768509,0.0285));
#9653=CARTESIAN_POINT('',(-0.0161035533905933,0.0125204581464245,0.0285));
#9654=CARTESIAN_POINT('',(-0.01575,0.0121669047558313,0.0285));
#9655=CARTESIAN_POINT('',(-0.01625,0.0121669047558313,0.0285));
#9656=CARTESIAN_POINT('',(-0.01625,0.0035,0.0285));
#9657=CARTESIAN_POINT('',(-0.01625,0.00883309524416875,0.0285));
#9658=CARTESIAN_POINT('',(-0.01575,0.00883309524416875,0.0285));
#9659=CARTESIAN_POINT('',(-0.0161035533905933,0.00847954185357548,0.0285));
#9660=CARTESIAN_POINT('',(-0.0055620057685089,-0.00206200576850889,0.0285));
#9661=CARTESIAN_POINT('',(-0.0152039844891608,0.00757997295214307,0.0285));
#9662=CARTESIAN_POINT('',(-0.0163,0.00648395744130392,0.0285));
#9663=CARTESIAN_POINT('',(-0.01475,0.00648395744130392,0.0285));
#9664=CARTESIAN_POINT('',(-0.01475,0.0035,0.0285));
#9665=CARTESIAN_POINT('',(-0.01475,-0.0239839574413039,0.0285));
#9666=CARTESIAN_POINT('',(-0.0163,-0.0239839574413039,0.0285));
#9667=CARTESIAN_POINT('',(-0.0152039844891609,-0.0250799729521431,0.0285));
#9668=CARTESIAN_POINT('',(0.0066879942314912,-0.00318799423149123,0.0285));
#9669=CARTESIAN_POINT('',(-0.0161035533905933,-0.0259795418535754,0.0285));
#9670=CARTESIAN_POINT('',(-0.01575,-0.0263330952441687,0.0285));
#9671=CARTESIAN_POINT('',(-0.01625,-0.0263330952441687,0.0285));
#9672=CARTESIAN_POINT('',(-0.01625,0.0035,0.0285));
#9673=CARTESIAN_POINT('',(-0.01625,-0.0502426406871193,0.0285));
#9674=CARTESIAN_POINT('',(-0.01575,-0.0502426406871193,0.0285));
#9675=CARTESIAN_POINT('',(-0.0161035533905933,-0.0505961940777126,0.0285));
#9676=CARTESIAN_POINT('',(-0.0143461940777126,-0.0523535533905933,0.0285));
#9677=CARTESIAN_POINT('',(-0.0143461940777126,-0.0523535533905933,0.0285));
#9678=CARTESIAN_POINT('',(-0.0139926406871193,-0.052,0.0285));
#9679=CARTESIAN_POINT('',(-0.0139926406871193,-0.0525,0.0285));
#9680=CARTESIAN_POINT('',(-0.0115073593128807,-0.0525,0.0285));
#9681=CARTESIAN_POINT('',(-0.0115073593128807,-0.0525,0.0285));
#9682=CARTESIAN_POINT('',(-0.0115073593128807,-0.052,0.0285));
#9683=CARTESIAN_POINT('',(-0.0111538059222874,-0.0523535533905933,0.0285));
#9684=CARTESIAN_POINT('',(-0.00475423702085502,-0.0459539844891608,0.0285));
#9685=CARTESIAN_POINT('',(-0.00475423702085502,-0.0459539844891608,0.0285));
#9686=CARTESIAN_POINT('',(-0.00365822151001588,-0.04705,0.0285));
#9687=CARTESIAN_POINT('',(-0.00365822151001588,-0.0455,0.0285));
#9688=CARTESIAN_POINT('',(0.00365822151001591,-0.0455,0.0285));
#9689=CARTESIAN_POINT('',(0.00365822151001591,-0.0455,0.0285));
#9690=CARTESIAN_POINT('',(0.00365822151001591,-0.04705,0.0285));
#9691=CARTESIAN_POINT('',(0.00475423702085506,-0.0459539844891608,0.0285));
#9692=CARTESIAN_POINT('',(0.0111538059222875,-0.0523535533905932,0.0285));
#9693=CARTESIAN_POINT('',(0.0111538059222875,-0.0523535533905932,0.0285));
#9694=CARTESIAN_POINT('',(0.0115073593128807,-0.052,0.0285));
#9695=CARTESIAN_POINT('',(0.0115073593128807,-0.0525,0.0285));
#9696=CARTESIAN_POINT('',(0.0139926406871193,-0.0525,0.0285));
#9697=CARTESIAN_POINT('',(0.0139926406871193,-0.0525,0.0285));
#9698=CARTESIAN_POINT('',(0.0139926406871193,-0.052,0.0285));
#9699=CARTESIAN_POINT('',(0.0143461940777126,-0.0523535533905932,0.0285));
#9700=CARTESIAN_POINT('',(0.0161035533905933,-0.0505961940777125,0.0285));
#9701=CARTESIAN_POINT('',(0.0161035533905933,-0.0505961940777125,0.0285));
#9702=CARTESIAN_POINT('',(0.01575,-0.0502426406871193,0.0285));
#9703=CARTESIAN_POINT('',(0.01625,-0.0502426406871193,0.0285));
#9704=CARTESIAN_POINT('',(0.01625,-0.0263330952441687,0.0285));
#9705=CARTESIAN_POINT('',(0.01625,-0.0263330952441687,0.0285));
#9706=CARTESIAN_POINT('',(0.01575,-0.0263330952441687,0.0285));
#9707=CARTESIAN_POINT('',(0.0161035533905933,-0.0259795418535754,0.0285));
#9708=CARTESIAN_POINT('',(-0.00668799423149109,-0.00318799423149107,0.0285));
#9709=CARTESIAN_POINT('',(0.0152039844891608,-0.025079972952143,0.0285));
#9710=CARTESIAN_POINT('',(0.0163,-0.0239839574413038,0.0285));
#9711=CARTESIAN_POINT('',(0.01475,-0.0239839574413038,0.0285));
#9712=CARTESIAN_POINT('',(0.01475,0.0035,0.0285));
#9713=CARTESIAN_POINT('',(0.01475,0.00648395744130388,0.0285));
#9714=CARTESIAN_POINT('',(0.0163,0.00648395744130388,0.0285));
#9715=CARTESIAN_POINT('',(0.0152039844891608,0.00757997295214303,0.0285));
#9716=CARTESIAN_POINT('',(0.0161035533905933,0.00847954185357545,0.0285));
#9717=CARTESIAN_POINT('',(0.0161035533905933,0.00847954185357546,0.0285));
#9718=CARTESIAN_POINT('',(0.01575,0.00883309524416873,0.0285));
#9719=CARTESIAN_POINT('',(0.01625,0.00883309524416873,0.0285));
#9720=CARTESIAN_POINT('',(0.01625,0.0121669047558313,0.0285));
#9721=CARTESIAN_POINT('',(0.01625,0.0121669047558313,0.0285));
#9722=CARTESIAN_POINT('',(0.01575,0.0121669047558313,0.0285));
#9723=CARTESIAN_POINT('',(0.0161035533905933,0.0125204581464245,0.0285));
#9724=CARTESIAN_POINT('',(0.0152039844891608,0.013420027047857,0.0285));
#9725=CARTESIAN_POINT('',(1.04083408558608E-17,0.0035,0.0265));
#9726=CARTESIAN_POINT('',(0.0082,0.00695,0.0265));
#9727=CARTESIAN_POINT('',(0.00975,0.00695,0.0265));
#9728=CARTESIAN_POINT('',(0.0082,0.0085,0.0265));
#9729=CARTESIAN_POINT('',(1.04083408558608E-17,0.0085,0.0265));
#9730=CARTESIAN_POINT('',(0.0073,0.0085,0.0265));
#9731=CARTESIAN_POINT('',(0.0073,0.00695,0.0265));
#9732=CARTESIAN_POINT('',(0.00575,0.00695,0.0265));
#9733=CARTESIAN_POINT('',(0.00575,-0.01095,0.0265));
#9734=CARTESIAN_POINT('',(0.00575,-0.01095,0.0265));
#9735=CARTESIAN_POINT('',(0.0073,-0.01095,0.0265));
#9736=CARTESIAN_POINT('',(0.0073,-0.0125,0.0265));
#9737=CARTESIAN_POINT('',(0.0082,-0.0125,0.0265));
#9738=CARTESIAN_POINT('',(0.0082,-0.0125,0.0265));
#9739=CARTESIAN_POINT('',(0.0082,-0.01095,0.0265));
#9740=CARTESIAN_POINT('',(0.00975,-0.01095,0.0265));
#9741=CARTESIAN_POINT('',(0.00975,0.0035,0.0265));
#9742=CARTESIAN_POINT('',(-0.0073,0.00695,0.0265));
#9743=CARTESIAN_POINT('',(-0.00575,0.00695,0.0265));
#9744=CARTESIAN_POINT('',(-0.0073,0.0085,0.0265));
#9745=CARTESIAN_POINT('',(1.04083408558608E-17,0.0085,0.0265));
#9746=CARTESIAN_POINT('',(-0.0082,0.0085,0.0265));
#9747=CARTESIAN_POINT('',(-0.0082,0.00695,0.0265));
#9748=CARTESIAN_POINT('',(-0.00975,0.00695,0.0265));
#9749=CARTESIAN_POINT('',(-0.00975,-0.01095,0.0265));
#9750=CARTESIAN_POINT('',(-0.00975,-0.01095,0.0265));
#9751=CARTESIAN_POINT('',(-0.0082,-0.01095,0.0265));
#9752=CARTESIAN_POINT('',(-0.0082,-0.0125,0.0265));
#9753=CARTESIAN_POINT('',(-0.0073,-0.0125,0.0265));
#9754=CARTESIAN_POINT('',(-0.0073,-0.0125,0.0265));
#9755=CARTESIAN_POINT('',(-0.0073,-0.01095,0.0265));
#9756=CARTESIAN_POINT('',(-0.00575,-0.01095,0.0265));
#9757=CARTESIAN_POINT('',(-0.00575,0.0035,0.0265));
#9758=CARTESIAN_POINT('',(0.0092,0.0263048504573504,0.0265));
#9759=CARTESIAN_POINT('',(0.00785759489846756,0.0255299643086939,0.0265));
#9760=CARTESIAN_POINT('',(0.01075,0.0263048504573504,0.0265));
#9761=CARTESIAN_POINT('',(0.01075,0.0426951495426496,0.0265));
#9762=CARTESIAN_POINT('',(0.01075,0.0426951495426496,0.0265));
#9763=CARTESIAN_POINT('',(0.0092,0.0426951495426496,0.0265));
#9764=CARTESIAN_POINT('',(0.00785759489846756,0.0434700356913061,0.0265));
#9765=CARTESIAN_POINT('',(-0.00470038830941666,0.0507189706303504,0.0265));
#9766=CARTESIAN_POINT('',(0.00410837371466693,0.0392013445032762,0.0265));
#9767=CARTESIAN_POINT('',(0.00505,0.0379701499862441,0.0265));
#9768=CARTESIAN_POINT('',(0.0035,0.0379701499862441,0.0265));
#9769=CARTESIAN_POINT('',(0.0035,0.0310298500137559,0.0265));
#9770=CARTESIAN_POINT('',(0.0035,0.0310298500137559,0.0265));
#9771=CARTESIAN_POINT('',(0.00505,0.0310298500137559,0.0265));
#9772=CARTESIAN_POINT('',(0.00410837371466693,0.0297986554967238,0.0265));
#9773=CARTESIAN_POINT('',(-0.00470038830941668,0.0182810293696496,0.0265));
#9774=CARTESIAN_POINT('',(-0.00505,0.0310298500137559,0.0265));
#9775=CARTESIAN_POINT('',(-0.00410837371466692,0.0297986554967238,0.0265));
#9776=CARTESIAN_POINT('',(-0.0035,0.0310298500137559,0.0265));
#9777=CARTESIAN_POINT('',(-0.0035,0.0035,0.0265));
#9778=CARTESIAN_POINT('',(-0.0035,0.0379701499862441,0.0265));
#9779=CARTESIAN_POINT('',(-0.00505,0.0379701499862441,0.0265));
#9780=CARTESIAN_POINT('',(-0.00410837371466692,0.0392013445032762,0.0265));
#9781=CARTESIAN_POINT('',(0.00470038830941666,0.0507189706303504,0.0265));
#9782=CARTESIAN_POINT('',(-0.00785759489846755,0.0434700356913061,0.0265));
#9783=CARTESIAN_POINT('',(-0.0092,0.0426951495426496,0.0265));
#9784=CARTESIAN_POINT('',(-0.01075,0.0426951495426496,0.0265));
#9785=CARTESIAN_POINT('',(-0.01075,0.0035,0.0265));
#9786=CARTESIAN_POINT('',(-0.01075,0.0263048504573504,0.0265));
#9787=CARTESIAN_POINT('',(-0.0092,0.0263048504573504,0.0265));
#9788=CARTESIAN_POINT('',(-0.00785759489846756,0.0255299643086939,0.0265));
#9789=CARTESIAN_POINT('',(0.00470038830941668,0.0182810293696496,0.0265));
#9790=CARTESIAN_POINT('',(-0.0082,0.01605,0.0265));
#9791=CARTESIAN_POINT('',(-0.00975,0.01605,0.0265));
#9792=CARTESIAN_POINT('',(-0.0082,0.0145,0.0265));
#9793=CARTESIAN_POINT('',(0.0082,0.0145,0.0265));
#9794=CARTESIAN_POINT('',(0.0082,0.0145,0.0265));
#9795=CARTESIAN_POINT('',(0.0082,0.01605,0.0265));
#9796=CARTESIAN_POINT('',(0.00975,0.01605,0.0265));
#9797=CARTESIAN_POINT('',(0.00975,0.01745,0.0265));
#9798=CARTESIAN_POINT('',(0.00975,0.01745,0.0265));
#9799=CARTESIAN_POINT('',(0.0082,0.01745,0.0265));
#9800=CARTESIAN_POINT('',(0.0082,0.019,0.0265));
#9801=CARTESIAN_POINT('',(-0.0082,0.019,0.0265));
#9802=CARTESIAN_POINT('',(-0.0082,0.019,0.0265));
#9803=CARTESIAN_POINT('',(-0.0082,0.01745,0.0265));
#9804=CARTESIAN_POINT('',(-0.00975,0.01745,0.0265));
#9805=CARTESIAN_POINT('',(-0.00975,0.01605,0.0265));
#9806=CARTESIAN_POINT('',(-0.0082,-0.0190687006379887,0.0265));
#9807=CARTESIAN_POINT('',(-0.00975,-0.0190687006379887,0.0265));
#9808=CARTESIAN_POINT('',(-0.00931313416009017,-0.0201473258470583,0.0265));
#9809=CARTESIAN_POINT('',(-0.0241249999999997,-0.0345,0.0265));
#9810=CARTESIAN_POINT('',(-0.00352313443718748,-0.0335233934611048,0.0265));
#9811=CARTESIAN_POINT('',(-0.00197487302519433,-0.03345,0.0265));
#9812=CARTESIAN_POINT('',(-0.00197487302519433,-0.035,0.0265));
#9813=CARTESIAN_POINT('',(1.04083408558608E-17,-0.035,0.0265));
#9814=CARTESIAN_POINT('',(0.00197487302519434,-0.035,0.0265));
#9815=CARTESIAN_POINT('',(0.00197487302519434,-0.03345,0.0265));
#9816=CARTESIAN_POINT('',(0.0035231344371875,-0.0335233934611048,0.0265));
#9817=CARTESIAN_POINT('',(0.0241249999999997,-0.0345,0.0265));
#9818=CARTESIAN_POINT('',(0.00931313416009017,-0.0201473258470583,0.0265));
#9819=CARTESIAN_POINT('',(0.0082,-0.0190687006379887,0.0265));
#9820=CARTESIAN_POINT('',(0.00975,-0.0190687006379887,0.0265));
#9821=CARTESIAN_POINT('',(0.00975,0.0035,0.0265));
#9822=CARTESIAN_POINT('',(0.00975,-0.01805,0.0265));
#9823=CARTESIAN_POINT('',(0.0082,-0.01805,0.0265));
#9824=CARTESIAN_POINT('',(0.0082,-0.0165,0.0265));
#9825=CARTESIAN_POINT('',(1.04083408558608E-17,-0.0165,0.0265));
#9826=CARTESIAN_POINT('',(-0.0082,-0.0165,0.0265));
#9827=CARTESIAN_POINT('',(-0.0082,-0.01805,0.0265));
#9828=CARTESIAN_POINT('',(-0.00975,-0.01805,0.0265));
#9829=CARTESIAN_POINT('',(-0.00975,0.0035,0.0265));
#9830=CARTESIAN_POINT('',(0.01425,0.0520226634418364,0.0265));
#9831=CARTESIAN_POINT('',(0.0147371196182234,0.0521354219339416,0.0265));
#9832=CARTESIAN_POINT('',(0.01475,0.0520226634418364,0.0265));
#9833=CARTESIAN_POINT('',(0.01475,0.0145160425586961,0.0265));
#9834=CARTESIAN_POINT('',(0.01475,0.0145160425586961,0.0265));
#9835=CARTESIAN_POINT('',(0.0163,0.0145160425586961,0.0265));
#9836=CARTESIAN_POINT('',(0.0152039844891608,0.013420027047857,0.0265));
#9837=CARTESIAN_POINT('',(0.0125620057685089,0.016062005768509,0.0265));
#9838=CARTESIAN_POINT('',(0.0161035533905933,0.0125204581464245,0.0265));
#9839=CARTESIAN_POINT('',(0.01575,0.0121669047558313,0.0265));
#9840=CARTESIAN_POINT('',(0.01625,0.0121669047558313,0.0265));
#9841=CARTESIAN_POINT('',(0.01625,0.0035,0.0265));
#9842=CARTESIAN_POINT('',(0.01625,0.00883309524416873,0.0265));
#9843=CARTESIAN_POINT('',(0.01575,0.00883309524416873,0.0265));
#9844=CARTESIAN_POINT('',(0.0161035533905933,0.00847954185357545,0.0265));
#9845=CARTESIAN_POINT('',(0.00556200576850894,-0.00206200576850889,0.0265));
#9846=CARTESIAN_POINT('',(0.0152039844891608,0.00757997295214303,0.0265));
#9847=CARTESIAN_POINT('',(0.0163,0.00648395744130388,0.0265));
#9848=CARTESIAN_POINT('',(0.01475,0.00648395744130388,0.0265));
#9849=CARTESIAN_POINT('',(0.01475,-0.0239839574413038,0.0265));
#9850=CARTESIAN_POINT('',(0.01475,-0.0239839574413038,0.0265));
#9851=CARTESIAN_POINT('',(0.0163,-0.0239839574413038,0.0265));
#9852=CARTESIAN_POINT('',(0.0152039844891608,-0.025079972952143,0.0265));
#9853=CARTESIAN_POINT('',(0.0161035533905933,-0.0259795418535754,0.0265));
#9854=CARTESIAN_POINT('',(0.0161035533905933,-0.0259795418535754,0.0265));
#9855=CARTESIAN_POINT('',(0.01575,-0.0263330952441687,0.0265));
#9856=CARTESIAN_POINT('',(0.01625,-0.0263330952441687,0.0265));
#9857=CARTESIAN_POINT('',(0.01625,0.0035,0.0265));
#9858=CARTESIAN_POINT('',(0.01625,-0.0502426406871193,0.0265));
#9859=CARTESIAN_POINT('',(0.01575,-0.0502426406871193,0.0265));
#9860=CARTESIAN_POINT('',(0.0161035533905933,-0.0505961940777125,0.0265));
#9861=CARTESIAN_POINT('',(0.035099873734153,-0.0315998737341529,0.0265));
#9862=CARTESIAN_POINT('',(0.0143461940777126,-0.0523535533905932,0.0265));
#9863=CARTESIAN_POINT('',(0.0139926406871193,-0.052,0.0265));
#9864=CARTESIAN_POINT('',(0.0139926406871193,-0.0525,0.0265));
#9865=CARTESIAN_POINT('',(1.04083408558608E-17,-0.0525,0.0265));
#9866=CARTESIAN_POINT('',(0.0115073593128807,-0.0525,0.0265));
#9867=CARTESIAN_POINT('',(0.0115073593128807,-0.052,0.0265));
#9868=CARTESIAN_POINT('',(0.0111538059222875,-0.0523535533905932,0.0265));
#9869=CARTESIAN_POINT('',(-0.0223498737341529,-0.0188498737341529,0.0265));
#9870=CARTESIAN_POINT('',(0.00475423702085506,-0.0459539844891608,0.0265));
#9871=CARTESIAN_POINT('',(0.00365822151001591,-0.04705,0.0265));
#9872=CARTESIAN_POINT('',(0.00365822151001591,-0.0455,0.0265));
#9873=CARTESIAN_POINT('',(1.04083408558608E-17,-0.0455,0.0265));
#9874=CARTESIAN_POINT('',(-0.00365822151001588,-0.0455,0.0265));
#9875=CARTESIAN_POINT('',(-0.00365822151001588,-0.04705,0.0265));
#9876=CARTESIAN_POINT('',(-0.00475423702085503,-0.0459539844891608,0.0265));
#9877=CARTESIAN_POINT('',(0.022349873734153,-0.0188498737341529,0.0265));
#9878=CARTESIAN_POINT('',(-0.0111538059222874,-0.0523535533905933,0.0265));
#9879=CARTESIAN_POINT('',(-0.0115073593128807,-0.052,0.0265));
#9880=CARTESIAN_POINT('',(-0.0115073593128807,-0.0525,0.0265));
#9881=CARTESIAN_POINT('',(1.04083408558608E-17,-0.0525,0.0265));
#9882=CARTESIAN_POINT('',(-0.0139926406871193,-0.0525,0.0265));
#9883=CARTESIAN_POINT('',(-0.0139926406871193,-0.052,0.0265));
#9884=CARTESIAN_POINT('',(-0.0143461940777126,-0.0523535533905933,0.0265));
#9885=CARTESIAN_POINT('',(-0.035099873734153,-0.0315998737341529,0.0265));
#9886=CARTESIAN_POINT('',(-0.0161035533905933,-0.0505961940777126,0.0265));
#9887=CARTESIAN_POINT('',(-0.01575,-0.0502426406871193,0.0265));
#9888=CARTESIAN_POINT('',(-0.01625,-0.0502426406871193,0.0265));
#9889=CARTESIAN_POINT('',(-0.01625,-0.0263330952441687,0.0265));
#9890=CARTESIAN_POINT('',(-0.01625,-0.0263330952441687,0.0265));
#9891=CARTESIAN_POINT('',(-0.01575,-0.0263330952441687,0.0265));
#9892=CARTESIAN_POINT('',(-0.0161035533905933,-0.0259795418535754,0.0265));
#9893=CARTESIAN_POINT('',(-0.0152039844891608,-0.0250799729521431,0.0265));
#9894=CARTESIAN_POINT('',(-0.0152039844891608,-0.0250799729521431,0.0265));
#9895=CARTESIAN_POINT('',(-0.0163,-0.0239839574413039,0.0265));
#9896=CARTESIAN_POINT('',(-0.01475,-0.0239839574413039,0.0265));
#9897=CARTESIAN_POINT('',(-0.01475,0.00648395744130392,0.0265));
#9898=CARTESIAN_POINT('',(-0.01475,0.00648395744130392,0.0265));
#9899=CARTESIAN_POINT('',(-0.0163,0.00648395744130392,0.0265));
#9900=CARTESIAN_POINT('',(-0.0152039844891608,0.00757997295214307,0.0265));
#9901=CARTESIAN_POINT('',(-0.0161035533905933,0.00847954185357548,0.0265));
#9902=CARTESIAN_POINT('',(-0.0161035533905933,0.00847954185357548,0.0265));
#9903=CARTESIAN_POINT('',(-0.01575,0.00883309524416875,0.0265));
#9904=CARTESIAN_POINT('',(-0.01625,0.00883309524416875,0.0265));
#9905=CARTESIAN_POINT('',(-0.01625,0.0121669047558313,0.0265));
#9906=CARTESIAN_POINT('',(-0.01625,0.0121669047558313,0.0265));
#9907=CARTESIAN_POINT('',(-0.01575,0.0121669047558313,0.0265));
#9908=CARTESIAN_POINT('',(-0.0161035533905933,0.0125204581464245,0.0265));
#9909=CARTESIAN_POINT('',(-0.0152039844891608,0.013420027047857,0.0265));
#9910=CARTESIAN_POINT('',(-0.0152039844891608,0.013420027047857,0.0265));
#9911=CARTESIAN_POINT('',(-0.0163,0.0145160425586961,0.0265));
#9912=CARTESIAN_POINT('',(-0.01475,0.0145160425586961,0.0265));
#9913=CARTESIAN_POINT('',(-0.01475,0.0520226634418362,0.0265));
#9914=CARTESIAN_POINT('',(-0.01475,0.0520226634418362,0.0265));
#9915=CARTESIAN_POINT('',(-0.01425,0.0520226634418362,0.0265));
#9916=CARTESIAN_POINT('',(-0.0147371196182234,0.0521354219339415,0.0265));
#9917=CARTESIAN_POINT('',(-0.02467318720976,0.00921135154718324,0.0265));
#9918=CARTESIAN_POINT('',(-0.0131220051375566,0.0591127584921053,0.0265));
#9919=CARTESIAN_POINT('',(-0.0126348855193332,0.059,0.0265));
#9920=CARTESIAN_POINT('',(-0.0126348855193332,0.0595,0.0265));
#9921=CARTESIAN_POINT('',(-0.003,0.0595,0.0265));
#9922=CARTESIAN_POINT('',(-0.003,0.0595,0.0265));
#9923=CARTESIAN_POINT('',(-0.003,0.059,0.0265));
#9924=CARTESIAN_POINT('',(-0.0025,0.059,0.0265));
#9925=CARTESIAN_POINT('',(-0.0025,0.057,0.0265));
#9926=CARTESIAN_POINT('',(-0.0025,0.057,0.0265));
#9927=CARTESIAN_POINT('',(-0.003,0.057,0.0265));
#9928=CARTESIAN_POINT('',(-0.003,0.0565,0.0265));
#9929=CARTESIAN_POINT('',(-0.00393380998020796,0.0565,0.0265));
#9930=CARTESIAN_POINT('',(-0.00393380998020796,0.0565,0.0265));
#9931=CARTESIAN_POINT('',(-0.00393380998020796,0.05495,0.0265));
#9932=CARTESIAN_POINT('',(-0.0054438807967006,0.0552995513255264,0.0265));
#9933=CARTESIAN_POINT('',(-0.00546007081649265,0.055229610018997,0.0265));
#9934=CARTESIAN_POINT('',(-0.00546007081649265,0.055229610018997,0.0265));
#9935=CARTESIAN_POINT('',(-0.00395,0.0548800586934706,0.0265));
#9936=CARTESIAN_POINT('',(-0.0055,0.0548800586934706,0.0265));
#9937=CARTESIAN_POINT('',(-0.0055,0.0521199413065295,0.0265));
#9938=CARTESIAN_POINT('',(-0.0055,0.0521199413065295,0.0265));
#9939=CARTESIAN_POINT('',(-0.00395,0.0521199413065295,0.0265));
#9940=CARTESIAN_POINT('',(-0.00546007081649265,0.0517703899810031,0.0265));
#9941=CARTESIAN_POINT('',(0.00542298341601337,0.00475531267849925,0.0265));
#9942=CARTESIAN_POINT('',(-0.00544388079670061,0.0517004486744737,0.0265));
#9943=CARTESIAN_POINT('',(-0.00393380998020796,0.05205,0.0265));
#9944=CARTESIAN_POINT('',(-0.00393380998020796,0.0505,0.0265));
#9945=CARTESIAN_POINT('',(0.00393380998020796,0.0505,0.0265));
#9946=CARTESIAN_POINT('',(0.00393380998020796,0.0505,0.0265));
#9947=CARTESIAN_POINT('',(0.00393380998020796,0.05205,0.0265));
#9948=CARTESIAN_POINT('',(0.00544388079670061,0.0517004486744737,0.0265));
#9949=CARTESIAN_POINT('',(-0.00542298341601341,0.00475531267849927,0.0265));
#9950=CARTESIAN_POINT('',(0.00546007081649265,0.0517703899810031,0.0265));
#9951=CARTESIAN_POINT('',(0.00395,0.0521199413065295,0.0265));
#9952=CARTESIAN_POINT('',(0.0055,0.0521199413065295,0.0265));
#9953=CARTESIAN_POINT('',(0.0055,0.0035,0.0265));
#9954=CARTESIAN_POINT('',(0.0055,0.0548800586934706,0.0265));
#9955=CARTESIAN_POINT('',(0.00395,0.0548800586934706,0.0265));
#9956=CARTESIAN_POINT('',(0.00546007081649265,0.055229610018997,0.0265));
#9957=CARTESIAN_POINT('',(0.0165477660342953,0.00733047833824293,0.0265));
#9958=CARTESIAN_POINT('',(0.00544388079670061,0.0552995513255264,0.0265));
#9959=CARTESIAN_POINT('',(0.00393380998020796,0.05495,0.0265));
#9960=CARTESIAN_POINT('',(0.00393380998020796,0.0565,0.0265));
#9961=CARTESIAN_POINT('',(1.04083408558608E-17,0.0565,0.0265));
#9962=CARTESIAN_POINT('',(0.003,0.0565,0.0265));
#9963=CARTESIAN_POINT('',(0.003,0.057,0.0265));
#9964=CARTESIAN_POINT('',(0.0025,0.057,0.0265));
#9965=CARTESIAN_POINT('',(0.0025,0.0035,0.0265));
#9966=CARTESIAN_POINT('',(0.0025,0.059,0.0265));
#9967=CARTESIAN_POINT('',(0.003,0.059,0.0265));
#9968=CARTESIAN_POINT('',(0.003,0.0595,0.0265));
#9969=CARTESIAN_POINT('',(1.04083408558608E-17,0.0595,0.0265));
#9970=CARTESIAN_POINT('',(0.0126348855193332,0.0595,0.0265));
#9971=CARTESIAN_POINT('',(0.0126348855193332,0.059,0.0265));
#9972=CARTESIAN_POINT('',(0.0131220051375567,0.0591127584921053,0.0265));
#9973=CARTESIAN_POINT('',(0.02467318720976,0.00921135154718321,0.0265));
#9974=CARTESIAN_POINT('',(-0.0163,0.0145160425586961,0.0285));
#9975=CARTESIAN_POINT('',(-0.0163,0.0145160425586961,0.028));
#9976=CARTESIAN_POINT('',(-0.0163,0.0145160425586961,0.027));
#9977=CARTESIAN_POINT('',(-0.0163,0.00648395744130392,0.0285));
#9978=CARTESIAN_POINT('',(-0.0163,0.00648395744130392,0.028));
#9979=CARTESIAN_POINT('',(-0.0163,0.00648395744130392,0.027));
#9980=CARTESIAN_POINT('',(0.0163,0.0145160425586961,0.0285));
#9981=CARTESIAN_POINT('',(0.0163,0.0145160425586961,0.028));
#9982=CARTESIAN_POINT('',(0.0163,0.0145160425586961,0.027));
#9983=CARTESIAN_POINT('',(0.0163,0.00648395744130388,0.0285));
#9984=CARTESIAN_POINT('',(0.0163,0.00648395744130388,0.028));
#9985=CARTESIAN_POINT('',(0.0163,0.00648395744130388,0.027));
#9986=CARTESIAN_POINT('',(0.0082,0.00695,0.0285));
#9987=CARTESIAN_POINT('',(0.0082,0.00695,0.028));
#9988=CARTESIAN_POINT('',(0.0082,0.00695,0.027));
#9989=CARTESIAN_POINT('',(-0.0073,0.00695,0.0285));
#9990=CARTESIAN_POINT('',(-0.0073,0.00695,0.028));
#9991=CARTESIAN_POINT('',(-0.0073,0.00695,0.027));
#9992=CARTESIAN_POINT('',(0.0082,-0.01095,0.0285));
#9993=CARTESIAN_POINT('',(0.0082,-0.01095,0.028));
#9994=CARTESIAN_POINT('',(0.0082,-0.01095,0.027));
#9995=CARTESIAN_POINT('',(-0.0073,-0.01095,0.0285));
#9996=CARTESIAN_POINT('',(-0.0073,-0.01095,0.028));
#9997=CARTESIAN_POINT('',(-0.0073,-0.01095,0.027));
#9998=CARTESIAN_POINT('',(0.0073,-0.01095,0.0285));
#9999=CARTESIAN_POINT('',(0.0073,-0.01095,0.028));
#10000=CARTESIAN_POINT('',(0.0073,-0.01095,0.027));
#10001=CARTESIAN_POINT('',(-0.0082,-0.01095,0.0285));
#10002=CARTESIAN_POINT('',(-0.0082,-0.01095,0.028));
#10003=CARTESIAN_POINT('',(-0.0082,-0.01095,0.027));
#10004=CARTESIAN_POINT('',(0.0073,0.00695,0.0285));
#10005=CARTESIAN_POINT('',(0.0073,0.00695,0.028));
#10006=CARTESIAN_POINT('',(0.0073,0.00695,0.027));
#10007=CARTESIAN_POINT('',(-0.0082,0.00695,0.0285));
#10008=CARTESIAN_POINT('',(-0.0082,0.00695,0.028));
#10009=CARTESIAN_POINT('',(-0.0082,0.00695,0.027));
#10010=CARTESIAN_POINT('',(-0.00505,0.0310298500137559,0.0285));
#10011=CARTESIAN_POINT('',(-0.00505,0.0310298500137559,0.028));
#10012=CARTESIAN_POINT('',(-0.00505,0.0310298500137559,0.027));
#10013=CARTESIAN_POINT('',(-0.00505,0.0379701499862441,0.0285));
#10014=CARTESIAN_POINT('',(-0.00505,0.0379701499862441,0.028));
#10015=CARTESIAN_POINT('',(-0.00505,0.0379701499862441,0.027));
#10016=CARTESIAN_POINT('',(0.0092,0.0426951495426496,0.0285));
#10017=CARTESIAN_POINT('',(0.0092,0.0426951495426496,0.028));
#10018=CARTESIAN_POINT('',(0.0092,0.0426951495426496,0.027));
#10019=CARTESIAN_POINT('',(0.0092,0.0263048504573504,0.0285));
#10020=CARTESIAN_POINT('',(0.0092,0.0263048504573504,0.028));
#10021=CARTESIAN_POINT('',(0.0092,0.0263048504573504,0.027));
#10022=CARTESIAN_POINT('',(-0.0092,0.0426951495426496,0.0285));
#10023=CARTESIAN_POINT('',(-0.0092,0.0426951495426496,0.028));
#10024=CARTESIAN_POINT('',(-0.0092,0.0426951495426496,0.027));
#10025=CARTESIAN_POINT('',(-0.0092,0.0263048504573504,0.0285));
#10026=CARTESIAN_POINT('',(-0.0092,0.0263048504573504,0.028));
#10027=CARTESIAN_POINT('',(-0.0092,0.0263048504573504,0.027));
#10028=CARTESIAN_POINT('',(0.00505,0.0310298500137559,0.0285));
#10029=CARTESIAN_POINT('',(0.00505,0.0310298500137559,0.028));
#10030=CARTESIAN_POINT('',(0.00505,0.0310298500137559,0.027));
#10031=CARTESIAN_POINT('',(0.00505,0.0379701499862441,0.0285));
#10032=CARTESIAN_POINT('',(0.00505,0.0379701499862441,0.028));
#10033=CARTESIAN_POINT('',(0.00505,0.0379701499862441,0.027));
#10034=CARTESIAN_POINT('',(0.0082,0.01605,0.0285));
#10035=CARTESIAN_POINT('',(0.0082,0.01605,0.028));
#10036=CARTESIAN_POINT('',(0.0082,0.01605,0.027));
#10037=CARTESIAN_POINT('',(0.0082,-0.0190687006379887,0.0285));
#10038=CARTESIAN_POINT('',(0.0082,-0.0190687006379887,0.028));
#10039=CARTESIAN_POINT('',(0.0082,-0.0190687006379887,0.027));
#10040=CARTESIAN_POINT('',(0.0082,-0.01805,0.0285));
#10041=CARTESIAN_POINT('',(0.0082,-0.01805,0.028));
#10042=CARTESIAN_POINT('',(0.0082,-0.01805,0.027));
#10043=CARTESIAN_POINT('',(-0.0082,-0.0190687006379887,0.0285));
#10044=CARTESIAN_POINT('',(-0.0082,-0.0190687006379887,0.028));
#10045=CARTESIAN_POINT('',(-0.0082,-0.0190687006379887,0.027));
#10046=CARTESIAN_POINT('',(-0.00197487302519433,-0.03345,0.0285));
#10047=CARTESIAN_POINT('',(-0.00197487302519433,-0.03345,0.028));
#10048=CARTESIAN_POINT('',(-0.00197487302519433,-0.03345,0.027));
#10049=CARTESIAN_POINT('',(0.00197487302519434,-0.03345,0.0285));
#10050=CARTESIAN_POINT('',(0.00197487302519434,-0.03345,0.028));
#10051=CARTESIAN_POINT('',(0.00197487302519434,-0.03345,0.027));
#10052=CARTESIAN_POINT('',(0.0082,0.01745,0.0285));
#10053=CARTESIAN_POINT('',(0.0082,0.01745,0.028));
#10054=CARTESIAN_POINT('',(0.0082,0.01745,0.027));
#10055=CARTESIAN_POINT('',(-0.0082,0.01745,0.0285));
#10056=CARTESIAN_POINT('',(-0.0082,0.01745,0.028));
#10057=CARTESIAN_POINT('',(-0.0082,0.01745,0.027));
#10058=CARTESIAN_POINT('',(-0.0082,0.01605,0.0285));
#10059=CARTESIAN_POINT('',(-0.0082,0.01605,0.028));
#10060=CARTESIAN_POINT('',(-0.0082,0.01605,0.027));
#10061=CARTESIAN_POINT('',(-0.0082,-0.01805,0.0285));
#10062=CARTESIAN_POINT('',(-0.0082,-0.01805,0.028));
#10063=CARTESIAN_POINT('',(-0.0082,-0.01805,0.027));
#10064=CARTESIAN_POINT('',(-0.00393380998020796,0.05495,0.0285));
#10065=CARTESIAN_POINT('',(-0.00393380998020796,0.05495,0.028));
#10066=CARTESIAN_POINT('',(-0.00393380998020796,0.05495,0.027));
#10067=CARTESIAN_POINT('',(-0.00395,0.0548800586934706,0.0285));
#10068=CARTESIAN_POINT('',(-0.00395,0.0548800586934706,0.028));
#10069=CARTESIAN_POINT('',(-0.00395,0.0548800586934706,0.027));
#10070=CARTESIAN_POINT('',(-0.00365822151001588,-0.04705,0.0285));
#10071=CARTESIAN_POINT('',(-0.00365822151001588,-0.04705,0.028));
#10072=CARTESIAN_POINT('',(-0.00365822151001588,-0.04705,0.027));
#10073=CARTESIAN_POINT('',(0.00365822151001591,-0.04705,0.0285));
#10074=CARTESIAN_POINT('',(0.00365822151001591,-0.04705,0.028));
#10075=CARTESIAN_POINT('',(0.00365822151001591,-0.04705,0.027));
#10076=CARTESIAN_POINT('',(-0.0163,-0.0239839574413039,0.0285));
#10077=CARTESIAN_POINT('',(-0.0163,-0.0239839574413039,0.028));
#10078=CARTESIAN_POINT('',(-0.0163,-0.0239839574413039,0.027));
#10079=CARTESIAN_POINT('',(0.0163,-0.0239839574413038,0.0285));
#10080=CARTESIAN_POINT('',(0.0163,-0.0239839574413038,0.028));
#10081=CARTESIAN_POINT('',(0.0163,-0.0239839574413038,0.027));
#10082=CARTESIAN_POINT('',(0.00393380998020796,0.05495,0.0285));
#10083=CARTESIAN_POINT('',(0.00393380998020796,0.05495,0.028));
#10084=CARTESIAN_POINT('',(0.00393380998020796,0.05495,0.027));
#10085=CARTESIAN_POINT('',(0.00395,0.0548800586934706,0.0285));
#10086=CARTESIAN_POINT('',(0.00395,0.0548800586934706,0.028));
#10087=CARTESIAN_POINT('',(0.00395,0.0548800586934706,0.027));
#10088=CARTESIAN_POINT('',(-0.00393380998020796,0.05205,0.0285));
#10089=CARTESIAN_POINT('',(-0.00393380998020796,0.05205,0.028));
#10090=CARTESIAN_POINT('',(-0.00393380998020796,0.05205,0.027));
#10091=CARTESIAN_POINT('',(-0.00395,0.0521199413065295,0.0285));
#10092=CARTESIAN_POINT('',(-0.00395,0.0521199413065295,0.028));
#10093=CARTESIAN_POINT('',(-0.00395,0.0521199413065295,0.027));
#10094=CARTESIAN_POINT('',(0.00393380998020796,0.05205,0.0285));
#10095=CARTESIAN_POINT('',(0.00393380998020796,0.05205,0.028));
#10096=CARTESIAN_POINT('',(0.00393380998020796,0.05205,0.027));
#10097=CARTESIAN_POINT('',(0.00395,0.0521199413065295,0.0285));
#10098=CARTESIAN_POINT('',(0.00395,0.0521199413065295,0.028));
#10099=CARTESIAN_POINT('',(0.00395,0.0521199413065295,0.027));
#10100=CARTESIAN_POINT('',(0.01575,0.0121669047558313,0.0285));
#10101=CARTESIAN_POINT('',(0.01575,0.0121669047558313,0.028));
#10102=CARTESIAN_POINT('',(0.01575,0.0121669047558313,0.027));
#10103=CARTESIAN_POINT('',(0.01575,0.00883309524416873,0.0285));
#10104=CARTESIAN_POINT('',(0.01575,0.00883309524416873,0.028));
#10105=CARTESIAN_POINT('',(0.01575,0.00883309524416873,0.027));
#10106=CARTESIAN_POINT('',(-0.01575,0.0121669047558313,0.0285));
#10107=CARTESIAN_POINT('',(-0.01575,0.0121669047558313,0.028));
#10108=CARTESIAN_POINT('',(-0.01575,0.0121669047558313,0.027));
#10109=CARTESIAN_POINT('',(-0.01575,0.00883309524416875,0.0285));
#10110=CARTESIAN_POINT('',(-0.01575,0.00883309524416875,0.028));
#10111=CARTESIAN_POINT('',(-0.01575,0.00883309524416875,0.027));
#10112=CARTESIAN_POINT('',(-0.003,0.057,0.0285));
#10113=CARTESIAN_POINT('',(-0.003,0.057,0.028));
#10114=CARTESIAN_POINT('',(-0.003,0.057,0.027));
#10115=CARTESIAN_POINT('',(0.003,0.057,0.0285));
#10116=CARTESIAN_POINT('',(0.003,0.057,0.028));
#10117=CARTESIAN_POINT('',(0.003,0.057,0.027));
#10118=CARTESIAN_POINT('',(-0.003,0.059,0.0285));
#10119=CARTESIAN_POINT('',(-0.003,0.059,0.028));
#10120=CARTESIAN_POINT('',(-0.003,0.059,0.027));
#10121=CARTESIAN_POINT('',(-0.0115073593128807,-0.052,0.0285));
#10122=CARTESIAN_POINT('',(-0.0115073593128807,-0.052,0.028));
#10123=CARTESIAN_POINT('',(-0.0115073593128807,-0.052,0.027));
#10124=CARTESIAN_POINT('',(-0.0139926406871193,-0.052,0.0285));
#10125=CARTESIAN_POINT('',(-0.0139926406871193,-0.052,0.028));
#10126=CARTESIAN_POINT('',(-0.0139926406871193,-0.052,0.027));
#10127=CARTESIAN_POINT('',(-0.01575,-0.0502426406871193,0.0285));
#10128=CARTESIAN_POINT('',(-0.01575,-0.0502426406871193,0.028));
#10129=CARTESIAN_POINT('',(-0.01575,-0.0502426406871193,0.027));
#10130=CARTESIAN_POINT('',(0.0115073593128807,-0.052,0.0285));
#10131=CARTESIAN_POINT('',(0.0115073593128807,-0.052,0.028));
#10132=CARTESIAN_POINT('',(0.0115073593128807,-0.052,0.027));
#10133=CARTESIAN_POINT('',(0.0139926406871193,-0.052,0.0285));
#10134=CARTESIAN_POINT('',(0.0139926406871193,-0.052,0.028));
#10135=CARTESIAN_POINT('',(0.0139926406871193,-0.052,0.027));
#10136=CARTESIAN_POINT('',(0.01575,-0.0502426406871193,0.0285));
#10137=CARTESIAN_POINT('',(0.01575,-0.0502426406871193,0.028));
#10138=CARTESIAN_POINT('',(0.01575,-0.0502426406871193,0.027));
#10139=CARTESIAN_POINT('',(0.01575,-0.0263330952441687,0.0285));
#10140=CARTESIAN_POINT('',(0.01575,-0.0263330952441687,0.028));
#10141=CARTESIAN_POINT('',(0.01575,-0.0263330952441687,0.027));
#10142=CARTESIAN_POINT('',(-0.01575,-0.0263330952441687,0.0285));
#10143=CARTESIAN_POINT('',(-0.01575,-0.0263330952441687,0.028));
#10144=CARTESIAN_POINT('',(-0.01575,-0.0263330952441687,0.027));
#10145=CARTESIAN_POINT('',(0.003,0.059,0.0285));
#10146=CARTESIAN_POINT('',(0.003,0.059,0.028));
#10147=CARTESIAN_POINT('',(0.003,0.059,0.027));
#10148=CARTESIAN_POINT('',(-0.01425,0.0520226634418362,0.0285));
#10149=CARTESIAN_POINT('',(-0.01425,0.0520226634418362,0.028));
#10150=CARTESIAN_POINT('',(-0.01425,0.0520226634418362,0.027));
#10151=CARTESIAN_POINT('',(-0.0126348855193332,0.059,0.0285));
#10152=CARTESIAN_POINT('',(-0.0126348855193332,0.059,0.028));
#10153=CARTESIAN_POINT('',(-0.0126348855193332,0.059,0.027));
#10154=CARTESIAN_POINT('',(0.01425,0.0520226634418364,0.0285));
#10155=CARTESIAN_POINT('',(0.01425,0.0520226634418364,0.028));
#10156=CARTESIAN_POINT('',(0.01425,0.0520226634418364,0.027));
#10157=CARTESIAN_POINT('',(0.0126348855193332,0.059,0.0285));
#10158=CARTESIAN_POINT('',(0.0126348855193332,0.059,0.028));
#10159=CARTESIAN_POINT('',(0.0126348855193332,0.059,0.027));
#10160=CARTESIAN_POINT('',(-0.01675,0.0105,0.028));
#10161=CARTESIAN_POINT('',(-0.01625,0.00883309524416875,0.0285));
#10162=CARTESIAN_POINT('',(-0.01675,0.0121669047558313,0.028));
#10163=CARTESIAN_POINT('',(-0.01575,0.0121669047558313,0.0285));
#10164=CARTESIAN_POINT('',(-0.0164571067811866,0.0128740115370178,0.028));
#10165=CARTESIAN_POINT('',(-0.01575,0.00883309524416875,0.0285));
#10166=CARTESIAN_POINT('',(-0.0161035533905933,0.00847954185357548,0.0285));
#10167=CARTESIAN_POINT('',(-0.016,0.0133311183182043,0.028));
#10168=CARTESIAN_POINT('',(-0.0155575378797541,0.0137735804384502,0.028));
#10169=CARTESIAN_POINT('',(-0.016,0.00766888168179566,0.028));
#10170=CARTESIAN_POINT('',(-0.0152039844891608,0.00757997295214307,0.0285));
#10171=CARTESIAN_POINT('',(-0.0163,0.0145160425586961,0.0285));
#10172=CARTESIAN_POINT('',(-0.01525,0.0145160425586961,0.028));
#10173=CARTESIAN_POINT('',(-0.0163,0.00648395744130392,0.0285));
#10174=CARTESIAN_POINT('',(-0.01475,0.00648395744130392,0.0285));
#10175=CARTESIAN_POINT('',(-0.01525,0.0464900195040431,0.028));
#10176=CARTESIAN_POINT('',(-0.01525,0.0520226634418362,0.028));
#10177=CARTESIAN_POINT('',(-0.01525,-0.00875,0.028));
#10178=CARTESIAN_POINT('',(-0.01475,-0.0239839574413039,0.0285));
#10179=CARTESIAN_POINT('',(-0.01425,0.0520226634418362,0.0285));
#10180=CARTESIAN_POINT('',(-0.0152242392364469,0.0522481804260468,0.028));
#10181=CARTESIAN_POINT('',(-0.0163,-0.0239839574413039,0.0285));
#10182=CARTESIAN_POINT('',(-0.0152039844891609,-0.0250799729521431,0.0285));
#10183=CARTESIAN_POINT('',(-0.02467318720976,0.00921135154718324,0.0285));
#10184=CARTESIAN_POINT('',(-0.0136091247557801,0.0592255169842106,0.028));
#10185=CARTESIAN_POINT('',(-0.016,-0.0251688816817957,0.028));
#10186=CARTESIAN_POINT('',(-0.0161035533905933,-0.0259795418535754,0.0285));
#10187=CARTESIAN_POINT('',(-0.0126348855193332,0.059,0.0285));
#10188=CARTESIAN_POINT('',(-0.0126348855193332,0.06,0.028));
#10189=CARTESIAN_POINT('',(-0.01575,-0.0263330952441687,0.0285));
#10190=CARTESIAN_POINT('',(-0.01625,-0.0263330952441687,0.0285));
#10191=CARTESIAN_POINT('',(-0.00771492367955546,0.06,0.028));
#10192=CARTESIAN_POINT('',(-0.003,0.06,0.028));
#10193=CARTESIAN_POINT('',(-0.01675,-0.028,0.028));
#10194=CARTESIAN_POINT('',(-0.01625,-0.0502426406871193,0.0285));
#10195=CARTESIAN_POINT('',(-0.003,0.059,0.0285));
#10196=CARTESIAN_POINT('',(-0.002,0.059,0.028));
#10197=CARTESIAN_POINT('',(-0.01575,-0.0502426406871193,0.0285));
#10198=CARTESIAN_POINT('',(-0.0161035533905933,-0.0505961940777126,0.0285));
#10199=CARTESIAN_POINT('',(-0.002,0.058,0.028));
#10200=CARTESIAN_POINT('',(-0.002,0.057,0.028));
#10201=CARTESIAN_POINT('',(-0.035099873734153,-0.0315998737341529,0.0285));
#10202=CARTESIAN_POINT('',(-0.0143461940777126,-0.0523535533905933,0.0285));
#10203=CARTESIAN_POINT('',(-0.003,0.057,0.0285));
#10204=CARTESIAN_POINT('',(-0.003,0.056,0.028));
#10205=CARTESIAN_POINT('',(-0.0139926406871193,-0.052,0.0285));
#10206=CARTESIAN_POINT('',(-0.0139926406871193,-0.0525,0.0285));
#10207=CARTESIAN_POINT('',(-0.00338425995598728,0.056,0.028));
#10208=CARTESIAN_POINT('',(-0.00393380998020796,0.056,0.028));
#10209=CARTESIAN_POINT('',(1.04083408558608E-17,-0.0525,0.0285));
#10210=CARTESIAN_POINT('',(-0.0115073593128807,-0.0525,0.0285));
#10211=CARTESIAN_POINT('',(-0.00393380998020796,0.05495,0.0285));
#10212=CARTESIAN_POINT('',(-0.00495676117847717,0.0551867928334211,0.028));
#10213=CARTESIAN_POINT('',(-0.0115073593128807,-0.052,0.0285));
#10214=CARTESIAN_POINT('',(-0.0111538059222874,-0.0523535533905933,0.0285));
#10215=CARTESIAN_POINT('',(-0.00488425995598728,0.0555,0.028));
#10216=CARTESIAN_POINT('',(-0.00497295119826921,0.0551168515268917,0.028));
#10217=CARTESIAN_POINT('',(0.022349873734153,-0.0188498737341529,0.0285));
#10218=CARTESIAN_POINT('',(-0.00475423702085502,-0.0459539844891608,0.0285));
#10219=CARTESIAN_POINT('',(-0.00395,0.0548800586934706,0.0285));
#10220=CARTESIAN_POINT('',(-0.005,0.0548800586934706,0.028));
#10221=CARTESIAN_POINT('',(-0.00365822151001588,-0.04705,0.0285));
#10222=CARTESIAN_POINT('',(-0.00365822151001588,-0.0455,0.0285));
#10223=CARTESIAN_POINT('',(-0.005,0.0535,0.028));
#10224=CARTESIAN_POINT('',(-0.005,0.0521199413065295,0.028));
#10225=CARTESIAN_POINT('',(1.04083408558608E-17,-0.0455,0.0285));
#10226=CARTESIAN_POINT('',(0.00365822151001591,-0.0455,0.0285));
#10227=CARTESIAN_POINT('',(-0.00395,0.0521199413065295,0.0285));
#10228=CARTESIAN_POINT('',(-0.00497295119826921,0.0518831484731084,0.028));
#10229=CARTESIAN_POINT('',(0.00365822151001591,-0.04705,0.0285));
#10230=CARTESIAN_POINT('',(0.00475423702085506,-0.0459539844891608,0.0285));
#10231=CARTESIAN_POINT('',(0.00542298341601337,0.00475531267849925,0.0285));
#10232=CARTESIAN_POINT('',(-0.00495676117847717,0.051813207166579,0.028));
#10233=CARTESIAN_POINT('',(-0.0223498737341529,-0.0188498737341529,0.0285));
#10234=CARTESIAN_POINT('',(0.0111538059222875,-0.0523535533905932,0.0285));
#10235=CARTESIAN_POINT('',(-0.00393380998020796,0.05205,0.0285));
#10236=CARTESIAN_POINT('',(-0.00393380998020796,0.051,0.028));
#10237=CARTESIAN_POINT('',(0.0115073593128807,-0.052,0.0285));
#10238=CARTESIAN_POINT('',(0.0115073593128807,-0.0525,0.0285));
#10239=CARTESIAN_POINT('',(0.,0.051,0.028));
#10240=CARTESIAN_POINT('',(0.00393380998020796,0.051,0.028));
#10241=CARTESIAN_POINT('',(1.04083408558608E-17,-0.0525,0.0285));
#10242=CARTESIAN_POINT('',(0.0139926406871193,-0.0525,0.0285));
#10243=CARTESIAN_POINT('',(0.00393380998020796,0.05205,0.0285));
#10244=CARTESIAN_POINT('',(0.00495676117847717,0.051813207166579,0.028));
#10245=CARTESIAN_POINT('',(0.0139926406871193,-0.052,0.0285));
#10246=CARTESIAN_POINT('',(0.0143461940777126,-0.0523535533905932,0.0285));
#10247=CARTESIAN_POINT('',(-0.0054229834160134,0.00475531267849927,0.0285));
#10248=CARTESIAN_POINT('',(0.00497295119826921,0.0518831484731084,0.028));
#10249=CARTESIAN_POINT('',(0.035099873734153,-0.0315998737341529,0.0285));
#10250=CARTESIAN_POINT('',(0.0161035533905933,-0.0505961940777125,0.0285));
#10251=CARTESIAN_POINT('',(0.00395,0.0521199413065295,0.0285));
#10252=CARTESIAN_POINT('',(0.005,0.0521199413065295,0.028));
#10253=CARTESIAN_POINT('',(0.01575,-0.0502426406871193,0.0285));
#10254=CARTESIAN_POINT('',(0.01625,-0.0502426406871193,0.0285));
#10255=CARTESIAN_POINT('',(0.0055,0.0035,0.0285));
#10256=CARTESIAN_POINT('',(0.005,0.0548800586934706,0.028));
#10257=CARTESIAN_POINT('',(0.01625,0.0035,0.0285));
#10258=CARTESIAN_POINT('',(0.01625,-0.0263330952441687,0.0285));
#10259=CARTESIAN_POINT('',(0.00395,0.0548800586934706,0.0285));
#10260=CARTESIAN_POINT('',(0.00497295119826921,0.0551168515268917,0.028));
#10261=CARTESIAN_POINT('',(0.01575,-0.0263330952441687,0.0285));
#10262=CARTESIAN_POINT('',(0.0161035533905933,-0.0259795418535754,0.0285));
#10263=CARTESIAN_POINT('',(0.0165477660342953,0.00733047833824293,0.0285));
#10264=CARTESIAN_POINT('',(0.00495676117847717,0.0551867928334211,0.028));
#10265=CARTESIAN_POINT('',(0.016,-0.0251688816817957,0.028));
#10266=CARTESIAN_POINT('',(0.0152039844891608,-0.025079972952143,0.0285));
#10267=CARTESIAN_POINT('',(0.00393380998020796,0.05495,0.0285));
#10268=CARTESIAN_POINT('',(0.00393380998020796,0.056,0.028));
#10269=CARTESIAN_POINT('',(0.0163,-0.0239839574413038,0.0285));
#10270=CARTESIAN_POINT('',(0.01475,-0.0239839574413038,0.0285));
#10271=CARTESIAN_POINT('',(1.04083408558608E-17,0.0565,0.0285));
#10272=CARTESIAN_POINT('',(0.003,0.056,0.028));
#10273=CARTESIAN_POINT('',(0.01525,-0.00875,0.028));
#10274=CARTESIAN_POINT('',(0.01475,0.00648395744130388,0.0285));
#10275=CARTESIAN_POINT('',(0.003,0.057,0.0285));
#10276=CARTESIAN_POINT('',(0.002,0.057,0.028));
#10277=CARTESIAN_POINT('',(0.0163,0.00648395744130388,0.0285));
#10278=CARTESIAN_POINT('',(0.0152039844891608,0.00757997295214303,0.0285));
#10279=CARTESIAN_POINT('',(0.0025,0.0035,0.0285));
#10280=CARTESIAN_POINT('',(0.002,0.059,0.028));
#10281=CARTESIAN_POINT('',(0.00556200576850894,-0.00206200576850889,0.0285));
#10282=CARTESIAN_POINT('',(0.0161035533905933,0.00847954185357546,0.0285));
#10283=CARTESIAN_POINT('',(0.003,0.059,0.0285));
#10284=CARTESIAN_POINT('',(0.003,0.06,0.028));
#10285=CARTESIAN_POINT('',(0.01575,0.00883309524416873,0.0285));
#10286=CARTESIAN_POINT('',(0.01625,0.00883309524416873,0.0285));
#10287=CARTESIAN_POINT('',(1.04083408558608E-17,0.0595,0.0285));
#10288=CARTESIAN_POINT('',(0.0126348855193332,0.06,0.028));
#10289=CARTESIAN_POINT('',(0.01625,0.0035,0.0285));
#10290=CARTESIAN_POINT('',(0.01625,0.0121669047558313,0.0285));
#10291=CARTESIAN_POINT('',(0.0126348855193332,0.059,0.0285));
#10292=CARTESIAN_POINT('',(0.0136091247557801,0.0592255169842106,0.028));
#10293=CARTESIAN_POINT('',(0.01575,0.0121669047558313,0.0285));
#10294=CARTESIAN_POINT('',(0.0161035533905933,0.0125204581464245,0.0285));
#10295=CARTESIAN_POINT('',(0.02467318720976,0.00921135154718321,0.0285));
#10296=CARTESIAN_POINT('',(0.0152242392364469,0.0522481804260469,0.028));
#10297=CARTESIAN_POINT('',(0.0125620057685089,0.016062005768509,0.0285));
#10298=CARTESIAN_POINT('',(0.0152039844891608,0.013420027047857,0.0285));
#10299=CARTESIAN_POINT('',(0.01425,0.0520226634418364,0.0285));
#10300=CARTESIAN_POINT('',(0.01525,0.0520226634418364,0.028));
#10301=CARTESIAN_POINT('',(0.0163,0.0145160425586961,0.0285));
#10302=CARTESIAN_POINT('',(0.01475,0.0145160425586961,0.0285));
#10303=CARTESIAN_POINT('',(0.01525,0.018000052409388,0.028));
#10304=CARTESIAN_POINT('',(-0.01625,0.0035,0.0265));
#10305=CARTESIAN_POINT('',(-0.01675,0.00883309524416875,0.027));
#10306=CARTESIAN_POINT('',(-0.01625,0.0121669047558313,0.0265));
#10307=CARTESIAN_POINT('',(-0.01575,0.0121669047558313,0.0265));
#10308=CARTESIAN_POINT('',(-0.0161035533905933,0.0125204581464245,0.0265));
#10309=CARTESIAN_POINT('',(-0.01575,0.00883309524416875,0.0265));
#10310=CARTESIAN_POINT('',(-0.0164571067811866,0.00812598846298221,0.027));
#10311=CARTESIAN_POINT('',(-0.0125620057685089,0.016062005768509,0.0265));
#10312=CARTESIAN_POINT('',(-0.0152039844891608,0.013420027047857,0.0265));
#10313=CARTESIAN_POINT('',(-0.0055620057685089,-0.00206200576850889,0.0265));
#10314=CARTESIAN_POINT('',(-0.0155575378797542,0.0072264195615498,0.027));
#10315=CARTESIAN_POINT('',(-0.0163,0.0145160425586961,0.0265));
#10316=CARTESIAN_POINT('',(-0.01475,0.0145160425586961,0.0265));
#10317=CARTESIAN_POINT('',(-0.0163,0.00648395744130392,0.0265));
#10318=CARTESIAN_POINT('',(-0.01525,0.00648395744130392,0.027));
#10319=CARTESIAN_POINT('',(-0.01475,0.0035,0.0265));
#10320=CARTESIAN_POINT('',(-0.01475,0.0520226634418362,0.0265));
#10321=CARTESIAN_POINT('',(-0.01475,0.0035,0.0265));
#10322=CARTESIAN_POINT('',(-0.01525,-0.0239839574413039,0.027));
#10323=CARTESIAN_POINT('',(-0.01425,0.0520226634418362,0.0265));
#10324=CARTESIAN_POINT('',(-0.0147371196182234,0.0521354219339415,0.0265));
#10325=CARTESIAN_POINT('',(-0.0163,-0.0239839574413039,0.0265));
#10326=CARTESIAN_POINT('',(-0.0155575378797542,-0.0247264195615498,0.027));
#10327=CARTESIAN_POINT('',(-0.0143399236795555,0.0560684466287893,0.027));
#10328=CARTESIAN_POINT('',(-0.0131220051375566,0.0591127584921053,0.0265));
#10329=CARTESIAN_POINT('',(0.0066879942314912,-0.00318799423149123,0.0265));
#10330=CARTESIAN_POINT('',(-0.0164571067811866,-0.0256259884629822,0.027));
#10331=CARTESIAN_POINT('',(-0.0126348855193332,0.059,0.0265));
#10332=CARTESIAN_POINT('',(-0.0126348855193332,0.0595,0.0265));
#10333=CARTESIAN_POINT('',(-0.01575,-0.0263330952441687,0.0265));
#10334=CARTESIAN_POINT('',(-0.01675,-0.0263330952441687,0.027));
#10335=CARTESIAN_POINT('',(1.04083408558608E-17,0.0595,0.0265));
#10336=CARTESIAN_POINT('',(-0.003,0.0595,0.0265));
#10337=CARTESIAN_POINT('',(-0.01625,0.0035,0.0265));
#10338=CARTESIAN_POINT('',(-0.01675,-0.0502426406871193,0.027));
#10339=CARTESIAN_POINT('',(-0.003,0.059,0.0265));
#10340=CARTESIAN_POINT('',(-0.0025,0.059,0.0265));
#10341=CARTESIAN_POINT('',(-0.01575,-0.0502426406871193,0.0265));
#10342=CARTESIAN_POINT('',(-0.0164571067811866,-0.0509497474683058,0.027));
#10343=CARTESIAN_POINT('',(-0.0025,0.0035,0.0265));
#10344=CARTESIAN_POINT('',(-0.0025,0.057,0.0265));
#10345=CARTESIAN_POINT('',(-0.0155784271247462,-0.0518284271247462,0.027));
#10346=CARTESIAN_POINT('',(-0.0146997474683058,-0.0527071067811865,0.027));
#10347=CARTESIAN_POINT('',(-0.003,0.057,0.0265));
#10348=CARTESIAN_POINT('',(-0.003,0.0565,0.0265));
#10349=CARTESIAN_POINT('',(-0.0139926406871193,-0.052,0.0265));
#10350=CARTESIAN_POINT('',(-0.0139926406871193,-0.053,0.027));
#10351=CARTESIAN_POINT('',(1.04083408558608E-17,0.0565,0.0265));
#10352=CARTESIAN_POINT('',(-0.00393380998020796,0.0565,0.0265));
#10353=CARTESIAN_POINT('',(-0.01275,-0.053,0.027));
#10354=CARTESIAN_POINT('',(-0.0115073593128807,-0.053,0.027));
#10355=CARTESIAN_POINT('',(-0.00393380998020796,0.05495,0.0265));
#10356=CARTESIAN_POINT('',(-0.0054438807967006,0.0552995513255264,0.0265));
#10357=CARTESIAN_POINT('',(-0.0115073593128807,-0.052,0.0265));
#10358=CARTESIAN_POINT('',(-0.0108002525316942,-0.0527071067811865,0.027));
#10359=CARTESIAN_POINT('',(-0.0165477660342953,0.00733047833824296,0.0265));
#10360=CARTESIAN_POINT('',(-0.00546007081649265,0.055229610018997,0.0265));
#10361=CARTESIAN_POINT('',(-0.00759314575050763,-0.0495,0.027));
#10362=CARTESIAN_POINT('',(-0.00440068363026175,-0.0463075378797541,0.027));
#10363=CARTESIAN_POINT('',(-0.00395,0.0548800586934706,0.0265));
#10364=CARTESIAN_POINT('',(-0.0055,0.0548800586934706,0.0265));
#10365=CARTESIAN_POINT('',(-0.00365822151001588,-0.04705,0.0265));
#10366=CARTESIAN_POINT('',(-0.00365822151001588,-0.046,0.027));
#10367=CARTESIAN_POINT('',(-0.0055,0.0035,0.0265));
#10368=CARTESIAN_POINT('',(-0.0055,0.0521199413065295,0.0265));
#10369=CARTESIAN_POINT('',(1.64798730217796E-17,-0.046,0.027));
#10370=CARTESIAN_POINT('',(0.00365822151001591,-0.046,0.027));
#10371=CARTESIAN_POINT('',(-0.00395,0.0521199413065295,0.0265));
#10372=CARTESIAN_POINT('',(-0.00546007081649265,0.0517703899810031,0.0265));
#10373=CARTESIAN_POINT('',(0.00365822151001591,-0.04705,0.0265));
#10374=CARTESIAN_POINT('',(0.00440068363026179,-0.0463075378797541,0.027));
#10375=CARTESIAN_POINT('',(-0.00488425995598728,0.0515,0.027));
#10376=CARTESIAN_POINT('',(-0.00544388079670061,0.0517004486744737,0.0265));
#10377=CARTESIAN_POINT('',(0.00759314575050766,-0.0495,0.027));
#10378=CARTESIAN_POINT('',(0.0108002525316942,-0.0527071067811865,0.027));
#10379=CARTESIAN_POINT('',(-0.00393380998020796,0.05205,0.0265));
#10380=CARTESIAN_POINT('',(-0.00393380998020796,0.0505,0.0265));
#10381=CARTESIAN_POINT('',(0.0115073593128807,-0.052,0.0265));
#10382=CARTESIAN_POINT('',(0.0115073593128807,-0.053,0.027));
#10383=CARTESIAN_POINT('',(1.04083408558608E-17,0.0505,0.0265));
#10384=CARTESIAN_POINT('',(0.00393380998020796,0.0505,0.0265));
#10385=CARTESIAN_POINT('',(0.01275,-0.053,0.027));
#10386=CARTESIAN_POINT('',(0.0139926406871193,-0.053,0.027));
#10387=CARTESIAN_POINT('',(0.00393380998020796,0.05205,0.0265));
#10388=CARTESIAN_POINT('',(0.00544388079670061,0.0517004486744737,0.0265));
#10389=CARTESIAN_POINT('',(0.0139926406871193,-0.052,0.0265));
#10390=CARTESIAN_POINT('',(0.0146997474683059,-0.0527071067811865,0.027));
#10391=CARTESIAN_POINT('',(0.00488425995598729,0.0515,0.027));
#10392=CARTESIAN_POINT('',(0.00546007081649265,0.0517703899810031,0.0265));
#10393=CARTESIAN_POINT('',(0.0155784271247462,-0.0518284271247462,0.027));
#10394=CARTESIAN_POINT('',(0.0164571067811866,-0.0509497474683058,0.027));
#10395=CARTESIAN_POINT('',(0.00395,0.0521199413065295,0.0265));
#10396=CARTESIAN_POINT('',(0.0055,0.0521199413065295,0.0265));
#10397=CARTESIAN_POINT('',(0.01575,-0.0502426406871193,0.0265));
#10398=CARTESIAN_POINT('',(0.01675,-0.0502426406871193,0.027));
#10399=CARTESIAN_POINT('',(0.005,0.0535,0.027));
#10400=CARTESIAN_POINT('',(0.0055,0.0548800586934706,0.0265));
#10401=CARTESIAN_POINT('',(0.01675,-0.049,0.027));
#10402=CARTESIAN_POINT('',(0.01675,-0.0263330952441687,0.027));
#10403=CARTESIAN_POINT('',(0.00395,0.0548800586934706,0.0265));
#10404=CARTESIAN_POINT('',(0.00546007081649265,0.055229610018997,0.0265));
#10405=CARTESIAN_POINT('',(0.01575,-0.0263330952441687,0.0265));
#10406=CARTESIAN_POINT('',(0.0164571067811866,-0.0256259884629822,0.027));
#10407=CARTESIAN_POINT('',(0.00488425995598728,0.0555,0.027));
#10408=CARTESIAN_POINT('',(0.00544388079670061,0.0552995513255264,0.0265));
#10409=CARTESIAN_POINT('',(-0.00668799423149109,-0.00318799423149107,0.0265));
#10410=CARTESIAN_POINT('',(0.0155575378797542,-0.0247264195615498,0.027));
#10411=CARTESIAN_POINT('',(0.00393380998020796,0.05495,0.0265));
#10412=CARTESIAN_POINT('',(0.00393380998020796,0.0565,0.0265));
#10413=CARTESIAN_POINT('',(0.0163,-0.0239839574413038,0.0265));
#10414=CARTESIAN_POINT('',(0.01525,-0.0239839574413038,0.027));
#10415=CARTESIAN_POINT('',(0.00338425995598728,0.056,0.027));
#10416=CARTESIAN_POINT('',(0.003,0.0565,0.0265));
#10417=CARTESIAN_POINT('',(0.01475,0.0035,0.0265));
#10418=CARTESIAN_POINT('',(0.01525,0.00648395744130388,0.027));
#10419=CARTESIAN_POINT('',(0.003,0.057,0.0265));
#10420=CARTESIAN_POINT('',(0.0025,0.057,0.0265));
#10421=CARTESIAN_POINT('',(0.0163,0.00648395744130388,0.0265));
#10422=CARTESIAN_POINT('',(0.0155575378797542,0.00722641956154976,0.027));
#10423=CARTESIAN_POINT('',(0.002,0.058,0.027));
#10424=CARTESIAN_POINT('',(0.0025,0.059,0.0265));
#10425=CARTESIAN_POINT('',(0.016,0.00766888168179565,0.027));
#10426=CARTESIAN_POINT('',(0.0164571067811866,0.00812598846298218,0.027));
#10427=CARTESIAN_POINT('',(0.003,0.059,0.0265));
#10428=CARTESIAN_POINT('',(0.003,0.0595,0.0265));
#10429=CARTESIAN_POINT('',(0.01575,0.00883309524416873,0.0265));
#10430=CARTESIAN_POINT('',(0.01675,0.00883309524416873,0.027));
#10431=CARTESIAN_POINT('',(0.00771492367955547,0.06,0.027));
#10432=CARTESIAN_POINT('',(0.0126348855193332,0.0595,0.0265));
#10433=CARTESIAN_POINT('',(0.01675,0.0105,0.027));
#10434=CARTESIAN_POINT('',(0.01675,0.0121669047558313,0.027));
#10435=CARTESIAN_POINT('',(0.0126348855193332,0.059,0.0265));
#10436=CARTESIAN_POINT('',(0.0131220051375567,0.0591127584921053,0.0265));
#10437=CARTESIAN_POINT('',(0.01575,0.0121669047558313,0.0265));
#10438=CARTESIAN_POINT('',(0.0164571067811866,0.0128740115370178,0.027));
#10439=CARTESIAN_POINT('',(0.0143399236795555,0.0560684466287893,0.027));
#10440=CARTESIAN_POINT('',(0.0147371196182234,0.0521354219339416,0.0265));
#10441=CARTESIAN_POINT('',(0.016,0.0133311183182043,0.027));
#10442=CARTESIAN_POINT('',(0.0155575378797542,0.0137735804384502,0.027));
#10443=CARTESIAN_POINT('',(0.01425,0.0520226634418364,0.0265));
#10444=CARTESIAN_POINT('',(0.01475,0.0520226634418364,0.0265));
#10445=CARTESIAN_POINT('',(0.0163,0.0145160425586961,0.0265));
#10446=CARTESIAN_POINT('',(0.01525,0.0145160425586961,0.027));
#10447=CARTESIAN_POINT('',(0.01475,0.0035,0.0265));
#10448=CARTESIAN_POINT('',(0.00975,0.0035,0.0285));
#10449=CARTESIAN_POINT('',(0.00925,-0.01805,0.028));
#10450=CARTESIAN_POINT('',(0.00975,-0.0190687006379887,0.0285));
#10451=CARTESIAN_POINT('',(0.0082,-0.0190687006379887,0.0285));
#10452=CARTESIAN_POINT('',(0.00931313416009016,-0.0201473258470583,0.0285));
#10453=CARTESIAN_POINT('',(0.0082,-0.01805,0.0285));
#10454=CARTESIAN_POINT('',(0.0082,-0.017,0.028));
#10455=CARTESIAN_POINT('',(0.0241249999999997,-0.0345,0.0285));
#10456=CARTESIAN_POINT('',(0.0035231344371875,-0.0335233934611048,0.0285));
#10457=CARTESIAN_POINT('',(1.04083408558608E-17,-0.0165,0.0285));
#10458=CARTESIAN_POINT('',(-0.0082,-0.017,0.028));
#10459=CARTESIAN_POINT('',(0.00197487302519434,-0.03345,0.0285));
#10460=CARTESIAN_POINT('',(0.00197487302519434,-0.035,0.0285));
#10461=CARTESIAN_POINT('',(-0.0082,-0.01805,0.0285));
#10462=CARTESIAN_POINT('',(-0.00925,-0.01805,0.028));
#10463=CARTESIAN_POINT('',(1.04083408558608E-17,-0.035,0.0285));
#10464=CARTESIAN_POINT('',(-0.00197487302519433,-0.035,0.0285));
#10465=CARTESIAN_POINT('',(-0.00975,0.0035,0.0285));
#10466=CARTESIAN_POINT('',(-0.00925,-0.0190687006379887,0.028));
#10467=CARTESIAN_POINT('',(-0.00197487302519433,-0.03345,0.0285));
#10468=CARTESIAN_POINT('',(-0.00352313443718748,-0.0335233934611048,0.0285));
#10469=CARTESIAN_POINT('',(-0.0082,-0.0190687006379887,0.0285));
#10470=CARTESIAN_POINT('',(-0.00895405862457721,-0.0197993822312294,0.028));
#10471=CARTESIAN_POINT('',(-0.0241249999999997,-0.0345,0.0285));
#10472=CARTESIAN_POINT('',(0.00925,-0.01825,0.027));
#10473=CARTESIAN_POINT('',(0.00975,-0.01805,0.0265));
#10474=CARTESIAN_POINT('',(0.00925,-0.0190687006379887,0.027));
#10475=CARTESIAN_POINT('',(0.0082,-0.0190687006379887,0.0265));
#10476=CARTESIAN_POINT('',(0.00895405862457721,-0.0197993822312294,0.027));
#10477=CARTESIAN_POINT('',(0.0082,-0.01805,0.0265));
#10478=CARTESIAN_POINT('',(0.0082,-0.0165,0.0265));
#10479=CARTESIAN_POINT('',(0.0241249999999997,-0.0345,0.027));
#10480=CARTESIAN_POINT('',(0.00302369527202842,-0.033499718151071,0.027));
#10481=CARTESIAN_POINT('',(0.,-0.017,0.027));
#10482=CARTESIAN_POINT('',(-0.0082,-0.0165,0.0265));
#10483=CARTESIAN_POINT('',(0.00197487302519434,-0.03345,0.0265));
#10484=CARTESIAN_POINT('',(0.00197487302519434,-0.0345,0.027));
#10485=CARTESIAN_POINT('',(-0.0082,-0.01805,0.0265));
#10486=CARTESIAN_POINT('',(-0.00975,-0.01805,0.0265));
#10487=CARTESIAN_POINT('',(-8.63024929298462E-17,-0.0345,0.027));
#10488=CARTESIAN_POINT('',(-0.00197487302519433,-0.0345,0.027));
#10489=CARTESIAN_POINT('',(-0.00925,-0.01825,0.027));
#10490=CARTESIAN_POINT('',(-0.00975,-0.0190687006379887,0.0265));
#10491=CARTESIAN_POINT('',(-0.00197487302519433,-0.03345,0.0265));
#10492=CARTESIAN_POINT('',(-0.0030236952720284,-0.033499718151071,0.027));
#10493=CARTESIAN_POINT('',(-0.0082,-0.0190687006379887,0.0265));
#10494=CARTESIAN_POINT('',(-0.00931313416009017,-0.0201473258470583,0.0265));
#10495=CARTESIAN_POINT('',(-0.0241249999999997,-0.0345,0.027));
#10496=CARTESIAN_POINT('',(0.00775,-0.012,0.028));
#10497=CARTESIAN_POINT('',(0.0082,-0.012,0.028));
#10498=CARTESIAN_POINT('',(0.0073,-0.0125,0.0285));
#10499=CARTESIAN_POINT('',(0.0073,-0.01095,0.0285));
#10500=CARTESIAN_POINT('',(0.00575,-0.01095,0.0285));
#10501=CARTESIAN_POINT('',(0.0082,-0.01095,0.0285));
#10502=CARTESIAN_POINT('',(0.00925,-0.01095,0.028));
#10503=CARTESIAN_POINT('',(0.00625,-0.002,0.028));
#10504=CARTESIAN_POINT('',(0.00575,0.00695,0.0285));
#10505=CARTESIAN_POINT('',(0.00975,0.0035,0.0285));
#10506=CARTESIAN_POINT('',(0.00925,0.00695,0.028));
#10507=CARTESIAN_POINT('',(0.0073,0.00695,0.0285));
#10508=CARTESIAN_POINT('',(0.0073,0.0085,0.0285));
#10509=CARTESIAN_POINT('',(0.0082,0.00695,0.0285));
#10510=CARTESIAN_POINT('',(0.0082,0.008,0.028));
#10511=CARTESIAN_POINT('',(1.04083408558608E-17,0.0085,0.0285));
#10512=CARTESIAN_POINT('',(1.04083408558608E-17,-0.0125,0.0265));
#10513=CARTESIAN_POINT('',(0.0082,-0.0125,0.0265));
#10514=CARTESIAN_POINT('',(0.0073,-0.012,0.027));
#10515=CARTESIAN_POINT('',(0.0073,-0.01095,0.0265));
#10516=CARTESIAN_POINT('',(0.00625,-0.01095,0.027));
#10517=CARTESIAN_POINT('',(0.0082,-0.01095,0.0265));
#10518=CARTESIAN_POINT('',(0.00975,-0.01095,0.0265));
#10519=CARTESIAN_POINT('',(0.00575,0.0035,0.0265));
#10520=CARTESIAN_POINT('',(0.00625,0.00695,0.027));
#10521=CARTESIAN_POINT('',(0.00925,-0.002,0.027));
#10522=CARTESIAN_POINT('',(0.00975,0.00695,0.0265));
#10523=CARTESIAN_POINT('',(0.0073,0.00695,0.0265));
#10524=CARTESIAN_POINT('',(0.0073,0.008,0.027));
#10525=CARTESIAN_POINT('',(0.0082,0.00695,0.0265));
#10526=CARTESIAN_POINT('',(0.0082,0.0085,0.0265));
#10527=CARTESIAN_POINT('',(0.00775,0.008,0.027));
#10528=CARTESIAN_POINT('',(-0.00775,-0.012,0.028));
#10529=CARTESIAN_POINT('',(-0.0073,-0.012,0.028));
#10530=CARTESIAN_POINT('',(-0.0082,-0.0125,0.0285));
#10531=CARTESIAN_POINT('',(-0.0082,-0.01095,0.0285));
#10532=CARTESIAN_POINT('',(-0.00975,-0.01095,0.0285));
#10533=CARTESIAN_POINT('',(-0.0073,-0.01095,0.0285));
#10534=CARTESIAN_POINT('',(-0.00625,-0.01095,0.028));
#10535=CARTESIAN_POINT('',(-0.00925,-0.002,0.028));
#10536=CARTESIAN_POINT('',(-0.00975,0.00695,0.0285));
#10537=CARTESIAN_POINT('',(-0.00575,0.0035,0.0285));
#10538=CARTESIAN_POINT('',(-0.00625,0.00695,0.028));
#10539=CARTESIAN_POINT('',(-0.0082,0.00695,0.0285));
#10540=CARTESIAN_POINT('',(-0.0082,0.0085,0.0285));
#10541=CARTESIAN_POINT('',(-0.0073,0.00695,0.0285));
#10542=CARTESIAN_POINT('',(-0.0073,0.008,0.028));
#10543=CARTESIAN_POINT('',(1.04083408558608E-17,0.0085,0.0285));
#10544=CARTESIAN_POINT('',(1.04083408558608E-17,-0.0125,0.0265));
#10545=CARTESIAN_POINT('',(-0.0073,-0.0125,0.0265));
#10546=CARTESIAN_POINT('',(-0.0082,-0.012,0.027));
#10547=CARTESIAN_POINT('',(-0.0082,-0.01095,0.0265));
#10548=CARTESIAN_POINT('',(-0.00925,-0.01095,0.027));
#10549=CARTESIAN_POINT('',(-0.0073,-0.01095,0.0265));
#10550=CARTESIAN_POINT('',(-0.00575,-0.01095,0.0265));
#10551=CARTESIAN_POINT('',(-0.00975,0.0035,0.0265));
#10552=CARTESIAN_POINT('',(-0.00925,0.00695,0.027));
#10553=CARTESIAN_POINT('',(-0.00625,-0.002,0.027));
#10554=CARTESIAN_POINT('',(-0.00575,0.00695,0.0265));
#10555=CARTESIAN_POINT('',(-0.0082,0.00695,0.0265));
#10556=CARTESIAN_POINT('',(-0.0082,0.008,0.027));
#10557=CARTESIAN_POINT('',(-0.0073,0.00695,0.0265));
#10558=CARTESIAN_POINT('',(-0.0073,0.0085,0.0265));
#10559=CARTESIAN_POINT('',(-0.00775,0.008,0.027));
#10560=CARTESIAN_POINT('',(0.004,0.0345,0.028));
#10561=CARTESIAN_POINT('',(0.0035,0.0379701499862441,0.0285));
#10562=CARTESIAN_POINT('',(0.004,0.0310298500137559,0.028));
#10563=CARTESIAN_POINT('',(0.00505,0.0310298500137559,0.0285));
#10564=CARTESIAN_POINT('',(0.0044121241292905,0.0301958150183471,0.028));
#10565=CARTESIAN_POINT('',(0.00505,0.0379701499862441,0.0285));
#10566=CARTESIAN_POINT('',(0.00410837371466693,0.0392013445032762,0.0285));
#10567=CARTESIAN_POINT('',(-0.00470038830941668,0.0182810293696496,0.0285));
#10568=CARTESIAN_POINT('',(0.0082906288021877,0.0257799275824541,0.028));
#10569=CARTESIAN_POINT('',(-0.00470038830941666,0.0507189706303504,0.0285));
#10570=CARTESIAN_POINT('',(0.00785759489846756,0.0434700356913061,0.0285));
#10571=CARTESIAN_POINT('',(0.0092,0.0263048504573504,0.0285));
#10572=CARTESIAN_POINT('',(0.01025,0.0263048504573504,0.028));
#10573=CARTESIAN_POINT('',(0.0092,0.0426951495426496,0.0285));
#10574=CARTESIAN_POINT('',(0.01075,0.0426951495426496,0.0285));
#10575=CARTESIAN_POINT('',(0.01025,0.0345,0.028));
#10576=CARTESIAN_POINT('',(0.0035,0.0035,0.0265));
#10577=CARTESIAN_POINT('',(0.004,0.0379701499862441,0.027));
#10578=CARTESIAN_POINT('',(0.0035,0.0310298500137559,0.0265));
#10579=CARTESIAN_POINT('',(0.00505,0.0310298500137559,0.0265));
#10580=CARTESIAN_POINT('',(0.00410837371466693,0.0297986554967238,0.0265));
#10581=CARTESIAN_POINT('',(0.00505,0.0379701499862441,0.0265));
#10582=CARTESIAN_POINT('',(0.0044121241292905,0.0388041849816529,0.027));
#10583=CARTESIAN_POINT('',(-0.00470038830941668,0.0182810293696496,0.027));
#10584=CARTESIAN_POINT('',(0.00785759489846756,0.0255299643086939,0.0265));
#10585=CARTESIAN_POINT('',(-0.00470038830941666,0.0507189706303504,0.027));
#10586=CARTESIAN_POINT('',(0.0082906288021877,0.0432200724175459,0.027));
#10587=CARTESIAN_POINT('',(0.0092,0.0263048504573504,0.0265));
#10588=CARTESIAN_POINT('',(0.01075,0.0263048504573504,0.0265));
#10589=CARTESIAN_POINT('',(0.0092,0.0426951495426496,0.0265));
#10590=CARTESIAN_POINT('',(0.01025,0.0426951495426496,0.027));
#10591=CARTESIAN_POINT('',(0.01075,0.0035,0.0265));
#10592=CARTESIAN_POINT('',(-0.01075,0.0035,0.0285));
#10593=CARTESIAN_POINT('',(-0.01025,0.0263048504573504,0.028));
#10594=CARTESIAN_POINT('',(-0.01075,0.0426951495426496,0.0285));
#10595=CARTESIAN_POINT('',(-0.0092,0.0426951495426496,0.0285));
#10596=CARTESIAN_POINT('',(-0.00785759489846755,0.0434700356913061,0.0285));
#10597=CARTESIAN_POINT('',(-0.0092,0.0263048504573504,0.0285));
#10598=CARTESIAN_POINT('',(-0.0082906288021877,0.0257799275824541,0.028));
#10599=CARTESIAN_POINT('',(0.00470038830941666,0.0507189706303504,0.0285));
#10600=CARTESIAN_POINT('',(-0.00410837371466692,0.0392013445032762,0.0285));
#10601=CARTESIAN_POINT('',(0.00470038830941668,0.0182810293696496,0.0285));
#10602=CARTESIAN_POINT('',(-0.0044121241292905,0.0301958150183471,0.028));
#10603=CARTESIAN_POINT('',(-0.00505,0.0379701499862441,0.0285));
#10604=CARTESIAN_POINT('',(-0.0035,0.0379701499862441,0.0285));
#10605=CARTESIAN_POINT('',(-0.00505,0.0310298500137559,0.0285));
#10606=CARTESIAN_POINT('',(-0.004,0.0310298500137559,0.028));
#10607=CARTESIAN_POINT('',(-0.0035,0.0035,0.0285));
#10608=CARTESIAN_POINT('',(-0.01025,0.0345,0.027));
#10609=CARTESIAN_POINT('',(-0.01075,0.0263048504573504,0.0265));
#10610=CARTESIAN_POINT('',(-0.01025,0.0426951495426496,0.027));
#10611=CARTESIAN_POINT('',(-0.0092,0.0426951495426496,0.0265));
#10612=CARTESIAN_POINT('',(-0.00829062880218769,0.0432200724175459,0.027));
#10613=CARTESIAN_POINT('',(-0.0092,0.0263048504573504,0.0265));
#10614=CARTESIAN_POINT('',(-0.00785759489846756,0.0255299643086939,0.0265));
#10615=CARTESIAN_POINT('',(0.00470038830941666,0.0507189706303504,0.027));
#10616=CARTESIAN_POINT('',(-0.0044121241292905,0.0388041849816529,0.027));
#10617=CARTESIAN_POINT('',(0.00470038830941668,0.0182810293696496,0.027));
#10618=CARTESIAN_POINT('',(-0.00410837371466692,0.0297986554967238,0.0265));
#10619=CARTESIAN_POINT('',(-0.00505,0.0379701499862441,0.0265));
#10620=CARTESIAN_POINT('',(-0.004,0.0379701499862441,0.027));
#10621=CARTESIAN_POINT('',(-0.00505,0.0310298500137559,0.0265));
#10622=CARTESIAN_POINT('',(-0.0035,0.0310298500137559,0.0265));
#10623=CARTESIAN_POINT('',(-0.004,0.0345,0.027));
#10624=CARTESIAN_POINT('',(0.,0.0185,0.028));
#10625=CARTESIAN_POINT('',(0.0082,0.019,0.0285));
#10626=CARTESIAN_POINT('',(-0.0082,0.0185,0.028));
#10627=CARTESIAN_POINT('',(-0.0082,0.01745,0.0285));
#10628=CARTESIAN_POINT('',(-0.00925,0.01745,0.028));
#10629=CARTESIAN_POINT('',(0.0082,0.01745,0.0285));
#10630=CARTESIAN_POINT('',(0.00975,0.01745,0.0285));
#10631=CARTESIAN_POINT('',(-0.00925,0.01675,0.028));
#10632=CARTESIAN_POINT('',(-0.00925,0.01605,0.028));
#10633=CARTESIAN_POINT('',(0.00925,0.01675,0.028));
#10634=CARTESIAN_POINT('',(0.00975,0.01605,0.0285));
#10635=CARTESIAN_POINT('',(-0.0082,0.01605,0.0285));
#10636=CARTESIAN_POINT('',(-0.0082,0.015,0.028));
#10637=CARTESIAN_POINT('',(0.0082,0.01605,0.0285));
#10638=CARTESIAN_POINT('',(0.0082,0.0145,0.0285));
#10639=CARTESIAN_POINT('',(0.,0.015,0.028));
#10640=CARTESIAN_POINT('',(7.50150692314296E-18,0.019,0.0265));
#10641=CARTESIAN_POINT('',(0.0082,0.0185,0.027));
#10642=CARTESIAN_POINT('',(-0.0082,0.019,0.0265));
#10643=CARTESIAN_POINT('',(-0.0082,0.01745,0.0265));
#10644=CARTESIAN_POINT('',(-0.00975,0.01745,0.0265));
#10645=CARTESIAN_POINT('',(0.0082,0.01745,0.0265));
#10646=CARTESIAN_POINT('',(0.00925,0.01745,0.027));
#10647=CARTESIAN_POINT('',(-0.00975,0.0035,0.0265));
#10648=CARTESIAN_POINT('',(-0.00975,0.01605,0.0265));
#10649=CARTESIAN_POINT('',(0.00975,0.0035,0.0265));
#10650=CARTESIAN_POINT('',(0.00925,0.01605,0.027));
#10651=CARTESIAN_POINT('',(-0.0082,0.01605,0.0265));
#10652=CARTESIAN_POINT('',(-0.0082,0.0145,0.0265));
#10653=CARTESIAN_POINT('',(0.0082,0.01605,0.0265));
#10654=CARTESIAN_POINT('',(0.0082,0.015,0.027));
#10655=CARTESIAN_POINT('',(1.04083408558608E-17,0.0145,0.0265));
#10656=MECHANICAL_DESIGN_GEOMETRIC_PRESENTATION_REPRESENTATION('',(#6257),
#10657);
#10657=(
GEOMETRIC_REPRESENTATION_CONTEXT(3)
GLOBAL_UNCERTAINTY_ASSIGNED_CONTEXT((#10658))
GLOBAL_UNIT_ASSIGNED_CONTEXT((#10661,#10660,#10659))
REPRESENTATION_CONTEXT('Top','TOP_LEVEL_ASSEMBLY_PART')
);
#10658=UNCERTAINTY_MEASURE_WITH_UNIT(LENGTH_MEASURE(1.E-8),#10661,
'DISTANCE_ACCURACY_VALUE','Maximum Tolerance applied to model');
#10659=(
NAMED_UNIT(*)
SI_UNIT($,.STERADIAN.)
SOLID_ANGLE_UNIT()
);
#10660=(
NAMED_UNIT(*)
PLANE_ANGLE_UNIT()
SI_UNIT($,.RADIAN.)
);
#10661=(
LENGTH_UNIT()
NAMED_UNIT(*)
SI_UNIT($,.METRE.)
);
#10662=PRODUCT_DEFINITION_SHAPE('','',#10663);
#10663=PRODUCT_DEFINITION('','',#10665,#10664);
#10664=PRODUCT_DEFINITION_CONTEXT('',#10671,'design');
#10665=PRODUCT_DEFINITION_FORMATION_WITH_SPECIFIED_SOURCE('','',#10667,
 .NOT_KNOWN.);
#10666=PRODUCT_RELATED_PRODUCT_CATEGORY('','',(#10667));
#10667=PRODUCT('Top','Top','Top',(#10669));
#10668=PRODUCT_CATEGORY('','');
#10669=PRODUCT_CONTEXT('',#10671,'mechanical');
#10670=APPLICATION_PROTOCOL_DEFINITION('international standard',
'ap242_managed_model_based_3d_engineering',2020,#10671);
#10671=APPLICATION_CONTEXT('managed model based 3d engineering');
ENDSEC;
END-ISO-10303-21;
