ISO-10303-21;
HEADER;
/* Generated by software containing ST-Developer
 * from STEP Tools, Inc. (www.steptools.com) 
 */
/* OPTION: using custom renumber hook */

FILE_DESCRIPTION(
/* description */ ('STEP AP242 Edition 2',
'CAx-IF Rec.Pracs.---Representation and Presentation of Product Manufa
cturing Information (PMI)---4.0---2014-10-13',
'CAx-IF Rec.Pracs.---3D Tessellated Geometry---0.4---2014-09-14','2;1',
'CAx-IF Rec.Pracs.---User Defined Attributes---1.5---2016-08-15'),
/* implementation_level */ '2;1');

FILE_NAME(
/* name */ 'frame - Arm',
/* time_stamp */ '2026-07-05T17:26:31Z',
/* author */ (''),
/* organization */ (''),
/* preprocessor_version */ 'ST-DEVELOPER v20',
/* originating_system */ 'ONSHAPE BY PTC INC, 1.217',
/* authorisation */ '  ');

FILE_SCHEMA (('AP242_MANAGED_MODEL_BASED_3D_ENGINEERING_MIM_LF { 1 0 10303 442 3 1 4 }'));
ENDSEC;

DATA;
#10=SHAPE_REPRESENTATION_RELATIONSHIP('','',#2557,#11);
#11=ADVANCED_BREP_SHAPE_REPRESENTATION('',(#2555),#4321);
#12=CONICAL_SURFACE('',#2740,0.00594999999999808,0.785398163397448);
#13=CONICAL_SURFACE('',#2741,0.00254999999999996,0.785398163397449);
#14=CONICAL_SURFACE('',#2742,0.0005,0.785398163397448);
#15=CONICAL_SURFACE('',#2745,0.0005,0.785398163397448);
#16=CONICAL_SURFACE('',#2746,0.0005,0.785398163397448);
#17=CONICAL_SURFACE('',#2749,0.0005,0.785398163397448);
#18=CONICAL_SURFACE('',#2750,0.0024,0.785398163397449);
#19=CONICAL_SURFACE('',#2753,0.00155,0.785398163397448);
#20=CONICAL_SURFACE('',#2754,0.0024,0.785398163397448);
#21=CONICAL_SURFACE('',#2757,0.01,0.785398163397449);
#22=CONICAL_SURFACE('',#2758,0.0005,0.785398163397448);
#23=CONICAL_SURFACE('',#2761,0.00055,0.78539816339745);
#24=CONICAL_SURFACE('',#2762,0.0005,0.785398163397448);
#25=CONICAL_SURFACE('',#2765,0.00155,0.78539816339745);
#26=CONICAL_SURFACE('',#2766,0.00155,0.785398163397449);
#27=CONICAL_SURFACE('',#2769,0.0005,0.785398163397452);
#28=CONICAL_SURFACE('',#2770,0.01,0.78539816339745);
#29=CONICAL_SURFACE('',#2773,0.0005,0.785398163397446);
#30=CONICAL_SURFACE('',#2774,0.00055,0.785398163397447);
#31=CONICAL_SURFACE('',#2777,0.0005,0.785398163397449);
#32=CONICAL_SURFACE('',#2778,0.00155,0.785398163397446);
#33=CONICAL_SURFACE('',#2781,0.00644999999999808,0.785398163397448);
#34=CONICAL_SURFACE('',#2782,0.00204999999999997,0.785398163397449);
#35=CONICAL_SURFACE('',#2783,0.0005,0.785398163397448);
#36=CONICAL_SURFACE('',#2786,0.0005,0.785398163397448);
#37=CONICAL_SURFACE('',#2787,0.0005,0.785398163397448);
#38=CONICAL_SURFACE('',#2790,0.0005,0.785398163397448);
#39=CONICAL_SURFACE('',#2791,0.0019,0.785398163397448);
#40=CONICAL_SURFACE('',#2794,0.00155,0.785398163397448);
#41=CONICAL_SURFACE('',#2795,0.0019,0.785398163397448);
#42=CONICAL_SURFACE('',#2798,0.0105,0.78539816339745);
#43=CONICAL_SURFACE('',#2799,0.0005,0.785398163397448);
#44=CONICAL_SURFACE('',#2802,0.00055,0.78539816339745);
#45=CONICAL_SURFACE('',#2803,0.0005,0.785398163397448);
#46=CONICAL_SURFACE('',#2806,0.00155,0.78539816339745);
#47=CONICAL_SURFACE('',#2807,0.00155,0.785398163397448);
#48=CONICAL_SURFACE('',#2810,0.0005,0.785398163397452);
#49=CONICAL_SURFACE('',#2811,0.0105,0.785398163397447);
#50=CONICAL_SURFACE('',#2814,0.0005,0.785398163397446);
#51=CONICAL_SURFACE('',#2815,0.00055,0.785398163397447);
#52=CONICAL_SURFACE('',#2818,0.0005,0.785398163397449);
#53=CONICAL_SURFACE('',#2819,0.00155,0.785398163397446);
#54=CYLINDRICAL_SURFACE('',#2596,0.00105);
#55=CYLINDRICAL_SURFACE('',#2599,0.00105);
#56=CYLINDRICAL_SURFACE('',#2601,0.00105);
#57=CYLINDRICAL_SURFACE('',#2604,0.00105);
#58=CYLINDRICAL_SURFACE('',#2606,0.00105);
#59=CYLINDRICAL_SURFACE('',#2609,0.00105);
#60=CYLINDRICAL_SURFACE('',#2611,0.00105);
#61=CYLINDRICAL_SURFACE('',#2614,0.00105);
#62=CYLINDRICAL_SURFACE('',#2620,0.00204999999999997);
#63=CYLINDRICAL_SURFACE('',#2624,0.00644999999999808);
#64=CYLINDRICAL_SURFACE('',#2630,0.01);
#65=CYLINDRICAL_SURFACE('',#2643,0.00105);
#66=CYLINDRICAL_SURFACE('',#2648,0.01);
#67=CYLINDRICAL_SURFACE('',#2651,0.002);
#68=CYLINDRICAL_SURFACE('',#2653,0.0013);
#69=CYLINDRICAL_SURFACE('',#2682,0.0019);
#70=CYLINDRICAL_SURFACE('',#2687,0.0019);
#71=CYLINDRICAL_SURFACE('',#2691,0.00105);
#72=CYLINDRICAL_SURFACE('',#2694,0.00105);
#73=CYLINDRICAL_SURFACE('',#2697,0.00105);
#74=CYLINDRICAL_SURFACE('',#2700,0.00105);
#75=CYLINDRICAL_SURFACE('',#2703,0.00105);
#76=CYLINDRICAL_SURFACE('',#2706,0.00105);
#77=CYLINDRICAL_SURFACE('',#2709,0.00105);
#78=CYLINDRICAL_SURFACE('',#2710,0.00105);
#79=CYLINDRICAL_SURFACE('',#2711,0.00105);
#80=CYLINDRICAL_SURFACE('',#2712,0.001);
#81=CYLINDRICAL_SURFACE('',#2715,0.001);
#82=CYLINDRICAL_SURFACE('',#2718,0.001);
#83=CYLINDRICAL_SURFACE('',#2721,0.001);
#84=CYLINDRICAL_SURFACE('',#2724,0.001);
#85=CYLINDRICAL_SURFACE('',#2727,0.001);
#86=CYLINDRICAL_SURFACE('',#2730,0.001);
#87=CYLINDRICAL_SURFACE('',#2733,0.001);
#88=CYLINDRICAL_SURFACE('',#2736,0.001);
#89=CIRCLE('',#2561,0.00155);
#90=CIRCLE('',#2562,0.0005);
#91=CIRCLE('',#2563,0.0005);
#92=CIRCLE('',#2564,0.0005);
#93=CIRCLE('',#2565,0.00155);
#94=CIRCLE('',#2566,0.00055);
#95=CIRCLE('',#2567,0.0105);
#96=CIRCLE('',#2568,0.00155);
#97=CIRCLE('',#2569,0.0005);
#98=CIRCLE('',#2570,0.0005);
#99=CIRCLE('',#2571,0.00254999999999996);
#100=CIRCLE('',#2572,0.00594999999999808);
#101=CIRCLE('',#2573,0.0005);
#102=CIRCLE('',#2574,0.0005);
#103=CIRCLE('',#2575,0.0024);
#104=CIRCLE('',#2576,0.0024);
#105=CIRCLE('',#2577,0.0005);
#106=CIRCLE('',#2578,0.0005);
#107=CIRCLE('',#2579,0.00155);
#108=CIRCLE('',#2580,0.0105);
#109=CIRCLE('',#2581,0.00055);
#110=CIRCLE('',#2582,0.00105);
#111=CIRCLE('',#2583,0.00105);
#112=CIRCLE('',#2584,0.00105);
#113=CIRCLE('',#2585,0.00105);
#114=CIRCLE('',#2586,0.0013);
#115=CIRCLE('',#2587,0.002);
#116=CIRCLE('',#2588,0.00105);
#117=CIRCLE('',#2589,0.00105);
#118=CIRCLE('',#2590,0.00105);
#119=CIRCLE('',#2591,0.00105);
#120=CIRCLE('',#2592,0.00105);
#121=CIRCLE('',#2593,0.00105);
#122=CIRCLE('',#2594,0.00105);
#123=CIRCLE('',#2595,0.00105);
#124=CIRCLE('',#2597,0.00105);
#125=CIRCLE('',#2600,0.00105);
#126=CIRCLE('',#2602,0.00105);
#127=CIRCLE('',#2605,0.00105);
#128=CIRCLE('',#2607,0.00105);
#129=CIRCLE('',#2610,0.00105);
#130=CIRCLE('',#2612,0.00105);
#131=CIRCLE('',#2615,0.00105);
#132=CIRCLE('',#2621,0.00204999999999997);
#133=CIRCLE('',#2622,0.00204999999999997);
#134=CIRCLE('',#2625,0.00644999999999808);
#135=CIRCLE('',#2626,0.00644999999999808);
#136=CIRCLE('',#2631,0.01);
#137=CIRCLE('',#2632,0.01);
#138=CIRCLE('',#2644,0.00105);
#139=CIRCLE('',#2649,0.01);
#140=CIRCLE('',#2650,0.01);
#141=CIRCLE('',#2652,0.002);
#142=CIRCLE('',#2654,0.0013);
#143=CIRCLE('',#2658,0.0005);
#144=CIRCLE('',#2659,0.00155);
#145=CIRCLE('',#2660,0.00055);
#146=CIRCLE('',#2661,0.0105);
#147=CIRCLE('',#2662,0.00155);
#148=CIRCLE('',#2663,0.0005);
#149=CIRCLE('',#2664,0.0005);
#150=CIRCLE('',#2665,0.0024);
#151=CIRCLE('',#2666,0.0024);
#152=CIRCLE('',#2667,0.0005);
#153=CIRCLE('',#2668,0.0005);
#154=CIRCLE('',#2669,0.00594999999999808);
#155=CIRCLE('',#2670,0.00254999999999996);
#156=CIRCLE('',#2671,0.0005);
#157=CIRCLE('',#2672,0.0005);
#158=CIRCLE('',#2673,0.00155);
#159=CIRCLE('',#2674,0.0105);
#160=CIRCLE('',#2675,0.00055);
#161=CIRCLE('',#2676,0.00155);
#162=CIRCLE('',#2677,0.0005);
#163=CIRCLE('',#2678,0.0005);
#164=CIRCLE('',#2679,0.00105);
#165=CIRCLE('',#2680,0.00105);
#166=CIRCLE('',#2681,0.00105);
#167=CIRCLE('',#2683,0.0019);
#168=CIRCLE('',#2684,0.0019);
#169=CIRCLE('',#2688,0.0019);
#170=CIRCLE('',#2689,0.0019);
#171=CIRCLE('',#2692,0.00105);
#172=CIRCLE('',#2693,0.00105);
#173=CIRCLE('',#2695,0.00105);
#174=CIRCLE('',#2696,0.00105);
#175=CIRCLE('',#2698,0.00105);
#176=CIRCLE('',#2699,0.00105);
#177=CIRCLE('',#2701,0.00105);
#178=CIRCLE('',#2702,0.00105);
#179=CIRCLE('',#2704,0.00105);
#180=CIRCLE('',#2705,0.00105);
#181=CIRCLE('',#2707,0.00105);
#182=CIRCLE('',#2708,0.00105);
#183=CIRCLE('',#2713,0.001);
#184=CIRCLE('',#2714,0.001);
#185=CIRCLE('',#2716,0.001);
#186=CIRCLE('',#2717,0.001);
#187=CIRCLE('',#2719,0.001);
#188=CIRCLE('',#2720,0.001);
#189=CIRCLE('',#2722,0.001);
#190=CIRCLE('',#2723,0.001);
#191=CIRCLE('',#2725,0.001);
#192=CIRCLE('',#2726,0.001);
#193=CIRCLE('',#2728,0.001);
#194=CIRCLE('',#2729,0.001);
#195=CIRCLE('',#2731,0.001);
#196=CIRCLE('',#2732,0.001);
#197=CIRCLE('',#2734,0.001);
#198=CIRCLE('',#2735,0.001);
#199=CIRCLE('',#2737,0.001);
#200=CIRCLE('',#2738,0.001);
#201=ORIENTED_EDGE('',*,*,#921,.T.);
#202=ORIENTED_EDGE('',*,*,#922,.T.);
#203=ORIENTED_EDGE('',*,*,#923,.T.);
#204=ORIENTED_EDGE('',*,*,#924,.T.);
#205=ORIENTED_EDGE('',*,*,#925,.T.);
#206=ORIENTED_EDGE('',*,*,#926,.T.);
#207=ORIENTED_EDGE('',*,*,#927,.T.);
#208=ORIENTED_EDGE('',*,*,#928,.T.);
#209=ORIENTED_EDGE('',*,*,#929,.T.);
#210=ORIENTED_EDGE('',*,*,#930,.T.);
#211=ORIENTED_EDGE('',*,*,#931,.T.);
#212=ORIENTED_EDGE('',*,*,#932,.T.);
#213=ORIENTED_EDGE('',*,*,#933,.T.);
#214=ORIENTED_EDGE('',*,*,#934,.T.);
#215=ORIENTED_EDGE('',*,*,#935,.T.);
#216=ORIENTED_EDGE('',*,*,#936,.T.);
#217=ORIENTED_EDGE('',*,*,#937,.T.);
#218=ORIENTED_EDGE('',*,*,#938,.T.);
#219=ORIENTED_EDGE('',*,*,#939,.T.);
#220=ORIENTED_EDGE('',*,*,#940,.T.);
#221=ORIENTED_EDGE('',*,*,#941,.T.);
#222=ORIENTED_EDGE('',*,*,#942,.T.);
#223=ORIENTED_EDGE('',*,*,#943,.T.);
#224=ORIENTED_EDGE('',*,*,#944,.T.);
#225=ORIENTED_EDGE('',*,*,#945,.T.);
#226=ORIENTED_EDGE('',*,*,#946,.T.);
#227=ORIENTED_EDGE('',*,*,#947,.T.);
#228=ORIENTED_EDGE('',*,*,#948,.T.);
#229=ORIENTED_EDGE('',*,*,#949,.T.);
#230=ORIENTED_EDGE('',*,*,#950,.T.);
#231=ORIENTED_EDGE('',*,*,#951,.T.);
#232=ORIENTED_EDGE('',*,*,#952,.T.);
#233=ORIENTED_EDGE('',*,*,#953,.T.);
#234=ORIENTED_EDGE('',*,*,#954,.T.);
#235=ORIENTED_EDGE('',*,*,#955,.T.);
#236=ORIENTED_EDGE('',*,*,#956,.T.);
#237=ORIENTED_EDGE('',*,*,#957,.T.);
#238=ORIENTED_EDGE('',*,*,#958,.T.);
#239=ORIENTED_EDGE('',*,*,#959,.T.);
#240=ORIENTED_EDGE('',*,*,#960,.T.);
#241=ORIENTED_EDGE('',*,*,#961,.T.);
#242=ORIENTED_EDGE('',*,*,#962,.T.);
#243=ORIENTED_EDGE('',*,*,#963,.T.);
#244=ORIENTED_EDGE('',*,*,#964,.T.);
#245=ORIENTED_EDGE('',*,*,#965,.T.);
#246=ORIENTED_EDGE('',*,*,#966,.F.);
#247=ORIENTED_EDGE('',*,*,#967,.T.);
#248=ORIENTED_EDGE('',*,*,#968,.T.);
#249=ORIENTED_EDGE('',*,*,#969,.F.);
#250=ORIENTED_EDGE('',*,*,#970,.F.);
#251=ORIENTED_EDGE('',*,*,#971,.F.);
#252=ORIENTED_EDGE('',*,*,#972,.T.);
#253=ORIENTED_EDGE('',*,*,#973,.F.);
#254=ORIENTED_EDGE('',*,*,#974,.F.);
#255=ORIENTED_EDGE('',*,*,#975,.T.);
#256=ORIENTED_EDGE('',*,*,#976,.T.);
#257=ORIENTED_EDGE('',*,*,#977,.T.);
#258=ORIENTED_EDGE('',*,*,#978,.F.);
#259=ORIENTED_EDGE('',*,*,#979,.T.);
#260=ORIENTED_EDGE('',*,*,#980,.T.);
#261=ORIENTED_EDGE('',*,*,#981,.T.);
#262=ORIENTED_EDGE('',*,*,#982,.F.);
#263=ORIENTED_EDGE('',*,*,#983,.T.);
#264=ORIENTED_EDGE('',*,*,#984,.T.);
#265=ORIENTED_EDGE('',*,*,#985,.T.);
#266=ORIENTED_EDGE('',*,*,#986,.F.);
#267=ORIENTED_EDGE('',*,*,#987,.T.);
#268=ORIENTED_EDGE('',*,*,#988,.T.);
#269=ORIENTED_EDGE('',*,*,#989,.T.);
#270=ORIENTED_EDGE('',*,*,#990,.F.);
#271=ORIENTED_EDGE('',*,*,#991,.T.);
#272=ORIENTED_EDGE('',*,*,#992,.F.);
#273=ORIENTED_EDGE('',*,*,#987,.F.);
#274=ORIENTED_EDGE('',*,*,#993,.T.);
#275=ORIENTED_EDGE('',*,*,#994,.T.);
#276=ORIENTED_EDGE('',*,*,#995,.F.);
#277=ORIENTED_EDGE('',*,*,#988,.F.);
#278=ORIENTED_EDGE('',*,*,#992,.T.);
#279=ORIENTED_EDGE('',*,*,#996,.T.);
#280=ORIENTED_EDGE('',*,*,#997,.F.);
#281=ORIENTED_EDGE('',*,*,#989,.F.);
#282=ORIENTED_EDGE('',*,*,#995,.T.);
#283=ORIENTED_EDGE('',*,*,#998,.T.);
#284=ORIENTED_EDGE('',*,*,#999,.F.);
#285=ORIENTED_EDGE('',*,*,#983,.F.);
#286=ORIENTED_EDGE('',*,*,#1000,.T.);
#287=ORIENTED_EDGE('',*,*,#1001,.T.);
#288=ORIENTED_EDGE('',*,*,#1002,.F.);
#289=ORIENTED_EDGE('',*,*,#984,.F.);
#290=ORIENTED_EDGE('',*,*,#999,.T.);
#291=ORIENTED_EDGE('',*,*,#1003,.T.);
#292=ORIENTED_EDGE('',*,*,#1004,.F.);
#293=ORIENTED_EDGE('',*,*,#985,.F.);
#294=ORIENTED_EDGE('',*,*,#1002,.T.);
#295=ORIENTED_EDGE('',*,*,#1005,.T.);
#296=ORIENTED_EDGE('',*,*,#1006,.F.);
#297=ORIENTED_EDGE('',*,*,#979,.F.);
#298=ORIENTED_EDGE('',*,*,#1007,.T.);
#299=ORIENTED_EDGE('',*,*,#1008,.T.);
#300=ORIENTED_EDGE('',*,*,#1009,.F.);
#301=ORIENTED_EDGE('',*,*,#980,.F.);
#302=ORIENTED_EDGE('',*,*,#1006,.T.);
#303=ORIENTED_EDGE('',*,*,#1010,.T.);
#304=ORIENTED_EDGE('',*,*,#1011,.F.);
#305=ORIENTED_EDGE('',*,*,#981,.F.);
#306=ORIENTED_EDGE('',*,*,#1009,.T.);
#307=ORIENTED_EDGE('',*,*,#1012,.T.);
#308=ORIENTED_EDGE('',*,*,#1013,.F.);
#309=ORIENTED_EDGE('',*,*,#975,.F.);
#310=ORIENTED_EDGE('',*,*,#1014,.T.);
#311=ORIENTED_EDGE('',*,*,#1015,.T.);
#312=ORIENTED_EDGE('',*,*,#1016,.F.);
#313=ORIENTED_EDGE('',*,*,#976,.F.);
#314=ORIENTED_EDGE('',*,*,#1013,.T.);
#315=ORIENTED_EDGE('',*,*,#1017,.T.);
#316=ORIENTED_EDGE('',*,*,#1018,.F.);
#317=ORIENTED_EDGE('',*,*,#977,.F.);
#318=ORIENTED_EDGE('',*,*,#1016,.T.);
#319=ORIENTED_EDGE('',*,*,#1019,.T.);
#320=ORIENTED_EDGE('',*,*,#1020,.T.);
#321=ORIENTED_EDGE('',*,*,#1021,.T.);
#322=ORIENTED_EDGE('',*,*,#1022,.T.);
#323=ORIENTED_EDGE('',*,*,#1023,.T.);
#324=ORIENTED_EDGE('',*,*,#1024,.T.);
#325=ORIENTED_EDGE('',*,*,#1025,.T.);
#326=ORIENTED_EDGE('',*,*,#1026,.T.);
#327=ORIENTED_EDGE('',*,*,#1027,.T.);
#328=ORIENTED_EDGE('',*,*,#1028,.T.);
#329=ORIENTED_EDGE('',*,*,#1029,.T.);
#330=ORIENTED_EDGE('',*,*,#1030,.T.);
#331=ORIENTED_EDGE('',*,*,#1031,.F.);
#332=ORIENTED_EDGE('',*,*,#1032,.T.);
#333=ORIENTED_EDGE('',*,*,#1033,.T.);
#334=ORIENTED_EDGE('',*,*,#1034,.T.);
#335=ORIENTED_EDGE('',*,*,#1035,.F.);
#336=ORIENTED_EDGE('',*,*,#1036,.T.);
#337=ORIENTED_EDGE('',*,*,#1031,.T.);
#338=ORIENTED_EDGE('',*,*,#1037,.T.);
#339=ORIENTED_EDGE('',*,*,#1038,.F.);
#340=ORIENTED_EDGE('',*,*,#1039,.T.);
#341=ORIENTED_EDGE('',*,*,#1035,.T.);
#342=ORIENTED_EDGE('',*,*,#1040,.T.);
#343=ORIENTED_EDGE('',*,*,#1041,.T.);
#344=ORIENTED_EDGE('',*,*,#1042,.T.);
#345=ORIENTED_EDGE('',*,*,#1038,.T.);
#346=ORIENTED_EDGE('',*,*,#1043,.T.);
#347=ORIENTED_EDGE('',*,*,#1044,.T.);
#348=ORIENTED_EDGE('',*,*,#1045,.T.);
#349=ORIENTED_EDGE('',*,*,#1046,.T.);
#350=ORIENTED_EDGE('',*,*,#1047,.T.);
#351=ORIENTED_EDGE('',*,*,#1048,.T.);
#352=ORIENTED_EDGE('',*,*,#1049,.T.);
#353=ORIENTED_EDGE('',*,*,#1050,.T.);
#354=ORIENTED_EDGE('',*,*,#1051,.T.);
#355=ORIENTED_EDGE('',*,*,#1052,.F.);
#356=ORIENTED_EDGE('',*,*,#1053,.T.);
#357=ORIENTED_EDGE('',*,*,#1054,.T.);
#358=ORIENTED_EDGE('',*,*,#1055,.T.);
#359=ORIENTED_EDGE('',*,*,#1056,.F.);
#360=ORIENTED_EDGE('',*,*,#1057,.T.);
#361=ORIENTED_EDGE('',*,*,#1052,.T.);
#362=ORIENTED_EDGE('',*,*,#1058,.T.);
#363=ORIENTED_EDGE('',*,*,#1059,.T.);
#364=ORIENTED_EDGE('',*,*,#1060,.T.);
#365=ORIENTED_EDGE('',*,*,#1056,.T.);
#366=ORIENTED_EDGE('',*,*,#1061,.T.);
#367=ORIENTED_EDGE('',*,*,#1062,.T.);
#368=ORIENTED_EDGE('',*,*,#1063,.T.);
#369=ORIENTED_EDGE('',*,*,#1064,.T.);
#370=ORIENTED_EDGE('',*,*,#1065,.T.);
#371=ORIENTED_EDGE('',*,*,#1066,.T.);
#372=ORIENTED_EDGE('',*,*,#1067,.T.);
#373=ORIENTED_EDGE('',*,*,#1068,.T.);
#374=ORIENTED_EDGE('',*,*,#1069,.T.);
#375=ORIENTED_EDGE('',*,*,#1070,.T.);
#376=ORIENTED_EDGE('',*,*,#1071,.T.);
#377=ORIENTED_EDGE('',*,*,#1072,.T.);
#378=ORIENTED_EDGE('',*,*,#1073,.T.);
#379=ORIENTED_EDGE('',*,*,#1074,.T.);
#380=ORIENTED_EDGE('',*,*,#1075,.T.);
#381=ORIENTED_EDGE('',*,*,#1076,.T.);
#382=ORIENTED_EDGE('',*,*,#1077,.T.);
#383=ORIENTED_EDGE('',*,*,#1078,.T.);
#384=ORIENTED_EDGE('',*,*,#1079,.T.);
#385=ORIENTED_EDGE('',*,*,#1080,.T.);
#386=ORIENTED_EDGE('',*,*,#1081,.T.);
#387=ORIENTED_EDGE('',*,*,#1082,.T.);
#388=ORIENTED_EDGE('',*,*,#1083,.T.);
#389=ORIENTED_EDGE('',*,*,#1084,.T.);
#390=ORIENTED_EDGE('',*,*,#1085,.T.);
#391=ORIENTED_EDGE('',*,*,#1086,.F.);
#392=ORIENTED_EDGE('',*,*,#1087,.T.);
#393=ORIENTED_EDGE('',*,*,#1088,.T.);
#394=ORIENTED_EDGE('',*,*,#1089,.T.);
#395=ORIENTED_EDGE('',*,*,#966,.T.);
#396=ORIENTED_EDGE('',*,*,#1090,.T.);
#397=ORIENTED_EDGE('',*,*,#1091,.F.);
#398=ORIENTED_EDGE('',*,*,#1092,.T.);
#399=ORIENTED_EDGE('',*,*,#969,.T.);
#400=ORIENTED_EDGE('',*,*,#1093,.T.);
#401=ORIENTED_EDGE('',*,*,#1094,.F.);
#402=ORIENTED_EDGE('',*,*,#1095,.F.);
#403=ORIENTED_EDGE('',*,*,#1096,.F.);
#404=ORIENTED_EDGE('',*,*,#1097,.F.);
#405=ORIENTED_EDGE('',*,*,#970,.T.);
#406=ORIENTED_EDGE('',*,*,#1095,.T.);
#407=ORIENTED_EDGE('',*,*,#1098,.F.);
#408=ORIENTED_EDGE('',*,*,#1000,.F.);
#409=ORIENTED_EDGE('',*,*,#986,.T.);
#410=ORIENTED_EDGE('',*,*,#1004,.T.);
#411=ORIENTED_EDGE('',*,*,#1099,.F.);
#412=ORIENTED_EDGE('',*,*,#1007,.F.);
#413=ORIENTED_EDGE('',*,*,#982,.T.);
#414=ORIENTED_EDGE('',*,*,#1011,.T.);
#415=ORIENTED_EDGE('',*,*,#1100,.F.);
#416=ORIENTED_EDGE('',*,*,#1014,.F.);
#417=ORIENTED_EDGE('',*,*,#978,.T.);
#418=ORIENTED_EDGE('',*,*,#1018,.T.);
#419=ORIENTED_EDGE('',*,*,#1021,.F.);
#420=ORIENTED_EDGE('',*,*,#1101,.T.);
#421=ORIENTED_EDGE('',*,*,#1086,.T.);
#422=ORIENTED_EDGE('',*,*,#1102,.T.);
#423=ORIENTED_EDGE('',*,*,#974,.T.);
#424=ORIENTED_EDGE('',*,*,#1103,.F.);
#425=ORIENTED_EDGE('',*,*,#973,.T.);
#426=ORIENTED_EDGE('',*,*,#1104,.F.);
#427=ORIENTED_EDGE('',*,*,#1105,.F.);
#428=ORIENTED_EDGE('',*,*,#1106,.T.);
#429=ORIENTED_EDGE('',*,*,#971,.T.);
#430=ORIENTED_EDGE('',*,*,#1097,.T.);
#431=ORIENTED_EDGE('',*,*,#1107,.F.);
#432=ORIENTED_EDGE('',*,*,#993,.F.);
#433=ORIENTED_EDGE('',*,*,#990,.T.);
#434=ORIENTED_EDGE('',*,*,#997,.T.);
#435=ORIENTED_EDGE('',*,*,#1108,.T.);
#436=ORIENTED_EDGE('',*,*,#1109,.T.);
#437=ORIENTED_EDGE('',*,*,#1110,.T.);
#438=ORIENTED_EDGE('',*,*,#1111,.T.);
#439=ORIENTED_EDGE('',*,*,#1112,.T.);
#440=ORIENTED_EDGE('',*,*,#1113,.T.);
#441=ORIENTED_EDGE('',*,*,#1114,.T.);
#442=ORIENTED_EDGE('',*,*,#1115,.T.);
#443=ORIENTED_EDGE('',*,*,#1116,.T.);
#444=ORIENTED_EDGE('',*,*,#1117,.T.);
#445=ORIENTED_EDGE('',*,*,#1118,.T.);
#446=ORIENTED_EDGE('',*,*,#1119,.T.);
#447=ORIENTED_EDGE('',*,*,#1120,.T.);
#448=ORIENTED_EDGE('',*,*,#1121,.T.);
#449=ORIENTED_EDGE('',*,*,#1122,.T.);
#450=ORIENTED_EDGE('',*,*,#1123,.T.);
#451=ORIENTED_EDGE('',*,*,#1124,.T.);
#452=ORIENTED_EDGE('',*,*,#1125,.T.);
#453=ORIENTED_EDGE('',*,*,#1126,.T.);
#454=ORIENTED_EDGE('',*,*,#1127,.T.);
#455=ORIENTED_EDGE('',*,*,#1128,.T.);
#456=ORIENTED_EDGE('',*,*,#1129,.T.);
#457=ORIENTED_EDGE('',*,*,#1130,.T.);
#458=ORIENTED_EDGE('',*,*,#1131,.T.);
#459=ORIENTED_EDGE('',*,*,#1132,.T.);
#460=ORIENTED_EDGE('',*,*,#1133,.T.);
#461=ORIENTED_EDGE('',*,*,#1134,.T.);
#462=ORIENTED_EDGE('',*,*,#1135,.T.);
#463=ORIENTED_EDGE('',*,*,#1136,.T.);
#464=ORIENTED_EDGE('',*,*,#1137,.T.);
#465=ORIENTED_EDGE('',*,*,#1138,.T.);
#466=ORIENTED_EDGE('',*,*,#1139,.T.);
#467=ORIENTED_EDGE('',*,*,#1140,.T.);
#468=ORIENTED_EDGE('',*,*,#1141,.T.);
#469=ORIENTED_EDGE('',*,*,#1142,.T.);
#470=ORIENTED_EDGE('',*,*,#1143,.T.);
#471=ORIENTED_EDGE('',*,*,#1144,.T.);
#472=ORIENTED_EDGE('',*,*,#1145,.T.);
#473=ORIENTED_EDGE('',*,*,#1146,.T.);
#474=ORIENTED_EDGE('',*,*,#1147,.T.);
#475=ORIENTED_EDGE('',*,*,#1148,.T.);
#476=ORIENTED_EDGE('',*,*,#1149,.T.);
#477=ORIENTED_EDGE('',*,*,#1150,.T.);
#478=ORIENTED_EDGE('',*,*,#1091,.T.);
#479=ORIENTED_EDGE('',*,*,#1151,.T.);
#480=ORIENTED_EDGE('',*,*,#1105,.T.);
#481=ORIENTED_EDGE('',*,*,#1096,.T.);
#482=ORIENTED_EDGE('',*,*,#1094,.T.);
#483=ORIENTED_EDGE('',*,*,#1104,.T.);
#484=ORIENTED_EDGE('',*,*,#1103,.T.);
#485=ORIENTED_EDGE('',*,*,#1012,.F.);
#486=ORIENTED_EDGE('',*,*,#1100,.T.);
#487=ORIENTED_EDGE('',*,*,#1017,.F.);
#488=ORIENTED_EDGE('',*,*,#1015,.F.);
#489=ORIENTED_EDGE('',*,*,#1005,.F.);
#490=ORIENTED_EDGE('',*,*,#1099,.T.);
#491=ORIENTED_EDGE('',*,*,#1010,.F.);
#492=ORIENTED_EDGE('',*,*,#1008,.F.);
#493=ORIENTED_EDGE('',*,*,#998,.F.);
#494=ORIENTED_EDGE('',*,*,#1098,.T.);
#495=ORIENTED_EDGE('',*,*,#1003,.F.);
#496=ORIENTED_EDGE('',*,*,#1001,.F.);
#497=ORIENTED_EDGE('',*,*,#991,.F.);
#498=ORIENTED_EDGE('',*,*,#1107,.T.);
#499=ORIENTED_EDGE('',*,*,#996,.F.);
#500=ORIENTED_EDGE('',*,*,#994,.F.);
#501=ORIENTED_EDGE('',*,*,#1152,.T.);
#502=ORIENTED_EDGE('',*,*,#1153,.T.);
#503=ORIENTED_EDGE('',*,*,#1154,.F.);
#504=ORIENTED_EDGE('',*,*,#1155,.T.);
#505=ORIENTED_EDGE('',*,*,#1154,.T.);
#506=ORIENTED_EDGE('',*,*,#1156,.T.);
#507=ORIENTED_EDGE('',*,*,#1157,.T.);
#508=ORIENTED_EDGE('',*,*,#1158,.T.);
#509=ORIENTED_EDGE('',*,*,#1159,.T.);
#510=ORIENTED_EDGE('',*,*,#1160,.T.);
#511=ORIENTED_EDGE('',*,*,#1161,.F.);
#512=ORIENTED_EDGE('',*,*,#1162,.T.);
#513=ORIENTED_EDGE('',*,*,#1161,.T.);
#514=ORIENTED_EDGE('',*,*,#1163,.T.);
#515=ORIENTED_EDGE('',*,*,#1164,.F.);
#516=ORIENTED_EDGE('',*,*,#1165,.T.);
#517=ORIENTED_EDGE('',*,*,#1164,.T.);
#518=ORIENTED_EDGE('',*,*,#1166,.T.);
#519=ORIENTED_EDGE('',*,*,#1152,.F.);
#520=ORIENTED_EDGE('',*,*,#1167,.T.);
#521=ORIENTED_EDGE('',*,*,#1088,.F.);
#522=ORIENTED_EDGE('',*,*,#1168,.T.);
#523=ORIENTED_EDGE('',*,*,#1082,.F.);
#524=ORIENTED_EDGE('',*,*,#1169,.T.);
#525=ORIENTED_EDGE('',*,*,#1025,.F.);
#526=ORIENTED_EDGE('',*,*,#1170,.T.);
#527=ORIENTED_EDGE('',*,*,#1019,.F.);
#528=ORIENTED_EDGE('',*,*,#1171,.T.);
#529=ORIENTED_EDGE('',*,*,#1084,.F.);
#530=ORIENTED_EDGE('',*,*,#1172,.T.);
#531=ORIENTED_EDGE('',*,*,#1078,.F.);
#532=ORIENTED_EDGE('',*,*,#1173,.T.);
#533=ORIENTED_EDGE('',*,*,#1064,.F.);
#534=ORIENTED_EDGE('',*,*,#1174,.T.);
#535=ORIENTED_EDGE('',*,*,#1059,.F.);
#536=ORIENTED_EDGE('',*,*,#1175,.T.);
#537=ORIENTED_EDGE('',*,*,#1054,.F.);
#538=ORIENTED_EDGE('',*,*,#1176,.T.);
#539=ORIENTED_EDGE('',*,*,#1048,.F.);
#540=ORIENTED_EDGE('',*,*,#1177,.T.);
#541=ORIENTED_EDGE('',*,*,#1068,.F.);
#542=ORIENTED_EDGE('',*,*,#1178,.T.);
#543=ORIENTED_EDGE('',*,*,#1062,.F.);
#544=ORIENTED_EDGE('',*,*,#1179,.T.);
#545=ORIENTED_EDGE('',*,*,#972,.F.);
#546=ORIENTED_EDGE('',*,*,#1106,.F.);
#547=ORIENTED_EDGE('',*,*,#1151,.F.);
#548=ORIENTED_EDGE('',*,*,#1090,.F.);
#549=ORIENTED_EDGE('',*,*,#1180,.F.);
#550=ORIENTED_EDGE('',*,*,#967,.F.);
#551=ORIENTED_EDGE('',*,*,#1092,.F.);
#552=ORIENTED_EDGE('',*,*,#1150,.F.);
#553=ORIENTED_EDGE('',*,*,#968,.F.);
#554=ORIENTED_EDGE('',*,*,#1180,.T.);
#555=ORIENTED_EDGE('',*,*,#1149,.F.);
#556=ORIENTED_EDGE('',*,*,#1093,.F.);
#557=ORIENTED_EDGE('',*,*,#923,.F.);
#558=ORIENTED_EDGE('',*,*,#1181,.T.);
#559=ORIENTED_EDGE('',*,*,#1159,.F.);
#560=ORIENTED_EDGE('',*,*,#1182,.T.);
#561=ORIENTED_EDGE('',*,*,#1157,.F.);
#562=ORIENTED_EDGE('',*,*,#1183,.T.);
#563=ORIENTED_EDGE('',*,*,#1044,.F.);
#564=ORIENTED_EDGE('',*,*,#1184,.T.);
#565=ORIENTED_EDGE('',*,*,#1046,.F.);
#566=ORIENTED_EDGE('',*,*,#1185,.T.);
#567=ORIENTED_EDGE('',*,*,#1041,.F.);
#568=ORIENTED_EDGE('',*,*,#1186,.T.);
#569=ORIENTED_EDGE('',*,*,#1033,.F.);
#570=ORIENTED_EDGE('',*,*,#1187,.T.);
#571=ORIENTED_EDGE('',*,*,#1027,.F.);
#572=ORIENTED_EDGE('',*,*,#1188,.T.);
#573=ORIENTED_EDGE('',*,*,#1050,.F.);
#574=ORIENTED_EDGE('',*,*,#1189,.T.);
#575=ORIENTED_EDGE('',*,*,#921,.F.);
#576=ORIENTED_EDGE('',*,*,#1190,.T.);
#577=ORIENTED_EDGE('',*,*,#1029,.F.);
#578=ORIENTED_EDGE('',*,*,#1191,.T.);
#579=ORIENTED_EDGE('',*,*,#1023,.F.);
#580=ORIENTED_EDGE('',*,*,#1192,.T.);
#581=ORIENTED_EDGE('',*,*,#1080,.F.);
#582=ORIENTED_EDGE('',*,*,#1193,.T.);
#583=ORIENTED_EDGE('',*,*,#1074,.F.);
#584=ORIENTED_EDGE('',*,*,#1194,.T.);
#585=ORIENTED_EDGE('',*,*,#1076,.F.);
#586=ORIENTED_EDGE('',*,*,#1195,.T.);
#587=ORIENTED_EDGE('',*,*,#1070,.F.);
#588=ORIENTED_EDGE('',*,*,#1196,.T.);
#589=ORIENTED_EDGE('',*,*,#1072,.F.);
#590=ORIENTED_EDGE('',*,*,#1197,.T.);
#591=ORIENTED_EDGE('',*,*,#1066,.F.);
#592=ORIENTED_EDGE('',*,*,#1198,.T.);
#593=ORIENTED_EDGE('',*,*,#1199,.F.);
#594=ORIENTED_EDGE('',*,*,#1039,.F.);
#595=ORIENTED_EDGE('',*,*,#1200,.F.);
#596=ORIENTED_EDGE('',*,*,#946,.F.);
#597=ORIENTED_EDGE('',*,*,#1200,.T.);
#598=ORIENTED_EDGE('',*,*,#1042,.F.);
#599=ORIENTED_EDGE('',*,*,#1201,.F.);
#600=ORIENTED_EDGE('',*,*,#947,.F.);
#601=ORIENTED_EDGE('',*,*,#1199,.T.);
#602=ORIENTED_EDGE('',*,*,#945,.F.);
#603=ORIENTED_EDGE('',*,*,#1202,.F.);
#604=ORIENTED_EDGE('',*,*,#1036,.F.);
#605=ORIENTED_EDGE('',*,*,#1201,.T.);
#606=ORIENTED_EDGE('',*,*,#1185,.F.);
#607=ORIENTED_EDGE('',*,*,#1203,.F.);
#608=ORIENTED_EDGE('',*,*,#948,.F.);
#609=ORIENTED_EDGE('',*,*,#1202,.T.);
#610=ORIENTED_EDGE('',*,*,#944,.F.);
#611=ORIENTED_EDGE('',*,*,#1204,.F.);
#612=ORIENTED_EDGE('',*,*,#1032,.F.);
#613=ORIENTED_EDGE('',*,*,#1203,.T.);
#614=ORIENTED_EDGE('',*,*,#1045,.F.);
#615=ORIENTED_EDGE('',*,*,#1205,.F.);
#616=ORIENTED_EDGE('',*,*,#949,.F.);
#617=ORIENTED_EDGE('',*,*,#1204,.T.);
#618=ORIENTED_EDGE('',*,*,#943,.F.);
#619=ORIENTED_EDGE('',*,*,#1206,.F.);
#620=ORIENTED_EDGE('',*,*,#1187,.F.);
#621=ORIENTED_EDGE('',*,*,#1205,.T.);
#622=ORIENTED_EDGE('',*,*,#1183,.F.);
#623=ORIENTED_EDGE('',*,*,#1207,.F.);
#624=ORIENTED_EDGE('',*,*,#950,.F.);
#625=ORIENTED_EDGE('',*,*,#1206,.T.);
#626=ORIENTED_EDGE('',*,*,#942,.F.);
#627=ORIENTED_EDGE('',*,*,#1208,.F.);
#628=ORIENTED_EDGE('',*,*,#1028,.F.);
#629=ORIENTED_EDGE('',*,*,#1207,.T.);
#630=ORIENTED_EDGE('',*,*,#1156,.F.);
#631=ORIENTED_EDGE('',*,*,#1209,.F.);
#632=ORIENTED_EDGE('',*,*,#951,.F.);
#633=ORIENTED_EDGE('',*,*,#1208,.T.);
#634=ORIENTED_EDGE('',*,*,#941,.F.);
#635=ORIENTED_EDGE('',*,*,#1210,.F.);
#636=ORIENTED_EDGE('',*,*,#1191,.F.);
#637=ORIENTED_EDGE('',*,*,#1209,.T.);
#638=ORIENTED_EDGE('',*,*,#1153,.F.);
#639=ORIENTED_EDGE('',*,*,#1211,.F.);
#640=ORIENTED_EDGE('',*,*,#952,.F.);
#641=ORIENTED_EDGE('',*,*,#1210,.T.);
#642=ORIENTED_EDGE('',*,*,#940,.F.);
#643=ORIENTED_EDGE('',*,*,#1212,.F.);
#644=ORIENTED_EDGE('',*,*,#1024,.F.);
#645=ORIENTED_EDGE('',*,*,#1211,.T.);
#646=ORIENTED_EDGE('',*,*,#1166,.F.);
#647=ORIENTED_EDGE('',*,*,#1213,.F.);
#648=ORIENTED_EDGE('',*,*,#953,.F.);
#649=ORIENTED_EDGE('',*,*,#1212,.T.);
#650=ORIENTED_EDGE('',*,*,#939,.F.);
#651=ORIENTED_EDGE('',*,*,#1214,.F.);
#652=ORIENTED_EDGE('',*,*,#1170,.F.);
#653=ORIENTED_EDGE('',*,*,#1213,.T.);
#654=ORIENTED_EDGE('',*,*,#1163,.F.);
#655=ORIENTED_EDGE('',*,*,#1215,.F.);
#656=ORIENTED_EDGE('',*,*,#954,.F.);
#657=ORIENTED_EDGE('',*,*,#1214,.T.);
#658=ORIENTED_EDGE('',*,*,#938,.F.);
#659=ORIENTED_EDGE('',*,*,#1216,.F.);
#660=ORIENTED_EDGE('',*,*,#1020,.F.);
#661=ORIENTED_EDGE('',*,*,#1215,.T.);
#662=ORIENTED_EDGE('',*,*,#1160,.F.);
#663=ORIENTED_EDGE('',*,*,#1217,.F.);
#664=ORIENTED_EDGE('',*,*,#955,.F.);
#665=ORIENTED_EDGE('',*,*,#1216,.T.);
#666=ORIENTED_EDGE('',*,*,#937,.F.);
#667=ORIENTED_EDGE('',*,*,#1218,.F.);
#668=ORIENTED_EDGE('',*,*,#1101,.F.);
#669=ORIENTED_EDGE('',*,*,#1217,.T.);
#670=ORIENTED_EDGE('',*,*,#1181,.F.);
#671=ORIENTED_EDGE('',*,*,#1219,.F.);
#672=ORIENTED_EDGE('',*,*,#956,.F.);
#673=ORIENTED_EDGE('',*,*,#1218,.T.);
#674=ORIENTED_EDGE('',*,*,#936,.F.);
#675=ORIENTED_EDGE('',*,*,#1220,.F.);
#676=ORIENTED_EDGE('',*,*,#1087,.F.);
#677=ORIENTED_EDGE('',*,*,#1219,.T.);
#678=ORIENTED_EDGE('',*,*,#922,.F.);
#679=ORIENTED_EDGE('',*,*,#1221,.F.);
#680=ORIENTED_EDGE('',*,*,#957,.F.);
#681=ORIENTED_EDGE('',*,*,#1220,.T.);
#682=ORIENTED_EDGE('',*,*,#935,.F.);
#683=ORIENTED_EDGE('',*,*,#1222,.F.);
#684=ORIENTED_EDGE('',*,*,#1168,.F.);
#685=ORIENTED_EDGE('',*,*,#1221,.T.);
#686=ORIENTED_EDGE('',*,*,#1189,.F.);
#687=ORIENTED_EDGE('',*,*,#1223,.F.);
#688=ORIENTED_EDGE('',*,*,#958,.F.);
#689=ORIENTED_EDGE('',*,*,#1222,.T.);
#690=ORIENTED_EDGE('',*,*,#934,.F.);
#691=ORIENTED_EDGE('',*,*,#1224,.F.);
#692=ORIENTED_EDGE('',*,*,#1083,.F.);
#693=ORIENTED_EDGE('',*,*,#1223,.T.);
#694=ORIENTED_EDGE('',*,*,#1049,.F.);
#695=ORIENTED_EDGE('',*,*,#1225,.F.);
#696=ORIENTED_EDGE('',*,*,#959,.F.);
#697=ORIENTED_EDGE('',*,*,#1224,.T.);
#698=ORIENTED_EDGE('',*,*,#933,.F.);
#699=ORIENTED_EDGE('',*,*,#1226,.F.);
#700=ORIENTED_EDGE('',*,*,#1172,.F.);
#701=ORIENTED_EDGE('',*,*,#1225,.T.);
#702=ORIENTED_EDGE('',*,*,#1176,.F.);
#703=ORIENTED_EDGE('',*,*,#1227,.F.);
#704=ORIENTED_EDGE('',*,*,#960,.F.);
#705=ORIENTED_EDGE('',*,*,#1226,.T.);
#706=ORIENTED_EDGE('',*,*,#932,.F.);
#707=ORIENTED_EDGE('',*,*,#1228,.F.);
#708=ORIENTED_EDGE('',*,*,#1079,.F.);
#709=ORIENTED_EDGE('',*,*,#1227,.T.);
#710=ORIENTED_EDGE('',*,*,#1053,.F.);
#711=ORIENTED_EDGE('',*,*,#1229,.F.);
#712=ORIENTED_EDGE('',*,*,#961,.F.);
#713=ORIENTED_EDGE('',*,*,#1228,.T.);
#714=ORIENTED_EDGE('',*,*,#931,.F.);
#715=ORIENTED_EDGE('',*,*,#1230,.F.);
#716=ORIENTED_EDGE('',*,*,#1193,.F.);
#717=ORIENTED_EDGE('',*,*,#1229,.T.);
#718=ORIENTED_EDGE('',*,*,#1057,.F.);
#719=ORIENTED_EDGE('',*,*,#1231,.F.);
#720=ORIENTED_EDGE('',*,*,#962,.F.);
#721=ORIENTED_EDGE('',*,*,#1230,.T.);
#722=ORIENTED_EDGE('',*,*,#930,.F.);
#723=ORIENTED_EDGE('',*,*,#1232,.F.);
#724=ORIENTED_EDGE('',*,*,#1075,.F.);
#725=ORIENTED_EDGE('',*,*,#1231,.T.);
#726=ORIENTED_EDGE('',*,*,#1060,.F.);
#727=ORIENTED_EDGE('',*,*,#1233,.F.);
#728=ORIENTED_EDGE('',*,*,#963,.F.);
#729=ORIENTED_EDGE('',*,*,#1232,.T.);
#730=ORIENTED_EDGE('',*,*,#929,.F.);
#731=ORIENTED_EDGE('',*,*,#1234,.F.);
#732=ORIENTED_EDGE('',*,*,#1195,.F.);
#733=ORIENTED_EDGE('',*,*,#1233,.T.);
#734=ORIENTED_EDGE('',*,*,#1174,.F.);
#735=ORIENTED_EDGE('',*,*,#1235,.F.);
#736=ORIENTED_EDGE('',*,*,#964,.F.);
#737=ORIENTED_EDGE('',*,*,#1234,.T.);
#738=ORIENTED_EDGE('',*,*,#928,.F.);
#739=ORIENTED_EDGE('',*,*,#1236,.F.);
#740=ORIENTED_EDGE('',*,*,#1071,.F.);
#741=ORIENTED_EDGE('',*,*,#1235,.T.);
#742=ORIENTED_EDGE('',*,*,#1063,.F.);
#743=ORIENTED_EDGE('',*,*,#1237,.F.);
#744=ORIENTED_EDGE('',*,*,#965,.F.);
#745=ORIENTED_EDGE('',*,*,#1236,.T.);
#746=ORIENTED_EDGE('',*,*,#927,.F.);
#747=ORIENTED_EDGE('',*,*,#1238,.F.);
#748=ORIENTED_EDGE('',*,*,#1197,.F.);
#749=ORIENTED_EDGE('',*,*,#1237,.T.);
#750=ORIENTED_EDGE('',*,*,#1178,.F.);
#751=ORIENTED_EDGE('',*,*,#1239,.F.);
#752=ORIENTED_EDGE('',*,*,#925,.F.);
#753=ORIENTED_EDGE('',*,*,#1238,.T.);
#754=ORIENTED_EDGE('',*,*,#926,.F.);
#755=ORIENTED_EDGE('',*,*,#1239,.T.);
#756=ORIENTED_EDGE('',*,*,#1067,.F.);
#757=ORIENTED_EDGE('',*,*,#1240,.F.);
#758=ORIENTED_EDGE('',*,*,#1130,.F.);
#759=ORIENTED_EDGE('',*,*,#1241,.F.);
#760=ORIENTED_EDGE('',*,*,#1040,.F.);
#761=ORIENTED_EDGE('',*,*,#1241,.T.);
#762=ORIENTED_EDGE('',*,*,#1129,.F.);
#763=ORIENTED_EDGE('',*,*,#1242,.F.);
#764=ORIENTED_EDGE('',*,*,#1043,.F.);
#765=ORIENTED_EDGE('',*,*,#1240,.T.);
#766=ORIENTED_EDGE('',*,*,#1037,.F.);
#767=ORIENTED_EDGE('',*,*,#1243,.F.);
#768=ORIENTED_EDGE('',*,*,#1131,.F.);
#769=ORIENTED_EDGE('',*,*,#1242,.T.);
#770=ORIENTED_EDGE('',*,*,#1128,.F.);
#771=ORIENTED_EDGE('',*,*,#1244,.F.);
#772=ORIENTED_EDGE('',*,*,#1186,.F.);
#773=ORIENTED_EDGE('',*,*,#1243,.T.);
#774=ORIENTED_EDGE('',*,*,#1034,.F.);
#775=ORIENTED_EDGE('',*,*,#1245,.F.);
#776=ORIENTED_EDGE('',*,*,#1132,.F.);
#777=ORIENTED_EDGE('',*,*,#1244,.T.);
#778=ORIENTED_EDGE('',*,*,#1127,.F.);
#779=ORIENTED_EDGE('',*,*,#1246,.F.);
#780=ORIENTED_EDGE('',*,*,#1047,.F.);
#781=ORIENTED_EDGE('',*,*,#1245,.T.);
#782=ORIENTED_EDGE('',*,*,#1188,.F.);
#783=ORIENTED_EDGE('',*,*,#1247,.F.);
#784=ORIENTED_EDGE('',*,*,#1133,.F.);
#785=ORIENTED_EDGE('',*,*,#1246,.T.);
#786=ORIENTED_EDGE('',*,*,#1126,.F.);
#787=ORIENTED_EDGE('',*,*,#1248,.F.);
#788=ORIENTED_EDGE('',*,*,#1184,.F.);
#789=ORIENTED_EDGE('',*,*,#1247,.T.);
#790=ORIENTED_EDGE('',*,*,#1030,.F.);
#791=ORIENTED_EDGE('',*,*,#1249,.F.);
#792=ORIENTED_EDGE('',*,*,#1134,.F.);
#793=ORIENTED_EDGE('',*,*,#1248,.T.);
#794=ORIENTED_EDGE('',*,*,#1125,.F.);
#795=ORIENTED_EDGE('',*,*,#1250,.F.);
#796=ORIENTED_EDGE('',*,*,#1158,.F.);
#797=ORIENTED_EDGE('',*,*,#1249,.T.);
#798=ORIENTED_EDGE('',*,*,#1192,.F.);
#799=ORIENTED_EDGE('',*,*,#1251,.F.);
#800=ORIENTED_EDGE('',*,*,#1135,.F.);
#801=ORIENTED_EDGE('',*,*,#1250,.T.);
#802=ORIENTED_EDGE('',*,*,#1124,.F.);
#803=ORIENTED_EDGE('',*,*,#1252,.F.);
#804=ORIENTED_EDGE('',*,*,#1155,.F.);
#805=ORIENTED_EDGE('',*,*,#1251,.T.);
#806=ORIENTED_EDGE('',*,*,#1026,.F.);
#807=ORIENTED_EDGE('',*,*,#1253,.F.);
#808=ORIENTED_EDGE('',*,*,#1136,.F.);
#809=ORIENTED_EDGE('',*,*,#1252,.T.);
#810=ORIENTED_EDGE('',*,*,#1123,.F.);
#811=ORIENTED_EDGE('',*,*,#1254,.F.);
#812=ORIENTED_EDGE('',*,*,#1167,.F.);
#813=ORIENTED_EDGE('',*,*,#1253,.T.);
#814=ORIENTED_EDGE('',*,*,#1171,.F.);
#815=ORIENTED_EDGE('',*,*,#1255,.F.);
#816=ORIENTED_EDGE('',*,*,#1137,.F.);
#817=ORIENTED_EDGE('',*,*,#1254,.T.);
#818=ORIENTED_EDGE('',*,*,#1122,.F.);
#819=ORIENTED_EDGE('',*,*,#1256,.F.);
#820=ORIENTED_EDGE('',*,*,#1165,.F.);
#821=ORIENTED_EDGE('',*,*,#1255,.T.);
#822=ORIENTED_EDGE('',*,*,#1022,.F.);
#823=ORIENTED_EDGE('',*,*,#1257,.F.);
#824=ORIENTED_EDGE('',*,*,#1138,.F.);
#825=ORIENTED_EDGE('',*,*,#1256,.T.);
#826=ORIENTED_EDGE('',*,*,#1121,.F.);
#827=ORIENTED_EDGE('',*,*,#1258,.F.);
#828=ORIENTED_EDGE('',*,*,#1162,.F.);
#829=ORIENTED_EDGE('',*,*,#1257,.T.);
#830=ORIENTED_EDGE('',*,*,#1102,.F.);
#831=ORIENTED_EDGE('',*,*,#1259,.F.);
#832=ORIENTED_EDGE('',*,*,#1139,.F.);
#833=ORIENTED_EDGE('',*,*,#1258,.T.);
#834=ORIENTED_EDGE('',*,*,#1120,.F.);
#835=ORIENTED_EDGE('',*,*,#1260,.F.);
#836=ORIENTED_EDGE('',*,*,#1182,.F.);
#837=ORIENTED_EDGE('',*,*,#1259,.T.);
#838=ORIENTED_EDGE('',*,*,#1089,.F.);
#839=ORIENTED_EDGE('',*,*,#1261,.F.);
#840=ORIENTED_EDGE('',*,*,#1140,.F.);
#841=ORIENTED_EDGE('',*,*,#1260,.T.);
#842=ORIENTED_EDGE('',*,*,#1119,.F.);
#843=ORIENTED_EDGE('',*,*,#1262,.F.);
#844=ORIENTED_EDGE('',*,*,#924,.F.);
#845=ORIENTED_EDGE('',*,*,#1261,.T.);
#846=ORIENTED_EDGE('',*,*,#1169,.F.);
#847=ORIENTED_EDGE('',*,*,#1263,.F.);
#848=ORIENTED_EDGE('',*,*,#1141,.F.);
#849=ORIENTED_EDGE('',*,*,#1262,.T.);
#850=ORIENTED_EDGE('',*,*,#1118,.F.);
#851=ORIENTED_EDGE('',*,*,#1264,.F.);
#852=ORIENTED_EDGE('',*,*,#1190,.F.);
#853=ORIENTED_EDGE('',*,*,#1263,.T.);
#854=ORIENTED_EDGE('',*,*,#1085,.F.);
#855=ORIENTED_EDGE('',*,*,#1265,.F.);
#856=ORIENTED_EDGE('',*,*,#1142,.F.);
#857=ORIENTED_EDGE('',*,*,#1264,.T.);
#858=ORIENTED_EDGE('',*,*,#1117,.F.);
#859=ORIENTED_EDGE('',*,*,#1266,.F.);
#860=ORIENTED_EDGE('',*,*,#1051,.F.);
#861=ORIENTED_EDGE('',*,*,#1265,.T.);
#862=ORIENTED_EDGE('',*,*,#1173,.F.);
#863=ORIENTED_EDGE('',*,*,#1267,.F.);
#864=ORIENTED_EDGE('',*,*,#1143,.F.);
#865=ORIENTED_EDGE('',*,*,#1266,.T.);
#866=ORIENTED_EDGE('',*,*,#1116,.F.);
#867=ORIENTED_EDGE('',*,*,#1268,.F.);
#868=ORIENTED_EDGE('',*,*,#1177,.F.);
#869=ORIENTED_EDGE('',*,*,#1267,.T.);
#870=ORIENTED_EDGE('',*,*,#1081,.F.);
#871=ORIENTED_EDGE('',*,*,#1269,.F.);
#872=ORIENTED_EDGE('',*,*,#1144,.F.);
#873=ORIENTED_EDGE('',*,*,#1268,.T.);
#874=ORIENTED_EDGE('',*,*,#1115,.F.);
#875=ORIENTED_EDGE('',*,*,#1270,.F.);
#876=ORIENTED_EDGE('',*,*,#1055,.F.);
#877=ORIENTED_EDGE('',*,*,#1269,.T.);
#878=ORIENTED_EDGE('',*,*,#1194,.F.);
#879=ORIENTED_EDGE('',*,*,#1271,.F.);
#880=ORIENTED_EDGE('',*,*,#1145,.F.);
#881=ORIENTED_EDGE('',*,*,#1270,.T.);
#882=ORIENTED_EDGE('',*,*,#1114,.F.);
#883=ORIENTED_EDGE('',*,*,#1272,.F.);
#884=ORIENTED_EDGE('',*,*,#1058,.F.);
#885=ORIENTED_EDGE('',*,*,#1271,.T.);
#886=ORIENTED_EDGE('',*,*,#1077,.F.);
#887=ORIENTED_EDGE('',*,*,#1273,.F.);
#888=ORIENTED_EDGE('',*,*,#1146,.F.);
#889=ORIENTED_EDGE('',*,*,#1272,.T.);
#890=ORIENTED_EDGE('',*,*,#1113,.F.);
#891=ORIENTED_EDGE('',*,*,#1274,.F.);
#892=ORIENTED_EDGE('',*,*,#1061,.F.);
#893=ORIENTED_EDGE('',*,*,#1273,.T.);
#894=ORIENTED_EDGE('',*,*,#1196,.F.);
#895=ORIENTED_EDGE('',*,*,#1275,.F.);
#896=ORIENTED_EDGE('',*,*,#1147,.F.);
#897=ORIENTED_EDGE('',*,*,#1274,.T.);
#898=ORIENTED_EDGE('',*,*,#1112,.F.);
#899=ORIENTED_EDGE('',*,*,#1276,.F.);
#900=ORIENTED_EDGE('',*,*,#1175,.F.);
#901=ORIENTED_EDGE('',*,*,#1275,.T.);
#902=ORIENTED_EDGE('',*,*,#1073,.F.);
#903=ORIENTED_EDGE('',*,*,#1277,.F.);
#904=ORIENTED_EDGE('',*,*,#1148,.F.);
#905=ORIENTED_EDGE('',*,*,#1276,.T.);
#906=ORIENTED_EDGE('',*,*,#1111,.F.);
#907=ORIENTED_EDGE('',*,*,#1278,.F.);
#908=ORIENTED_EDGE('',*,*,#1065,.F.);
#909=ORIENTED_EDGE('',*,*,#1277,.T.);
#910=ORIENTED_EDGE('',*,*,#1198,.F.);
#911=ORIENTED_EDGE('',*,*,#1279,.F.);
#912=ORIENTED_EDGE('',*,*,#1108,.F.);
#913=ORIENTED_EDGE('',*,*,#1278,.T.);
#914=ORIENTED_EDGE('',*,*,#1110,.F.);
#915=ORIENTED_EDGE('',*,*,#1280,.F.);
#916=ORIENTED_EDGE('',*,*,#1179,.F.);
#917=ORIENTED_EDGE('',*,*,#1279,.T.);
#918=ORIENTED_EDGE('',*,*,#1069,.F.);
#919=ORIENTED_EDGE('',*,*,#1280,.T.);
#920=ORIENTED_EDGE('',*,*,#1109,.F.);
#921=EDGE_CURVE('',#1281,#1282,#1495,.F.);
#922=EDGE_CURVE('',#1282,#1283,#1496,.T.);
#923=EDGE_CURVE('',#1283,#1284,#1497,.F.);
#924=EDGE_CURVE('',#1284,#1281,#1498,.T.);
#925=EDGE_CURVE('',#1285,#1286,#89,.F.);
#926=EDGE_CURVE('',#1286,#1287,#1499,.T.);
#927=EDGE_CURVE('',#1287,#1288,#90,.T.);
#928=EDGE_CURVE('',#1288,#1289,#1500,.T.);
#929=EDGE_CURVE('',#1289,#1290,#91,.T.);
#930=EDGE_CURVE('',#1290,#1291,#1501,.T.);
#931=EDGE_CURVE('',#1291,#1292,#92,.T.);
#932=EDGE_CURVE('',#1292,#1293,#1502,.T.);
#933=EDGE_CURVE('',#1293,#1294,#93,.F.);
#934=EDGE_CURVE('',#1294,#1295,#1503,.T.);
#935=EDGE_CURVE('',#1295,#1296,#94,.T.);
#936=EDGE_CURVE('',#1296,#1297,#1504,.T.);
#937=EDGE_CURVE('',#1297,#1298,#95,.F.);
#938=EDGE_CURVE('',#1298,#1299,#1505,.T.);
#939=EDGE_CURVE('',#1299,#1300,#96,.F.);
#940=EDGE_CURVE('',#1300,#1301,#1506,.T.);
#941=EDGE_CURVE('',#1301,#1302,#97,.T.);
#942=EDGE_CURVE('',#1302,#1303,#1507,.T.);
#943=EDGE_CURVE('',#1303,#1304,#98,.T.);
#944=EDGE_CURVE('',#1304,#1305,#1508,.T.);
#945=EDGE_CURVE('',#1305,#1306,#99,.F.);
#946=EDGE_CURVE('',#1306,#1307,#1509,.T.);
#947=EDGE_CURVE('',#1307,#1308,#100,.T.);
#948=EDGE_CURVE('',#1308,#1309,#101,.T.);
#949=EDGE_CURVE('',#1309,#1310,#1510,.T.);
#950=EDGE_CURVE('',#1310,#1311,#102,.T.);
#951=EDGE_CURVE('',#1311,#1312,#1511,.T.);
#952=EDGE_CURVE('',#1312,#1313,#103,.F.);
#953=EDGE_CURVE('',#1313,#1314,#1512,.T.);
#954=EDGE_CURVE('',#1314,#1315,#104,.F.);
#955=EDGE_CURVE('',#1315,#1316,#1513,.T.);
#956=EDGE_CURVE('',#1316,#1317,#105,.T.);
#957=EDGE_CURVE('',#1317,#1318,#1514,.T.);
#958=EDGE_CURVE('',#1318,#1319,#106,.T.);
#959=EDGE_CURVE('',#1319,#1320,#1515,.T.);
#960=EDGE_CURVE('',#1320,#1321,#107,.F.);
#961=EDGE_CURVE('',#1321,#1322,#1516,.T.);
#962=EDGE_CURVE('',#1322,#1323,#108,.F.);
#963=EDGE_CURVE('',#1323,#1324,#1517,.T.);
#964=EDGE_CURVE('',#1324,#1325,#109,.T.);
#965=EDGE_CURVE('',#1325,#1285,#1518,.T.);
#966=EDGE_CURVE('',#1326,#1327,#1519,.T.);
#967=EDGE_CURVE('',#1326,#1328,#110,.F.);
#968=EDGE_CURVE('',#1328,#1329,#111,.F.);
#969=EDGE_CURVE('',#1330,#1329,#1520,.T.);
#970=EDGE_CURVE('',#1331,#1330,#112,.T.);
#971=EDGE_CURVE('',#1332,#1331,#1521,.T.);
#972=EDGE_CURVE('',#1332,#1327,#113,.F.);
#973=EDGE_CURVE('',#1333,#1333,#114,.T.);
#974=EDGE_CURVE('',#1334,#1334,#115,.T.);
#975=EDGE_CURVE('',#1335,#1336,#116,.T.);
#976=EDGE_CURVE('',#1336,#1337,#1522,.T.);
#977=EDGE_CURVE('',#1337,#1338,#117,.T.);
#978=EDGE_CURVE('',#1335,#1338,#1523,.T.);
#979=EDGE_CURVE('',#1339,#1340,#118,.T.);
#980=EDGE_CURVE('',#1340,#1341,#1524,.T.);
#981=EDGE_CURVE('',#1341,#1342,#119,.T.);
#982=EDGE_CURVE('',#1339,#1342,#1525,.T.);
#983=EDGE_CURVE('',#1343,#1344,#120,.T.);
#984=EDGE_CURVE('',#1344,#1345,#1526,.T.);
#985=EDGE_CURVE('',#1345,#1346,#121,.T.);
#986=EDGE_CURVE('',#1343,#1346,#1527,.T.);
#987=EDGE_CURVE('',#1347,#1348,#122,.T.);
#988=EDGE_CURVE('',#1348,#1349,#1528,.T.);
#989=EDGE_CURVE('',#1349,#1350,#123,.T.);
#990=EDGE_CURVE('',#1347,#1350,#1529,.T.);
#991=EDGE_CURVE('',#1351,#1352,#124,.T.);
#992=EDGE_CURVE('',#1348,#1352,#1530,.T.);
#993=EDGE_CURVE('',#1347,#1351,#1531,.T.);
#994=EDGE_CURVE('',#1352,#1353,#1532,.T.);
#995=EDGE_CURVE('',#1349,#1353,#1533,.T.);
#996=EDGE_CURVE('',#1353,#1354,#125,.T.);
#997=EDGE_CURVE('',#1350,#1354,#1534,.T.);
#998=EDGE_CURVE('',#1355,#1356,#126,.T.);
#999=EDGE_CURVE('',#1344,#1356,#1535,.T.);
#1000=EDGE_CURVE('',#1343,#1355,#1536,.T.);
#1001=EDGE_CURVE('',#1356,#1357,#1537,.T.);
#1002=EDGE_CURVE('',#1345,#1357,#1538,.T.);
#1003=EDGE_CURVE('',#1357,#1358,#127,.T.);
#1004=EDGE_CURVE('',#1346,#1358,#1539,.T.);
#1005=EDGE_CURVE('',#1359,#1360,#128,.T.);
#1006=EDGE_CURVE('',#1340,#1360,#1540,.T.);
#1007=EDGE_CURVE('',#1339,#1359,#1541,.T.);
#1008=EDGE_CURVE('',#1360,#1361,#1542,.T.);
#1009=EDGE_CURVE('',#1341,#1361,#1543,.T.);
#1010=EDGE_CURVE('',#1361,#1362,#129,.T.);
#1011=EDGE_CURVE('',#1342,#1362,#1544,.T.);
#1012=EDGE_CURVE('',#1363,#1364,#130,.T.);
#1013=EDGE_CURVE('',#1336,#1364,#1545,.T.);
#1014=EDGE_CURVE('',#1335,#1363,#1546,.T.);
#1015=EDGE_CURVE('',#1364,#1365,#1547,.T.);
#1016=EDGE_CURVE('',#1337,#1365,#1548,.T.);
#1017=EDGE_CURVE('',#1365,#1366,#131,.T.);
#1018=EDGE_CURVE('',#1338,#1366,#1549,.T.);
#1019=EDGE_CURVE('',#1367,#1368,#1550,.F.);
#1020=EDGE_CURVE('',#1368,#1369,#1551,.T.);
#1021=EDGE_CURVE('',#1369,#1370,#1552,.T.);
#1022=EDGE_CURVE('',#1370,#1367,#1553,.T.);
#1023=EDGE_CURVE('',#1371,#1372,#1554,.F.);
#1024=EDGE_CURVE('',#1372,#1373,#1555,.T.);
#1025=EDGE_CURVE('',#1373,#1374,#1556,.T.);
#1026=EDGE_CURVE('',#1374,#1371,#1557,.T.);
#1027=EDGE_CURVE('',#1375,#1376,#1558,.F.);
#1028=EDGE_CURVE('',#1376,#1377,#1559,.T.);
#1029=EDGE_CURVE('',#1377,#1378,#1560,.T.);
#1030=EDGE_CURVE('',#1378,#1375,#1561,.T.);
#1031=EDGE_CURVE('',#1379,#1380,#1562,.T.);
#1032=EDGE_CURVE('',#1379,#1381,#1563,.T.);
#1033=EDGE_CURVE('',#1381,#1382,#1564,.T.);
#1034=EDGE_CURVE('',#1382,#1380,#1565,.T.);
#1035=EDGE_CURVE('',#1383,#1384,#1566,.T.);
#1036=EDGE_CURVE('',#1383,#1379,#132,.T.);
#1037=EDGE_CURVE('',#1380,#1384,#133,.F.);
#1038=EDGE_CURVE('',#1385,#1386,#1567,.T.);
#1039=EDGE_CURVE('',#1385,#1383,#1568,.T.);
#1040=EDGE_CURVE('',#1384,#1386,#1569,.T.);
#1041=EDGE_CURVE('',#1387,#1388,#1570,.F.);
#1042=EDGE_CURVE('',#1388,#1385,#134,.F.);
#1043=EDGE_CURVE('',#1386,#1387,#135,.T.);
#1044=EDGE_CURVE('',#1389,#1390,#1571,.T.);
#1045=EDGE_CURVE('',#1390,#1391,#1572,.T.);
#1046=EDGE_CURVE('',#1391,#1392,#1573,.T.);
#1047=EDGE_CURVE('',#1392,#1389,#1574,.T.);
#1048=EDGE_CURVE('',#1393,#1394,#1575,.F.);
#1049=EDGE_CURVE('',#1394,#1395,#1576,.T.);
#1050=EDGE_CURVE('',#1395,#1396,#1577,.T.);
#1051=EDGE_CURVE('',#1396,#1393,#1578,.T.);
#1052=EDGE_CURVE('',#1397,#1398,#1579,.T.);
#1053=EDGE_CURVE('',#1397,#1399,#1580,.T.);
#1054=EDGE_CURVE('',#1399,#1400,#1581,.T.);
#1055=EDGE_CURVE('',#1400,#1398,#1582,.T.);
#1056=EDGE_CURVE('',#1401,#1402,#1583,.T.);
#1057=EDGE_CURVE('',#1401,#1397,#136,.T.);
#1058=EDGE_CURVE('',#1398,#1402,#137,.F.);
#1059=EDGE_CURVE('',#1403,#1404,#1584,.F.);
#1060=EDGE_CURVE('',#1404,#1401,#1585,.T.);
#1061=EDGE_CURVE('',#1402,#1403,#1586,.T.);
#1062=EDGE_CURVE('',#1405,#1406,#1587,.F.);
#1063=EDGE_CURVE('',#1406,#1407,#1588,.T.);
#1064=EDGE_CURVE('',#1407,#1408,#1589,.T.);
#1065=EDGE_CURVE('',#1408,#1405,#1590,.T.);
#1066=EDGE_CURVE('',#1409,#1410,#1591,.F.);
#1067=EDGE_CURVE('',#1410,#1411,#1592,.T.);
#1068=EDGE_CURVE('',#1411,#1412,#1593,.T.);
#1069=EDGE_CURVE('',#1412,#1409,#1594,.T.);
#1070=EDGE_CURVE('',#1413,#1414,#1595,.F.);
#1071=EDGE_CURVE('',#1414,#1415,#1596,.T.);
#1072=EDGE_CURVE('',#1415,#1416,#1597,.T.);
#1073=EDGE_CURVE('',#1416,#1413,#1598,.T.);
#1074=EDGE_CURVE('',#1417,#1418,#1599,.F.);
#1075=EDGE_CURVE('',#1418,#1419,#1600,.T.);
#1076=EDGE_CURVE('',#1419,#1420,#1601,.T.);
#1077=EDGE_CURVE('',#1420,#1417,#1602,.T.);
#1078=EDGE_CURVE('',#1421,#1422,#1603,.F.);
#1079=EDGE_CURVE('',#1422,#1423,#1604,.T.);
#1080=EDGE_CURVE('',#1423,#1424,#1605,.T.);
#1081=EDGE_CURVE('',#1424,#1421,#1606,.T.);
#1082=EDGE_CURVE('',#1425,#1426,#1607,.F.);
#1083=EDGE_CURVE('',#1426,#1427,#1608,.T.);
#1084=EDGE_CURVE('',#1427,#1428,#1609,.T.);
#1085=EDGE_CURVE('',#1428,#1425,#1610,.T.);
#1086=EDGE_CURVE('',#1429,#1430,#1611,.T.);
#1087=EDGE_CURVE('',#1429,#1431,#1612,.T.);
#1088=EDGE_CURVE('',#1431,#1432,#1613,.T.);
#1089=EDGE_CURVE('',#1432,#1430,#1614,.T.);
#1090=EDGE_CURVE('',#1327,#1433,#1615,.T.);
#1091=EDGE_CURVE('',#1434,#1433,#1616,.T.);
#1092=EDGE_CURVE('',#1434,#1326,#1617,.F.);
#1093=EDGE_CURVE('',#1329,#1435,#1618,.T.);
#1094=EDGE_CURVE('',#1436,#1435,#1619,.T.);
#1095=EDGE_CURVE('',#1330,#1436,#1620,.T.);
#1096=EDGE_CURVE('',#1437,#1436,#138,.T.);
#1097=EDGE_CURVE('',#1331,#1437,#1621,.T.);
#1098=EDGE_CURVE('',#1355,#1358,#1622,.T.);
#1099=EDGE_CURVE('',#1359,#1362,#1623,.T.);
#1100=EDGE_CURVE('',#1363,#1366,#1624,.T.);
#1101=EDGE_CURVE('',#1369,#1429,#139,.T.);
#1102=EDGE_CURVE('',#1430,#1370,#140,.F.);
#1103=EDGE_CURVE('',#1438,#1438,#141,.T.);
#1104=EDGE_CURVE('',#1439,#1439,#142,.T.);
#1105=EDGE_CURVE('',#1440,#1437,#1625,.T.);
#1106=EDGE_CURVE('',#1440,#1332,#1626,.F.);
#1107=EDGE_CURVE('',#1351,#1354,#1627,.T.);
#1108=EDGE_CURVE('',#1441,#1442,#143,.F.);
#1109=EDGE_CURVE('',#1442,#1443,#1628,.T.);
#1110=EDGE_CURVE('',#1443,#1444,#144,.T.);
#1111=EDGE_CURVE('',#1444,#1445,#1629,.T.);
#1112=EDGE_CURVE('',#1445,#1446,#145,.F.);
#1113=EDGE_CURVE('',#1446,#1447,#1630,.T.);
#1114=EDGE_CURVE('',#1447,#1448,#146,.T.);
#1115=EDGE_CURVE('',#1448,#1449,#1631,.T.);
#1116=EDGE_CURVE('',#1449,#1450,#147,.T.);
#1117=EDGE_CURVE('',#1450,#1451,#1632,.T.);
#1118=EDGE_CURVE('',#1451,#1452,#148,.F.);
#1119=EDGE_CURVE('',#1452,#1453,#1633,.T.);
#1120=EDGE_CURVE('',#1453,#1454,#149,.F.);
#1121=EDGE_CURVE('',#1454,#1455,#1634,.T.);
#1122=EDGE_CURVE('',#1455,#1456,#150,.T.);
#1123=EDGE_CURVE('',#1456,#1457,#1635,.T.);
#1124=EDGE_CURVE('',#1457,#1458,#151,.T.);
#1125=EDGE_CURVE('',#1458,#1459,#1636,.T.);
#1126=EDGE_CURVE('',#1459,#1460,#152,.F.);
#1127=EDGE_CURVE('',#1460,#1461,#1637,.T.);
#1128=EDGE_CURVE('',#1461,#1462,#153,.F.);
#1129=EDGE_CURVE('',#1462,#1463,#154,.F.);
#1130=EDGE_CURVE('',#1463,#1464,#1638,.T.);
#1131=EDGE_CURVE('',#1464,#1465,#155,.T.);
#1132=EDGE_CURVE('',#1465,#1466,#1639,.T.);
#1133=EDGE_CURVE('',#1466,#1467,#156,.F.);
#1134=EDGE_CURVE('',#1467,#1468,#1640,.T.);
#1135=EDGE_CURVE('',#1468,#1469,#157,.F.);
#1136=EDGE_CURVE('',#1469,#1470,#1641,.T.);
#1137=EDGE_CURVE('',#1470,#1471,#158,.T.);
#1138=EDGE_CURVE('',#1471,#1472,#1642,.T.);
#1139=EDGE_CURVE('',#1472,#1473,#159,.T.);
#1140=EDGE_CURVE('',#1473,#1474,#1643,.T.);
#1141=EDGE_CURVE('',#1474,#1475,#160,.F.);
#1142=EDGE_CURVE('',#1475,#1476,#1644,.T.);
#1143=EDGE_CURVE('',#1476,#1477,#161,.T.);
#1144=EDGE_CURVE('',#1477,#1478,#1645,.T.);
#1145=EDGE_CURVE('',#1478,#1479,#162,.F.);
#1146=EDGE_CURVE('',#1479,#1480,#1646,.T.);
#1147=EDGE_CURVE('',#1480,#1481,#163,.F.);
#1148=EDGE_CURVE('',#1481,#1441,#1647,.T.);
#1149=EDGE_CURVE('',#1435,#1482,#164,.T.);
#1150=EDGE_CURVE('',#1482,#1434,#165,.T.);
#1151=EDGE_CURVE('',#1433,#1440,#166,.T.);
#1152=EDGE_CURVE('',#1483,#1484,#1648,.T.);
#1153=EDGE_CURVE('',#1484,#1485,#167,.T.);
#1154=EDGE_CURVE('',#1486,#1485,#1649,.T.);
#1155=EDGE_CURVE('',#1486,#1483,#168,.F.);
#1156=EDGE_CURVE('',#1485,#1487,#1650,.T.);
#1157=EDGE_CURVE('',#1487,#1488,#1651,.F.);
#1158=EDGE_CURVE('',#1488,#1486,#1652,.T.);
#1159=EDGE_CURVE('',#1489,#1490,#1653,.T.);
#1160=EDGE_CURVE('',#1490,#1491,#1654,.T.);
#1161=EDGE_CURVE('',#1492,#1491,#1655,.T.);
#1162=EDGE_CURVE('',#1492,#1489,#1656,.T.);
#1163=EDGE_CURVE('',#1491,#1493,#169,.T.);
#1164=EDGE_CURVE('',#1494,#1493,#1657,.T.);
#1165=EDGE_CURVE('',#1494,#1492,#170,.F.);
#1166=EDGE_CURVE('',#1493,#1484,#1658,.T.);
#1167=EDGE_CURVE('',#1483,#1494,#1659,.T.);
#1168=EDGE_CURVE('',#1431,#1426,#171,.F.);
#1169=EDGE_CURVE('',#1425,#1432,#172,.T.);
#1170=EDGE_CURVE('',#1373,#1368,#173,.T.);
#1171=EDGE_CURVE('',#1367,#1374,#174,.F.);
#1172=EDGE_CURVE('',#1427,#1422,#175,.T.);
#1173=EDGE_CURVE('',#1421,#1428,#176,.F.);
#1174=EDGE_CURVE('',#1407,#1404,#177,.F.);
#1175=EDGE_CURVE('',#1403,#1408,#178,.T.);
#1176=EDGE_CURVE('',#1399,#1394,#179,.T.);
#1177=EDGE_CURVE('',#1393,#1400,#180,.F.);
#1178=EDGE_CURVE('',#1411,#1406,#181,.T.);
#1179=EDGE_CURVE('',#1405,#1412,#182,.F.);
#1180=EDGE_CURVE('',#1328,#1482,#1660,.F.);
#1181=EDGE_CURVE('',#1283,#1490,#183,.F.);
#1182=EDGE_CURVE('',#1489,#1284,#184,.T.);
#1183=EDGE_CURVE('',#1487,#1390,#185,.F.);
#1184=EDGE_CURVE('',#1389,#1488,#186,.T.);
#1185=EDGE_CURVE('',#1391,#1388,#187,.F.);
#1186=EDGE_CURVE('',#1387,#1392,#188,.T.);
#1187=EDGE_CURVE('',#1381,#1376,#189,.F.);
#1188=EDGE_CURVE('',#1375,#1382,#190,.T.);
#1189=EDGE_CURVE('',#1395,#1282,#191,.F.);
#1190=EDGE_CURVE('',#1281,#1396,#192,.T.);
#1191=EDGE_CURVE('',#1377,#1372,#193,.F.);
#1192=EDGE_CURVE('',#1371,#1378,#194,.T.);
#1193=EDGE_CURVE('',#1423,#1418,#195,.F.);
#1194=EDGE_CURVE('',#1417,#1424,#196,.T.);
#1195=EDGE_CURVE('',#1419,#1414,#197,.F.);
#1196=EDGE_CURVE('',#1413,#1420,#198,.T.);
#1197=EDGE_CURVE('',#1415,#1410,#199,.F.);
#1198=EDGE_CURVE('',#1409,#1416,#200,.T.);
#1199=EDGE_CURVE('',#1383,#1306,#1661,.T.);
#1200=EDGE_CURVE('',#1307,#1385,#1662,.T.);
#1201=EDGE_CURVE('',#1308,#1388,#1663,.T.);
#1202=EDGE_CURVE('',#1379,#1305,#1664,.T.);
#1203=EDGE_CURVE('',#1309,#1391,#1665,.T.);
#1204=EDGE_CURVE('',#1381,#1304,#1666,.T.);
#1205=EDGE_CURVE('',#1310,#1390,#1667,.T.);
#1206=EDGE_CURVE('',#1376,#1303,#1668,.T.);
#1207=EDGE_CURVE('',#1311,#1487,#1669,.T.);
#1208=EDGE_CURVE('',#1377,#1302,#1670,.T.);
#1209=EDGE_CURVE('',#1312,#1485,#1671,.T.);
#1210=EDGE_CURVE('',#1372,#1301,#1672,.T.);
#1211=EDGE_CURVE('',#1313,#1484,#1673,.T.);
#1212=EDGE_CURVE('',#1373,#1300,#1674,.T.);
#1213=EDGE_CURVE('',#1314,#1493,#1675,.T.);
#1214=EDGE_CURVE('',#1368,#1299,#1676,.T.);
#1215=EDGE_CURVE('',#1315,#1491,#1677,.T.);
#1216=EDGE_CURVE('',#1369,#1298,#1678,.T.);
#1217=EDGE_CURVE('',#1316,#1490,#1679,.T.);
#1218=EDGE_CURVE('',#1429,#1297,#1680,.T.);
#1219=EDGE_CURVE('',#1317,#1283,#1681,.T.);
#1220=EDGE_CURVE('',#1431,#1296,#1682,.T.);
#1221=EDGE_CURVE('',#1318,#1282,#1683,.T.);
#1222=EDGE_CURVE('',#1426,#1295,#1684,.T.);
#1223=EDGE_CURVE('',#1319,#1395,#1685,.T.);
#1224=EDGE_CURVE('',#1427,#1294,#1686,.T.);
#1225=EDGE_CURVE('',#1320,#1394,#1687,.T.);
#1226=EDGE_CURVE('',#1422,#1293,#1688,.T.);
#1227=EDGE_CURVE('',#1321,#1399,#1689,.T.);
#1228=EDGE_CURVE('',#1423,#1292,#1690,.T.);
#1229=EDGE_CURVE('',#1322,#1397,#1691,.T.);
#1230=EDGE_CURVE('',#1418,#1291,#1692,.T.);
#1231=EDGE_CURVE('',#1323,#1401,#1693,.T.);
#1232=EDGE_CURVE('',#1419,#1290,#1694,.T.);
#1233=EDGE_CURVE('',#1324,#1404,#1695,.T.);
#1234=EDGE_CURVE('',#1414,#1289,#1696,.T.);
#1235=EDGE_CURVE('',#1325,#1407,#1697,.T.);
#1236=EDGE_CURVE('',#1415,#1288,#1698,.T.);
#1237=EDGE_CURVE('',#1285,#1406,#1699,.T.);
#1238=EDGE_CURVE('',#1410,#1287,#1700,.T.);
#1239=EDGE_CURVE('',#1286,#1411,#1701,.T.);
#1240=EDGE_CURVE('',#1464,#1384,#1702,.T.);
#1241=EDGE_CURVE('',#1386,#1463,#1703,.T.);
#1242=EDGE_CURVE('',#1387,#1462,#1704,.T.);
#1243=EDGE_CURVE('',#1465,#1380,#1705,.T.);
#1244=EDGE_CURVE('',#1392,#1461,#1706,.T.);
#1245=EDGE_CURVE('',#1466,#1382,#1707,.T.);
#1246=EDGE_CURVE('',#1389,#1460,#1708,.T.);
#1247=EDGE_CURVE('',#1467,#1375,#1709,.T.);
#1248=EDGE_CURVE('',#1488,#1459,#1710,.T.);
#1249=EDGE_CURVE('',#1468,#1378,#1711,.T.);
#1250=EDGE_CURVE('',#1486,#1458,#1712,.T.);
#1251=EDGE_CURVE('',#1469,#1371,#1713,.T.);
#1252=EDGE_CURVE('',#1483,#1457,#1714,.T.);
#1253=EDGE_CURVE('',#1470,#1374,#1715,.T.);
#1254=EDGE_CURVE('',#1494,#1456,#1716,.T.);
#1255=EDGE_CURVE('',#1471,#1367,#1717,.T.);
#1256=EDGE_CURVE('',#1492,#1455,#1718,.T.);
#1257=EDGE_CURVE('',#1472,#1370,#1719,.T.);
#1258=EDGE_CURVE('',#1489,#1454,#1720,.T.);
#1259=EDGE_CURVE('',#1473,#1430,#1721,.T.);
#1260=EDGE_CURVE('',#1284,#1453,#1722,.T.);
#1261=EDGE_CURVE('',#1474,#1432,#1723,.T.);
#1262=EDGE_CURVE('',#1281,#1452,#1724,.T.);
#1263=EDGE_CURVE('',#1475,#1425,#1725,.T.);
#1264=EDGE_CURVE('',#1396,#1451,#1726,.T.);
#1265=EDGE_CURVE('',#1476,#1428,#1727,.T.);
#1266=EDGE_CURVE('',#1393,#1450,#1728,.T.);
#1267=EDGE_CURVE('',#1477,#1421,#1729,.T.);
#1268=EDGE_CURVE('',#1400,#1449,#1730,.T.);
#1269=EDGE_CURVE('',#1478,#1424,#1731,.T.);
#1270=EDGE_CURVE('',#1398,#1448,#1732,.T.);
#1271=EDGE_CURVE('',#1479,#1417,#1733,.T.);
#1272=EDGE_CURVE('',#1402,#1447,#1734,.T.);
#1273=EDGE_CURVE('',#1480,#1420,#1735,.T.);
#1274=EDGE_CURVE('',#1403,#1446,#1736,.T.);
#1275=EDGE_CURVE('',#1481,#1413,#1737,.T.);
#1276=EDGE_CURVE('',#1408,#1445,#1738,.T.);
#1277=EDGE_CURVE('',#1441,#1416,#1739,.T.);
#1278=EDGE_CURVE('',#1405,#1444,#1740,.T.);
#1279=EDGE_CURVE('',#1442,#1409,#1741,.T.);
#1280=EDGE_CURVE('',#1412,#1443,#1742,.T.);
#1281=VERTEX_POINT('',#3598);
#1282=VERTEX_POINT('',#3599);
#1283=VERTEX_POINT('',#3601);
#1284=VERTEX_POINT('',#3603);
#1285=VERTEX_POINT('',#3607);
#1286=VERTEX_POINT('',#3608);
#1287=VERTEX_POINT('',#3610);
#1288=VERTEX_POINT('',#3612);
#1289=VERTEX_POINT('',#3614);
#1290=VERTEX_POINT('',#3616);
#1291=VERTEX_POINT('',#3618);
#1292=VERTEX_POINT('',#3620);
#1293=VERTEX_POINT('',#3622);
#1294=VERTEX_POINT('',#3624);
#1295=VERTEX_POINT('',#3626);
#1296=VERTEX_POINT('',#3628);
#1297=VERTEX_POINT('',#3630);
#1298=VERTEX_POINT('',#3632);
#1299=VERTEX_POINT('',#3634);
#1300=VERTEX_POINT('',#3636);
#1301=VERTEX_POINT('',#3638);
#1302=VERTEX_POINT('',#3640);
#1303=VERTEX_POINT('',#3642);
#1304=VERTEX_POINT('',#3644);
#1305=VERTEX_POINT('',#3646);
#1306=VERTEX_POINT('',#3648);
#1307=VERTEX_POINT('',#3650);
#1308=VERTEX_POINT('',#3652);
#1309=VERTEX_POINT('',#3654);
#1310=VERTEX_POINT('',#3656);
#1311=VERTEX_POINT('',#3658);
#1312=VERTEX_POINT('',#3660);
#1313=VERTEX_POINT('',#3662);
#1314=VERTEX_POINT('',#3664);
#1315=VERTEX_POINT('',#3666);
#1316=VERTEX_POINT('',#3668);
#1317=VERTEX_POINT('',#3670);
#1318=VERTEX_POINT('',#3672);
#1319=VERTEX_POINT('',#3674);
#1320=VERTEX_POINT('',#3676);
#1321=VERTEX_POINT('',#3678);
#1322=VERTEX_POINT('',#3680);
#1323=VERTEX_POINT('',#3682);
#1324=VERTEX_POINT('',#3684);
#1325=VERTEX_POINT('',#3686);
#1326=VERTEX_POINT('',#3689);
#1327=VERTEX_POINT('',#3690);
#1328=VERTEX_POINT('',#3692);
#1329=VERTEX_POINT('',#3694);
#1330=VERTEX_POINT('',#3696);
#1331=VERTEX_POINT('',#3698);
#1332=VERTEX_POINT('',#3700);
#1333=VERTEX_POINT('',#3703);
#1334=VERTEX_POINT('',#3705);
#1335=VERTEX_POINT('',#3707);
#1336=VERTEX_POINT('',#3708);
#1337=VERTEX_POINT('',#3710);
#1338=VERTEX_POINT('',#3712);
#1339=VERTEX_POINT('',#3715);
#1340=VERTEX_POINT('',#3716);
#1341=VERTEX_POINT('',#3718);
#1342=VERTEX_POINT('',#3720);
#1343=VERTEX_POINT('',#3723);
#1344=VERTEX_POINT('',#3724);
#1345=VERTEX_POINT('',#3726);
#1346=VERTEX_POINT('',#3728);
#1347=VERTEX_POINT('',#3731);
#1348=VERTEX_POINT('',#3732);
#1349=VERTEX_POINT('',#3734);
#1350=VERTEX_POINT('',#3736);
#1351=VERTEX_POINT('',#3740);
#1352=VERTEX_POINT('',#3741);
#1353=VERTEX_POINT('',#3746);
#1354=VERTEX_POINT('',#3750);
#1355=VERTEX_POINT('',#3754);
#1356=VERTEX_POINT('',#3755);
#1357=VERTEX_POINT('',#3760);
#1358=VERTEX_POINT('',#3764);
#1359=VERTEX_POINT('',#3768);
#1360=VERTEX_POINT('',#3769);
#1361=VERTEX_POINT('',#3774);
#1362=VERTEX_POINT('',#3778);
#1363=VERTEX_POINT('',#3782);
#1364=VERTEX_POINT('',#3783);
#1365=VERTEX_POINT('',#3788);
#1366=VERTEX_POINT('',#3792);
#1367=VERTEX_POINT('',#3796);
#1368=VERTEX_POINT('',#3797);
#1369=VERTEX_POINT('',#3799);
#1370=VERTEX_POINT('',#3801);
#1371=VERTEX_POINT('',#3805);
#1372=VERTEX_POINT('',#3806);
#1373=VERTEX_POINT('',#3808);
#1374=VERTEX_POINT('',#3810);
#1375=VERTEX_POINT('',#3814);
#1376=VERTEX_POINT('',#3815);
#1377=VERTEX_POINT('',#3817);
#1378=VERTEX_POINT('',#3819);
#1379=VERTEX_POINT('',#3823);
#1380=VERTEX_POINT('',#3824);
#1381=VERTEX_POINT('',#3826);
#1382=VERTEX_POINT('',#3828);
#1383=VERTEX_POINT('',#3832);
#1384=VERTEX_POINT('',#3833);
#1385=VERTEX_POINT('',#3838);
#1386=VERTEX_POINT('',#3839);
#1387=VERTEX_POINT('',#3844);
#1388=VERTEX_POINT('',#3845);
#1389=VERTEX_POINT('',#3850);
#1390=VERTEX_POINT('',#3851);
#1391=VERTEX_POINT('',#3853);
#1392=VERTEX_POINT('',#3855);
#1393=VERTEX_POINT('',#3859);
#1394=VERTEX_POINT('',#3860);
#1395=VERTEX_POINT('',#3862);
#1396=VERTEX_POINT('',#3864);
#1397=VERTEX_POINT('',#3868);
#1398=VERTEX_POINT('',#3869);
#1399=VERTEX_POINT('',#3871);
#1400=VERTEX_POINT('',#3873);
#1401=VERTEX_POINT('',#3877);
#1402=VERTEX_POINT('',#3878);
#1403=VERTEX_POINT('',#3883);
#1404=VERTEX_POINT('',#3884);
#1405=VERTEX_POINT('',#3889);
#1406=VERTEX_POINT('',#3890);
#1407=VERTEX_POINT('',#3892);
#1408=VERTEX_POINT('',#3894);
#1409=VERTEX_POINT('',#3898);
#1410=VERTEX_POINT('',#3899);
#1411=VERTEX_POINT('',#3901);
#1412=VERTEX_POINT('',#3903);
#1413=VERTEX_POINT('',#3907);
#1414=VERTEX_POINT('',#3908);
#1415=VERTEX_POINT('',#3910);
#1416=VERTEX_POINT('',#3912);
#1417=VERTEX_POINT('',#3916);
#1418=VERTEX_POINT('',#3917);
#1419=VERTEX_POINT('',#3919);
#1420=VERTEX_POINT('',#3921);
#1421=VERTEX_POINT('',#3925);
#1422=VERTEX_POINT('',#3926);
#1423=VERTEX_POINT('',#3928);
#1424=VERTEX_POINT('',#3930);
#1425=VERTEX_POINT('',#3934);
#1426=VERTEX_POINT('',#3935);
#1427=VERTEX_POINT('',#3937);
#1428=VERTEX_POINT('',#3939);
#1429=VERTEX_POINT('',#3943);
#1430=VERTEX_POINT('',#3944);
#1431=VERTEX_POINT('',#3946);
#1432=VERTEX_POINT('',#3948);
#1433=VERTEX_POINT('',#3952);
#1434=VERTEX_POINT('',#3954);
#1435=VERTEX_POINT('',#3958);
#1436=VERTEX_POINT('',#3960);
#1437=VERTEX_POINT('',#3964);
#1438=VERTEX_POINT('',#3977);
#1439=VERTEX_POINT('',#3980);
#1440=VERTEX_POINT('',#3983);
#1441=VERTEX_POINT('',#3989);
#1442=VERTEX_POINT('',#3990);
#1443=VERTEX_POINT('',#3992);
#1444=VERTEX_POINT('',#3994);
#1445=VERTEX_POINT('',#3996);
#1446=VERTEX_POINT('',#3998);
#1447=VERTEX_POINT('',#4000);
#1448=VERTEX_POINT('',#4002);
#1449=VERTEX_POINT('',#4004);
#1450=VERTEX_POINT('',#4006);
#1451=VERTEX_POINT('',#4008);
#1452=VERTEX_POINT('',#4010);
#1453=VERTEX_POINT('',#4012);
#1454=VERTEX_POINT('',#4014);
#1455=VERTEX_POINT('',#4016);
#1456=VERTEX_POINT('',#4018);
#1457=VERTEX_POINT('',#4020);
#1458=VERTEX_POINT('',#4022);
#1459=VERTEX_POINT('',#4024);
#1460=VERTEX_POINT('',#4026);
#1461=VERTEX_POINT('',#4028);
#1462=VERTEX_POINT('',#4030);
#1463=VERTEX_POINT('',#4032);
#1464=VERTEX_POINT('',#4034);
#1465=VERTEX_POINT('',#4036);
#1466=VERTEX_POINT('',#4038);
#1467=VERTEX_POINT('',#4040);
#1468=VERTEX_POINT('',#4042);
#1469=VERTEX_POINT('',#4044);
#1470=VERTEX_POINT('',#4046);
#1471=VERTEX_POINT('',#4048);
#1472=VERTEX_POINT('',#4050);
#1473=VERTEX_POINT('',#4052);
#1474=VERTEX_POINT('',#4054);
#1475=VERTEX_POINT('',#4056);
#1476=VERTEX_POINT('',#4058);
#1477=VERTEX_POINT('',#4060);
#1478=VERTEX_POINT('',#4062);
#1479=VERTEX_POINT('',#4064);
#1480=VERTEX_POINT('',#4066);
#1481=VERTEX_POINT('',#4068);
#1482=VERTEX_POINT('',#4071);
#1483=VERTEX_POINT('',#4076);
#1484=VERTEX_POINT('',#4077);
#1485=VERTEX_POINT('',#4079);
#1486=VERTEX_POINT('',#4081);
#1487=VERTEX_POINT('',#4085);
#1488=VERTEX_POINT('',#4087);
#1489=VERTEX_POINT('',#4091);
#1490=VERTEX_POINT('',#4092);
#1491=VERTEX_POINT('',#4094);
#1492=VERTEX_POINT('',#4096);
#1493=VERTEX_POINT('',#4100);
#1494=VERTEX_POINT('',#4102);
#1495=LINE('',#3597,#1743);
#1496=LINE('',#3600,#1744);
#1497=LINE('',#3602,#1745);
#1498=LINE('',#3604,#1746);
#1499=LINE('',#3609,#1747);
#1500=LINE('',#3613,#1748);
#1501=LINE('',#3617,#1749);
#1502=LINE('',#3621,#1750);
#1503=LINE('',#3625,#1751);
#1504=LINE('',#3629,#1752);
#1505=LINE('',#3633,#1753);
#1506=LINE('',#3637,#1754);
#1507=LINE('',#3641,#1755);
#1508=LINE('',#3645,#1756);
#1509=LINE('',#3649,#1757);
#1510=LINE('',#3655,#1758);
#1511=LINE('',#3659,#1759);
#1512=LINE('',#3663,#1760);
#1513=LINE('',#3667,#1761);
#1514=LINE('',#3671,#1762);
#1515=LINE('',#3675,#1763);
#1516=LINE('',#3679,#1764);
#1517=LINE('',#3683,#1765);
#1518=LINE('',#3687,#1766);
#1519=LINE('',#3688,#1767);
#1520=LINE('',#3695,#1768);
#1521=LINE('',#3699,#1769);
#1522=LINE('',#3709,#1770);
#1523=LINE('',#3713,#1771);
#1524=LINE('',#3717,#1772);
#1525=LINE('',#3721,#1773);
#1526=LINE('',#3725,#1774);
#1527=LINE('',#3729,#1775);
#1528=LINE('',#3733,#1776);
#1529=LINE('',#3737,#1777);
#1530=LINE('',#3742,#1778);
#1531=LINE('',#3743,#1779);
#1532=LINE('',#3745,#1780);
#1533=LINE('',#3747,#1781);
#1534=LINE('',#3751,#1782);
#1535=LINE('',#3756,#1783);
#1536=LINE('',#3757,#1784);
#1537=LINE('',#3759,#1785);
#1538=LINE('',#3761,#1786);
#1539=LINE('',#3765,#1787);
#1540=LINE('',#3770,#1788);
#1541=LINE('',#3771,#1789);
#1542=LINE('',#3773,#1790);
#1543=LINE('',#3775,#1791);
#1544=LINE('',#3779,#1792);
#1545=LINE('',#3784,#1793);
#1546=LINE('',#3785,#1794);
#1547=LINE('',#3787,#1795);
#1548=LINE('',#3789,#1796);
#1549=LINE('',#3793,#1797);
#1550=LINE('',#3795,#1798);
#1551=LINE('',#3798,#1799);
#1552=LINE('',#3800,#1800);
#1553=LINE('',#3802,#1801);
#1554=LINE('',#3804,#1802);
#1555=LINE('',#3807,#1803);
#1556=LINE('',#3809,#1804);
#1557=LINE('',#3811,#1805);
#1558=LINE('',#3813,#1806);
#1559=LINE('',#3816,#1807);
#1560=LINE('',#3818,#1808);
#1561=LINE('',#3820,#1809);
#1562=LINE('',#3822,#1810);
#1563=LINE('',#3825,#1811);
#1564=LINE('',#3827,#1812);
#1565=LINE('',#3829,#1813);
#1566=LINE('',#3831,#1814);
#1567=LINE('',#3837,#1815);
#1568=LINE('',#3840,#1816);
#1569=LINE('',#3841,#1817);
#1570=LINE('',#3843,#1818);
#1571=LINE('',#3849,#1819);
#1572=LINE('',#3852,#1820);
#1573=LINE('',#3854,#1821);
#1574=LINE('',#3856,#1822);
#1575=LINE('',#3858,#1823);
#1576=LINE('',#3861,#1824);
#1577=LINE('',#3863,#1825);
#1578=LINE('',#3865,#1826);
#1579=LINE('',#3867,#1827);
#1580=LINE('',#3870,#1828);
#1581=LINE('',#3872,#1829);
#1582=LINE('',#3874,#1830);
#1583=LINE('',#3876,#1831);
#1584=LINE('',#3882,#1832);
#1585=LINE('',#3885,#1833);
#1586=LINE('',#3886,#1834);
#1587=LINE('',#3888,#1835);
#1588=LINE('',#3891,#1836);
#1589=LINE('',#3893,#1837);
#1590=LINE('',#3895,#1838);
#1591=LINE('',#3897,#1839);
#1592=LINE('',#3900,#1840);
#1593=LINE('',#3902,#1841);
#1594=LINE('',#3904,#1842);
#1595=LINE('',#3906,#1843);
#1596=LINE('',#3909,#1844);
#1597=LINE('',#3911,#1845);
#1598=LINE('',#3913,#1846);
#1599=LINE('',#3915,#1847);
#1600=LINE('',#3918,#1848);
#1601=LINE('',#3920,#1849);
#1602=LINE('',#3922,#1850);
#1603=LINE('',#3924,#1851);
#1604=LINE('',#3927,#1852);
#1605=LINE('',#3929,#1853);
#1606=LINE('',#3931,#1854);
#1607=LINE('',#3933,#1855);
#1608=LINE('',#3936,#1856);
#1609=LINE('',#3938,#1857);
#1610=LINE('',#3940,#1858);
#1611=LINE('',#3942,#1859);
#1612=LINE('',#3945,#1860);
#1613=LINE('',#3947,#1861);
#1614=LINE('',#3949,#1862);
#1615=LINE('',#3951,#1863);
#1616=LINE('',#3953,#1864);
#1617=LINE('',#3955,#1865);
#1618=LINE('',#3957,#1866);
#1619=LINE('',#3959,#1867);
#1620=LINE('',#3961,#1868);
#1621=LINE('',#3965,#1869);
#1622=LINE('',#3967,#1870);
#1623=LINE('',#3969,#1871);
#1624=LINE('',#3971,#1872);
#1625=LINE('',#3982,#1873);
#1626=LINE('',#3984,#1874);
#1627=LINE('',#3986,#1875);
#1628=LINE('',#3991,#1876);
#1629=LINE('',#3995,#1877);
#1630=LINE('',#3999,#1878);
#1631=LINE('',#4003,#1879);
#1632=LINE('',#4007,#1880);
#1633=LINE('',#4011,#1881);
#1634=LINE('',#4015,#1882);
#1635=LINE('',#4019,#1883);
#1636=LINE('',#4023,#1884);
#1637=LINE('',#4027,#1885);
#1638=LINE('',#4033,#1886);
#1639=LINE('',#4037,#1887);
#1640=LINE('',#4041,#1888);
#1641=LINE('',#4045,#1889);
#1642=LINE('',#4049,#1890);
#1643=LINE('',#4053,#1891);
#1644=LINE('',#4057,#1892);
#1645=LINE('',#4061,#1893);
#1646=LINE('',#4065,#1894);
#1647=LINE('',#4069,#1895);
#1648=LINE('',#4075,#1896);
#1649=LINE('',#4080,#1897);
#1650=LINE('',#4084,#1898);
#1651=LINE('',#4086,#1899);
#1652=LINE('',#4088,#1900);
#1653=LINE('',#4090,#1901);
#1654=LINE('',#4093,#1902);
#1655=LINE('',#4095,#1903);
#1656=LINE('',#4097,#1904);
#1657=LINE('',#4101,#1905);
#1658=LINE('',#4105,#1906);
#1659=LINE('',#4106,#1907);
#1660=LINE('',#4127,#1908);
#1661=LINE('',#4157,#1909);
#1662=LINE('',#4158,#1910);
#1663=LINE('',#4160,#1911);
#1664=LINE('',#4162,#1912);
#1665=LINE('',#4164,#1913);
#1666=LINE('',#4166,#1914);
#1667=LINE('',#4168,#1915);
#1668=LINE('',#4170,#1916);
#1669=LINE('',#4172,#1917);
#1670=LINE('',#4174,#1918);
#1671=LINE('',#4176,#1919);
#1672=LINE('',#4178,#1920);
#1673=LINE('',#4180,#1921);
#1674=LINE('',#4182,#1922);
#1675=LINE('',#4184,#1923);
#1676=LINE('',#4186,#1924);
#1677=LINE('',#4188,#1925);
#1678=LINE('',#4190,#1926);
#1679=LINE('',#4192,#1927);
#1680=LINE('',#4194,#1928);
#1681=LINE('',#4196,#1929);
#1682=LINE('',#4198,#1930);
#1683=LINE('',#4200,#1931);
#1684=LINE('',#4202,#1932);
#1685=LINE('',#4204,#1933);
#1686=LINE('',#4206,#1934);
#1687=LINE('',#4208,#1935);
#1688=LINE('',#4210,#1936);
#1689=LINE('',#4212,#1937);
#1690=LINE('',#4214,#1938);
#1691=LINE('',#4216,#1939);
#1692=LINE('',#4218,#1940);
#1693=LINE('',#4220,#1941);
#1694=LINE('',#4222,#1942);
#1695=LINE('',#4224,#1943);
#1696=LINE('',#4226,#1944);
#1697=LINE('',#4228,#1945);
#1698=LINE('',#4230,#1946);
#1699=LINE('',#4232,#1947);
#1700=LINE('',#4234,#1948);
#1701=LINE('',#4236,#1949);
#1702=LINE('',#4239,#1950);
#1703=LINE('',#4240,#1951);
#1704=LINE('',#4242,#1952);
#1705=LINE('',#4244,#1953);
#1706=LINE('',#4246,#1954);
#1707=LINE('',#4248,#1955);
#1708=LINE('',#4250,#1956);
#1709=LINE('',#4252,#1957);
#1710=LINE('',#4254,#1958);
#1711=LINE('',#4256,#1959);
#1712=LINE('',#4258,#1960);
#1713=LINE('',#4260,#1961);
#1714=LINE('',#4262,#1962);
#1715=LINE('',#4264,#1963);
#1716=LINE('',#4266,#1964);
#1717=LINE('',#4268,#1965);
#1718=LINE('',#4270,#1966);
#1719=LINE('',#4272,#1967);
#1720=LINE('',#4274,#1968);
#1721=LINE('',#4276,#1969);
#1722=LINE('',#4278,#1970);
#1723=LINE('',#4280,#1971);
#1724=LINE('',#4282,#1972);
#1725=LINE('',#4284,#1973);
#1726=LINE('',#4286,#1974);
#1727=LINE('',#4288,#1975);
#1728=LINE('',#4290,#1976);
#1729=LINE('',#4292,#1977);
#1730=LINE('',#4294,#1978);
#1731=LINE('',#4296,#1979);
#1732=LINE('',#4298,#1980);
#1733=LINE('',#4300,#1981);
#1734=LINE('',#4302,#1982);
#1735=LINE('',#4304,#1983);
#1736=LINE('',#4306,#1984);
#1737=LINE('',#4308,#1985);
#1738=LINE('',#4310,#1986);
#1739=LINE('',#4312,#1987);
#1740=LINE('',#4314,#1988);
#1741=LINE('',#4316,#1989);
#1742=LINE('',#4318,#1990);
#1743=VECTOR('',#2825,1.);
#1744=VECTOR('',#2826,1.);
#1745=VECTOR('',#2827,1.);
#1746=VECTOR('',#2828,1.);
#1747=VECTOR('',#2833,1.);
#1748=VECTOR('',#2836,1.);
#1749=VECTOR('',#2839,1.);
#1750=VECTOR('',#2842,1.);
#1751=VECTOR('',#2845,1.);
#1752=VECTOR('',#2848,1.);
#1753=VECTOR('',#2851,1.);
#1754=VECTOR('',#2854,1.);
#1755=VECTOR('',#2857,1.);
#1756=VECTOR('',#2860,1.);
#1757=VECTOR('',#2863,1.);
#1758=VECTOR('',#2868,1.);
#1759=VECTOR('',#2871,1.);
#1760=VECTOR('',#2874,1.);
#1761=VECTOR('',#2877,1.);
#1762=VECTOR('',#2880,1.);
#1763=VECTOR('',#2883,1.);
#1764=VECTOR('',#2886,1.);
#1765=VECTOR('',#2889,1.);
#1766=VECTOR('',#2892,1.);
#1767=VECTOR('',#2893,1.);
#1768=VECTOR('',#2898,1.);
#1769=VECTOR('',#2901,1.);
#1770=VECTOR('',#2910,1.);
#1771=VECTOR('',#2913,1.);
#1772=VECTOR('',#2916,1.);
#1773=VECTOR('',#2919,1.);
#1774=VECTOR('',#2922,1.);
#1775=VECTOR('',#2925,1.);
#1776=VECTOR('',#2928,1.);
#1777=VECTOR('',#2931,1.);
#1778=VECTOR('',#2936,1.);
#1779=VECTOR('',#2937,1.);
#1780=VECTOR('',#2940,1.);
#1781=VECTOR('',#2941,1.);
#1782=VECTOR('',#2946,1.);
#1783=VECTOR('',#2951,1.);
#1784=VECTOR('',#2952,1.);
#1785=VECTOR('',#2955,1.);
#1786=VECTOR('',#2956,1.);
#1787=VECTOR('',#2961,1.);
#1788=VECTOR('',#2966,1.);
#1789=VECTOR('',#2967,1.);
#1790=VECTOR('',#2970,1.);
#1791=VECTOR('',#2971,1.);
#1792=VECTOR('',#2976,1.);
#1793=VECTOR('',#2981,1.);
#1794=VECTOR('',#2982,1.);
#1795=VECTOR('',#2985,1.);
#1796=VECTOR('',#2986,1.);
#1797=VECTOR('',#2991,1.);
#1798=VECTOR('',#2994,1.);
#1799=VECTOR('',#2995,1.);
#1800=VECTOR('',#2996,1.);
#1801=VECTOR('',#2997,1.);
#1802=VECTOR('',#3000,1.);
#1803=VECTOR('',#3001,1.);
#1804=VECTOR('',#3002,1.);
#1805=VECTOR('',#3003,1.);
#1806=VECTOR('',#3006,1.);
#1807=VECTOR('',#3007,1.);
#1808=VECTOR('',#3008,1.);
#1809=VECTOR('',#3009,1.);
#1810=VECTOR('',#3012,1.);
#1811=VECTOR('',#3013,1.);
#1812=VECTOR('',#3014,1.);
#1813=VECTOR('',#3015,1.);
#1814=VECTOR('',#3018,1.);
#1815=VECTOR('',#3025,1.);
#1816=VECTOR('',#3026,1.);
#1817=VECTOR('',#3027,1.);
#1818=VECTOR('',#3030,1.);
#1819=VECTOR('',#3037,1.);
#1820=VECTOR('',#3038,1.);
#1821=VECTOR('',#3039,1.);
#1822=VECTOR('',#3040,1.);
#1823=VECTOR('',#3043,1.);
#1824=VECTOR('',#3044,1.);
#1825=VECTOR('',#3045,1.);
#1826=VECTOR('',#3046,1.);
#1827=VECTOR('',#3049,1.);
#1828=VECTOR('',#3050,1.);
#1829=VECTOR('',#3051,1.);
#1830=VECTOR('',#3052,1.);
#1831=VECTOR('',#3055,1.);
#1832=VECTOR('',#3062,1.);
#1833=VECTOR('',#3063,1.);
#1834=VECTOR('',#3064,1.);
#1835=VECTOR('',#3067,1.);
#1836=VECTOR('',#3068,1.);
#1837=VECTOR('',#3069,1.);
#1838=VECTOR('',#3070,1.);
#1839=VECTOR('',#3073,1.);
#1840=VECTOR('',#3074,1.);
#1841=VECTOR('',#3075,1.);
#1842=VECTOR('',#3076,1.);
#1843=VECTOR('',#3079,1.);
#1844=VECTOR('',#3080,1.);
#1845=VECTOR('',#3081,1.);
#1846=VECTOR('',#3082,1.);
#1847=VECTOR('',#3085,1.);
#1848=VECTOR('',#3086,1.);
#1849=VECTOR('',#3087,1.);
#1850=VECTOR('',#3088,1.);
#1851=VECTOR('',#3091,1.);
#1852=VECTOR('',#3092,1.);
#1853=VECTOR('',#3093,1.);
#1854=VECTOR('',#3094,1.);
#1855=VECTOR('',#3097,1.);
#1856=VECTOR('',#3098,1.);
#1857=VECTOR('',#3099,1.);
#1858=VECTOR('',#3100,1.);
#1859=VECTOR('',#3103,1.);
#1860=VECTOR('',#3104,1.);
#1861=VECTOR('',#3105,1.);
#1862=VECTOR('',#3106,1.);
#1863=VECTOR('',#3109,1.);
#1864=VECTOR('',#3110,1.);
#1865=VECTOR('',#3111,1.);
#1866=VECTOR('',#3114,1.);
#1867=VECTOR('',#3115,1.);
#1868=VECTOR('',#3116,1.);
#1869=VECTOR('',#3121,1.);
#1870=VECTOR('',#3124,1.);
#1871=VECTOR('',#3127,1.);
#1872=VECTOR('',#3130,1.);
#1873=VECTOR('',#3147,1.);
#1874=VECTOR('',#3148,1.);
#1875=VECTOR('',#3151,1.);
#1876=VECTOR('',#3156,1.);
#1877=VECTOR('',#3159,1.);
#1878=VECTOR('',#3162,1.);
#1879=VECTOR('',#3165,1.);
#1880=VECTOR('',#3168,1.);
#1881=VECTOR('',#3171,1.);
#1882=VECTOR('',#3174,1.);
#1883=VECTOR('',#3177,1.);
#1884=VECTOR('',#3180,1.);
#1885=VECTOR('',#3183,1.);
#1886=VECTOR('',#3188,1.);
#1887=VECTOR('',#3191,1.);
#1888=VECTOR('',#3194,1.);
#1889=VECTOR('',#3197,1.);
#1890=VECTOR('',#3200,1.);
#1891=VECTOR('',#3203,1.);
#1892=VECTOR('',#3206,1.);
#1893=VECTOR('',#3209,1.);
#1894=VECTOR('',#3212,1.);
#1895=VECTOR('',#3215,1.);
#1896=VECTOR('',#3224,1.);
#1897=VECTOR('',#3227,1.);
#1898=VECTOR('',#3232,1.);
#1899=VECTOR('',#3233,1.);
#1900=VECTOR('',#3234,1.);
#1901=VECTOR('',#3237,1.);
#1902=VECTOR('',#3238,1.);
#1903=VECTOR('',#3239,1.);
#1904=VECTOR('',#3240,1.);
#1905=VECTOR('',#3245,1.);
#1906=VECTOR('',#3250,1.);
#1907=VECTOR('',#3251,1.);
#1908=VECTOR('',#3292,1.);
#1909=VECTOR('',#3351,1.);
#1910=VECTOR('',#3352,1.);
#1911=VECTOR('',#3355,1.);
#1912=VECTOR('',#3358,1.);
#1913=VECTOR('',#3361,1.);
#1914=VECTOR('',#3364,1.);
#1915=VECTOR('',#3367,1.);
#1916=VECTOR('',#3370,1.);
#1917=VECTOR('',#3373,1.);
#1918=VECTOR('',#3376,1.);
#1919=VECTOR('',#3379,1.);
#1920=VECTOR('',#3382,1.);
#1921=VECTOR('',#3385,1.);
#1922=VECTOR('',#3388,1.);
#1923=VECTOR('',#3391,1.);
#1924=VECTOR('',#3394,1.);
#1925=VECTOR('',#3397,1.);
#1926=VECTOR('',#3400,1.);
#1927=VECTOR('',#3403,1.);
#1928=VECTOR('',#3406,1.);
#1929=VECTOR('',#3409,1.);
#1930=VECTOR('',#3412,1.);
#1931=VECTOR('',#3415,1.);
#1932=VECTOR('',#3418,1.);
#1933=VECTOR('',#3421,1.);
#1934=VECTOR('',#3424,1.);
#1935=VECTOR('',#3427,1.);
#1936=VECTOR('',#3430,1.);
#1937=VECTOR('',#3433,1.);
#1938=VECTOR('',#3436,1.);
#1939=VECTOR('',#3439,1.);
#1940=VECTOR('',#3442,1.);
#1941=VECTOR('',#3445,1.);
#1942=VECTOR('',#3448,1.);
#1943=VECTOR('',#3451,1.);
#1944=VECTOR('',#3454,1.);
#1945=VECTOR('',#3457,1.);
#1946=VECTOR('',#3460,1.);
#1947=VECTOR('',#3463,1.);
#1948=VECTOR('',#3466,1.);
#1949=VECTOR('',#3469,1.);
#1950=VECTOR('',#3474,1.);
#1951=VECTOR('',#3475,1.);
#1952=VECTOR('',#3478,1.);
#1953=VECTOR('',#3481,1.);
#1954=VECTOR('',#3484,1.);
#1955=VECTOR('',#3487,1.);
#1956=VECTOR('',#3490,1.);
#1957=VECTOR('',#3493,1.);
#1958=VECTOR('',#3496,1.);
#1959=VECTOR('',#3499,1.);
#1960=VECTOR('',#3502,1.);
#1961=VECTOR('',#3505,1.);
#1962=VECTOR('',#3508,1.);
#1963=VECTOR('',#3511,1.);
#1964=VECTOR('',#3514,1.);
#1965=VECTOR('',#3517,1.);
#1966=VECTOR('',#3520,1.);
#1967=VECTOR('',#3523,1.);
#1968=VECTOR('',#3526,1.);
#1969=VECTOR('',#3529,1.);
#1970=VECTOR('',#3532,1.);
#1971=VECTOR('',#3535,1.);
#1972=VECTOR('',#3538,1.);
#1973=VECTOR('',#3541,1.);
#1974=VECTOR('',#3544,1.);
#1975=VECTOR('',#3547,1.);
#1976=VECTOR('',#3550,1.);
#1977=VECTOR('',#3553,1.);
#1978=VECTOR('',#3556,1.);
#1979=VECTOR('',#3559,1.);
#1980=VECTOR('',#3562,1.);
#1981=VECTOR('',#3565,1.);
#1982=VECTOR('',#3568,1.);
#1983=VECTOR('',#3571,1.);
#1984=VECTOR('',#3574,1.);
#1985=VECTOR('',#3577,1.);
#1986=VECTOR('',#3580,1.);
#1987=VECTOR('',#3583,1.);
#1988=VECTOR('',#3586,1.);
#1989=VECTOR('',#3589,1.);
#1990=VECTOR('',#3592,1.);
#1991=EDGE_LOOP('',(#201,#202,#203,#204));
#1992=EDGE_LOOP('',(#205,#206,#207,#208,#209,#210,#211,#212,#213,#214,#215,
#216,#217,#218,#219,#220,#221,#222,#223,#224,#225,#226,#227,#228,#229,#230,
#231,#232,#233,#234,#235,#236,#237,#238,#239,#240,#241,#242,#243,#244,#245));
#1993=EDGE_LOOP('',(#246,#247,#248,#249,#250,#251,#252));
#1994=EDGE_LOOP('',(#253));
#1995=EDGE_LOOP('',(#254));
#1996=EDGE_LOOP('',(#255,#256,#257,#258));
#1997=EDGE_LOOP('',(#259,#260,#261,#262));
#1998=EDGE_LOOP('',(#263,#264,#265,#266));
#1999=EDGE_LOOP('',(#267,#268,#269,#270));
#2000=EDGE_LOOP('',(#271,#272,#273,#274));
#2001=EDGE_LOOP('',(#275,#276,#277,#278));
#2002=EDGE_LOOP('',(#279,#280,#281,#282));
#2003=EDGE_LOOP('',(#283,#284,#285,#286));
#2004=EDGE_LOOP('',(#287,#288,#289,#290));
#2005=EDGE_LOOP('',(#291,#292,#293,#294));
#2006=EDGE_LOOP('',(#295,#296,#297,#298));
#2007=EDGE_LOOP('',(#299,#300,#301,#302));
#2008=EDGE_LOOP('',(#303,#304,#305,#306));
#2009=EDGE_LOOP('',(#307,#308,#309,#310));
#2010=EDGE_LOOP('',(#311,#312,#313,#314));
#2011=EDGE_LOOP('',(#315,#316,#317,#318));
#2012=EDGE_LOOP('',(#319,#320,#321,#322));
#2013=EDGE_LOOP('',(#323,#324,#325,#326));
#2014=EDGE_LOOP('',(#327,#328,#329,#330));
#2015=EDGE_LOOP('',(#331,#332,#333,#334));
#2016=EDGE_LOOP('',(#335,#336,#337,#338));
#2017=EDGE_LOOP('',(#339,#340,#341,#342));
#2018=EDGE_LOOP('',(#343,#344,#345,#346));
#2019=EDGE_LOOP('',(#347,#348,#349,#350));
#2020=EDGE_LOOP('',(#351,#352,#353,#354));
#2021=EDGE_LOOP('',(#355,#356,#357,#358));
#2022=EDGE_LOOP('',(#359,#360,#361,#362));
#2023=EDGE_LOOP('',(#363,#364,#365,#366));
#2024=EDGE_LOOP('',(#367,#368,#369,#370));
#2025=EDGE_LOOP('',(#371,#372,#373,#374));
#2026=EDGE_LOOP('',(#375,#376,#377,#378));
#2027=EDGE_LOOP('',(#379,#380,#381,#382));
#2028=EDGE_LOOP('',(#383,#384,#385,#386));
#2029=EDGE_LOOP('',(#387,#388,#389,#390));
#2030=EDGE_LOOP('',(#391,#392,#393,#394));
#2031=EDGE_LOOP('',(#395,#396,#397,#398));
#2032=EDGE_LOOP('',(#399,#400,#401,#402));
#2033=EDGE_LOOP('',(#403,#404,#405,#406));
#2034=EDGE_LOOP('',(#407,#408,#409,#410));
#2035=EDGE_LOOP('',(#411,#412,#413,#414));
#2036=EDGE_LOOP('',(#415,#416,#417,#418));
#2037=EDGE_LOOP('',(#419,#420,#421,#422));
#2038=EDGE_LOOP('',(#423));
#2039=EDGE_LOOP('',(#424));
#2040=EDGE_LOOP('',(#425));
#2041=EDGE_LOOP('',(#426));
#2042=EDGE_LOOP('',(#427,#428,#429,#430));
#2043=EDGE_LOOP('',(#431,#432,#433,#434));
#2044=EDGE_LOOP('',(#435,#436,#437,#438,#439,#440,#441,#442,#443,#444,#445,
#446,#447,#448,#449,#450,#451,#452,#453,#454,#455,#456,#457,#458,#459,#460,
#461,#462,#463,#464,#465,#466,#467,#468,#469,#470,#471,#472,#473,#474,#475));
#2045=EDGE_LOOP('',(#476,#477,#478,#479,#480,#481,#482));
#2046=EDGE_LOOP('',(#483));
#2047=EDGE_LOOP('',(#484));
#2048=EDGE_LOOP('',(#485,#486,#487,#488));
#2049=EDGE_LOOP('',(#489,#490,#491,#492));
#2050=EDGE_LOOP('',(#493,#494,#495,#496));
#2051=EDGE_LOOP('',(#497,#498,#499,#500));
#2052=EDGE_LOOP('',(#501,#502,#503,#504));
#2053=EDGE_LOOP('',(#505,#506,#507,#508));
#2054=EDGE_LOOP('',(#509,#510,#511,#512));
#2055=EDGE_LOOP('',(#513,#514,#515,#516));
#2056=EDGE_LOOP('',(#517,#518,#519,#520));
#2057=EDGE_LOOP('',(#521,#522,#523,#524));
#2058=EDGE_LOOP('',(#525,#526,#527,#528));
#2059=EDGE_LOOP('',(#529,#530,#531,#532));
#2060=EDGE_LOOP('',(#533,#534,#535,#536));
#2061=EDGE_LOOP('',(#537,#538,#539,#540));
#2062=EDGE_LOOP('',(#541,#542,#543,#544));
#2063=EDGE_LOOP('',(#545,#546,#547,#548));
#2064=EDGE_LOOP('',(#549,#550,#551,#552));
#2065=EDGE_LOOP('',(#553,#554,#555,#556));
#2066=EDGE_LOOP('',(#557,#558,#559,#560));
#2067=EDGE_LOOP('',(#561,#562,#563,#564));
#2068=EDGE_LOOP('',(#565,#566,#567,#568));
#2069=EDGE_LOOP('',(#569,#570,#571,#572));
#2070=EDGE_LOOP('',(#573,#574,#575,#576));
#2071=EDGE_LOOP('',(#577,#578,#579,#580));
#2072=EDGE_LOOP('',(#581,#582,#583,#584));
#2073=EDGE_LOOP('',(#585,#586,#587,#588));
#2074=EDGE_LOOP('',(#589,#590,#591,#592));
#2075=EDGE_LOOP('',(#593,#594,#595,#596));
#2076=EDGE_LOOP('',(#597,#598,#599,#600));
#2077=EDGE_LOOP('',(#601,#602,#603,#604));
#2078=EDGE_LOOP('',(#605,#606,#607,#608));
#2079=EDGE_LOOP('',(#609,#610,#611,#612));
#2080=EDGE_LOOP('',(#613,#614,#615,#616));
#2081=EDGE_LOOP('',(#617,#618,#619,#620));
#2082=EDGE_LOOP('',(#621,#622,#623,#624));
#2083=EDGE_LOOP('',(#625,#626,#627,#628));
#2084=EDGE_LOOP('',(#629,#630,#631,#632));
#2085=EDGE_LOOP('',(#633,#634,#635,#636));
#2086=EDGE_LOOP('',(#637,#638,#639,#640));
#2087=EDGE_LOOP('',(#641,#642,#643,#644));
#2088=EDGE_LOOP('',(#645,#646,#647,#648));
#2089=EDGE_LOOP('',(#649,#650,#651,#652));
#2090=EDGE_LOOP('',(#653,#654,#655,#656));
#2091=EDGE_LOOP('',(#657,#658,#659,#660));
#2092=EDGE_LOOP('',(#661,#662,#663,#664));
#2093=EDGE_LOOP('',(#665,#666,#667,#668));
#2094=EDGE_LOOP('',(#669,#670,#671,#672));
#2095=EDGE_LOOP('',(#673,#674,#675,#676));
#2096=EDGE_LOOP('',(#677,#678,#679,#680));
#2097=EDGE_LOOP('',(#681,#682,#683,#684));
#2098=EDGE_LOOP('',(#685,#686,#687,#688));
#2099=EDGE_LOOP('',(#689,#690,#691,#692));
#2100=EDGE_LOOP('',(#693,#694,#695,#696));
#2101=EDGE_LOOP('',(#697,#698,#699,#700));
#2102=EDGE_LOOP('',(#701,#702,#703,#704));
#2103=EDGE_LOOP('',(#705,#706,#707,#708));
#2104=EDGE_LOOP('',(#709,#710,#711,#712));
#2105=EDGE_LOOP('',(#713,#714,#715,#716));
#2106=EDGE_LOOP('',(#717,#718,#719,#720));
#2107=EDGE_LOOP('',(#721,#722,#723,#724));
#2108=EDGE_LOOP('',(#725,#726,#727,#728));
#2109=EDGE_LOOP('',(#729,#730,#731,#732));
#2110=EDGE_LOOP('',(#733,#734,#735,#736));
#2111=EDGE_LOOP('',(#737,#738,#739,#740));
#2112=EDGE_LOOP('',(#741,#742,#743,#744));
#2113=EDGE_LOOP('',(#745,#746,#747,#748));
#2114=EDGE_LOOP('',(#749,#750,#751,#752));
#2115=EDGE_LOOP('',(#753,#754,#755,#756));
#2116=EDGE_LOOP('',(#757,#758,#759,#760));
#2117=EDGE_LOOP('',(#761,#762,#763,#764));
#2118=EDGE_LOOP('',(#765,#766,#767,#768));
#2119=EDGE_LOOP('',(#769,#770,#771,#772));
#2120=EDGE_LOOP('',(#773,#774,#775,#776));
#2121=EDGE_LOOP('',(#777,#778,#779,#780));
#2122=EDGE_LOOP('',(#781,#782,#783,#784));
#2123=EDGE_LOOP('',(#785,#786,#787,#788));
#2124=EDGE_LOOP('',(#789,#790,#791,#792));
#2125=EDGE_LOOP('',(#793,#794,#795,#796));
#2126=EDGE_LOOP('',(#797,#798,#799,#800));
#2127=EDGE_LOOP('',(#801,#802,#803,#804));
#2128=EDGE_LOOP('',(#805,#806,#807,#808));
#2129=EDGE_LOOP('',(#809,#810,#811,#812));
#2130=EDGE_LOOP('',(#813,#814,#815,#816));
#2131=EDGE_LOOP('',(#817,#818,#819,#820));
#2132=EDGE_LOOP('',(#821,#822,#823,#824));
#2133=EDGE_LOOP('',(#825,#826,#827,#828));
#2134=EDGE_LOOP('',(#829,#830,#831,#832));
#2135=EDGE_LOOP('',(#833,#834,#835,#836));
#2136=EDGE_LOOP('',(#837,#838,#839,#840));
#2137=EDGE_LOOP('',(#841,#842,#843,#844));
#2138=EDGE_LOOP('',(#845,#846,#847,#848));
#2139=EDGE_LOOP('',(#849,#850,#851,#852));
#2140=EDGE_LOOP('',(#853,#854,#855,#856));
#2141=EDGE_LOOP('',(#857,#858,#859,#860));
#2142=EDGE_LOOP('',(#861,#862,#863,#864));
#2143=EDGE_LOOP('',(#865,#866,#867,#868));
#2144=EDGE_LOOP('',(#869,#870,#871,#872));
#2145=EDGE_LOOP('',(#873,#874,#875,#876));
#2146=EDGE_LOOP('',(#877,#878,#879,#880));
#2147=EDGE_LOOP('',(#881,#882,#883,#884));
#2148=EDGE_LOOP('',(#885,#886,#887,#888));
#2149=EDGE_LOOP('',(#889,#890,#891,#892));
#2150=EDGE_LOOP('',(#893,#894,#895,#896));
#2151=EDGE_LOOP('',(#897,#898,#899,#900));
#2152=EDGE_LOOP('',(#901,#902,#903,#904));
#2153=EDGE_LOOP('',(#905,#906,#907,#908));
#2154=EDGE_LOOP('',(#909,#910,#911,#912));
#2155=EDGE_LOOP('',(#913,#914,#915,#916));
#2156=EDGE_LOOP('',(#917,#918,#919,#920));
#2157=FACE_BOUND('',#1991,.T.);
#2158=FACE_BOUND('',#1992,.T.);
#2159=FACE_BOUND('',#1993,.T.);
#2160=FACE_BOUND('',#1994,.T.);
#2161=FACE_BOUND('',#1995,.T.);
#2162=FACE_BOUND('',#1996,.T.);
#2163=FACE_BOUND('',#1997,.T.);
#2164=FACE_BOUND('',#1998,.T.);
#2165=FACE_BOUND('',#1999,.T.);
#2166=FACE_BOUND('',#2000,.T.);
#2167=FACE_BOUND('',#2001,.T.);
#2168=FACE_BOUND('',#2002,.T.);
#2169=FACE_BOUND('',#2003,.T.);
#2170=FACE_BOUND('',#2004,.T.);
#2171=FACE_BOUND('',#2005,.T.);
#2172=FACE_BOUND('',#2006,.T.);
#2173=FACE_BOUND('',#2007,.T.);
#2174=FACE_BOUND('',#2008,.T.);
#2175=FACE_BOUND('',#2009,.T.);
#2176=FACE_BOUND('',#2010,.T.);
#2177=FACE_BOUND('',#2011,.T.);
#2178=FACE_BOUND('',#2012,.T.);
#2179=FACE_BOUND('',#2013,.T.);
#2180=FACE_BOUND('',#2014,.T.);
#2181=FACE_BOUND('',#2015,.T.);
#2182=FACE_BOUND('',#2016,.T.);
#2183=FACE_BOUND('',#2017,.T.);
#2184=FACE_BOUND('',#2018,.T.);
#2185=FACE_BOUND('',#2019,.T.);
#2186=FACE_BOUND('',#2020,.T.);
#2187=FACE_BOUND('',#2021,.T.);
#2188=FACE_BOUND('',#2022,.T.);
#2189=FACE_BOUND('',#2023,.T.);
#2190=FACE_BOUND('',#2024,.T.);
#2191=FACE_BOUND('',#2025,.T.);
#2192=FACE_BOUND('',#2026,.T.);
#2193=FACE_BOUND('',#2027,.T.);
#2194=FACE_BOUND('',#2028,.T.);
#2195=FACE_BOUND('',#2029,.T.);
#2196=FACE_BOUND('',#2030,.T.);
#2197=FACE_BOUND('',#2031,.T.);
#2198=FACE_BOUND('',#2032,.T.);
#2199=FACE_BOUND('',#2033,.T.);
#2200=FACE_BOUND('',#2034,.T.);
#2201=FACE_BOUND('',#2035,.T.);
#2202=FACE_BOUND('',#2036,.T.);
#2203=FACE_BOUND('',#2037,.T.);
#2204=FACE_BOUND('',#2038,.T.);
#2205=FACE_BOUND('',#2039,.T.);
#2206=FACE_BOUND('',#2040,.T.);
#2207=FACE_BOUND('',#2041,.T.);
#2208=FACE_BOUND('',#2042,.T.);
#2209=FACE_BOUND('',#2043,.T.);
#2210=FACE_BOUND('',#2044,.T.);
#2211=FACE_BOUND('',#2045,.T.);
#2212=FACE_BOUND('',#2046,.T.);
#2213=FACE_BOUND('',#2047,.T.);
#2214=FACE_BOUND('',#2048,.T.);
#2215=FACE_BOUND('',#2049,.T.);
#2216=FACE_BOUND('',#2050,.T.);
#2217=FACE_BOUND('',#2051,.T.);
#2218=FACE_BOUND('',#2052,.T.);
#2219=FACE_BOUND('',#2053,.T.);
#2220=FACE_BOUND('',#2054,.T.);
#2221=FACE_BOUND('',#2055,.T.);
#2222=FACE_BOUND('',#2056,.T.);
#2223=FACE_BOUND('',#2057,.T.);
#2224=FACE_BOUND('',#2058,.T.);
#2225=FACE_BOUND('',#2059,.T.);
#2226=FACE_BOUND('',#2060,.T.);
#2227=FACE_BOUND('',#2061,.T.);
#2228=FACE_BOUND('',#2062,.T.);
#2229=FACE_BOUND('',#2063,.T.);
#2230=FACE_BOUND('',#2064,.T.);
#2231=FACE_BOUND('',#2065,.T.);
#2232=FACE_BOUND('',#2066,.T.);
#2233=FACE_BOUND('',#2067,.T.);
#2234=FACE_BOUND('',#2068,.T.);
#2235=FACE_BOUND('',#2069,.T.);
#2236=FACE_BOUND('',#2070,.T.);
#2237=FACE_BOUND('',#2071,.T.);
#2238=FACE_BOUND('',#2072,.T.);
#2239=FACE_BOUND('',#2073,.T.);
#2240=FACE_BOUND('',#2074,.T.);
#2241=FACE_BOUND('',#2075,.T.);
#2242=FACE_BOUND('',#2076,.T.);
#2243=FACE_BOUND('',#2077,.T.);
#2244=FACE_BOUND('',#2078,.T.);
#2245=FACE_BOUND('',#2079,.T.);
#2246=FACE_BOUND('',#2080,.T.);
#2247=FACE_BOUND('',#2081,.T.);
#2248=FACE_BOUND('',#2082,.T.);
#2249=FACE_BOUND('',#2083,.T.);
#2250=FACE_BOUND('',#2084,.T.);
#2251=FACE_BOUND('',#2085,.T.);
#2252=FACE_BOUND('',#2086,.T.);
#2253=FACE_BOUND('',#2087,.T.);
#2254=FACE_BOUND('',#2088,.T.);
#2255=FACE_BOUND('',#2089,.T.);
#2256=FACE_BOUND('',#2090,.T.);
#2257=FACE_BOUND('',#2091,.T.);
#2258=FACE_BOUND('',#2092,.T.);
#2259=FACE_BOUND('',#2093,.T.);
#2260=FACE_BOUND('',#2094,.T.);
#2261=FACE_BOUND('',#2095,.T.);
#2262=FACE_BOUND('',#2096,.T.);
#2263=FACE_BOUND('',#2097,.T.);
#2264=FACE_BOUND('',#2098,.T.);
#2265=FACE_BOUND('',#2099,.T.);
#2266=FACE_BOUND('',#2100,.T.);
#2267=FACE_BOUND('',#2101,.T.);
#2268=FACE_BOUND('',#2102,.T.);
#2269=FACE_BOUND('',#2103,.T.);
#2270=FACE_BOUND('',#2104,.T.);
#2271=FACE_BOUND('',#2105,.T.);
#2272=FACE_BOUND('',#2106,.T.);
#2273=FACE_BOUND('',#2107,.T.);
#2274=FACE_BOUND('',#2108,.T.);
#2275=FACE_BOUND('',#2109,.T.);
#2276=FACE_BOUND('',#2110,.T.);
#2277=FACE_BOUND('',#2111,.T.);
#2278=FACE_BOUND('',#2112,.T.);
#2279=FACE_BOUND('',#2113,.T.);
#2280=FACE_BOUND('',#2114,.T.);
#2281=FACE_BOUND('',#2115,.T.);
#2282=FACE_BOUND('',#2116,.T.);
#2283=FACE_BOUND('',#2117,.T.);
#2284=FACE_BOUND('',#2118,.T.);
#2285=FACE_BOUND('',#2119,.T.);
#2286=FACE_BOUND('',#2120,.T.);
#2287=FACE_BOUND('',#2121,.T.);
#2288=FACE_BOUND('',#2122,.T.);
#2289=FACE_BOUND('',#2123,.T.);
#2290=FACE_BOUND('',#2124,.T.);
#2291=FACE_BOUND('',#2125,.T.);
#2292=FACE_BOUND('',#2126,.T.);
#2293=FACE_BOUND('',#2127,.T.);
#2294=FACE_BOUND('',#2128,.T.);
#2295=FACE_BOUND('',#2129,.T.);
#2296=FACE_BOUND('',#2130,.T.);
#2297=FACE_BOUND('',#2131,.T.);
#2298=FACE_BOUND('',#2132,.T.);
#2299=FACE_BOUND('',#2133,.T.);
#2300=FACE_BOUND('',#2134,.T.);
#2301=FACE_BOUND('',#2135,.T.);
#2302=FACE_BOUND('',#2136,.T.);
#2303=FACE_BOUND('',#2137,.T.);
#2304=FACE_BOUND('',#2138,.T.);
#2305=FACE_BOUND('',#2139,.T.);
#2306=FACE_BOUND('',#2140,.T.);
#2307=FACE_BOUND('',#2141,.T.);
#2308=FACE_BOUND('',#2142,.T.);
#2309=FACE_BOUND('',#2143,.T.);
#2310=FACE_BOUND('',#2144,.T.);
#2311=FACE_BOUND('',#2145,.T.);
#2312=FACE_BOUND('',#2146,.T.);
#2313=FACE_BOUND('',#2147,.T.);
#2314=FACE_BOUND('',#2148,.T.);
#2315=FACE_BOUND('',#2149,.T.);
#2316=FACE_BOUND('',#2150,.T.);
#2317=FACE_BOUND('',#2151,.T.);
#2318=FACE_BOUND('',#2152,.T.);
#2319=FACE_BOUND('',#2153,.T.);
#2320=FACE_BOUND('',#2154,.T.);
#2321=FACE_BOUND('',#2155,.T.);
#2322=FACE_BOUND('',#2156,.T.);
#2323=PLANE('',#2559);
#2324=PLANE('',#2560);
#2325=PLANE('',#2598);
#2326=PLANE('',#2603);
#2327=PLANE('',#2608);
#2328=PLANE('',#2613);
#2329=PLANE('',#2616);
#2330=PLANE('',#2617);
#2331=PLANE('',#2618);
#2332=PLANE('',#2619);
#2333=PLANE('',#2623);
#2334=PLANE('',#2627);
#2335=PLANE('',#2628);
#2336=PLANE('',#2629);
#2337=PLANE('',#2633);
#2338=PLANE('',#2634);
#2339=PLANE('',#2635);
#2340=PLANE('',#2636);
#2341=PLANE('',#2637);
#2342=PLANE('',#2638);
#2343=PLANE('',#2639);
#2344=PLANE('',#2640);
#2345=PLANE('',#2641);
#2346=PLANE('',#2642);
#2347=PLANE('',#2645);
#2348=PLANE('',#2646);
#2349=PLANE('',#2647);
#2350=PLANE('',#2655);
#2351=PLANE('',#2656);
#2352=PLANE('',#2657);
#2353=PLANE('',#2685);
#2354=PLANE('',#2686);
#2355=PLANE('',#2690);
#2356=PLANE('',#2739);
#2357=PLANE('',#2743);
#2358=PLANE('',#2744);
#2359=PLANE('',#2747);
#2360=PLANE('',#2748);
#2361=PLANE('',#2751);
#2362=PLANE('',#2752);
#2363=PLANE('',#2755);
#2364=PLANE('',#2756);
#2365=PLANE('',#2759);
#2366=PLANE('',#2760);
#2367=PLANE('',#2763);
#2368=PLANE('',#2764);
#2369=PLANE('',#2767);
#2370=PLANE('',#2768);
#2371=PLANE('',#2771);
#2372=PLANE('',#2772);
#2373=PLANE('',#2775);
#2374=PLANE('',#2776);
#2375=PLANE('',#2779);
#2376=PLANE('',#2780);
#2377=PLANE('',#2784);
#2378=PLANE('',#2785);
#2379=PLANE('',#2788);
#2380=PLANE('',#2789);
#2381=PLANE('',#2792);
#2382=PLANE('',#2793);
#2383=PLANE('',#2796);
#2384=PLANE('',#2797);
#2385=PLANE('',#2800);
#2386=PLANE('',#2801);
#2387=PLANE('',#2804);
#2388=PLANE('',#2805);
#2389=PLANE('',#2808);
#2390=PLANE('',#2809);
#2391=PLANE('',#2812);
#2392=PLANE('',#2813);
#2393=PLANE('',#2816);
#2394=PLANE('',#2817);
#2395=PLANE('',#2820);
#2396=ADVANCED_FACE('',(#2157),#2323,.F.);
#2397=ADVANCED_FACE('',(#2158,#2159,#2160,#2161,#2162,#2163,#2164,#2165),
#2324,.T.);
#2398=ADVANCED_FACE('',(#2166),#54,.F.);
#2399=ADVANCED_FACE('',(#2167),#2325,.F.);
#2400=ADVANCED_FACE('',(#2168),#55,.F.);
#2401=ADVANCED_FACE('',(#2169),#56,.F.);
#2402=ADVANCED_FACE('',(#2170),#2326,.F.);
#2403=ADVANCED_FACE('',(#2171),#57,.F.);
#2404=ADVANCED_FACE('',(#2172),#58,.F.);
#2405=ADVANCED_FACE('',(#2173),#2327,.F.);
#2406=ADVANCED_FACE('',(#2174),#59,.F.);
#2407=ADVANCED_FACE('',(#2175),#60,.F.);
#2408=ADVANCED_FACE('',(#2176),#2328,.F.);
#2409=ADVANCED_FACE('',(#2177),#61,.F.);
#2410=ADVANCED_FACE('',(#2178),#2329,.T.);
#2411=ADVANCED_FACE('',(#2179),#2330,.F.);
#2412=ADVANCED_FACE('',(#2180),#2331,.T.);
#2413=ADVANCED_FACE('',(#2181),#2332,.F.);
#2414=ADVANCED_FACE('',(#2182),#62,.F.);
#2415=ADVANCED_FACE('',(#2183),#2333,.T.);
#2416=ADVANCED_FACE('',(#2184),#63,.T.);
#2417=ADVANCED_FACE('',(#2185),#2334,.F.);
#2418=ADVANCED_FACE('',(#2186),#2335,.T.);
#2419=ADVANCED_FACE('',(#2187),#2336,.F.);
#2420=ADVANCED_FACE('',(#2188),#64,.F.);
#2421=ADVANCED_FACE('',(#2189),#2337,.T.);
#2422=ADVANCED_FACE('',(#2190),#2338,.T.);
#2423=ADVANCED_FACE('',(#2191),#2339,.T.);
#2424=ADVANCED_FACE('',(#2192),#2340,.T.);
#2425=ADVANCED_FACE('',(#2193),#2341,.F.);
#2426=ADVANCED_FACE('',(#2194),#2342,.F.);
#2427=ADVANCED_FACE('',(#2195),#2343,.T.);
#2428=ADVANCED_FACE('',(#2196),#2344,.T.);
#2429=ADVANCED_FACE('',(#2197),#2345,.T.);
#2430=ADVANCED_FACE('',(#2198),#2346,.T.);
#2431=ADVANCED_FACE('',(#2199),#65,.F.);
#2432=ADVANCED_FACE('',(#2200),#2347,.T.);
#2433=ADVANCED_FACE('',(#2201),#2348,.T.);
#2434=ADVANCED_FACE('',(#2202),#2349,.T.);
#2435=ADVANCED_FACE('',(#2203),#66,.F.);
#2436=ADVANCED_FACE('',(#2204,#2205),#67,.F.);
#2437=ADVANCED_FACE('',(#2206,#2207),#68,.F.);
#2438=ADVANCED_FACE('',(#2208),#2350,.T.);
#2439=ADVANCED_FACE('',(#2209),#2351,.T.);
#2440=ADVANCED_FACE('',(#2210,#2211,#2212,#2213,#2214,#2215,#2216,#2217),
#2352,.F.);
#2441=ADVANCED_FACE('',(#2218),#69,.F.);
#2442=ADVANCED_FACE('',(#2219),#2353,.F.);
#2443=ADVANCED_FACE('',(#2220),#2354,.T.);
#2444=ADVANCED_FACE('',(#2221),#70,.F.);
#2445=ADVANCED_FACE('',(#2222),#2355,.F.);
#2446=ADVANCED_FACE('',(#2223),#71,.T.);
#2447=ADVANCED_FACE('',(#2224),#72,.F.);
#2448=ADVANCED_FACE('',(#2225),#73,.F.);
#2449=ADVANCED_FACE('',(#2226),#74,.T.);
#2450=ADVANCED_FACE('',(#2227),#75,.F.);
#2451=ADVANCED_FACE('',(#2228),#76,.F.);
#2452=ADVANCED_FACE('',(#2229),#77,.F.);
#2453=ADVANCED_FACE('',(#2230),#78,.F.);
#2454=ADVANCED_FACE('',(#2231),#79,.F.);
#2455=ADVANCED_FACE('',(#2232),#80,.T.);
#2456=ADVANCED_FACE('',(#2233),#81,.T.);
#2457=ADVANCED_FACE('',(#2234),#82,.T.);
#2458=ADVANCED_FACE('',(#2235),#83,.T.);
#2459=ADVANCED_FACE('',(#2236),#84,.T.);
#2460=ADVANCED_FACE('',(#2237),#85,.T.);
#2461=ADVANCED_FACE('',(#2238),#86,.T.);
#2462=ADVANCED_FACE('',(#2239),#87,.T.);
#2463=ADVANCED_FACE('',(#2240),#88,.T.);
#2464=ADVANCED_FACE('',(#2241),#2356,.F.);
#2465=ADVANCED_FACE('',(#2242),#12,.T.);
#2466=ADVANCED_FACE('',(#2243),#13,.F.);
#2467=ADVANCED_FACE('',(#2244),#14,.T.);
#2468=ADVANCED_FACE('',(#2245),#2357,.T.);
#2469=ADVANCED_FACE('',(#2246),#2358,.T.);
#2470=ADVANCED_FACE('',(#2247),#15,.T.);
#2471=ADVANCED_FACE('',(#2248),#16,.T.);
#2472=ADVANCED_FACE('',(#2249),#2359,.F.);
#2473=ADVANCED_FACE('',(#2250),#2360,.T.);
#2474=ADVANCED_FACE('',(#2251),#17,.T.);
#2475=ADVANCED_FACE('',(#2252),#18,.F.);
#2476=ADVANCED_FACE('',(#2253),#2361,.T.);
#2477=ADVANCED_FACE('',(#2254),#2362,.T.);
#2478=ADVANCED_FACE('',(#2255),#19,.F.);
#2479=ADVANCED_FACE('',(#2256),#20,.F.);
#2480=ADVANCED_FACE('',(#2257),#2363,.F.);
#2481=ADVANCED_FACE('',(#2258),#2364,.F.);
#2482=ADVANCED_FACE('',(#2259),#21,.F.);
#2483=ADVANCED_FACE('',(#2260),#22,.T.);
#2484=ADVANCED_FACE('',(#2261),#2365,.F.);
#2485=ADVANCED_FACE('',(#2262),#2366,.T.);
#2486=ADVANCED_FACE('',(#2263),#23,.T.);
#2487=ADVANCED_FACE('',(#2264),#24,.T.);
#2488=ADVANCED_FACE('',(#2265),#2367,.F.);
#2489=ADVANCED_FACE('',(#2266),#2368,.F.);
#2490=ADVANCED_FACE('',(#2267),#25,.F.);
#2491=ADVANCED_FACE('',(#2268),#26,.F.);
#2492=ADVANCED_FACE('',(#2269),#2369,.T.);
#2493=ADVANCED_FACE('',(#2270),#2370,.T.);
#2494=ADVANCED_FACE('',(#2271),#27,.T.);
#2495=ADVANCED_FACE('',(#2272),#28,.F.);
#2496=ADVANCED_FACE('',(#2273),#2371,.T.);
#2497=ADVANCED_FACE('',(#2274),#2372,.F.);
#2498=ADVANCED_FACE('',(#2275),#29,.T.);
#2499=ADVANCED_FACE('',(#2276),#30,.T.);
#2500=ADVANCED_FACE('',(#2277),#2373,.F.);
#2501=ADVANCED_FACE('',(#2278),#2374,.F.);
#2502=ADVANCED_FACE('',(#2279),#31,.T.);
#2503=ADVANCED_FACE('',(#2280),#32,.F.);
#2504=ADVANCED_FACE('',(#2281),#2375,.F.);
#2505=ADVANCED_FACE('',(#2282),#2376,.T.);
#2506=ADVANCED_FACE('',(#2283),#33,.T.);
#2507=ADVANCED_FACE('',(#2284),#34,.F.);
#2508=ADVANCED_FACE('',(#2285),#35,.T.);
#2509=ADVANCED_FACE('',(#2286),#2377,.F.);
#2510=ADVANCED_FACE('',(#2287),#2378,.F.);
#2511=ADVANCED_FACE('',(#2288),#36,.T.);
#2512=ADVANCED_FACE('',(#2289),#37,.T.);
#2513=ADVANCED_FACE('',(#2290),#2379,.T.);
#2514=ADVANCED_FACE('',(#2291),#2380,.F.);
#2515=ADVANCED_FACE('',(#2292),#38,.T.);
#2516=ADVANCED_FACE('',(#2293),#39,.F.);
#2517=ADVANCED_FACE('',(#2294),#2381,.F.);
#2518=ADVANCED_FACE('',(#2295),#2382,.F.);
#2519=ADVANCED_FACE('',(#2296),#40,.F.);
#2520=ADVANCED_FACE('',(#2297),#41,.F.);
#2521=ADVANCED_FACE('',(#2298),#2383,.T.);
#2522=ADVANCED_FACE('',(#2299),#2384,.T.);
#2523=ADVANCED_FACE('',(#2300),#42,.F.);
#2524=ADVANCED_FACE('',(#2301),#43,.T.);
#2525=ADVANCED_FACE('',(#2302),#2385,.T.);
#2526=ADVANCED_FACE('',(#2303),#2386,.F.);
#2527=ADVANCED_FACE('',(#2304),#44,.T.);
#2528=ADVANCED_FACE('',(#2305),#45,.T.);
#2529=ADVANCED_FACE('',(#2306),#2387,.T.);
#2530=ADVANCED_FACE('',(#2307),#2388,.T.);
#2531=ADVANCED_FACE('',(#2308),#46,.F.);
#2532=ADVANCED_FACE('',(#2309),#47,.F.);
#2533=ADVANCED_FACE('',(#2310),#2389,.F.);
#2534=ADVANCED_FACE('',(#2311),#2390,.F.);
#2535=ADVANCED_FACE('',(#2312),#48,.T.);
#2536=ADVANCED_FACE('',(#2313),#49,.F.);
#2537=ADVANCED_FACE('',(#2314),#2391,.F.);
#2538=ADVANCED_FACE('',(#2315),#2392,.T.);
#2539=ADVANCED_FACE('',(#2316),#50,.T.);
#2540=ADVANCED_FACE('',(#2317),#51,.T.);
#2541=ADVANCED_FACE('',(#2318),#2393,.T.);
#2542=ADVANCED_FACE('',(#2319),#2394,.T.);
#2543=ADVANCED_FACE('',(#2320),#52,.T.);
#2544=ADVANCED_FACE('',(#2321),#53,.F.);
#2545=ADVANCED_FACE('',(#2322),#2395,.T.);
#2546=CLOSED_SHELL('',(#2396,#2397,#2398,#2399,#2400,#2401,#2402,#2403,
#2404,#2405,#2406,#2407,#2408,#2409,#2410,#2411,#2412,#2413,#2414,#2415,
#2416,#2417,#2418,#2419,#2420,#2421,#2422,#2423,#2424,#2425,#2426,#2427,
#2428,#2429,#2430,#2431,#2432,#2433,#2434,#2435,#2436,#2437,#2438,#2439,
#2440,#2441,#2442,#2443,#2444,#2445,#2446,#2447,#2448,#2449,#2450,#2451,
#2452,#2453,#2454,#2455,#2456,#2457,#2458,#2459,#2460,#2461,#2462,#2463,
#2464,#2465,#2466,#2467,#2468,#2469,#2470,#2471,#2472,#2473,#2474,#2475,
#2476,#2477,#2478,#2479,#2480,#2481,#2482,#2483,#2484,#2485,#2486,#2487,
#2488,#2489,#2490,#2491,#2492,#2493,#2494,#2495,#2496,#2497,#2498,#2499,
#2500,#2501,#2502,#2503,#2504,#2505,#2506,#2507,#2508,#2509,#2510,#2511,
#2512,#2513,#2514,#2515,#2516,#2517,#2518,#2519,#2520,#2521,#2522,#2523,
#2524,#2525,#2526,#2527,#2528,#2529,#2530,#2531,#2532,#2533,#2534,#2535,
#2536,#2537,#2538,#2539,#2540,#2541,#2542,#2543,#2544,#2545));
#2547=STYLED_ITEM('',(#2548),#2555);
#2548=PRESENTATION_STYLE_ASSIGNMENT((#2549));
#2549=SURFACE_STYLE_USAGE(.BOTH.,#2550);
#2550=SURFACE_SIDE_STYLE('',(#2551));
#2551=SURFACE_STYLE_FILL_AREA(#2552);
#2552=FILL_AREA_STYLE('',(#2553));
#2553=FILL_AREA_STYLE_COLOUR('',#2554);
#2554=COLOUR_RGB('',0.501960784313726,0.501960784313726,0.501960784313726);
#2555=MANIFOLD_SOLID_BREP('Arm',#2546);
#2556=SHAPE_DEFINITION_REPRESENTATION(#4326,#2557);
#2557=SHAPE_REPRESENTATION('Arm',(#2558),#4321);
#2558=AXIS2_PLACEMENT_3D('',#3595,#2821,#2822);
#2559=AXIS2_PLACEMENT_3D('',#3596,#2823,#2824);
#2560=AXIS2_PLACEMENT_3D('',#3605,#2829,#2830);
#2561=AXIS2_PLACEMENT_3D('',#3606,#2831,#2832);
#2562=AXIS2_PLACEMENT_3D('',#3611,#2834,#2835);
#2563=AXIS2_PLACEMENT_3D('',#3615,#2837,#2838);
#2564=AXIS2_PLACEMENT_3D('',#3619,#2840,#2841);
#2565=AXIS2_PLACEMENT_3D('',#3623,#2843,#2844);
#2566=AXIS2_PLACEMENT_3D('',#3627,#2846,#2847);
#2567=AXIS2_PLACEMENT_3D('',#3631,#2849,#2850);
#2568=AXIS2_PLACEMENT_3D('',#3635,#2852,#2853);
#2569=AXIS2_PLACEMENT_3D('',#3639,#2855,#2856);
#2570=AXIS2_PLACEMENT_3D('',#3643,#2858,#2859);
#2571=AXIS2_PLACEMENT_3D('',#3647,#2861,#2862);
#2572=AXIS2_PLACEMENT_3D('',#3651,#2864,#2865);
#2573=AXIS2_PLACEMENT_3D('',#3653,#2866,#2867);
#2574=AXIS2_PLACEMENT_3D('',#3657,#2869,#2870);
#2575=AXIS2_PLACEMENT_3D('',#3661,#2872,#2873);
#2576=AXIS2_PLACEMENT_3D('',#3665,#2875,#2876);
#2577=AXIS2_PLACEMENT_3D('',#3669,#2878,#2879);
#2578=AXIS2_PLACEMENT_3D('',#3673,#2881,#2882);
#2579=AXIS2_PLACEMENT_3D('',#3677,#2884,#2885);
#2580=AXIS2_PLACEMENT_3D('',#3681,#2887,#2888);
#2581=AXIS2_PLACEMENT_3D('',#3685,#2890,#2891);
#2582=AXIS2_PLACEMENT_3D('',#3691,#2894,#2895);
#2583=AXIS2_PLACEMENT_3D('',#3693,#2896,#2897);
#2584=AXIS2_PLACEMENT_3D('',#3697,#2899,#2900);
#2585=AXIS2_PLACEMENT_3D('',#3701,#2902,#2903);
#2586=AXIS2_PLACEMENT_3D('',#3702,#2904,#2905);
#2587=AXIS2_PLACEMENT_3D('',#3704,#2906,#2907);
#2588=AXIS2_PLACEMENT_3D('',#3706,#2908,#2909);
#2589=AXIS2_PLACEMENT_3D('',#3711,#2911,#2912);
#2590=AXIS2_PLACEMENT_3D('',#3714,#2914,#2915);
#2591=AXIS2_PLACEMENT_3D('',#3719,#2917,#2918);
#2592=AXIS2_PLACEMENT_3D('',#3722,#2920,#2921);
#2593=AXIS2_PLACEMENT_3D('',#3727,#2923,#2924);
#2594=AXIS2_PLACEMENT_3D('',#3730,#2926,#2927);
#2595=AXIS2_PLACEMENT_3D('',#3735,#2929,#2930);
#2596=AXIS2_PLACEMENT_3D('',#3738,#2932,#2933);
#2597=AXIS2_PLACEMENT_3D('',#3739,#2934,#2935);
#2598=AXIS2_PLACEMENT_3D('',#3744,#2938,#2939);
#2599=AXIS2_PLACEMENT_3D('',#3748,#2942,#2943);
#2600=AXIS2_PLACEMENT_3D('',#3749,#2944,#2945);
#2601=AXIS2_PLACEMENT_3D('',#3752,#2947,#2948);
#2602=AXIS2_PLACEMENT_3D('',#3753,#2949,#2950);
#2603=AXIS2_PLACEMENT_3D('',#3758,#2953,#2954);
#2604=AXIS2_PLACEMENT_3D('',#3762,#2957,#2958);
#2605=AXIS2_PLACEMENT_3D('',#3763,#2959,#2960);
#2606=AXIS2_PLACEMENT_3D('',#3766,#2962,#2963);
#2607=AXIS2_PLACEMENT_3D('',#3767,#2964,#2965);
#2608=AXIS2_PLACEMENT_3D('',#3772,#2968,#2969);
#2609=AXIS2_PLACEMENT_3D('',#3776,#2972,#2973);
#2610=AXIS2_PLACEMENT_3D('',#3777,#2974,#2975);
#2611=AXIS2_PLACEMENT_3D('',#3780,#2977,#2978);
#2612=AXIS2_PLACEMENT_3D('',#3781,#2979,#2980);
#2613=AXIS2_PLACEMENT_3D('',#3786,#2983,#2984);
#2614=AXIS2_PLACEMENT_3D('',#3790,#2987,#2988);
#2615=AXIS2_PLACEMENT_3D('',#3791,#2989,#2990);
#2616=AXIS2_PLACEMENT_3D('',#3794,#2992,#2993);
#2617=AXIS2_PLACEMENT_3D('',#3803,#2998,#2999);
#2618=AXIS2_PLACEMENT_3D('',#3812,#3004,#3005);
#2619=AXIS2_PLACEMENT_3D('',#3821,#3010,#3011);
#2620=AXIS2_PLACEMENT_3D('',#3830,#3016,#3017);
#2621=AXIS2_PLACEMENT_3D('',#3834,#3019,#3020);
#2622=AXIS2_PLACEMENT_3D('',#3835,#3021,#3022);
#2623=AXIS2_PLACEMENT_3D('',#3836,#3023,#3024);
#2624=AXIS2_PLACEMENT_3D('',#3842,#3028,#3029);
#2625=AXIS2_PLACEMENT_3D('',#3846,#3031,#3032);
#2626=AXIS2_PLACEMENT_3D('',#3847,#3033,#3034);
#2627=AXIS2_PLACEMENT_3D('',#3848,#3035,#3036);
#2628=AXIS2_PLACEMENT_3D('',#3857,#3041,#3042);
#2629=AXIS2_PLACEMENT_3D('',#3866,#3047,#3048);
#2630=AXIS2_PLACEMENT_3D('',#3875,#3053,#3054);
#2631=AXIS2_PLACEMENT_3D('',#3879,#3056,#3057);
#2632=AXIS2_PLACEMENT_3D('',#3880,#3058,#3059);
#2633=AXIS2_PLACEMENT_3D('',#3881,#3060,#3061);
#2634=AXIS2_PLACEMENT_3D('',#3887,#3065,#3066);
#2635=AXIS2_PLACEMENT_3D('',#3896,#3071,#3072);
#2636=AXIS2_PLACEMENT_3D('',#3905,#3077,#3078);
#2637=AXIS2_PLACEMENT_3D('',#3914,#3083,#3084);
#2638=AXIS2_PLACEMENT_3D('',#3923,#3089,#3090);
#2639=AXIS2_PLACEMENT_3D('',#3932,#3095,#3096);
#2640=AXIS2_PLACEMENT_3D('',#3941,#3101,#3102);
#2641=AXIS2_PLACEMENT_3D('',#3950,#3107,#3108);
#2642=AXIS2_PLACEMENT_3D('',#3956,#3112,#3113);
#2643=AXIS2_PLACEMENT_3D('',#3962,#3117,#3118);
#2644=AXIS2_PLACEMENT_3D('',#3963,#3119,#3120);
#2645=AXIS2_PLACEMENT_3D('',#3966,#3122,#3123);
#2646=AXIS2_PLACEMENT_3D('',#3968,#3125,#3126);
#2647=AXIS2_PLACEMENT_3D('',#3970,#3128,#3129);
#2648=AXIS2_PLACEMENT_3D('',#3972,#3131,#3132);
#2649=AXIS2_PLACEMENT_3D('',#3973,#3133,#3134);
#2650=AXIS2_PLACEMENT_3D('',#3974,#3135,#3136);
#2651=AXIS2_PLACEMENT_3D('',#3975,#3137,#3138);
#2652=AXIS2_PLACEMENT_3D('',#3976,#3139,#3140);
#2653=AXIS2_PLACEMENT_3D('',#3978,#3141,#3142);
#2654=AXIS2_PLACEMENT_3D('',#3979,#3143,#3144);
#2655=AXIS2_PLACEMENT_3D('',#3981,#3145,#3146);
#2656=AXIS2_PLACEMENT_3D('',#3985,#3149,#3150);
#2657=AXIS2_PLACEMENT_3D('',#3987,#3152,#3153);
#2658=AXIS2_PLACEMENT_3D('',#3988,#3154,#3155);
#2659=AXIS2_PLACEMENT_3D('',#3993,#3157,#3158);
#2660=AXIS2_PLACEMENT_3D('',#3997,#3160,#3161);
#2661=AXIS2_PLACEMENT_3D('',#4001,#3163,#3164);
#2662=AXIS2_PLACEMENT_3D('',#4005,#3166,#3167);
#2663=AXIS2_PLACEMENT_3D('',#4009,#3169,#3170);
#2664=AXIS2_PLACEMENT_3D('',#4013,#3172,#3173);
#2665=AXIS2_PLACEMENT_3D('',#4017,#3175,#3176);
#2666=AXIS2_PLACEMENT_3D('',#4021,#3178,#3179);
#2667=AXIS2_PLACEMENT_3D('',#4025,#3181,#3182);
#2668=AXIS2_PLACEMENT_3D('',#4029,#3184,#3185);
#2669=AXIS2_PLACEMENT_3D('',#4031,#3186,#3187);
#2670=AXIS2_PLACEMENT_3D('',#4035,#3189,#3190);
#2671=AXIS2_PLACEMENT_3D('',#4039,#3192,#3193);
#2672=AXIS2_PLACEMENT_3D('',#4043,#3195,#3196);
#2673=AXIS2_PLACEMENT_3D('',#4047,#3198,#3199);
#2674=AXIS2_PLACEMENT_3D('',#4051,#3201,#3202);
#2675=AXIS2_PLACEMENT_3D('',#4055,#3204,#3205);
#2676=AXIS2_PLACEMENT_3D('',#4059,#3207,#3208);
#2677=AXIS2_PLACEMENT_3D('',#4063,#3210,#3211);
#2678=AXIS2_PLACEMENT_3D('',#4067,#3213,#3214);
#2679=AXIS2_PLACEMENT_3D('',#4070,#3216,#3217);
#2680=AXIS2_PLACEMENT_3D('',#4072,#3218,#3219);
#2681=AXIS2_PLACEMENT_3D('',#4073,#3220,#3221);
#2682=AXIS2_PLACEMENT_3D('',#4074,#3222,#3223);
#2683=AXIS2_PLACEMENT_3D('',#4078,#3225,#3226);
#2684=AXIS2_PLACEMENT_3D('',#4082,#3228,#3229);
#2685=AXIS2_PLACEMENT_3D('',#4083,#3230,#3231);
#2686=AXIS2_PLACEMENT_3D('',#4089,#3235,#3236);
#2687=AXIS2_PLACEMENT_3D('',#4098,#3241,#3242);
#2688=AXIS2_PLACEMENT_3D('',#4099,#3243,#3244);
#2689=AXIS2_PLACEMENT_3D('',#4103,#3246,#3247);
#2690=AXIS2_PLACEMENT_3D('',#4104,#3248,#3249);
#2691=AXIS2_PLACEMENT_3D('',#4107,#3252,#3253);
#2692=AXIS2_PLACEMENT_3D('',#4108,#3254,#3255);
#2693=AXIS2_PLACEMENT_3D('',#4109,#3256,#3257);
#2694=AXIS2_PLACEMENT_3D('',#4110,#3258,#3259);
#2695=AXIS2_PLACEMENT_3D('',#4111,#3260,#3261);
#2696=AXIS2_PLACEMENT_3D('',#4112,#3262,#3263);
#2697=AXIS2_PLACEMENT_3D('',#4113,#3264,#3265);
#2698=AXIS2_PLACEMENT_3D('',#4114,#3266,#3267);
#2699=AXIS2_PLACEMENT_3D('',#4115,#3268,#3269);
#2700=AXIS2_PLACEMENT_3D('',#4116,#3270,#3271);
#2701=AXIS2_PLACEMENT_3D('',#4117,#3272,#3273);
#2702=AXIS2_PLACEMENT_3D('',#4118,#3274,#3275);
#2703=AXIS2_PLACEMENT_3D('',#4119,#3276,#3277);
#2704=AXIS2_PLACEMENT_3D('',#4120,#3278,#3279);
#2705=AXIS2_PLACEMENT_3D('',#4121,#3280,#3281);
#2706=AXIS2_PLACEMENT_3D('',#4122,#3282,#3283);
#2707=AXIS2_PLACEMENT_3D('',#4123,#3284,#3285);
#2708=AXIS2_PLACEMENT_3D('',#4124,#3286,#3287);
#2709=AXIS2_PLACEMENT_3D('',#4125,#3288,#3289);
#2710=AXIS2_PLACEMENT_3D('',#4126,#3290,#3291);
#2711=AXIS2_PLACEMENT_3D('',#4128,#3293,#3294);
#2712=AXIS2_PLACEMENT_3D('',#4129,#3295,#3296);
#2713=AXIS2_PLACEMENT_3D('',#4130,#3297,#3298);
#2714=AXIS2_PLACEMENT_3D('',#4131,#3299,#3300);
#2715=AXIS2_PLACEMENT_3D('',#4132,#3301,#3302);
#2716=AXIS2_PLACEMENT_3D('',#4133,#3303,#3304);
#2717=AXIS2_PLACEMENT_3D('',#4134,#3305,#3306);
#2718=AXIS2_PLACEMENT_3D('',#4135,#3307,#3308);
#2719=AXIS2_PLACEMENT_3D('',#4136,#3309,#3310);
#2720=AXIS2_PLACEMENT_3D('',#4137,#3311,#3312);
#2721=AXIS2_PLACEMENT_3D('',#4138,#3313,#3314);
#2722=AXIS2_PLACEMENT_3D('',#4139,#3315,#3316);
#2723=AXIS2_PLACEMENT_3D('',#4140,#3317,#3318);
#2724=AXIS2_PLACEMENT_3D('',#4141,#3319,#3320);
#2725=AXIS2_PLACEMENT_3D('',#4142,#3321,#3322);
#2726=AXIS2_PLACEMENT_3D('',#4143,#3323,#3324);
#2727=AXIS2_PLACEMENT_3D('',#4144,#3325,#3326);
#2728=AXIS2_PLACEMENT_3D('',#4145,#3327,#3328);
#2729=AXIS2_PLACEMENT_3D('',#4146,#3329,#3330);
#2730=AXIS2_PLACEMENT_3D('',#4147,#3331,#3332);
#2731=AXIS2_PLACEMENT_3D('',#4148,#3333,#3334);
#2732=AXIS2_PLACEMENT_3D('',#4149,#3335,#3336);
#2733=AXIS2_PLACEMENT_3D('',#4150,#3337,#3338);
#2734=AXIS2_PLACEMENT_3D('',#4151,#3339,#3340);
#2735=AXIS2_PLACEMENT_3D('',#4152,#3341,#3342);
#2736=AXIS2_PLACEMENT_3D('',#4153,#3343,#3344);
#2737=AXIS2_PLACEMENT_3D('',#4154,#3345,#3346);
#2738=AXIS2_PLACEMENT_3D('',#4155,#3347,#3348);
#2739=AXIS2_PLACEMENT_3D('',#4156,#3349,#3350);
#2740=AXIS2_PLACEMENT_3D('',#4159,#3353,#3354);
#2741=AXIS2_PLACEMENT_3D('',#4161,#3356,#3357);
#2742=AXIS2_PLACEMENT_3D('',#4163,#3359,#3360);
#2743=AXIS2_PLACEMENT_3D('',#4165,#3362,#3363);
#2744=AXIS2_PLACEMENT_3D('',#4167,#3365,#3366);
#2745=AXIS2_PLACEMENT_3D('',#4169,#3368,#3369);
#2746=AXIS2_PLACEMENT_3D('',#4171,#3371,#3372);
#2747=AXIS2_PLACEMENT_3D('',#4173,#3374,#3375);
#2748=AXIS2_PLACEMENT_3D('',#4175,#3377,#3378);
#2749=AXIS2_PLACEMENT_3D('',#4177,#3380,#3381);
#2750=AXIS2_PLACEMENT_3D('',#4179,#3383,#3384);
#2751=AXIS2_PLACEMENT_3D('',#4181,#3386,#3387);
#2752=AXIS2_PLACEMENT_3D('',#4183,#3389,#3390);
#2753=AXIS2_PLACEMENT_3D('',#4185,#3392,#3393);
#2754=AXIS2_PLACEMENT_3D('',#4187,#3395,#3396);
#2755=AXIS2_PLACEMENT_3D('',#4189,#3398,#3399);
#2756=AXIS2_PLACEMENT_3D('',#4191,#3401,#3402);
#2757=AXIS2_PLACEMENT_3D('',#4193,#3404,#3405);
#2758=AXIS2_PLACEMENT_3D('',#4195,#3407,#3408);
#2759=AXIS2_PLACEMENT_3D('',#4197,#3410,#3411);
#2760=AXIS2_PLACEMENT_3D('',#4199,#3413,#3414);
#2761=AXIS2_PLACEMENT_3D('',#4201,#3416,#3417);
#2762=AXIS2_PLACEMENT_3D('',#4203,#3419,#3420);
#2763=AXIS2_PLACEMENT_3D('',#4205,#3422,#3423);
#2764=AXIS2_PLACEMENT_3D('',#4207,#3425,#3426);
#2765=AXIS2_PLACEMENT_3D('',#4209,#3428,#3429);
#2766=AXIS2_PLACEMENT_3D('',#4211,#3431,#3432);
#2767=AXIS2_PLACEMENT_3D('',#4213,#3434,#3435);
#2768=AXIS2_PLACEMENT_3D('',#4215,#3437,#3438);
#2769=AXIS2_PLACEMENT_3D('',#4217,#3440,#3441);
#2770=AXIS2_PLACEMENT_3D('',#4219,#3443,#3444);
#2771=AXIS2_PLACEMENT_3D('',#4221,#3446,#3447);
#2772=AXIS2_PLACEMENT_3D('',#4223,#3449,#3450);
#2773=AXIS2_PLACEMENT_3D('',#4225,#3452,#3453);
#2774=AXIS2_PLACEMENT_3D('',#4227,#3455,#3456);
#2775=AXIS2_PLACEMENT_3D('',#4229,#3458,#3459);
#2776=AXIS2_PLACEMENT_3D('',#4231,#3461,#3462);
#2777=AXIS2_PLACEMENT_3D('',#4233,#3464,#3465);
#2778=AXIS2_PLACEMENT_3D('',#4235,#3467,#3468);
#2779=AXIS2_PLACEMENT_3D('',#4237,#3470,#3471);
#2780=AXIS2_PLACEMENT_3D('',#4238,#3472,#3473);
#2781=AXIS2_PLACEMENT_3D('',#4241,#3476,#3477);
#2782=AXIS2_PLACEMENT_3D('',#4243,#3479,#3480);
#2783=AXIS2_PLACEMENT_3D('',#4245,#3482,#3483);
#2784=AXIS2_PLACEMENT_3D('',#4247,#3485,#3486);
#2785=AXIS2_PLACEMENT_3D('',#4249,#3488,#3489);
#2786=AXIS2_PLACEMENT_3D('',#4251,#3491,#3492);
#2787=AXIS2_PLACEMENT_3D('',#4253,#3494,#3495);
#2788=AXIS2_PLACEMENT_3D('',#4255,#3497,#3498);
#2789=AXIS2_PLACEMENT_3D('',#4257,#3500,#3501);
#2790=AXIS2_PLACEMENT_3D('',#4259,#3503,#3504);
#2791=AXIS2_PLACEMENT_3D('',#4261,#3506,#3507);
#2792=AXIS2_PLACEMENT_3D('',#4263,#3509,#3510);
#2793=AXIS2_PLACEMENT_3D('',#4265,#3512,#3513);
#2794=AXIS2_PLACEMENT_3D('',#4267,#3515,#3516);
#2795=AXIS2_PLACEMENT_3D('',#4269,#3518,#3519);
#2796=AXIS2_PLACEMENT_3D('',#4271,#3521,#3522);
#2797=AXIS2_PLACEMENT_3D('',#4273,#3524,#3525);
#2798=AXIS2_PLACEMENT_3D('',#4275,#3527,#3528);
#2799=AXIS2_PLACEMENT_3D('',#4277,#3530,#3531);
#2800=AXIS2_PLACEMENT_3D('',#4279,#3533,#3534);
#2801=AXIS2_PLACEMENT_3D('',#4281,#3536,#3537);
#2802=AXIS2_PLACEMENT_3D('',#4283,#3539,#3540);
#2803=AXIS2_PLACEMENT_3D('',#4285,#3542,#3543);
#2804=AXIS2_PLACEMENT_3D('',#4287,#3545,#3546);
#2805=AXIS2_PLACEMENT_3D('',#4289,#3548,#3549);
#2806=AXIS2_PLACEMENT_3D('',#4291,#3551,#3552);
#2807=AXIS2_PLACEMENT_3D('',#4293,#3554,#3555);
#2808=AXIS2_PLACEMENT_3D('',#4295,#3557,#3558);
#2809=AXIS2_PLACEMENT_3D('',#4297,#3560,#3561);
#2810=AXIS2_PLACEMENT_3D('',#4299,#3563,#3564);
#2811=AXIS2_PLACEMENT_3D('',#4301,#3566,#3567);
#2812=AXIS2_PLACEMENT_3D('',#4303,#3569,#3570);
#2813=AXIS2_PLACEMENT_3D('',#4305,#3572,#3573);
#2814=AXIS2_PLACEMENT_3D('',#4307,#3575,#3576);
#2815=AXIS2_PLACEMENT_3D('',#4309,#3578,#3579);
#2816=AXIS2_PLACEMENT_3D('',#4311,#3581,#3582);
#2817=AXIS2_PLACEMENT_3D('',#4313,#3584,#3585);
#2818=AXIS2_PLACEMENT_3D('',#4315,#3587,#3588);
#2819=AXIS2_PLACEMENT_3D('',#4317,#3590,#3591);
#2820=AXIS2_PLACEMENT_3D('',#4319,#3593,#3594);
#2821=DIRECTION('',(0.,0.,1.));
#2822=DIRECTION('',(1.,0.,0.));
#2823=DIRECTION('',(-2.46079089905874E-16,1.,0.));
#2824=DIRECTION('',(-1.,-2.46079089905874E-16,0.));
#2825=DIRECTION('',(0.,0.,-1.));
#2826=DIRECTION('',(-1.,-2.46079089905874E-16,0.));
#2827=DIRECTION('',(0.,0.,1.));
#2828=DIRECTION('',(1.,2.46079089905874E-16,0.));
#2829=DIRECTION('',(0.,0.,1.));
#2830=DIRECTION('',(1.,0.,0.));
#2831=DIRECTION('',(0.,0.,1.));
#2832=DIRECTION('',(1.,0.,0.));
#2833=DIRECTION('',(0.917297499355461,0.398202583713639,0.));
#2834=DIRECTION('',(0.,0.,1.));
#2835=DIRECTION('',(1.,0.,0.));
#2836=DIRECTION('',(0.173648177666931,0.984807753012208,0.));
#2837=DIRECTION('',(0.,0.,1.));
#2838=DIRECTION('',(1.,0.,0.));
#2839=DIRECTION('',(-0.893112995486281,0.449832387999711,0.));
#2840=DIRECTION('',(0.,0.,1.));
#2841=DIRECTION('',(1.,0.,0.));
#2842=DIRECTION('',(-0.687922251695424,-0.725784386455301,0.));
#2843=DIRECTION('',(0.,0.,1.));
#2844=DIRECTION('',(1.,0.,0.));
#2845=DIRECTION('',(-0.966592216726342,-0.256319110805372,0.));
#2846=DIRECTION('',(0.,0.,1.));
#2847=DIRECTION('',(1.,0.,0.));
#2848=DIRECTION('',(-0.424961670033486,-0.905211344936833,0.));
#2849=DIRECTION('',(0.,0.,1.));
#2850=DIRECTION('',(1.,0.,0.));
#2851=DIRECTION('',(-0.846945250779009,-0.531680112645641,0.));
#2852=DIRECTION('',(0.,0.,1.));
#2853=DIRECTION('',(1.,0.,0.));
#2854=DIRECTION('',(-1.,3.24441765083031E-16,0.));
#2855=DIRECTION('',(0.,0.,1.));
#2856=DIRECTION('',(1.,0.,0.));
#2857=DIRECTION('',(0.,-1.,0.));
#2858=DIRECTION('',(0.,0.,1.));
#2859=DIRECTION('',(1.,0.,0.));
#2860=DIRECTION('',(0.819152044290663,0.57357643634866,0.));
#2861=DIRECTION('',(0.,0.,1.));
#2862=DIRECTION('',(1.,0.,0.));
#2863=DIRECTION('',(-0.819152044288992,-0.573576436351046,0.));
#2864=DIRECTION('',(0.,0.,1.));
#2865=DIRECTION('',(1.,0.,0.));
#2866=DIRECTION('',(0.,0.,1.));
#2867=DIRECTION('',(1.,0.,0.));
#2868=DIRECTION('',(1.,2.46079089905874E-16,0.));
#2869=DIRECTION('',(0.,0.,1.));
#2870=DIRECTION('',(1.,0.,0.));
#2871=DIRECTION('',(-1.38777878078144E-15,1.,0.));
#2872=DIRECTION('',(0.,0.,1.));
#2873=DIRECTION('',(1.,0.,0.));
#2874=DIRECTION('',(1.,0.,0.));
#2875=DIRECTION('',(0.,0.,1.));
#2876=DIRECTION('',(1.,0.,0.));
#2877=DIRECTION('',(0.,-1.,0.));
#2878=DIRECTION('',(0.,0.,1.));
#2879=DIRECTION('',(1.,0.,0.));
#2880=DIRECTION('',(1.,2.46079089905874E-16,0.));
#2881=DIRECTION('',(0.,0.,1.));
#2882=DIRECTION('',(1.,0.,0.));
#2883=DIRECTION('',(0.,1.,0.));
#2884=DIRECTION('',(0.,0.,1.));
#2885=DIRECTION('',(1.,0.,0.));
#2886=DIRECTION('',(0.789288214532161,0.614022894036235,0.));
#2887=DIRECTION('',(0.,0.,1.));
#2888=DIRECTION('',(1.,0.,0.));
#2889=DIRECTION('',(0.995965872381598,0.0897328315120066,0.));
#2890=DIRECTION('',(0.,0.,1.));
#2891=DIRECTION('',(1.,0.,0.));
#2892=DIRECTION('',(0.57145518549243,0.820633274352078,0.));
#2893=DIRECTION('',(-0.687922251695424,-0.725784386455301,0.));
#2894=DIRECTION('',(0.,0.,1.));
#2895=DIRECTION('',(1.,0.,0.));
#2896=DIRECTION('',(0.,0.,1.));
#2897=DIRECTION('',(1.,0.,0.));
#2898=DIRECTION('',(0.173648177666931,0.984807753012208,0.));
#2899=DIRECTION('',(0.,0.,1.));
#2900=DIRECTION('',(1.,0.,0.));
#2901=DIRECTION('',(0.39820258371364,-0.917297499355461,0.));
#2902=DIRECTION('',(0.,0.,1.));
#2903=DIRECTION('',(1.,0.,0.));
#2904=DIRECTION('',(0.,0.,1.));
#2905=DIRECTION('',(1.,0.,0.));
#2906=DIRECTION('',(0.,0.,1.));
#2907=DIRECTION('',(1.,0.,0.));
#2908=DIRECTION('',(0.,0.,-1.));
#2909=DIRECTION('',(1.,0.,0.));
#2910=DIRECTION('',(-0.173648177666928,-0.984807753012209,0.));
#2911=DIRECTION('',(0.,0.,-1.));
#2912=DIRECTION('',(1.,0.,0.));
#2913=DIRECTION('',(-0.173648177666928,-0.984807753012208,0.));
#2914=DIRECTION('',(0.,0.,-1.));
#2915=DIRECTION('',(1.,0.,0.));
#2916=DIRECTION('',(0.984807753012208,-0.173648177666931,0.));
#2917=DIRECTION('',(0.,0.,-1.));
#2918=DIRECTION('',(1.,0.,0.));
#2919=DIRECTION('',(0.984807753012208,-0.17364817766693,0.));
#2920=DIRECTION('',(0.,0.,-1.));
#2921=DIRECTION('',(1.,0.,0.));
#2922=DIRECTION('',(-0.984807753012208,0.173648177666931,0.));
#2923=DIRECTION('',(0.,0.,-1.));
#2924=DIRECTION('',(1.,0.,0.));
#2925=DIRECTION('',(-0.984807753012208,0.173648177666931,0.));
#2926=DIRECTION('',(0.,0.,-1.));
#2927=DIRECTION('',(1.,0.,0.));
#2928=DIRECTION('',(0.17364817766693,0.984807753012208,0.));
#2929=DIRECTION('',(0.,0.,-1.));
#2930=DIRECTION('',(1.,0.,0.));
#2931=DIRECTION('',(0.173648177666933,0.984807753012208,0.));
#2932=DIRECTION('',(0.,0.,-1.));
#2933=DIRECTION('',(-1.,0.,0.));
#2934=DIRECTION('',(0.,0.,-1.));
#2935=DIRECTION('',(1.,0.,0.));
#2936=DIRECTION('',(0.,0.,-1.));
#2937=DIRECTION('',(0.,0.,-1.));
#2938=DIRECTION('',(-0.984807753012208,0.17364817766693,0.));
#2939=DIRECTION('',(-0.17364817766693,-0.984807753012208,0.));
#2940=DIRECTION('',(0.17364817766693,0.984807753012208,0.));
#2941=DIRECTION('',(0.,0.,-1.));
#2942=DIRECTION('',(0.,0.,-1.));
#2943=DIRECTION('',(-1.,0.,0.));
#2944=DIRECTION('',(0.,0.,-1.));
#2945=DIRECTION('',(1.,0.,0.));
#2946=DIRECTION('',(0.,0.,-1.));
#2947=DIRECTION('',(0.,0.,-1.));
#2948=DIRECTION('',(-1.,0.,0.));
#2949=DIRECTION('',(0.,0.,-1.));
#2950=DIRECTION('',(1.,0.,0.));
#2951=DIRECTION('',(0.,0.,-1.));
#2952=DIRECTION('',(0.,0.,-1.));
#2953=DIRECTION('',(-0.173648177666931,-0.984807753012208,0.));
#2954=DIRECTION('',(0.984807753012208,-0.173648177666931,0.));
#2955=DIRECTION('',(-0.984807753012208,0.173648177666931,0.));
#2956=DIRECTION('',(0.,0.,-1.));
#2957=DIRECTION('',(0.,0.,-1.));
#2958=DIRECTION('',(-1.,0.,0.));
#2959=DIRECTION('',(0.,0.,-1.));
#2960=DIRECTION('',(1.,0.,0.));
#2961=DIRECTION('',(0.,0.,-1.));
#2962=DIRECTION('',(0.,0.,-1.));
#2963=DIRECTION('',(-1.,0.,0.));
#2964=DIRECTION('',(0.,0.,-1.));
#2965=DIRECTION('',(1.,0.,0.));
#2966=DIRECTION('',(0.,0.,-1.));
#2967=DIRECTION('',(0.,0.,-1.));
#2968=DIRECTION('',(0.173648177666931,0.984807753012208,0.));
#2969=DIRECTION('',(-0.984807753012208,0.173648177666931,0.));
#2970=DIRECTION('',(0.984807753012208,-0.173648177666931,0.));
#2971=DIRECTION('',(0.,0.,-1.));
#2972=DIRECTION('',(0.,0.,-1.));
#2973=DIRECTION('',(-1.,0.,0.));
#2974=DIRECTION('',(0.,0.,-1.));
#2975=DIRECTION('',(1.,0.,0.));
#2976=DIRECTION('',(0.,0.,-1.));
#2977=DIRECTION('',(0.,0.,-1.));
#2978=DIRECTION('',(-1.,0.,0.));
#2979=DIRECTION('',(0.,0.,-1.));
#2980=DIRECTION('',(1.,0.,0.));
#2981=DIRECTION('',(0.,0.,-1.));
#2982=DIRECTION('',(0.,0.,-1.));
#2983=DIRECTION('',(0.984807753012209,-0.173648177666928,0.));
#2984=DIRECTION('',(0.173648177666928,0.984807753012209,0.));
#2985=DIRECTION('',(-0.173648177666928,-0.984807753012209,0.));
#2986=DIRECTION('',(0.,0.,-1.));
#2987=DIRECTION('',(0.,0.,-1.));
#2988=DIRECTION('',(-1.,0.,0.));
#2989=DIRECTION('',(0.,0.,-1.));
#2990=DIRECTION('',(1.,0.,0.));
#2991=DIRECTION('',(0.,0.,-1.));
#2992=DIRECTION('',(-0.531680112645641,0.846945250779009,0.));
#2993=DIRECTION('',(-0.846945250779009,-0.531680112645641,0.));
#2994=DIRECTION('',(0.,0.,-1.));
#2995=DIRECTION('',(0.846945250779009,0.531680112645641,0.));
#2996=DIRECTION('',(0.,0.,-1.));
#2997=DIRECTION('',(-0.846945250779009,-0.531680112645641,0.));
#2998=DIRECTION('',(-3.24441765083031E-16,-1.,0.));
#2999=DIRECTION('',(1.,-3.24441765083031E-16,0.));
#3000=DIRECTION('',(0.,0.,-1.));
#3001=DIRECTION('',(1.,-3.24441765083031E-16,0.));
#3002=DIRECTION('',(0.,0.,-1.));
#3003=DIRECTION('',(-1.,3.24441765083031E-16,0.));
#3004=DIRECTION('',(-1.,0.,0.));
#3005=DIRECTION('',(0.,0.,1.));
#3006=DIRECTION('',(0.,0.,-1.));
#3007=DIRECTION('',(0.,1.,0.));
#3008=DIRECTION('',(0.,0.,-1.));
#3009=DIRECTION('',(0.,-1.,0.));
#3010=DIRECTION('',(-0.57357643634866,0.819152044290663,0.));
#3011=DIRECTION('',(-0.819152044290663,-0.57357643634866,0.));
#3012=DIRECTION('',(0.,0.,-1.));
#3013=DIRECTION('',(-0.819152044290663,-0.57357643634866,0.));
#3014=DIRECTION('',(0.,0.,-1.));
#3015=DIRECTION('',(0.819152044290663,0.57357643634866,0.));
#3016=DIRECTION('',(0.,0.,-1.));
#3017=DIRECTION('',(-1.,0.,0.));
#3018=DIRECTION('',(0.,0.,-1.));
#3019=DIRECTION('',(0.,0.,1.));
#3020=DIRECTION('',(1.,0.,0.));
#3021=DIRECTION('',(0.,0.,1.));
#3022=DIRECTION('',(1.,0.,0.));
#3023=DIRECTION('',(-0.573576436351046,0.819152044288992,0.));
#3024=DIRECTION('',(-0.819152044288992,-0.573576436351046,0.));
#3025=DIRECTION('',(0.,0.,-1.));
#3026=DIRECTION('',(0.819152044288992,0.573576436351046,0.));
#3027=DIRECTION('',(-0.819152044288992,-0.573576436351046,0.));
#3028=DIRECTION('',(0.,0.,-1.));
#3029=DIRECTION('',(-1.,0.,0.));
#3030=DIRECTION('',(0.,0.,-1.));
#3031=DIRECTION('',(0.,0.,1.));
#3032=DIRECTION('',(1.,0.,0.));
#3033=DIRECTION('',(0.,0.,1.));
#3034=DIRECTION('',(1.,0.,0.));
#3035=DIRECTION('',(-2.46079089905874E-16,1.,0.));
#3036=DIRECTION('',(-1.,-2.46079089905874E-16,0.));
#3037=DIRECTION('',(0.,0.,1.));
#3038=DIRECTION('',(-1.,-2.46079089905874E-16,0.));
#3039=DIRECTION('',(0.,0.,-1.));
#3040=DIRECTION('',(1.,2.46079089905874E-16,0.));
#3041=DIRECTION('',(1.,0.,0.));
#3042=DIRECTION('',(0.,0.,-1.));
#3043=DIRECTION('',(0.,0.,-1.));
#3044=DIRECTION('',(0.,-1.,0.));
#3045=DIRECTION('',(0.,0.,-1.));
#3046=DIRECTION('',(0.,1.,0.));
#3047=DIRECTION('',(-0.614022894036235,0.789288214532161,0.));
#3048=DIRECTION('',(-0.789288214532161,-0.614022894036235,0.));
#3049=DIRECTION('',(0.,0.,-1.));
#3050=DIRECTION('',(-0.789288214532161,-0.614022894036235,0.));
#3051=DIRECTION('',(0.,0.,-1.));
#3052=DIRECTION('',(0.789288214532161,0.614022894036235,0.));
#3053=DIRECTION('',(0.,0.,-1.));
#3054=DIRECTION('',(-1.,0.,0.));
#3055=DIRECTION('',(0.,0.,-1.));
#3056=DIRECTION('',(0.,0.,1.));
#3057=DIRECTION('',(1.,0.,0.));
#3058=DIRECTION('',(0.,0.,1.));
#3059=DIRECTION('',(1.,0.,0.));
#3060=DIRECTION('',(0.0897328315120065,-0.995965872381598,0.));
#3061=DIRECTION('',(0.995965872381598,0.0897328315120066,0.));
#3062=DIRECTION('',(0.,0.,-1.));
#3063=DIRECTION('',(-0.995965872381598,-0.0897328315120066,0.));
#3064=DIRECTION('',(0.995965872381598,0.0897328315120066,0.));
#3065=DIRECTION('',(0.820633274352078,-0.57145518549243,0.));
#3066=DIRECTION('',(0.57145518549243,0.820633274352078,0.));
#3067=DIRECTION('',(0.,0.,-1.));
#3068=DIRECTION('',(-0.57145518549243,-0.820633274352078,0.));
#3069=DIRECTION('',(0.,0.,-1.));
#3070=DIRECTION('',(0.57145518549243,0.820633274352078,0.));
#3071=DIRECTION('',(0.398202583713639,-0.917297499355461,0.));
#3072=DIRECTION('',(0.917297499355461,0.398202583713639,0.));
#3073=DIRECTION('',(0.,0.,-1.));
#3074=DIRECTION('',(-0.917297499355461,-0.398202583713639,0.));
#3075=DIRECTION('',(0.,0.,-1.));
#3076=DIRECTION('',(0.917297499355461,0.398202583713639,0.));
#3077=DIRECTION('',(0.984807753012208,-0.173648177666931,0.));
#3078=DIRECTION('',(0.173648177666931,0.984807753012208,0.));
#3079=DIRECTION('',(0.,0.,-1.));
#3080=DIRECTION('',(-0.173648177666931,-0.984807753012208,0.));
#3081=DIRECTION('',(0.,0.,-1.));
#3082=DIRECTION('',(0.173648177666931,0.984807753012208,0.));
#3083=DIRECTION('',(-0.449832387999711,-0.893112995486281,0.));
#3084=DIRECTION('',(0.893112995486281,-0.449832387999711,0.));
#3085=DIRECTION('',(0.,0.,-1.));
#3086=DIRECTION('',(0.893112995486281,-0.449832387999711,0.));
#3087=DIRECTION('',(0.,0.,-1.));
#3088=DIRECTION('',(-0.893112995486281,0.449832387999711,0.));
#3089=DIRECTION('',(0.725784386455301,-0.687922251695424,0.));
#3090=DIRECTION('',(0.687922251695424,0.725784386455301,0.));
#3091=DIRECTION('',(0.,0.,-1.));
#3092=DIRECTION('',(0.687922251695424,0.725784386455301,0.));
#3093=DIRECTION('',(0.,0.,-1.));
#3094=DIRECTION('',(-0.687922251695424,-0.725784386455301,0.));
#3095=DIRECTION('',(-0.256319110805372,0.966592216726342,0.));
#3096=DIRECTION('',(-0.966592216726342,-0.256319110805372,0.));
#3097=DIRECTION('',(0.,0.,-1.));
#3098=DIRECTION('',(0.966592216726342,0.256319110805372,0.));
#3099=DIRECTION('',(0.,0.,-1.));
#3100=DIRECTION('',(-0.966592216726342,-0.256319110805372,0.));
#3101=DIRECTION('',(-0.905211344936833,0.424961670033486,0.));
#3102=DIRECTION('',(-0.424961670033486,-0.905211344936833,0.));
#3103=DIRECTION('',(0.,0.,-1.));
#3104=DIRECTION('',(0.424961670033486,0.905211344936833,0.));
#3105=DIRECTION('',(0.,0.,-1.));
#3106=DIRECTION('',(-0.424961670033486,-0.905211344936833,0.));
#3107=DIRECTION('',(0.725784386455301,-0.687922251695424,0.));
#3108=DIRECTION('',(0.687922251695424,0.725784386455301,0.));
#3109=DIRECTION('',(0.,0.,-1.));
#3110=DIRECTION('',(-0.687922251695424,-0.725784386455301,0.));
#3111=DIRECTION('',(0.,0.,-1.));
#3112=DIRECTION('',(-0.984807753012208,0.173648177666931,0.));
#3113=DIRECTION('',(-0.173648177666931,-0.984807753012208,0.));
#3114=DIRECTION('',(0.,0.,-1.));
#3115=DIRECTION('',(0.173648177666931,0.984807753012208,0.));
#3116=DIRECTION('',(0.,0.,-1.));
#3117=DIRECTION('',(0.,0.,-1.));
#3118=DIRECTION('',(-1.,0.,0.));
#3119=DIRECTION('',(0.,0.,1.));
#3120=DIRECTION('',(1.,0.,0.));
#3121=DIRECTION('',(0.,0.,-1.));
#3122=DIRECTION('',(-0.173648177666931,-0.984807753012208,0.));
#3123=DIRECTION('',(0.984807753012208,-0.173648177666931,0.));
#3124=DIRECTION('',(-0.984807753012208,0.173648177666931,0.));
#3125=DIRECTION('',(0.17364817766693,0.984807753012208,0.));
#3126=DIRECTION('',(-0.984807753012208,0.17364817766693,0.));
#3127=DIRECTION('',(0.984807753012208,-0.17364817766693,0.));
#3128=DIRECTION('',(0.984807753012208,-0.173648177666928,0.));
#3129=DIRECTION('',(0.173648177666928,0.984807753012208,0.));
#3130=DIRECTION('',(-0.173648177666928,-0.984807753012208,0.));
#3131=DIRECTION('',(0.,0.,-1.));
#3132=DIRECTION('',(-1.,0.,0.));
#3133=DIRECTION('',(0.,0.,1.));
#3134=DIRECTION('',(1.,0.,0.));
#3135=DIRECTION('',(0.,0.,1.));
#3136=DIRECTION('',(1.,0.,0.));
#3137=DIRECTION('',(0.,0.,-1.));
#3138=DIRECTION('',(-1.,0.,0.));
#3139=DIRECTION('',(0.,0.,1.));
#3140=DIRECTION('',(1.,0.,0.));
#3141=DIRECTION('',(0.,0.,-1.));
#3142=DIRECTION('',(-1.,0.,0.));
#3143=DIRECTION('',(0.,0.,1.));
#3144=DIRECTION('',(1.,0.,0.));
#3145=DIRECTION('',(0.917297499355461,0.39820258371364,0.));
#3146=DIRECTION('',(-0.39820258371364,0.917297499355461,0.));
#3147=DIRECTION('',(0.39820258371364,-0.917297499355461,0.));
#3148=DIRECTION('',(0.,0.,-1.));
#3149=DIRECTION('',(-0.984807753012208,0.173648177666933,0.));
#3150=DIRECTION('',(-0.173648177666933,-0.984807753012208,0.));
#3151=DIRECTION('',(0.173648177666933,0.984807753012208,0.));
#3152=DIRECTION('',(0.,0.,1.));
#3153=DIRECTION('',(1.,0.,0.));
#3154=DIRECTION('',(0.,0.,1.));
#3155=DIRECTION('',(1.,0.,0.));
#3156=DIRECTION('',(-0.917297499355461,-0.398202583713639,0.));
#3157=DIRECTION('',(0.,0.,1.));
#3158=DIRECTION('',(1.,0.,0.));
#3159=DIRECTION('',(-0.57145518549243,-0.820633274352078,0.));
#3160=DIRECTION('',(0.,0.,1.));
#3161=DIRECTION('',(1.,0.,0.));
#3162=DIRECTION('',(-0.995965872381598,-0.0897328315120066,0.));
#3163=DIRECTION('',(0.,0.,1.));
#3164=DIRECTION('',(1.,0.,0.));
#3165=DIRECTION('',(-0.789288214532161,-0.614022894036235,0.));
#3166=DIRECTION('',(0.,0.,1.));
#3167=DIRECTION('',(1.,0.,0.));
#3168=DIRECTION('',(0.,-1.,0.));
#3169=DIRECTION('',(0.,0.,1.));
#3170=DIRECTION('',(1.,0.,0.));
#3171=DIRECTION('',(-1.,-2.46079089905874E-16,0.));
#3172=DIRECTION('',(0.,0.,1.));
#3173=DIRECTION('',(1.,0.,0.));
#3174=DIRECTION('',(0.,1.,0.));
#3175=DIRECTION('',(0.,0.,1.));
#3176=DIRECTION('',(1.,0.,0.));
#3177=DIRECTION('',(-1.,0.,0.));
#3178=DIRECTION('',(0.,0.,1.));
#3179=DIRECTION('',(1.,0.,0.));
#3180=DIRECTION('',(1.38777878078144E-15,-1.,0.));
#3181=DIRECTION('',(0.,0.,1.));
#3182=DIRECTION('',(1.,0.,0.));
#3183=DIRECTION('',(-1.,-2.46079089905874E-16,0.));
#3184=DIRECTION('',(0.,0.,1.));
#3185=DIRECTION('',(1.,0.,0.));
#3186=DIRECTION('',(0.,0.,1.));
#3187=DIRECTION('',(1.,0.,0.));
#3188=DIRECTION('',(0.819152044288992,0.573576436351046,0.));
#3189=DIRECTION('',(0.,0.,1.));
#3190=DIRECTION('',(1.,0.,0.));
#3191=DIRECTION('',(-0.819152044290663,-0.57357643634866,0.));
#3192=DIRECTION('',(0.,0.,1.));
#3193=DIRECTION('',(1.,0.,0.));
#3194=DIRECTION('',(0.,1.,0.));
#3195=DIRECTION('',(0.,0.,1.));
#3196=DIRECTION('',(1.,0.,0.));
#3197=DIRECTION('',(1.,-3.24441765083031E-16,0.));
#3198=DIRECTION('',(0.,0.,1.));
#3199=DIRECTION('',(1.,0.,0.));
#3200=DIRECTION('',(0.846945250779009,0.531680112645641,0.));
#3201=DIRECTION('',(0.,0.,1.));
#3202=DIRECTION('',(1.,0.,0.));
#3203=DIRECTION('',(0.424961670033486,0.905211344936833,0.));
#3204=DIRECTION('',(0.,0.,1.));
#3205=DIRECTION('',(1.,0.,0.));
#3206=DIRECTION('',(0.966592216726342,0.256319110805372,0.));
#3207=DIRECTION('',(0.,0.,1.));
#3208=DIRECTION('',(1.,0.,0.));
#3209=DIRECTION('',(0.687922251695424,0.725784386455301,0.));
#3210=DIRECTION('',(0.,0.,1.));
#3211=DIRECTION('',(1.,0.,0.));
#3212=DIRECTION('',(0.893112995486281,-0.449832387999711,0.));
#3213=DIRECTION('',(0.,0.,1.));
#3214=DIRECTION('',(1.,0.,0.));
#3215=DIRECTION('',(-0.173648177666931,-0.984807753012208,0.));
#3216=DIRECTION('',(0.,0.,1.));
#3217=DIRECTION('',(1.,0.,0.));
#3218=DIRECTION('',(0.,0.,1.));
#3219=DIRECTION('',(1.,0.,0.));
#3220=DIRECTION('',(0.,0.,1.));
#3221=DIRECTION('',(1.,0.,0.));
#3222=DIRECTION('',(0.,0.,1.));
#3223=DIRECTION('',(1.,0.,0.));
#3224=DIRECTION('',(0.,0.,1.));
#3225=DIRECTION('',(0.,0.,1.));
#3226=DIRECTION('',(1.,0.,0.));
#3227=DIRECTION('',(0.,0.,1.));
#3228=DIRECTION('',(0.,0.,1.));
#3229=DIRECTION('',(1.,0.,0.));
#3230=DIRECTION('',(-1.,-1.38777878078144E-15,0.));
#3231=DIRECTION('',(1.38777878078144E-15,-1.,0.));
#3232=DIRECTION('',(1.38777878078144E-15,-1.,0.));
#3233=DIRECTION('',(0.,0.,1.));
#3234=DIRECTION('',(-1.38777878078144E-15,1.,0.));
#3235=DIRECTION('',(-1.,0.,0.));
#3236=DIRECTION('',(0.,0.,1.));
#3237=DIRECTION('',(0.,0.,1.));
#3238=DIRECTION('',(0.,1.,0.));
#3239=DIRECTION('',(0.,0.,1.));
#3240=DIRECTION('',(0.,-1.,0.));
#3241=DIRECTION('',(0.,0.,1.));
#3242=DIRECTION('',(1.,0.,0.));
#3243=DIRECTION('',(0.,0.,1.));
#3244=DIRECTION('',(1.,0.,0.));
#3245=DIRECTION('',(0.,0.,1.));
#3246=DIRECTION('',(0.,0.,1.));
#3247=DIRECTION('',(1.,0.,0.));
#3248=DIRECTION('',(0.,1.,0.));
#3249=DIRECTION('',(0.,0.,1.));
#3250=DIRECTION('',(-1.,0.,0.));
#3251=DIRECTION('',(1.,0.,0.));
#3252=DIRECTION('',(0.,0.,-1.));
#3253=DIRECTION('',(-1.,0.,0.));
#3254=DIRECTION('',(0.,0.,1.));
#3255=DIRECTION('',(1.,0.,0.));
#3256=DIRECTION('',(0.,0.,1.));
#3257=DIRECTION('',(1.,0.,0.));
#3258=DIRECTION('',(0.,0.,-1.));
#3259=DIRECTION('',(-1.,0.,0.));
#3260=DIRECTION('',(0.,0.,1.));
#3261=DIRECTION('',(1.,0.,0.));
#3262=DIRECTION('',(0.,0.,1.));
#3263=DIRECTION('',(1.,0.,0.));
#3264=DIRECTION('',(0.,0.,-1.));
#3265=DIRECTION('',(-1.,0.,0.));
#3266=DIRECTION('',(0.,0.,1.));
#3267=DIRECTION('',(1.,0.,0.));
#3268=DIRECTION('',(0.,0.,1.));
#3269=DIRECTION('',(1.,0.,0.));
#3270=DIRECTION('',(0.,0.,-1.));
#3271=DIRECTION('',(-1.,0.,0.));
#3272=DIRECTION('',(0.,0.,1.));
#3273=DIRECTION('',(1.,0.,0.));
#3274=DIRECTION('',(0.,0.,1.));
#3275=DIRECTION('',(1.,0.,0.));
#3276=DIRECTION('',(0.,0.,-1.));
#3277=DIRECTION('',(-1.,0.,0.));
#3278=DIRECTION('',(0.,0.,1.));
#3279=DIRECTION('',(1.,0.,0.));
#3280=DIRECTION('',(0.,0.,1.));
#3281=DIRECTION('',(1.,0.,0.));
#3282=DIRECTION('',(0.,0.,1.));
#3283=DIRECTION('',(1.,0.,0.));
#3284=DIRECTION('',(0.,0.,1.));
#3285=DIRECTION('',(1.,0.,0.));
#3286=DIRECTION('',(0.,0.,1.));
#3287=DIRECTION('',(1.,0.,0.));
#3288=DIRECTION('',(0.,0.,1.));
#3289=DIRECTION('',(1.,0.,0.));
#3290=DIRECTION('',(0.,0.,1.));
#3291=DIRECTION('',(1.,0.,0.));
#3292=DIRECTION('',(0.,0.,1.));
#3293=DIRECTION('',(0.,0.,1.));
#3294=DIRECTION('',(1.,0.,0.));
#3295=DIRECTION('',(0.,0.,-1.));
#3296=DIRECTION('',(-1.,0.,0.));
#3297=DIRECTION('',(0.,0.,1.));
#3298=DIRECTION('',(1.,0.,0.));
#3299=DIRECTION('',(0.,0.,1.));
#3300=DIRECTION('',(1.,0.,0.));
#3301=DIRECTION('',(0.,0.,1.));
#3302=DIRECTION('',(1.,0.,0.));
#3303=DIRECTION('',(0.,0.,1.));
#3304=DIRECTION('',(1.,0.,0.));
#3305=DIRECTION('',(0.,0.,1.));
#3306=DIRECTION('',(1.,0.,0.));
#3307=DIRECTION('',(0.,0.,-1.));
#3308=DIRECTION('',(-1.,0.,0.));
#3309=DIRECTION('',(0.,0.,1.));
#3310=DIRECTION('',(1.,0.,0.));
#3311=DIRECTION('',(0.,0.,1.));
#3312=DIRECTION('',(1.,0.,0.));
#3313=DIRECTION('',(0.,0.,1.));
#3314=DIRECTION('',(1.,0.,0.));
#3315=DIRECTION('',(0.,0.,1.));
#3316=DIRECTION('',(1.,0.,0.));
#3317=DIRECTION('',(0.,0.,1.));
#3318=DIRECTION('',(1.,0.,0.));
#3319=DIRECTION('',(0.,0.,1.));
#3320=DIRECTION('',(1.,0.,0.));
#3321=DIRECTION('',(0.,0.,1.));
#3322=DIRECTION('',(1.,0.,0.));
#3323=DIRECTION('',(0.,0.,1.));
#3324=DIRECTION('',(1.,0.,0.));
#3325=DIRECTION('',(0.,0.,1.));
#3326=DIRECTION('',(1.,0.,0.));
#3327=DIRECTION('',(0.,0.,1.));
#3328=DIRECTION('',(1.,0.,0.));
#3329=DIRECTION('',(0.,0.,1.));
#3330=DIRECTION('',(1.,0.,0.));
#3331=DIRECTION('',(0.,0.,-1.));
#3332=DIRECTION('',(-1.,0.,0.));
#3333=DIRECTION('',(0.,0.,1.));
#3334=DIRECTION('',(1.,0.,0.));
#3335=DIRECTION('',(0.,0.,1.));
#3336=DIRECTION('',(1.,0.,0.));
#3337=DIRECTION('',(0.,0.,1.));
#3338=DIRECTION('',(1.,0.,0.));
#3339=DIRECTION('',(0.,0.,1.));
#3340=DIRECTION('',(1.,0.,0.));
#3341=DIRECTION('',(0.,0.,1.));
#3342=DIRECTION('',(1.,0.,0.));
#3343=DIRECTION('',(0.,0.,-1.));
#3344=DIRECTION('',(-1.,0.,0.));
#3345=DIRECTION('',(0.,0.,1.));
#3346=DIRECTION('',(1.,0.,0.));
#3347=DIRECTION('',(0.,0.,1.));
#3348=DIRECTION('',(1.,0.,0.));
#3349=DIRECTION('',(0.405579787672639,-0.579227965339569,-0.707106781186548));
#3350=DIRECTION('',(0.819152044288992,0.573576436351046,0.));
#3351=DIRECTION('',(0.405579787671796,-0.57922796534016,0.707106781186548));
#3352=DIRECTION('',(-0.405579787672638,0.57922796533957,-0.707106781186548));
#3353=DIRECTION('',(0.,0.,-1.));
#3354=DIRECTION('',(-1.,0.,0.));
#3355=DIRECTION('',(-0.688256856275621,0.162180454400641,-0.707106781186548));
#3356=DIRECTION('',(0.,0.,1.));
#3357=DIRECTION('',(1.,0.,0.));
#3358=DIRECTION('',(-0.405579787670953,0.57922796534075,0.707106781186548));
#3359=DIRECTION('',(0.,0.,-1.));
#3360=DIRECTION('',(-1.,0.,0.));
#3361=DIRECTION('',(0.,-0.707106781186548,-0.707106781186548));
#3362=DIRECTION('',(0.405579787670952,-0.579227965340751,0.707106781186548));
#3363=DIRECTION('',(-0.819152044290663,-0.57357643634866,0.));
#3364=DIRECTION('',(-0.405579787670952,0.579227965340751,0.707106781186548));
#3365=DIRECTION('',(1.74004193180657E-16,-0.707106781186548,0.707106781186548));
#3366=DIRECTION('',(-1.,-2.46079089905874E-16,0.));
#3367=DIRECTION('',(0.,-0.707106781186548,-0.707106781186548));
#3368=DIRECTION('',(0.,0.,-1.));
#3369=DIRECTION('',(-1.,0.,0.));
#3370=DIRECTION('',(0.707106781186548,0.,0.707106781186548));
#3371=DIRECTION('',(0.,0.,-1.));
#3372=DIRECTION('',(-1.,0.,0.));
#3373=DIRECTION('',(0.707106781186548,9.19976050010024E-16,-0.707106781186547));
#3374=DIRECTION('',(0.707106781186548,0.,-0.707106781186548));
#3375=DIRECTION('',(0.,1.,0.));
#3376=DIRECTION('',(0.707106781186548,0.,0.707106781186548));
#3377=DIRECTION('',(0.707106781186548,9.81307786677357E-16,0.707106781186547));
#3378=DIRECTION('',(-1.38777878078144E-15,1.,0.));
#3379=DIRECTION('',(0.707106781186546,9.19976050010025E-16,-0.707106781186549));
#3380=DIRECTION('',(0.,0.,-1.));
#3381=DIRECTION('',(-1.,0.,0.));
#3382=DIRECTION('',(-3.06658683336675E-16,-0.707106781186547,0.707106781186549));
#3383=DIRECTION('',(0.,0.,1.));
#3384=DIRECTION('',(1.,0.,0.));
#3385=DIRECTION('',(0.,-0.707106781186548,-0.707106781186547));
#3386=DIRECTION('',(2.29414972190344E-16,0.707106781186547,0.707106781186548));
#3387=DIRECTION('',(1.,-3.24441765083031E-16,0.));
#3388=DIRECTION('',(0.,-0.707106781186548,0.707106781186547));
#3389=DIRECTION('',(0.,-0.707106781186548,0.707106781186547));
#3390=DIRECTION('',(1.,0.,0.));
#3391=DIRECTION('',(0.,-0.707106781186547,-0.707106781186548));
#3392=DIRECTION('',(0.,0.,1.));
#3393=DIRECTION('',(1.,0.,0.));
#3394=DIRECTION('',(0.375954613073759,-0.598880730119579,0.707106781186548));
#3395=DIRECTION('',(0.,0.,1.));
#3396=DIRECTION('',(1.,0.,0.));
#3397=DIRECTION('',(-0.707106781186546,-1.2266347333467E-15,-0.707106781186549));
#3398=DIRECTION('',(0.375954613073761,-0.59888073011958,-0.707106781186546));
#3399=DIRECTION('',(0.846945250779009,0.531680112645641,0.));
#3400=DIRECTION('',(0.375954613073757,-0.59888073011958,0.707106781186548));
#3401=DIRECTION('',(0.707106781186548,0.,-0.707106781186548));
#3402=DIRECTION('',(0.,-1.,0.));
#3403=DIRECTION('',(-0.707106781186548,0.,-0.707106781186548));
#3404=DIRECTION('',(0.,0.,1.));
#3405=DIRECTION('',(1.,0.,0.));
#3406=DIRECTION('',(0.640081080411835,-0.300493278625038,0.707106781186543));
#3407=DIRECTION('',(0.,0.,-1.));
#3408=DIRECTION('',(-1.,0.,0.));
#3409=DIRECTION('',(0.,-0.707106781186547,-0.707106781186548));
#3410=DIRECTION('',(0.640081080411834,-0.30049327862504,-0.707106781186543));
#3411=DIRECTION('',(0.424961670033486,0.905211344936833,0.));
#3412=DIRECTION('',(0.640081080411825,-0.300493278625033,0.707106781186554));
#3413=DIRECTION('',(1.74004193180657E-16,-0.707106781186548,0.707106781186548));
#3414=DIRECTION('',(-1.,-2.46079089905874E-16,0.));
#3415=DIRECTION('',(0.,-0.707106781186548,-0.707106781186548));
#3416=DIRECTION('',(0.,0.,-1.));
#3417=DIRECTION('',(-1.,0.,0.));
#3418=DIRECTION('',(0.181244981398182,-0.683483911089336,0.707106781186546));
#3419=DIRECTION('',(0.,0.,-1.));
#3420=DIRECTION('',(-1.,0.,0.));
#3421=DIRECTION('',(0.707106781186548,0.,-0.707106781186547));
#3422=DIRECTION('',(0.181244981398184,-0.683483911089333,-0.707106781186548));
#3423=DIRECTION('',(0.966592216726342,0.256319110805372,0.));
#3424=DIRECTION('',(0.181244981398182,-0.683483911089336,0.707106781186546));
#3425=DIRECTION('',(-0.707106781186547,0.,-0.707106781186548));
#3426=DIRECTION('',(0.,-1.,0.));
#3427=DIRECTION('',(0.707106781186548,0.,-0.707106781186547));
#3428=DIRECTION('',(0.,0.,1.));
#3429=DIRECTION('',(1.,0.,0.));
#3430=DIRECTION('',(0.513207061341866,-0.486434489102944,0.707106781186551));
#3431=DIRECTION('',(0.,0.,1.));
#3432=DIRECTION('',(1.,0.,0.));
#3433=DIRECTION('',(0.434179752176814,-0.558111048806312,-0.707106781186547));
#3434=DIRECTION('',(-0.513207061341861,0.486434489102953,0.707106781186548));
#3435=DIRECTION('',(0.687922251695424,0.725784386455301,0.));
#3436=DIRECTION('',(0.513207061341868,-0.486434489102946,0.707106781186547));
#3437=DIRECTION('',(0.434179752176812,-0.558111048806315,0.707106781186545));
#3438=DIRECTION('',(-0.789288214532161,-0.614022894036235,0.));
#3439=DIRECTION('',(0.434179752176811,-0.558111048806311,-0.707106781186549));
#3440=DIRECTION('',(0.,0.,-1.));
#3441=DIRECTION('',(-1.,0.,0.));
#3442=DIRECTION('',(-0.318079531951925,-0.631526255474186,0.707106781186546));
#3443=DIRECTION('',(0.,0.,1.));
#3444=DIRECTION('',(1.,0.,0.));
#3445=DIRECTION('',(0.0634506936572102,-0.704254222191404,-0.707106781186547));
#3446=DIRECTION('',(0.318079531951934,0.631526255474181,0.707106781186547));
#3447=DIRECTION('',(0.893112995486281,-0.449832387999711,0.));
#3448=DIRECTION('',(-0.318079531951947,-0.631526255474171,0.707106781186549));
#3449=DIRECTION('',(-0.0634506936572096,0.704254222191402,-0.70710678118655));
#3450=DIRECTION('',(-0.995965872381598,-0.0897328315120066,0.));
#3451=DIRECTION('',(0.0634506936572099,-0.704254222191406,-0.707106781186545));
#3452=DIRECTION('',(0.,0.,-1.));
#3453=DIRECTION('',(-1.,0.,0.));
#3454=DIRECTION('',(-0.69636424032002,0.122787803968976,0.707106781186546));
#3455=DIRECTION('',(0.,0.,-1.));
#3456=DIRECTION('',(-1.,0.,0.));
#3457=DIRECTION('',(0.580275353161677,-0.404079836805914,-0.707106781186545));
#3458=DIRECTION('',(-0.69636424032002,0.122787803968973,-0.707106781186547));
#3459=DIRECTION('',(-0.173648177666931,-0.984807753012208,0.));
#3460=DIRECTION('',(-0.696364240320021,0.122787803968966,0.707106781186547));
#3461=DIRECTION('',(-0.58027535316167,0.404079836805911,-0.707106781186553));
#3462=DIRECTION('',(-0.57145518549243,-0.820633274352078,0.));
#3463=DIRECTION('',(0.580275353161685,-0.404079836805908,-0.707106781186543));
#3464=DIRECTION('',(0.,0.,-1.));
#3465=DIRECTION('',(-1.,0.,0.));
#3466=DIRECTION('',(-0.281571747229924,0.648627282159707,0.707106781186548));
#3467=DIRECTION('',(0.,0.,1.));
#3468=DIRECTION('',(1.,0.,0.));
#3469=DIRECTION('',(0.281571747229915,-0.648627282159708,-0.70710678118655));
#3470=DIRECTION('',(-0.281571747229919,0.648627282159711,-0.707106781186545));
#3471=DIRECTION('',(-0.917297499355461,-0.398202583713639,0.));
#3472=DIRECTION('',(-0.405579787672639,0.57922796533957,-0.707106781186547));
#3473=DIRECTION('',(-0.819152044288992,-0.573576436351046,0.));
#3474=DIRECTION('',(-0.405579787671796,0.579227965340159,0.707106781186548));
#3475=DIRECTION('',(0.405579787672638,-0.579227965339569,-0.707106781186549));
#3476=DIRECTION('',(0.,0.,1.));
#3477=DIRECTION('',(1.,0.,0.));
#3478=DIRECTION('',(0.688256856275621,-0.162180454400641,-0.707106781186548));
#3479=DIRECTION('',(0.,0.,-1.));
#3480=DIRECTION('',(-1.,0.,0.));
#3481=DIRECTION('',(0.405579787670952,-0.579227965340752,0.707106781186547));
#3482=DIRECTION('',(0.,0.,1.));
#3483=DIRECTION('',(1.,0.,0.));
#3484=DIRECTION('',(0.,0.707106781186548,-0.707106781186548));
#3485=DIRECTION('',(-0.405579787670952,0.579227965340751,0.707106781186548));
#3486=DIRECTION('',(0.819152044290663,0.57357643634866,0.));
#3487=DIRECTION('',(0.405579787670952,-0.57922796534075,0.707106781186548));
#3488=DIRECTION('',(-1.74004193180657E-16,0.707106781186548,0.707106781186548));
#3489=DIRECTION('',(1.,2.46079089905874E-16,0.));
#3490=DIRECTION('',(0.,0.707106781186548,-0.707106781186548));
#3491=DIRECTION('',(0.,0.,1.));
#3492=DIRECTION('',(1.,0.,0.));
#3493=DIRECTION('',(-0.707106781186548,0.,0.707106781186548));
#3494=DIRECTION('',(0.,0.,1.));
#3495=DIRECTION('',(1.,0.,0.));
#3496=DIRECTION('',(-0.707106781186548,-9.19976050010024E-16,-0.707106781186547));
#3497=DIRECTION('',(-0.707106781186548,0.,-0.707106781186548));
#3498=DIRECTION('',(0.,-1.,0.));
#3499=DIRECTION('',(-0.707106781186548,0.,0.707106781186548));
#3500=DIRECTION('',(-0.707106781186548,-9.81307786677356E-16,0.707106781186548));
#3501=DIRECTION('',(1.38777878078144E-15,-1.,0.));
#3502=DIRECTION('',(-0.707106781186547,-9.19976050010026E-16,-0.707106781186549));
#3503=DIRECTION('',(0.,0.,1.));
#3504=DIRECTION('',(1.,0.,0.));
#3505=DIRECTION('',(3.06658683336675E-16,0.707106781186547,0.707106781186549));
#3506=DIRECTION('',(0.,0.,-1.));
#3507=DIRECTION('',(-1.,0.,0.));
#3508=DIRECTION('',(0.,0.707106781186548,-0.707106781186547));
#3509=DIRECTION('',(-2.29414972190344E-16,-0.707106781186547,0.707106781186548));
#3510=DIRECTION('',(-1.,3.24441765083031E-16,0.));
#3511=DIRECTION('',(0.,0.707106781186548,0.707106781186547));
#3512=DIRECTION('',(0.,0.707106781186548,0.707106781186548));
#3513=DIRECTION('',(-1.,0.,0.));
#3514=DIRECTION('',(0.,0.707106781186548,-0.707106781186548));
#3515=DIRECTION('',(0.,0.,-1.));
#3516=DIRECTION('',(-1.,0.,0.));
#3517=DIRECTION('',(-0.375954613073759,0.598880730119579,0.707106781186548));
#3518=DIRECTION('',(0.,0.,-1.));
#3519=DIRECTION('',(-1.,0.,0.));
#3520=DIRECTION('',(0.707106781186548,1.2266347333467E-15,-0.707106781186547));
#3521=DIRECTION('',(-0.375954613073761,0.59888073011958,-0.707106781186546));
#3522=DIRECTION('',(-0.846945250779009,-0.531680112645641,0.));
#3523=DIRECTION('',(-0.375954613073763,0.598880730119575,0.707106781186549));
#3524=DIRECTION('',(-0.707106781186547,0.,-0.707106781186548));
#3525=DIRECTION('',(0.,1.,0.));
#3526=DIRECTION('',(0.707106781186548,0.,-0.707106781186547));
#3527=DIRECTION('',(0.,0.,-1.));
#3528=DIRECTION('',(-1.,0.,0.));
#3529=DIRECTION('',(-0.640081080411829,0.30049327862504,0.707106781186548));
#3530=DIRECTION('',(0.,0.,1.));
#3531=DIRECTION('',(1.,0.,0.));
#3532=DIRECTION('',(0.,0.707106781186547,-0.707106781186548));
#3533=DIRECTION('',(-0.640081080411834,0.30049327862504,-0.707106781186543));
#3534=DIRECTION('',(-0.424961670033486,-0.905211344936833,0.));
#3535=DIRECTION('',(-0.640081080411828,0.300493278625039,0.707106781186549));
#3536=DIRECTION('',(-1.74004193180657E-16,0.707106781186548,0.707106781186548));
#3537=DIRECTION('',(1.,2.46079089905874E-16,0.));
#3538=DIRECTION('',(0.,0.707106781186548,-0.707106781186548));
#3539=DIRECTION('',(0.,0.,1.));
#3540=DIRECTION('',(1.,0.,0.));
#3541=DIRECTION('',(-0.181244981398182,0.683483911089336,0.707106781186546));
#3542=DIRECTION('',(0.,0.,1.));
#3543=DIRECTION('',(1.,0.,0.));
#3544=DIRECTION('',(-0.707106781186548,0.,-0.707106781186547));
#3545=DIRECTION('',(-0.181244981398184,0.683483911089333,-0.707106781186548));
#3546=DIRECTION('',(-0.966592216726342,-0.256319110805372,0.));
#3547=DIRECTION('',(-0.181244981398182,0.683483911089336,0.707106781186546));
#3548=DIRECTION('',(0.707106781186547,0.,-0.707106781186548));
#3549=DIRECTION('',(0.,1.,0.));
#3550=DIRECTION('',(-0.707106781186548,0.,-0.707106781186547));
#3551=DIRECTION('',(0.,0.,-1.));
#3552=DIRECTION('',(-1.,0.,0.));
#3553=DIRECTION('',(-0.513207061341857,0.486434489102954,0.707106781186551));
#3554=DIRECTION('',(0.,0.,-1.));
#3555=DIRECTION('',(-1.,0.,0.));
#3556=DIRECTION('',(-0.434179752176814,0.55811104880631,-0.707106781186548));
#3557=DIRECTION('',(0.513207061341861,-0.486434489102953,0.707106781186548));
#3558=DIRECTION('',(-0.687922251695424,-0.725784386455301,0.));
#3559=DIRECTION('',(-0.513207061341871,0.486434489102949,0.707106781186543));
#3560=DIRECTION('',(-0.434179752176812,0.558111048806315,0.707106781186545));
#3561=DIRECTION('',(0.789288214532161,0.614022894036235,0.));
#3562=DIRECTION('',(-0.434179752176813,0.558111048806309,-0.70710678118655));
#3563=DIRECTION('',(0.,0.,1.));
#3564=DIRECTION('',(1.,0.,0.));
#3565=DIRECTION('',(0.318079531951925,0.631526255474186,0.707106781186546));
#3566=DIRECTION('',(0.,0.,-1.));
#3567=DIRECTION('',(-1.,0.,0.));
#3568=DIRECTION('',(-0.0634506936572104,0.704254222191401,-0.70710678118655));
#3569=DIRECTION('',(-0.318079531951934,-0.631526255474181,0.707106781186547));
#3570=DIRECTION('',(-0.893112995486281,0.449832387999711,0.));
#3571=DIRECTION('',(0.318079531951946,0.63152625547417,0.70710678118655));
#3572=DIRECTION('',(0.0634506936572096,-0.704254222191402,-0.70710678118655));
#3573=DIRECTION('',(0.995965872381598,0.0897328315120066,0.));
#3574=DIRECTION('',(-0.06345069365721,0.704254222191407,-0.707106781186545));
#3575=DIRECTION('',(0.,0.,1.));
#3576=DIRECTION('',(1.,0.,0.));
#3577=DIRECTION('',(0.69636424032002,-0.122787803968976,0.707106781186546));
#3578=DIRECTION('',(0.,0.,1.));
#3579=DIRECTION('',(1.,0.,0.));
#3580=DIRECTION('',(-0.580275353161678,0.40407983680591,-0.707106781186547));
#3581=DIRECTION('',(0.69636424032002,-0.122787803968973,-0.707106781186547));
#3582=DIRECTION('',(0.173648177666931,0.984807753012208,0.));
#3583=DIRECTION('',(0.696364240320021,-0.122787803968966,0.707106781186546));
#3584=DIRECTION('',(0.58027535316167,-0.404079836805911,-0.707106781186553));
#3585=DIRECTION('',(0.57145518549243,0.820633274352078,0.));
#3586=DIRECTION('',(-0.580275353161682,0.404079836805906,-0.707106781186546));
#3587=DIRECTION('',(0.,0.,1.));
#3588=DIRECTION('',(1.,0.,0.));
#3589=DIRECTION('',(0.281571747229924,-0.648627282159707,0.707106781186548));
#3590=DIRECTION('',(0.,0.,-1.));
#3591=DIRECTION('',(-1.,0.,0.));
#3592=DIRECTION('',(-0.281571747229913,0.648627282159714,-0.707106781186545));
#3593=DIRECTION('',(0.281571747229919,-0.648627282159711,-0.707106781186545));
#3594=DIRECTION('',(0.917297499355461,0.398202583713639,0.));
#3595=CARTESIAN_POINT('',(0.,0.,0.));
#3596=CARTESIAN_POINT('',(0.0106201017745642,0.00025,0.004));
#3597=CARTESIAN_POINT('',(0.017,0.000250000000000004,0.004));
#3598=CARTESIAN_POINT('',(0.017,0.000250000000000004,0.0005));
#3599=CARTESIAN_POINT('',(0.017,0.000250000000000004,0.0035));
#3600=CARTESIAN_POINT('',(0.01565,0.000250000000000004,0.0035));
#3601=CARTESIAN_POINT('',(0.01565,0.000250000000000004,0.0035));
#3602=CARTESIAN_POINT('',(0.01565,0.000250000000000004,0.));
#3603=CARTESIAN_POINT('',(0.01565,0.000250000000000004,0.0005));
#3604=CARTESIAN_POINT('',(0.0106201017745642,0.00025,0.0005));
#3605=CARTESIAN_POINT('',(5.55111512312578E-17,-1.38777878078145E-17,0.004));
#3606=CARTESIAN_POINT('',(0.0623064432254426,0.0337533661889416,0.004));
#3607=CARTESIAN_POINT('',(0.0610344616501969,0.0346391217264548,0.004));
#3608=CARTESIAN_POINT('',(0.0616892292206865,0.0351751773129425,0.004));
#3609=CARTESIAN_POINT('',(-0.00306667426305315,0.00706437564166939,0.004));
#3610=CARTESIAN_POINT('',(0.0654313138725877,0.0367996315144521,0.004));
#3611=CARTESIAN_POINT('',(0.0652322125807309,0.0372582802641299,0.004));
#3612=CARTESIAN_POINT('',(0.065724616457237,0.0371714561752964,0.004));
#3613=CARTESIAN_POINT('',(0.057386083388694,-0.0101187148186126,0.004));
#3614=CARTESIAN_POINT('',(0.0686693568530044,0.0538719088453058,0.004));
#3615=CARTESIAN_POINT('',(0.0681769529764983,0.0539587329341392,0.004));
#3616=CARTESIAN_POINT('',(0.0684018691704981,0.0544052894318824,0.004));
#3617=CARTESIAN_POINT('',(0.0645212533182679,0.0563598312474651,0.004));
#3618=CARTESIAN_POINT('',(0.0645212533182679,0.0563598312474651,0.004));
#3619=CARTESIAN_POINT('',(0.0642963371242681,0.0559132747497219,0.004));
#3620=CARTESIAN_POINT('',(0.0639334449310404,0.0562572358755696,0.004));
#3621=CARTESIAN_POINT('',(0.054152813575517,0.0459382942945712,0.004));
#3622=CARTESIAN_POINT('',(0.054152813575517,0.0459382942945712,0.004));
#3623=CARTESIAN_POINT('',(0.0530278477765113,0.0470045737846991,0.004));
#3624=CARTESIAN_POINT('',(0.0534251423982596,0.0455063558487732,0.004));
#3625=CARTESIAN_POINT('',(-0.00776447089122918,0.029280208981995,0.004));
#3626=CARTESIAN_POINT('',(0.0494290325796501,0.0444466749433593,0.004));
#3627=CARTESIAN_POINT('',(0.0495700080905931,0.0439150492241598,0.004));
#3628=CARTESIAN_POINT('',(0.0490721418508778,0.0441487781426783,0.004));
#3629=CARTESIAN_POINT('',(0.0232269274613681,-0.0109041429263333,0.004));
#3630=CARTESIAN_POINT('',(0.0465196024130586,0.0387116109333849,0.004));
#3631=CARTESIAN_POINT('',(0.0370148832912218,0.0431737084687365,0.004));
#3632=CARTESIAN_POINT('',(0.0425975244740011,0.0342807833355569,0.004));
#3633=CARTESIAN_POINT('',(-0.00339514439355167,0.00540832984239172,0.004));
#3634=CARTESIAN_POINT('',(0.0114654298743305,0.0147372348612925,0.004));
#3635=CARTESIAN_POINT('',(0.0106413256997298,0.01605,0.004));
#3636=CARTESIAN_POINT('',(0.0106413256997298,0.0145,0.004));
#3637=CARTESIAN_POINT('',(0.00125,0.0145,0.004));
#3638=CARTESIAN_POINT('',(0.00125,0.0145,0.004));
#3639=CARTESIAN_POINT('',(0.00125,0.014,0.004));
#3640=CARTESIAN_POINT('',(0.00075,0.014,0.004));
#3641=CARTESIAN_POINT('',(0.00075,-1.38777878078145E-17,0.004));
#3642=CARTESIAN_POINT('',(0.00075,0.00819344610456047,0.004));
#3643=CARTESIAN_POINT('',(0.00125,0.00819344610456047,0.004));
#3644=CARTESIAN_POINT('',(0.00153678821817433,0.00778387008241513,0.004));
#3645=CARTESIAN_POINT('',(0.00403738008731105,0.00953480335915972,0.004));
#3646=CARTESIAN_POINT('',(0.00403738008731094,0.00953480335915987,0.004));
#3647=CARTESIAN_POINT('',(0.00550000000000245,0.00744596564622042,0.004));
#3648=CARTESIAN_POINT('',(0.00696261991269351,0.00535712793328289,0.004));
#3649=CARTESIAN_POINT('',(-0.000226394967640008,0.000323325521771589,0.004));
#3650=CARTESIAN_POINT('',(0.00627257697056761,0.00487395466351793,0.004));
#3651=CARTESIAN_POINT('',(0.00968535676685523,2.76471553983803E-18,0.004));
#3652=CARTESIAN_POINT('',(0.00389397079263664,0.00136467889908261,0.004));
#3653=CARTESIAN_POINT('',(0.00438064188290727,0.00125,0.004));
#3654=CARTESIAN_POINT('',(0.00438064188290727,0.00075,0.004));
#3655=CARTESIAN_POINT('',(0.00735,0.00075,0.004));
#3656=CARTESIAN_POINT('',(0.00735,0.00075,0.004));
#3657=CARTESIAN_POINT('',(0.00735,0.00125,0.004));
#3658=CARTESIAN_POINT('',(0.00785,0.00125,0.004));
#3659=CARTESIAN_POINT('',(0.00785,0.0015,0.004));
#3660=CARTESIAN_POINT('',(0.00785,0.0015,0.004));
#3661=CARTESIAN_POINT('',(0.01025,0.0015,0.004));
#3662=CARTESIAN_POINT('',(0.01025,0.0039,0.004));
#3663=CARTESIAN_POINT('',(0.01275,0.0039,0.004));
#3664=CARTESIAN_POINT('',(0.01275,0.0039,0.004));
#3665=CARTESIAN_POINT('',(0.01275,0.0015,0.004));
#3666=CARTESIAN_POINT('',(0.01515,0.0015,0.004));
#3667=CARTESIAN_POINT('',(0.01515,-1.38777878078145E-17,0.004));
#3668=CARTESIAN_POINT('',(0.01515,0.00125,0.004));
#3669=CARTESIAN_POINT('',(0.01565,0.00125,0.004));
#3670=CARTESIAN_POINT('',(0.01565,0.00075,0.004));
#3671=CARTESIAN_POINT('',(0.017,0.00075,0.004));
#3672=CARTESIAN_POINT('',(0.017,0.00075,0.004));
#3673=CARTESIAN_POINT('',(0.017,0.00125,0.004));
#3674=CARTESIAN_POINT('',(0.0175,0.00125,0.004));
#3675=CARTESIAN_POINT('',(0.0175,-1.38777878078145E-17,0.004));
#3676=CARTESIAN_POINT('',(0.0175,0.00476561797561875,0.004));
#3677=CARTESIAN_POINT('',(0.01905,0.00476561797561875,0.004));
#3678=CARTESIAN_POINT('',(0.0180982645142438,0.0059890147081436,0.004));
#3679=CARTESIAN_POINT('',(0.0467826105611001,0.0283038609822227,0.004));
#3680=CARTESIAN_POINT('',(0.0467826105611001,0.0283038609822227,0.004));
#3681=CARTESIAN_POINT('',(0.0532298509484806,0.0200163347296349,0.004));
#3682=CARTESIAN_POINT('',(0.0522876562176045,0.0304739763896418,0.004));
#3683=CARTESIAN_POINT('',(-0.0023024655845182,0.0255556088654854,0.004));
#3684=CARTESIAN_POINT('',(0.0582699420265236,0.0310129581554173,0.004));
#3685=CARTESIAN_POINT('',(0.058220588969192,0.0315607393852272,0.004));
#3686=CARTESIAN_POINT('',(0.0586719372700857,0.0312464390332064,0.004));
#3687=CARTESIAN_POINT('',(0.0248587908683839,-0.0173106372734225,0.004));
#3688=CARTESIAN_POINT('',(0.062891539041769,0.0515238535513841,0.004));
#3689=CARTESIAN_POINT('',(0.0641877664460376,0.0528914232280373,0.004));
#3690=CARTESIAN_POINT('',(0.0615356878615871,0.0500933785020487,0.004));
#3691=CARTESIAN_POINT('',(0.0649498400518157,0.0521691048637571,0.004));
#3692=CARTESIAN_POINT('',(0.0653350275941382,0.0531459009311323,0.004));
#3693=CARTESIAN_POINT('',(0.0647794724821524,0.0522549135476378,0.004));
#3694=CARTESIAN_POINT('',(0.0658135206228152,0.0520725829610875,0.004));
#3695=CARTESIAN_POINT('',(0.0653420709375447,0.0493988589321481,0.004));
#3696=CARTESIAN_POINT('',(0.0647350449604572,0.0459562435442562,0.004));
#3697=CARTESIAN_POINT('',(0.0637009968197944,0.0461385741308065,0.004));
#3698=CARTESIAN_POINT('',(0.0627378344454711,0.0457204614179072,0.004));
#3699=CARTESIAN_POINT('',(0.0620573455047697,0.0472880323709208,0.004));
#3700=CARTESIAN_POINT('',(0.061334599093042,0.0489529474248691,0.004));
#3701=CARTESIAN_POINT('',(0.0622977614673652,0.0493710601377685,0.004));
#3702=CARTESIAN_POINT('',(0.018,0.0126037356877748,0.004));
#3703=CARTESIAN_POINT('',(0.0193,0.0126037356877748,0.004));
#3704=CARTESIAN_POINT('',(0.0576,0.0403319542008793,0.004));
#3705=CARTESIAN_POINT('',(0.0596,0.0403319542008793,0.004));
#3706=CARTESIAN_POINT('',(0.0568185832004988,0.0359003193123244,0.004));
#3707=CARTESIAN_POINT('',(0.0557845350598359,0.0360826498988746,0.004));
#3708=CARTESIAN_POINT('',(0.0578526313411616,0.0357179887257741,0.004));
#3709=CARTESIAN_POINT('',(0.0577223952079114,0.034979382911015,0.004));
#3710=CARTESIAN_POINT('',(0.0575921590746612,0.0342407770962559,0.004));
#3711=CARTESIAN_POINT('',(0.0565581109339984,0.0344231076828061,0.004));
#3712=CARTESIAN_POINT('',(0.0555240627933355,0.0346054382693563,0.004));
#3713=CARTESIAN_POINT('',(0.0556542989265857,0.0353440440841155,0.004));
#3714=CARTESIAN_POINT('',(0.0620316348885549,0.0395505374013781,0.004));
#3715=CARTESIAN_POINT('',(0.0618493043020046,0.0385164892607153,0.004));
#3716=CARTESIAN_POINT('',(0.0622139654751052,0.0405845855420409,0.004));
#3717=CARTESIAN_POINT('',(0.0629525712898643,0.0404543494087908,0.004));
#3718=CARTESIAN_POINT('',(0.0636911771046235,0.0403241132755406,0.004));
#3719=CARTESIAN_POINT('',(0.0635088465180732,0.0392900651348778,0.004));
#3720=CARTESIAN_POINT('',(0.0633265159315229,0.038256016994215,0.004));
#3721=CARTESIAN_POINT('',(0.0625879101167638,0.0383862531274652,0.004));
#3722=CARTESIAN_POINT('',(0.053168365111445,0.0411133710003805,0.004));
#3723=CARTESIAN_POINT('',(0.0533506956979953,0.0421474191410433,0.004));
#3724=CARTESIAN_POINT('',(0.0529860345248948,0.0400793228597176,0.004));
#3725=CARTESIAN_POINT('',(0.0522474287101356,0.0402095589929678,0.004));
#3726=CARTESIAN_POINT('',(0.0515088228953765,0.0403397951262181,0.004));
#3727=CARTESIAN_POINT('',(0.0516911534819267,0.0413738432668809,0.004));
#3728=CARTESIAN_POINT('',(0.051873484068477,0.0424078914075438,0.004));
#3729=CARTESIAN_POINT('',(0.0526120898832362,0.0422776552742936,0.004));
#3730=CARTESIAN_POINT('',(0.0583814167995011,0.0447635890894343,0.004));
#3731=CARTESIAN_POINT('',(0.059415464940164,0.044581258502884,0.004));
#3732=CARTESIAN_POINT('',(0.0573473686588383,0.0449459196759846,0.004));
#3733=CARTESIAN_POINT('',(0.0574776047920886,0.0456845254907437,0.004));
#3734=CARTESIAN_POINT('',(0.0576078409253387,0.046423131305503,0.004));
#3735=CARTESIAN_POINT('',(0.0586418890660016,0.0462408007189527,0.004));
#3736=CARTESIAN_POINT('',(0.0596759372066644,0.0460584701324024,0.004));
#3737=CARTESIAN_POINT('',(0.0595457010734142,0.0453198643176432,0.004));
#3738=CARTESIAN_POINT('',(0.0583814167995011,0.0447635890894343,0.004));
#3739=CARTESIAN_POINT('',(0.0583814167995011,0.0447635890894343,0.));
#3740=CARTESIAN_POINT('',(0.059415464940164,0.044581258502884,0.));
#3741=CARTESIAN_POINT('',(0.0573473686588383,0.0449459196759846,0.));
#3742=CARTESIAN_POINT('',(0.0573473686588383,0.0449459196759846,0.004));
#3743=CARTESIAN_POINT('',(0.059415464940164,0.044581258502884,0.004));
#3744=CARTESIAN_POINT('',(0.0574776047920886,0.0456845254907437,0.004));
#3745=CARTESIAN_POINT('',(0.0574776047920886,0.0456845254907437,0.));
#3746=CARTESIAN_POINT('',(0.0576078409253387,0.046423131305503,0.));
#3747=CARTESIAN_POINT('',(0.0576078409253387,0.046423131305503,0.004));
#3748=CARTESIAN_POINT('',(0.0586418890660016,0.0462408007189527,0.004));
#3749=CARTESIAN_POINT('',(0.0586418890660016,0.0462408007189527,0.));
#3750=CARTESIAN_POINT('',(0.0596759372066644,0.0460584701324024,0.));
#3751=CARTESIAN_POINT('',(0.0596759372066644,0.0460584701324024,0.004));
#3752=CARTESIAN_POINT('',(0.053168365111445,0.0411133710003805,0.004));
#3753=CARTESIAN_POINT('',(0.053168365111445,0.0411133710003805,0.));
#3754=CARTESIAN_POINT('',(0.0533506956979953,0.0421474191410433,0.));
#3755=CARTESIAN_POINT('',(0.0529860345248948,0.0400793228597176,0.));
#3756=CARTESIAN_POINT('',(0.0529860345248948,0.0400793228597176,0.004));
#3757=CARTESIAN_POINT('',(0.0533506956979953,0.0421474191410433,0.004));
#3758=CARTESIAN_POINT('',(0.0522474287101356,0.0402095589929678,0.004));
#3759=CARTESIAN_POINT('',(0.0522474287101356,0.0402095589929678,0.));
#3760=CARTESIAN_POINT('',(0.0515088228953765,0.0403397951262181,0.));
#3761=CARTESIAN_POINT('',(0.0515088228953765,0.0403397951262181,0.004));
#3762=CARTESIAN_POINT('',(0.0516911534819267,0.0413738432668809,0.004));
#3763=CARTESIAN_POINT('',(0.0516911534819267,0.0413738432668809,0.));
#3764=CARTESIAN_POINT('',(0.051873484068477,0.0424078914075438,0.));
#3765=CARTESIAN_POINT('',(0.051873484068477,0.0424078914075438,0.004));
#3766=CARTESIAN_POINT('',(0.0620316348885549,0.0395505374013781,0.004));
#3767=CARTESIAN_POINT('',(0.0620316348885549,0.0395505374013781,0.));
#3768=CARTESIAN_POINT('',(0.0618493043020046,0.0385164892607153,0.));
#3769=CARTESIAN_POINT('',(0.0622139654751052,0.0405845855420409,0.));
#3770=CARTESIAN_POINT('',(0.0622139654751052,0.0405845855420409,0.004));
#3771=CARTESIAN_POINT('',(0.0618493043020046,0.0385164892607153,0.004));
#3772=CARTESIAN_POINT('',(0.0629525712898643,0.0404543494087908,0.004));
#3773=CARTESIAN_POINT('',(0.0629525712898643,0.0404543494087908,0.));
#3774=CARTESIAN_POINT('',(0.0636911771046235,0.0403241132755406,0.));
#3775=CARTESIAN_POINT('',(0.0636911771046235,0.0403241132755406,0.004));
#3776=CARTESIAN_POINT('',(0.0635088465180732,0.0392900651348778,0.004));
#3777=CARTESIAN_POINT('',(0.0635088465180732,0.0392900651348778,0.));
#3778=CARTESIAN_POINT('',(0.0633265159315229,0.038256016994215,0.));
#3779=CARTESIAN_POINT('',(0.0633265159315229,0.038256016994215,0.004));
#3780=CARTESIAN_POINT('',(0.0568185832004988,0.0359003193123244,0.004));
#3781=CARTESIAN_POINT('',(0.0568185832004988,0.0359003193123244,0.));
#3782=CARTESIAN_POINT('',(0.0557845350598359,0.0360826498988746,0.));
#3783=CARTESIAN_POINT('',(0.0578526313411616,0.0357179887257741,0.));
#3784=CARTESIAN_POINT('',(0.0578526313411616,0.0357179887257741,0.004));
#3785=CARTESIAN_POINT('',(0.0557845350598359,0.0360826498988746,0.004));
#3786=CARTESIAN_POINT('',(0.0577223952079114,0.034979382911015,0.004));
#3787=CARTESIAN_POINT('',(0.0577223952079114,0.034979382911015,0.));
#3788=CARTESIAN_POINT('',(0.0575921590746612,0.0342407770962559,0.));
#3789=CARTESIAN_POINT('',(0.0575921590746612,0.0342407770962559,0.004));
#3790=CARTESIAN_POINT('',(0.0565581109339984,0.0344231076828061,0.004));
#3791=CARTESIAN_POINT('',(0.0565581109339984,0.0344231076828061,0.));
#3792=CARTESIAN_POINT('',(0.0555240627933355,0.0346054382693563,0.));
#3793=CARTESIAN_POINT('',(0.0555240627933355,0.0346054382693563,0.004));
#3794=CARTESIAN_POINT('',(0.026637636803958,0.0248521279804732,0.004));
#3795=CARTESIAN_POINT('',(0.0111995898180077,0.0151607074866821,0.004));
#3796=CARTESIAN_POINT('',(0.0111995898180077,0.0151607074866821,0.0005));
#3797=CARTESIAN_POINT('',(0.0111995898180077,0.0151607074866821,0.0035));
#3798=CARTESIAN_POINT('',(0.026637636803958,0.0248521279804732,0.0035));
#3799=CARTESIAN_POINT('',(0.0423316844176782,0.0347042559609464,0.0035));
#3800=CARTESIAN_POINT('',(0.0423316844176782,0.0347042559609464,0.004));
#3801=CARTESIAN_POINT('',(0.0423316844176782,0.0347042559609464,0.0005));
#3802=CARTESIAN_POINT('',(0.0111995898180077,0.0151607074866821,0.0005));
#3803=CARTESIAN_POINT('',(0.00559679459511897,0.015,0.004));
#3804=CARTESIAN_POINT('',(0.00125,0.015,0.004));
#3805=CARTESIAN_POINT('',(0.00125,0.015,0.0005));
#3806=CARTESIAN_POINT('',(0.00125,0.015,0.0035));
#3807=CARTESIAN_POINT('',(0.0106413256997298,0.015,0.0035));
#3808=CARTESIAN_POINT('',(0.0106413256997298,0.015,0.0035));
#3809=CARTESIAN_POINT('',(0.0106413256997298,0.015,0.004));
#3810=CARTESIAN_POINT('',(0.0106413256997298,0.015,0.0005));
#3811=CARTESIAN_POINT('',(0.00559679459511897,0.015,0.0005));
#3812=CARTESIAN_POINT('',(0.00025,0.0107826505025315,0.004));
#3813=CARTESIAN_POINT('',(0.00025,0.00819344610456047,0.004));
#3814=CARTESIAN_POINT('',(0.00025,0.00819344610456047,0.0005));
#3815=CARTESIAN_POINT('',(0.00025,0.00819344610456047,0.0035));
#3816=CARTESIAN_POINT('',(0.00025,0.0107826505025315,0.0035));
#3817=CARTESIAN_POINT('',(0.00025,0.014,0.0035));
#3818=CARTESIAN_POINT('',(0.00025,0.014,0.));
#3819=CARTESIAN_POINT('',(0.00025,0.014,0.0005));
#3820=CARTESIAN_POINT('',(0.00025,0.00819344610456047,0.0005));
#3821=CARTESIAN_POINT('',(0.00274999999999992,0.0080229828231095,0.004));
#3822=CARTESIAN_POINT('',(0.00432416830548538,0.00912522733701438,0.004));
#3823=CARTESIAN_POINT('',(0.00432416830548538,0.00912522733701438,0.0035));
#3824=CARTESIAN_POINT('',(0.00432416830548538,0.00912522733701438,0.0005));
#3825=CARTESIAN_POINT('',(0.00182357643634866,0.0073742940602698,0.0035));
#3826=CARTESIAN_POINT('',(0.00182357643634866,0.0073742940602698,0.0035));
#3827=CARTESIAN_POINT('',(0.00182357643634866,0.0073742940602698,0.004));
#3828=CARTESIAN_POINT('',(0.00182357643634866,0.0073742940602698,0.0005));
#3829=CARTESIAN_POINT('',(0.00274999999999992,0.0080229828231095,0.0005));
#3830=CARTESIAN_POINT('',(0.00550000000000245,0.00744596564622042,0.004));
#3831=CARTESIAN_POINT('',(0.00667583169451963,0.00576670395542631,0.004));
#3832=CARTESIAN_POINT('',(0.00667583169451963,0.00576670395542631,0.0035));
#3833=CARTESIAN_POINT('',(0.00667583169451963,0.00576670395542631,0.0005));
#3834=CARTESIAN_POINT('',(0.00550000000000245,0.00744596564622042,0.0035));
#3835=CARTESIAN_POINT('',(0.00550000000000245,0.00744596564622042,0.0005));
#3836=CARTESIAN_POINT('',(0.00633081022345533,0.00552511732054511,0.004));
#3837=CARTESIAN_POINT('',(0.00598578875239209,0.00528353068566242,0.004));
#3838=CARTESIAN_POINT('',(0.00598578875239209,0.00528353068566242,0.0035));
#3839=CARTESIAN_POINT('',(0.00598578875239209,0.00528353068566242,0.0005));
#3840=CARTESIAN_POINT('',(0.00633081022345533,0.00552511732054511,0.0035));
#3841=CARTESIAN_POINT('',(0.00598578875239209,0.00528353068566242,0.0005));
#3842=CARTESIAN_POINT('',(0.00968535676685523,2.76471553983803E-18,0.004));
#3843=CARTESIAN_POINT('',(0.00340729970236602,0.00147935779816522,0.004));
#3844=CARTESIAN_POINT('',(0.00340729970236602,0.00147935779816522,0.0005));
#3845=CARTESIAN_POINT('',(0.00340729970236602,0.00147935779816522,0.0035));
#3846=CARTESIAN_POINT('',(0.00968535676685523,2.76471553983803E-18,0.0035));
#3847=CARTESIAN_POINT('',(0.00968535676685523,2.76471553983803E-18,0.0005));
#3848=CARTESIAN_POINT('',(0.0106201017745642,0.00025,0.004));
#3849=CARTESIAN_POINT('',(0.00735,0.00025,0.004));
#3850=CARTESIAN_POINT('',(0.00735,0.00025,0.0005));
#3851=CARTESIAN_POINT('',(0.00735,0.00025,0.0035));
#3852=CARTESIAN_POINT('',(0.00438064188290727,0.00025,0.0035));
#3853=CARTESIAN_POINT('',(0.00438064188290727,0.00025,0.0035));
#3854=CARTESIAN_POINT('',(0.00438064188290727,0.00025,0.004));
#3855=CARTESIAN_POINT('',(0.00438064188290727,0.00025,0.0005));
#3856=CARTESIAN_POINT('',(0.0106201017745642,0.00025,0.0005));
#3857=CARTESIAN_POINT('',(0.018,0.00276454407760304,0.004));
#3858=CARTESIAN_POINT('',(0.018,0.00476561797561875,0.004));
#3859=CARTESIAN_POINT('',(0.018,0.00476561797561875,0.0005));
#3860=CARTESIAN_POINT('',(0.018,0.00476561797561875,0.0035));
#3861=CARTESIAN_POINT('',(0.018,0.00276454407760304,0.0035));
#3862=CARTESIAN_POINT('',(0.018,0.00125,0.0035));
#3863=CARTESIAN_POINT('',(0.018,0.00125,0.));
#3864=CARTESIAN_POINT('',(0.018,0.00125,0.0005));
#3865=CARTESIAN_POINT('',(0.018,0.00476561797561875,0.0005));
#3866=CARTESIAN_POINT('',(0.0325448110040591,0.0165941525150813,0.004));
#3867=CARTESIAN_POINT('',(0.0470896220081182,0.0279092168749566,0.004));
#3868=CARTESIAN_POINT('',(0.0470896220081182,0.0279092168749566,0.0035));
#3869=CARTESIAN_POINT('',(0.0470896220081182,0.0279092168749566,0.0005));
#3870=CARTESIAN_POINT('',(0.0184052759612619,0.00559437060087752,0.0035));
#3871=CARTESIAN_POINT('',(0.0184052759612619,0.00559437060087752,0.0035));
#3872=CARTESIAN_POINT('',(0.0184052759612619,0.00559437060087752,0.004));
#3873=CARTESIAN_POINT('',(0.0184052759612619,0.00559437060087752,0.0005));
#3874=CARTESIAN_POINT('',(0.0325448110040591,0.0165941525150813,0.0005));
#3875=CARTESIAN_POINT('',(0.0532298509484806,0.0200163347296349,0.004));
#3876=CARTESIAN_POINT('',(0.0523325226333605,0.029975993453451,0.004));
#3877=CARTESIAN_POINT('',(0.0523325226333605,0.029975993453451,0.0035));
#3878=CARTESIAN_POINT('',(0.0523325226333605,0.029975993453451,0.0005));
#3879=CARTESIAN_POINT('',(0.0532298509484806,0.0200163347296349,0.0035));
#3880=CARTESIAN_POINT('',(0.0532298509484806,0.0200163347296349,0.0005));
#3881=CARTESIAN_POINT('',(0.0555674894574352,0.0302674519672628,0.004));
#3882=CARTESIAN_POINT('',(0.0583148084422796,0.0305149752192265,0.004));
#3883=CARTESIAN_POINT('',(0.0583148084422796,0.0305149752192265,0.0005));
#3884=CARTESIAN_POINT('',(0.0583148084422796,0.0305149752192265,0.0035));
#3885=CARTESIAN_POINT('',(0.0555674894574352,0.0302674519672628,0.0035));
#3886=CARTESIAN_POINT('',(0.0583148084422796,0.0305149752192265,0.0005));
#3887=CARTESIAN_POINT('',(0.0602087456679836,0.0325784001859655,0.004));
#3888=CARTESIAN_POINT('',(0.0614447782873729,0.0343533941337086,0.004));
#3889=CARTESIAN_POINT('',(0.0614447782873729,0.0343533941337086,0.0005));
#3890=CARTESIAN_POINT('',(0.0614447782873729,0.0343533941337086,0.0035));
#3891=CARTESIAN_POINT('',(0.0602087456679836,0.0325784001859655,0.0035));
#3892=CARTESIAN_POINT('',(0.0590822539072617,0.0309607114404601,0.0035));
#3893=CARTESIAN_POINT('',(0.0590822539072617,0.0309607114404601,0.004));
#3894=CARTESIAN_POINT('',(0.0590822539072617,0.0309607114404601,0.0005));
#3895=CARTESIAN_POINT('',(0.0614447782873729,0.0343533941337086,0.0005));
#3896=CARTESIAN_POINT('',(0.063869342088756,0.0355764937638337,0.004));
#3897=CARTESIAN_POINT('',(0.0656304151644445,0.0363409827647745,0.004));
#3898=CARTESIAN_POINT('',(0.0656304151644445,0.0363409827647745,0.0005));
#3899=CARTESIAN_POINT('',(0.0656304151644445,0.0363409827647745,0.0035));
#3900=CARTESIAN_POINT('',(0.063869342088756,0.0355764937638337,0.0035));
#3901=CARTESIAN_POINT('',(0.0618883305125433,0.0347165285632648,0.0035));
#3902=CARTESIAN_POINT('',(0.0618883305125433,0.0347165285632648,0.));
#3903=CARTESIAN_POINT('',(0.0618883305125433,0.0347165285632648,0.0005));
#3904=CARTESIAN_POINT('',(0.0656304151644445,0.0363409827647745,0.0005));
#3905=CARTESIAN_POINT('',(0.0665125101647605,0.0387604381929937,0.004));
#3906=CARTESIAN_POINT('',(0.0691617607295105,0.0537850847564723,0.004));
#3907=CARTESIAN_POINT('',(0.0691617607295105,0.0537850847564723,0.0005));
#3908=CARTESIAN_POINT('',(0.0691617607295105,0.0537850847564723,0.0035));
#3909=CARTESIAN_POINT('',(0.0665125101647605,0.0387604381929937,0.0035));
#3910=CARTESIAN_POINT('',(0.0662170203337431,0.0370846320864629,0.0035));
#3911=CARTESIAN_POINT('',(0.0662170203337431,0.0370846320864629,0.004));
#3912=CARTESIAN_POINT('',(0.0662170203337431,0.0370846320864629,0.0005));
#3913=CARTESIAN_POINT('',(0.0691617607295105,0.0537850847564723,0.0005));
#3914=CARTESIAN_POINT('',(0.0666864774383827,0.055829116837417,0.004));
#3915=CARTESIAN_POINT('',(0.0647461695122678,0.0568063877452082,0.004));
#3916=CARTESIAN_POINT('',(0.0647461695122678,0.0568063877452082,0.0005));
#3917=CARTESIAN_POINT('',(0.0647461695122678,0.0568063877452082,0.0035));
#3918=CARTESIAN_POINT('',(0.068626785364498,0.0548518459296255,0.0035));
#3919=CARTESIAN_POINT('',(0.068626785364498,0.0548518459296255,0.0035));
#3920=CARTESIAN_POINT('',(0.068626785364498,0.0548518459296255,0.));
#3921=CARTESIAN_POINT('',(0.068626785364498,0.0548518459296255,0.0005));
#3922=CARTESIAN_POINT('',(0.0666864774383827,0.055829116837417,0.0005));
#3923=CARTESIAN_POINT('',(0.0605241246605187,0.0533870984204952,0.004));
#3924=CARTESIAN_POINT('',(0.0537899213822894,0.0462822554204189,0.004));
#3925=CARTESIAN_POINT('',(0.0537899213822894,0.0462822554204189,0.0005));
#3926=CARTESIAN_POINT('',(0.0537899213822894,0.0462822554204189,0.0035));
#3927=CARTESIAN_POINT('',(0.0635705527378128,0.0566011970014174,0.0035));
#3928=CARTESIAN_POINT('',(0.0635705527378128,0.0566011970014174,0.0035));
#3929=CARTESIAN_POINT('',(0.0635705527378128,0.0566011970014174,0.004));
#3930=CARTESIAN_POINT('',(0.0635705527378128,0.0566011970014174,0.0005));
#3931=CARTESIAN_POINT('',(0.0605241246605187,0.0533870984204952,0.0005));
#3932=CARTESIAN_POINT('',(0.0512062860745845,0.0454352449100549,0.004));
#3933=CARTESIAN_POINT('',(0.0493008730242474,0.0449299710517225,0.004));
#3934=CARTESIAN_POINT('',(0.0493008730242474,0.0449299710517225,0.0005));
#3935=CARTESIAN_POINT('',(0.0493008730242474,0.0449299710517225,0.0035));
#3936=CARTESIAN_POINT('',(0.0512062860745845,0.0454352449100549,0.0035));
#3937=CARTESIAN_POINT('',(0.053296982842857,0.0459896519571364,0.0035));
#3938=CARTESIAN_POINT('',(0.053296982842857,0.0459896519571364,0.004));
#3939=CARTESIAN_POINT('',(0.053296982842857,0.0459896519571364,0.0005));
#3940=CARTESIAN_POINT('',(0.0493008730242474,0.0449299710517225,0.0005));
#3941=CARTESIAN_POINT('',(0.0474473019721083,0.0418642815388046,0.004));
#3942=CARTESIAN_POINT('',(0.0460669967405902,0.0389240917684016,0.004));
#3943=CARTESIAN_POINT('',(0.0460669967405902,0.0389240917684016,0.0035));
#3944=CARTESIAN_POINT('',(0.0460669967405902,0.0389240917684016,0.0005));
#3945=CARTESIAN_POINT('',(0.0474473019721083,0.0418642815388046,0.0035));
#3946=CARTESIAN_POINT('',(0.0486195361784094,0.044361258977695,0.0035));
#3947=CARTESIAN_POINT('',(0.0486195361784094,0.044361258977695,0.004));
#3948=CARTESIAN_POINT('',(0.0486195361784094,0.044361258977695,0.0005));
#3949=CARTESIAN_POINT('',(0.0460669967405902,0.0389240917684016,0.0005));
#3950=CARTESIAN_POINT('',(0.062891539041769,0.0515238535513841,0.004));
#3951=CARTESIAN_POINT('',(0.0615356878615871,0.0500933785020487,0.));
#3952=CARTESIAN_POINT('',(0.0615356878615871,0.0500933785020487,0.));
#3953=CARTESIAN_POINT('',(0.062891539041769,0.0515238535513841,0.));
#3954=CARTESIAN_POINT('',(0.0641877664460376,0.0528914232280373,0.));
#3955=CARTESIAN_POINT('',(0.0641877664460376,0.0528914232280373,0.004));
#3956=CARTESIAN_POINT('',(0.0653420709375447,0.0493988589321481,0.004));
#3957=CARTESIAN_POINT('',(0.0658135206228152,0.0520725829610875,1.7347234759768E-18));
#3958=CARTESIAN_POINT('',(0.0658135206228152,0.0520725829610875,0.));
#3959=CARTESIAN_POINT('',(0.0653420709375447,0.0493988589321481,0.));
#3960=CARTESIAN_POINT('',(0.0647350449604572,0.0459562435442562,0.));
#3961=CARTESIAN_POINT('',(0.0647350449604572,0.0459562435442562,0.004));
#3962=CARTESIAN_POINT('',(0.0637009968197944,0.0461385741308065,0.004));
#3963=CARTESIAN_POINT('',(0.0637009968197944,0.0461385741308065,0.));
#3964=CARTESIAN_POINT('',(0.0627378344454711,0.0457204614179072,0.));
#3965=CARTESIAN_POINT('',(0.0627378344454711,0.0457204614179072,0.004));
#3966=CARTESIAN_POINT('',(0.0526120898832362,0.0422776552742936,0.004));
#3967=CARTESIAN_POINT('',(0.0526120898832362,0.0422776552742936,0.));
#3968=CARTESIAN_POINT('',(0.0625879101167638,0.0383862531274652,0.004));
#3969=CARTESIAN_POINT('',(0.0625879101167638,0.0383862531274652,0.));
#3970=CARTESIAN_POINT('',(0.0556542989265857,0.0353440440841155,0.004));
#3971=CARTESIAN_POINT('',(0.0556542989265857,0.0353440440841155,0.));
#3972=CARTESIAN_POINT('',(0.0370148832912218,0.0431737084687365,0.004));
#3973=CARTESIAN_POINT('',(0.0370148832912218,0.0431737084687365,0.0035));
#3974=CARTESIAN_POINT('',(0.0370148832912218,0.0431737084687365,0.0005));
#3975=CARTESIAN_POINT('',(0.0576,0.0403319542008793,0.004));
#3976=CARTESIAN_POINT('',(0.0576,0.0403319542008793,0.));
#3977=CARTESIAN_POINT('',(0.0596,0.0403319542008793,0.));
#3978=CARTESIAN_POINT('',(0.018,0.0126037356877748,0.004));
#3979=CARTESIAN_POINT('',(0.018,0.0126037356877748,0.));
#3980=CARTESIAN_POINT('',(0.0193,0.0126037356877748,0.));
#3981=CARTESIAN_POINT('',(0.0620573455047697,0.0472880323709208,0.004));
#3982=CARTESIAN_POINT('',(0.0620573455047697,0.0472880323709208,0.));
#3983=CARTESIAN_POINT('',(0.061334599093042,0.0489529474248691,0.));
#3984=CARTESIAN_POINT('',(0.061334599093042,0.0489529474248691,0.004));
#3985=CARTESIAN_POINT('',(0.0595457010734142,0.0453198643176432,0.004));
#3986=CARTESIAN_POINT('',(0.0595457010734142,0.0453198643176432,0.));
#3987=CARTESIAN_POINT('',(5.55111512312578E-17,-1.38777878078145E-17,0.));
#3988=CARTESIAN_POINT('',(0.0652322125807309,0.0372582802641299,0.));
#3989=CARTESIAN_POINT('',(0.065724616457237,0.0371714561752964,0.));
#3990=CARTESIAN_POINT('',(0.0654313138725877,0.0367996315144521,0.));
#3991=CARTESIAN_POINT('',(0.0616892292206865,0.0351751773129425,0.));
#3992=CARTESIAN_POINT('',(0.0616892292206865,0.0351751773129425,0.));
#3993=CARTESIAN_POINT('',(0.0623064432254426,0.0337533661889416,0.));
#3994=CARTESIAN_POINT('',(0.0610344616501969,0.0346391217264548,0.));
#3995=CARTESIAN_POINT('',(0.0586719372700857,0.0312464390332064,0.));
#3996=CARTESIAN_POINT('',(0.0586719372700857,0.0312464390332064,0.));
#3997=CARTESIAN_POINT('',(0.058220588969192,0.0315607393852272,0.));
#3998=CARTESIAN_POINT('',(0.0582699420265236,0.0310129581554173,0.));
#3999=CARTESIAN_POINT('',(0.0522876562176045,0.0304739763896418,0.));
#4000=CARTESIAN_POINT('',(0.0522876562176045,0.0304739763896418,0.));
#4001=CARTESIAN_POINT('',(0.0532298509484806,0.0200163347296349,0.));
#4002=CARTESIAN_POINT('',(0.0467826105611001,0.0283038609822227,0.));
#4003=CARTESIAN_POINT('',(0.0039209598715778,-0.00504014988097044,0.));
#4004=CARTESIAN_POINT('',(0.0180982645142438,0.00598901470814359,0.));
#4005=CARTESIAN_POINT('',(0.01905,0.00476561797561875,0.));
#4006=CARTESIAN_POINT('',(0.0175,0.00476561797561875,0.));
#4007=CARTESIAN_POINT('',(0.0175,0.00125,0.));
#4008=CARTESIAN_POINT('',(0.0175,0.00125,0.));
#4009=CARTESIAN_POINT('',(0.017,0.00125,0.));
#4010=CARTESIAN_POINT('',(0.017,0.00075,0.));
#4011=CARTESIAN_POINT('',(5.53265919138284E-17,0.00075,0.));
#4012=CARTESIAN_POINT('',(0.01565,0.00075,0.));
#4013=CARTESIAN_POINT('',(0.01565,0.00125,0.));
#4014=CARTESIAN_POINT('',(0.01515,0.00125,0.));
#4015=CARTESIAN_POINT('',(0.01515,0.0015,0.));
#4016=CARTESIAN_POINT('',(0.01515,0.0015,0.));
#4017=CARTESIAN_POINT('',(0.01275,0.0015,0.));
#4018=CARTESIAN_POINT('',(0.01275,0.0039,0.));
#4019=CARTESIAN_POINT('',(5.55111512312578E-17,0.0039,0.));
#4020=CARTESIAN_POINT('',(0.01025,0.0039,0.));
#4021=CARTESIAN_POINT('',(0.01025,0.0015,0.));
#4022=CARTESIAN_POINT('',(0.00785,0.0015,0.));
#4023=CARTESIAN_POINT('',(0.00785,-2.98372437868019E-18,0.));
#4024=CARTESIAN_POINT('',(0.00785,0.00125,0.));
#4025=CARTESIAN_POINT('',(0.00735,0.00125,0.));
#4026=CARTESIAN_POINT('',(0.00735,0.00075,0.));
#4027=CARTESIAN_POINT('',(5.53265919138284E-17,0.00075,0.));
#4028=CARTESIAN_POINT('',(0.00438064188290727,0.00075,0.));
#4029=CARTESIAN_POINT('',(0.00438064188290727,0.00125,0.));
#4030=CARTESIAN_POINT('',(0.00389397079263664,0.00136467889908261,0.));
#4031=CARTESIAN_POINT('',(0.00968535676685523,2.76471553983803E-18,0.));
#4032=CARTESIAN_POINT('',(0.00627257697056761,0.00487395466351793,0.));
#4033=CARTESIAN_POINT('',(0.0069626199126941,0.00535712793328331,0.));
#4034=CARTESIAN_POINT('',(0.00696261991269351,0.00535712793328289,0.));
#4035=CARTESIAN_POINT('',(0.00550000000000245,0.00744596564622042,0.));
#4036=CARTESIAN_POINT('',(0.00403738008731094,0.00953480335915988,0.));
#4037=CARTESIAN_POINT('',(-0.0031516347930307,0.00450100094767386,0.));
#4038=CARTESIAN_POINT('',(0.00153678821817433,0.00778387008241513,0.));
#4039=CARTESIAN_POINT('',(0.00125,0.00819344610456047,0.));
#4040=CARTESIAN_POINT('',(0.00075,0.00819344610456047,0.));
#4041=CARTESIAN_POINT('',(0.00075,0.014,0.));
#4042=CARTESIAN_POINT('',(0.00075,0.014,0.));
#4043=CARTESIAN_POINT('',(0.00125,0.014,0.));
#4044=CARTESIAN_POINT('',(0.00125,0.0145,0.));
#4045=CARTESIAN_POINT('',(6.02155568249618E-17,0.0145,0.));
#4046=CARTESIAN_POINT('',(0.0106413256997298,0.0145,0.));
#4047=CARTESIAN_POINT('',(0.0106413256997298,0.01605,0.));
#4048=CARTESIAN_POINT('',(0.0114654298743305,0.0147372348612925,0.));
#4049=CARTESIAN_POINT('',(0.0425975244740011,0.0342807833355569,0.));
#4050=CARTESIAN_POINT('',(0.0425975244740011,0.0342807833355569,0.));
#4051=CARTESIAN_POINT('',(0.0370148832912218,0.0431737084687365,0.));
#4052=CARTESIAN_POINT('',(0.0465196024130586,0.0387116109333849,0.));
#4053=CARTESIAN_POINT('',(0.0490721418508778,0.0441487781426783,0.));
#4054=CARTESIAN_POINT('',(0.0490721418508778,0.0441487781426783,0.));
#4055=CARTESIAN_POINT('',(0.0495700080905931,0.0439150492241598,0.));
#4056=CARTESIAN_POINT('',(0.0494290325796501,0.0444466749433593,0.));
#4057=CARTESIAN_POINT('',(0.0534251423982596,0.0455063558487732,0.));
#4058=CARTESIAN_POINT('',(0.0534251423982596,0.0455063558487732,0.));
#4059=CARTESIAN_POINT('',(0.0530278477765113,0.0470045737846991,0.));
#4060=CARTESIAN_POINT('',(0.054152813575517,0.0459382942945712,0.));
#4061=CARTESIAN_POINT('',(0.00558947728995361,-0.00529788994481504,0.));
#4062=CARTESIAN_POINT('',(0.0639334449310404,0.0562572358755696,0.));
#4063=CARTESIAN_POINT('',(0.0642963371242681,0.0559132747497219,0.));
#4064=CARTESIAN_POINT('',(0.0645212533182679,0.0563598312474651,0.));
#4065=CARTESIAN_POINT('',(0.0356984496296555,0.0708769535798257,0.));
#4066=CARTESIAN_POINT('',(0.0684018691704981,0.0544052894318824,0.));
#4067=CARTESIAN_POINT('',(0.0681769529764983,0.0539587329341392,0.));
#4068=CARTESIAN_POINT('',(0.0686693568530044,0.0538719088453058,0.));
#4069=CARTESIAN_POINT('',(0.065724616457237,0.0371714561752964,0.));
#4070=CARTESIAN_POINT('',(0.0647794724821524,0.0522549135476378,0.));
#4071=CARTESIAN_POINT('',(0.0653350275941382,0.0531459009311323,0.));
#4072=CARTESIAN_POINT('',(0.0649498400518157,0.0521691048637571,0.));
#4073=CARTESIAN_POINT('',(0.0622977614673652,0.0493710601377685,0.));
#4074=CARTESIAN_POINT('',(0.01025,0.0015,-0.002502));
#4075=CARTESIAN_POINT('',(0.01025,0.0034,-0.002502));
#4076=CARTESIAN_POINT('',(0.01025,0.0034,0.0005));
#4077=CARTESIAN_POINT('',(0.01025,0.0034,0.0035));
#4078=CARTESIAN_POINT('',(0.01025,0.0015,0.0035));
#4079=CARTESIAN_POINT('',(0.00835,0.0015,0.0035));
#4080=CARTESIAN_POINT('',(0.00835,0.0015,-0.002502));
#4081=CARTESIAN_POINT('',(0.00835,0.0015,0.0005));
#4082=CARTESIAN_POINT('',(0.01025,0.0015,0.0005));
#4083=CARTESIAN_POINT('',(0.00835,0.000875,-0.002502));
#4084=CARTESIAN_POINT('',(0.00835,0.00125,0.0035));
#4085=CARTESIAN_POINT('',(0.00835,0.00125,0.0035));
#4086=CARTESIAN_POINT('',(0.00835,0.00125,-0.002502));
#4087=CARTESIAN_POINT('',(0.00835,0.00125,0.0005));
#4088=CARTESIAN_POINT('',(0.00835,0.000875,0.0005));
#4089=CARTESIAN_POINT('',(0.01465,0.000875,-0.002502));
#4090=CARTESIAN_POINT('',(0.01465,0.00125,0.004));
#4091=CARTESIAN_POINT('',(0.01465,0.00125,0.0005));
#4092=CARTESIAN_POINT('',(0.01465,0.00125,0.0035));
#4093=CARTESIAN_POINT('',(0.01465,0.000875,0.0035));
#4094=CARTESIAN_POINT('',(0.01465,0.0015,0.0035));
#4095=CARTESIAN_POINT('',(0.01465,0.0015,-0.002502));
#4096=CARTESIAN_POINT('',(0.01465,0.0015,0.0005));
#4097=CARTESIAN_POINT('',(0.01465,0.00125,0.0005));
#4098=CARTESIAN_POINT('',(0.01275,0.0015,-0.002502));
#4099=CARTESIAN_POINT('',(0.01275,0.0015,0.0035));
#4100=CARTESIAN_POINT('',(0.01275,0.0034,0.0035));
#4101=CARTESIAN_POINT('',(0.01275,0.0034,-0.002502));
#4102=CARTESIAN_POINT('',(0.01275,0.0034,0.0005));
#4103=CARTESIAN_POINT('',(0.01275,0.0015,0.0005));
#4104=CARTESIAN_POINT('',(0.0115,0.0034,-0.002502));
#4105=CARTESIAN_POINT('',(0.01025,0.0034,0.0035));
#4106=CARTESIAN_POINT('',(0.0115,0.0034,0.0005));
#4107=CARTESIAN_POINT('',(0.0495700080905931,0.0439150492241598,0.004));
#4108=CARTESIAN_POINT('',(0.0495700080905931,0.0439150492241598,0.0035));
#4109=CARTESIAN_POINT('',(0.0495700080905931,0.0439150492241598,0.0005));
#4110=CARTESIAN_POINT('',(0.0106413256997298,0.01605,0.004));
#4111=CARTESIAN_POINT('',(0.0106413256997298,0.01605,0.0035));
#4112=CARTESIAN_POINT('',(0.0106413256997298,0.01605,0.0005));
#4113=CARTESIAN_POINT('',(0.0530278477765113,0.0470045737846991,0.004));
#4114=CARTESIAN_POINT('',(0.0530278477765113,0.0470045737846991,0.0035));
#4115=CARTESIAN_POINT('',(0.0530278477765113,0.0470045737846991,0.0005));
#4116=CARTESIAN_POINT('',(0.058220588969192,0.0315607393852272,0.004));
#4117=CARTESIAN_POINT('',(0.058220588969192,0.0315607393852272,0.0035));
#4118=CARTESIAN_POINT('',(0.058220588969192,0.0315607393852272,0.0005));
#4119=CARTESIAN_POINT('',(0.01905,0.00476561797561875,0.004));
#4120=CARTESIAN_POINT('',(0.01905,0.00476561797561875,0.0035));
#4121=CARTESIAN_POINT('',(0.01905,0.00476561797561875,0.0005));
#4122=CARTESIAN_POINT('',(0.0623064432254426,0.0337533661889416,0.004));
#4123=CARTESIAN_POINT('',(0.0623064432254426,0.0337533661889416,0.0035));
#4124=CARTESIAN_POINT('',(0.0623064432254426,0.0337533661889416,0.0005));
#4125=CARTESIAN_POINT('',(0.0622977614673652,0.0493710601377685,0.004));
#4126=CARTESIAN_POINT('',(0.0649498400518157,0.0521691048637571,0.004));
#4127=CARTESIAN_POINT('',(0.0653350275941382,0.0531459009311323,0.002));
#4128=CARTESIAN_POINT('',(0.0647794724821524,0.0522549135476378,0.004));
#4129=CARTESIAN_POINT('',(0.01565,0.00125,-0.002502));
#4130=CARTESIAN_POINT('',(0.01565,0.00125,0.0035));
#4131=CARTESIAN_POINT('',(0.01565,0.00125,0.0005));
#4132=CARTESIAN_POINT('',(0.00735,0.00125,0.004));
#4133=CARTESIAN_POINT('',(0.00735,0.00125,0.0035));
#4134=CARTESIAN_POINT('',(0.00735,0.00125,0.0005));
#4135=CARTESIAN_POINT('',(0.00438064188290727,0.00125,0.004));
#4136=CARTESIAN_POINT('',(0.00438064188290727,0.00125,0.0035));
#4137=CARTESIAN_POINT('',(0.00438064188290727,0.00125,0.0005));
#4138=CARTESIAN_POINT('',(0.00125,0.00819344610456047,0.004));
#4139=CARTESIAN_POINT('',(0.00125,0.00819344610456047,0.0035));
#4140=CARTESIAN_POINT('',(0.00125,0.00819344610456047,0.0005));
#4141=CARTESIAN_POINT('',(0.017,0.00125,0.004));
#4142=CARTESIAN_POINT('',(0.017,0.00125,0.0035));
#4143=CARTESIAN_POINT('',(0.017,0.00125,0.0005));
#4144=CARTESIAN_POINT('',(0.00125,0.014,0.004));
#4145=CARTESIAN_POINT('',(0.00125,0.014,0.0035));
#4146=CARTESIAN_POINT('',(0.00125,0.014,0.0005));
#4147=CARTESIAN_POINT('',(0.0642963371242681,0.0559132747497219,0.004));
#4148=CARTESIAN_POINT('',(0.0642963371242681,0.0559132747497219,0.0035));
#4149=CARTESIAN_POINT('',(0.0642963371242681,0.0559132747497219,0.0005));
#4150=CARTESIAN_POINT('',(0.0681769529764983,0.0539587329341392,0.004));
#4151=CARTESIAN_POINT('',(0.0681769529764983,0.0539587329341392,0.0035));
#4152=CARTESIAN_POINT('',(0.0681769529764983,0.0539587329341392,0.0005));
#4153=CARTESIAN_POINT('',(0.0652322125807309,0.0372582802641299,0.004));
#4154=CARTESIAN_POINT('',(0.0652322125807309,0.0372582802641299,0.0035));
#4155=CARTESIAN_POINT('',(0.0652322125807309,0.0372582802641299,0.0005));
#4156=CARTESIAN_POINT('',(0.00633081022345533,0.00552511732054511,0.0035));
#4157=CARTESIAN_POINT('',(0.00667583169451858,0.0057667039554278,0.0035));
#4158=CARTESIAN_POINT('',(0.00627257697056761,0.00487395466351793,0.004));
#4159=CARTESIAN_POINT('',(0.00968535676685523,2.76471553983803E-18,0.004));
#4160=CARTESIAN_POINT('',(0.00389397079263664,0.00136467889908261,0.004));
#4161=CARTESIAN_POINT('',(0.00550000000000245,0.00744596564622042,0.004));
#4162=CARTESIAN_POINT('',(0.00432416830548527,0.00912522733701454,0.0035));
#4163=CARTESIAN_POINT('',(0.00438064188290727,0.00125,0.004));
#4164=CARTESIAN_POINT('',(0.00438064188290727,0.00075,0.004));
#4165=CARTESIAN_POINT('',(-0.0031516347930307,0.00450100094767386,0.004));
#4166=CARTESIAN_POINT('',(0.00182357643634866,0.0073742940602698,0.0035));
#4167=CARTESIAN_POINT('',(5.53265919138284E-17,0.00075,0.004));
#4168=CARTESIAN_POINT('',(0.00735,0.00075,0.004));
#4169=CARTESIAN_POINT('',(0.00125,0.00819344610456047,0.004));
#4170=CARTESIAN_POINT('',(0.00025,0.00819344610456047,0.0035));
#4171=CARTESIAN_POINT('',(0.00735,0.00125,0.004));
#4172=CARTESIAN_POINT('',(0.00785,0.00125,0.004));
#4173=CARTESIAN_POINT('',(0.00025,0.0107826505025315,0.0035));
#4174=CARTESIAN_POINT('',(0.00025,0.014,0.0035));
#4175=CARTESIAN_POINT('',(0.00835,0.000875,0.0035));
#4176=CARTESIAN_POINT('',(0.00785,0.0015,0.004));
#4177=CARTESIAN_POINT('',(0.00125,0.014,0.004));
#4178=CARTESIAN_POINT('',(0.00125,0.015,0.0035));
#4179=CARTESIAN_POINT('',(0.01025,0.0015,0.004));
#4180=CARTESIAN_POINT('',(0.01025,0.0039,0.004));
#4181=CARTESIAN_POINT('',(6.02155568249618E-17,0.0145,0.004));
#4182=CARTESIAN_POINT('',(0.0106413256997298,0.015,0.0035));
#4183=CARTESIAN_POINT('',(0.0115,0.0034,0.0035));
#4184=CARTESIAN_POINT('',(0.01275,0.0039,0.004));
#4185=CARTESIAN_POINT('',(0.0106413256997298,0.01605,0.004));
#4186=CARTESIAN_POINT('',(0.0111995898180077,0.0151607074866821,0.0035));
#4187=CARTESIAN_POINT('',(0.01275,0.0015,0.004));
#4188=CARTESIAN_POINT('',(0.01515,0.0015,0.004));
#4189=CARTESIAN_POINT('',(0.026637636803958,0.0248521279804732,0.0035));
#4190=CARTESIAN_POINT('',(0.0423316844176782,0.0347042559609464,0.0035));
#4191=CARTESIAN_POINT('',(0.01515,-1.38777878078145E-17,0.004));
#4192=CARTESIAN_POINT('',(0.01515,0.00125,0.004));
#4193=CARTESIAN_POINT('',(0.0370148832912218,0.0431737084687365,0.0035));
#4194=CARTESIAN_POINT('',(0.0460669967405901,0.0389240917684017,0.0035));
#4195=CARTESIAN_POINT('',(0.01565,0.00125,0.004));
#4196=CARTESIAN_POINT('',(0.01565,0.00075,0.004));
#4197=CARTESIAN_POINT('',(0.0474473019721083,0.0418642815388046,0.0035));
#4198=CARTESIAN_POINT('',(0.0486195361784094,0.044361258977695,0.0035));
#4199=CARTESIAN_POINT('',(5.53265919138284E-17,0.00075,0.004));
#4200=CARTESIAN_POINT('',(0.017,0.00075,0.004));
#4201=CARTESIAN_POINT('',(0.0495700080905931,0.0439150492241598,0.004));
#4202=CARTESIAN_POINT('',(0.0493008730242474,0.0449299710517225,0.0035));
#4203=CARTESIAN_POINT('',(0.017,0.00125,0.004));
#4204=CARTESIAN_POINT('',(0.0175,0.00125,0.004));
#4205=CARTESIAN_POINT('',(0.0512062860745845,0.0454352449100549,0.0035));
#4206=CARTESIAN_POINT('',(0.053296982842857,0.0459896519571364,0.0035));
#4207=CARTESIAN_POINT('',(0.018,0.00276454407760304,0.0035));
#4208=CARTESIAN_POINT('',(0.0175,0.00476561797561875,0.004));
#4209=CARTESIAN_POINT('',(0.0530278477765113,0.0470045737846991,0.004));
#4210=CARTESIAN_POINT('',(0.0537899213822894,0.0462822554204189,0.0035));
#4211=CARTESIAN_POINT('',(0.01905,0.00476561797561875,0.004));
#4212=CARTESIAN_POINT('',(0.0180982645142438,0.0059890147081436,0.004));
#4213=CARTESIAN_POINT('',(0.00558947728995361,-0.00529788994481504,0.004));
#4214=CARTESIAN_POINT('',(0.0635705527378128,0.0566011970014174,0.0035));
#4215=CARTESIAN_POINT('',(0.00392095987157779,-0.00504014988097044,0.004));
#4216=CARTESIAN_POINT('',(0.0467826105611001,0.0283038609822226,0.004));
#4217=CARTESIAN_POINT('',(0.0642963371242681,0.0559132747497219,0.004));
#4218=CARTESIAN_POINT('',(0.0647461695122678,0.0568063877452082,0.0035));
#4219=CARTESIAN_POINT('',(0.0532298509484806,0.0200163347296349,0.0035));
#4220=CARTESIAN_POINT('',(0.0522876562176045,0.0304739763896418,0.004));
#4221=CARTESIAN_POINT('',(0.0356984496296555,0.0708769535798257,0.004));
#4222=CARTESIAN_POINT('',(0.068626785364498,0.0548518459296255,0.0035));
#4223=CARTESIAN_POINT('',(0.0555674894574352,0.0302674519672628,0.0035));
#4224=CARTESIAN_POINT('',(0.0582699420265236,0.0310129581554173,0.004));
#4225=CARTESIAN_POINT('',(0.0681769529764983,0.0539587329341392,0.004));
#4226=CARTESIAN_POINT('',(0.0691617607295105,0.0537850847564723,0.0035));
#4227=CARTESIAN_POINT('',(0.058220588969192,0.0315607393852272,0.004));
#4228=CARTESIAN_POINT('',(0.0586719372700857,0.0312464390332064,0.004));
#4229=CARTESIAN_POINT('',(0.0665125101647605,0.0387604381929937,0.0035));
#4230=CARTESIAN_POINT('',(0.0662170203337431,0.0370846320864629,0.0035));
#4231=CARTESIAN_POINT('',(0.0602087456679836,0.0325784001859655,0.0035));
#4232=CARTESIAN_POINT('',(0.0610344616501969,0.0346391217264548,0.004));
#4233=CARTESIAN_POINT('',(0.0652322125807309,0.0372582802641299,0.004));
#4234=CARTESIAN_POINT('',(0.0656304151644445,0.0363409827647745,0.0035));
#4235=CARTESIAN_POINT('',(0.0623064432254426,0.0337533661889416,0.004));
#4236=CARTESIAN_POINT('',(0.0616892292206865,0.0351751773129425,0.004));
#4237=CARTESIAN_POINT('',(0.063869342088756,0.0355764937638337,0.0035));
#4238=CARTESIAN_POINT('',(-0.00022639496764001,0.00032332552177159,0.));
#4239=CARTESIAN_POINT('',(0.00696261991269351,0.00535712793328289,0.));
#4240=CARTESIAN_POINT('',(0.00598578875239209,0.00528353068566242,0.0005));
#4241=CARTESIAN_POINT('',(0.00968535676685523,2.76471553983803E-18,0.0005));
#4242=CARTESIAN_POINT('',(0.00340729970236602,0.00147935779816522,0.0005));
#4243=CARTESIAN_POINT('',(0.00550000000000245,0.00744596564622042,0.0005));
#4244=CARTESIAN_POINT('',(0.00403738008731094,0.00953480335915988,0.));
#4245=CARTESIAN_POINT('',(0.00438064188290727,0.00125,0.));
#4246=CARTESIAN_POINT('',(0.00438064188290727,0.00025,0.0005));
#4247=CARTESIAN_POINT('',(0.00274999999999992,0.0080229828231095,0.0005));
#4248=CARTESIAN_POINT('',(0.00153678821817433,0.00778387008241513,0.));
#4249=CARTESIAN_POINT('',(0.0106201017745642,0.00025,0.0005));
#4250=CARTESIAN_POINT('',(0.00735,0.00025,0.0005));
#4251=CARTESIAN_POINT('',(0.00125,0.00819344610456047,0.));
#4252=CARTESIAN_POINT('',(0.00075,0.00819344610456047,0.));
#4253=CARTESIAN_POINT('',(0.00735,0.00125,0.));
#4254=CARTESIAN_POINT('',(0.00835,0.00125,0.0005));
#4255=CARTESIAN_POINT('',(0.00075,-1.38777878078145E-17,0.));
#4256=CARTESIAN_POINT('',(0.00075,0.014,0.));
#4257=CARTESIAN_POINT('',(0.00785,-2.98372437868019E-18,0.));
#4258=CARTESIAN_POINT('',(0.00835,0.0015,0.0005));
#4259=CARTESIAN_POINT('',(0.00125,0.014,0.));
#4260=CARTESIAN_POINT('',(0.00125,0.0145,0.));
#4261=CARTESIAN_POINT('',(0.01025,0.0015,0.0005));
#4262=CARTESIAN_POINT('',(0.01025,0.0034,0.0005));
#4263=CARTESIAN_POINT('',(0.00559679459511897,0.015,0.0005));
#4264=CARTESIAN_POINT('',(0.0106413256997298,0.0145,0.));
#4265=CARTESIAN_POINT('',(5.55111512312578E-17,0.0039,0.));
#4266=CARTESIAN_POINT('',(0.01275,0.0034,0.0005));
#4267=CARTESIAN_POINT('',(0.0106413256997298,0.01605,0.));
#4268=CARTESIAN_POINT('',(0.0114654298743305,0.0147372348612925,0.));
#4269=CARTESIAN_POINT('',(0.01275,0.0015,0.0005));
#4270=CARTESIAN_POINT('',(0.01465,0.0015,0.0005));
#4271=CARTESIAN_POINT('',(-0.00339514439355167,0.00540832984239171,0.));
#4272=CARTESIAN_POINT('',(0.0425975244740011,0.0342807833355569,0.));
#4273=CARTESIAN_POINT('',(0.01465,0.000875,0.0005));
#4274=CARTESIAN_POINT('',(0.01465,0.00125,0.0005));
#4275=CARTESIAN_POINT('',(0.0370148832912218,0.0431737084687365,0.));
#4276=CARTESIAN_POINT('',(0.0465196024130586,0.0387116109333849,0.));
#4277=CARTESIAN_POINT('',(0.01565,0.00125,0.));
#4278=CARTESIAN_POINT('',(0.01565,0.000250000000000004,0.0005));
#4279=CARTESIAN_POINT('',(0.0232269274613681,-0.0109041429263333,0.));
#4280=CARTESIAN_POINT('',(0.0490721418508778,0.0441487781426783,0.));
#4281=CARTESIAN_POINT('',(0.0106201017745642,0.00025,0.0005));
#4282=CARTESIAN_POINT('',(0.017,0.000250000000000004,0.0005));
#4283=CARTESIAN_POINT('',(0.0495700080905931,0.0439150492241598,0.));
#4284=CARTESIAN_POINT('',(0.0494290325796501,0.0444466749433593,0.));
#4285=CARTESIAN_POINT('',(0.017,0.00125,0.));
#4286=CARTESIAN_POINT('',(0.018,0.00125,0.0005));
#4287=CARTESIAN_POINT('',(-0.00776447089122918,0.029280208981995,0.));
#4288=CARTESIAN_POINT('',(0.0534251423982596,0.0455063558487732,0.));
#4289=CARTESIAN_POINT('',(0.0175,-1.38777878078145E-17,0.));
#4290=CARTESIAN_POINT('',(0.018,0.00476561797561875,0.0005));
#4291=CARTESIAN_POINT('',(0.0530278477765113,0.0470045737846991,0.));
#4292=CARTESIAN_POINT('',(0.054152813575517,0.0459382942945712,0.));
#4293=CARTESIAN_POINT('',(0.01905,0.00476561797561875,0.));
#4294=CARTESIAN_POINT('',(0.0184052759612619,0.00559437060087752,0.0005));
#4295=CARTESIAN_POINT('',(0.0605241246605187,0.0533870984204952,0.0005));
#4296=CARTESIAN_POINT('',(0.0639334449310404,0.0562572358755696,0.));
#4297=CARTESIAN_POINT('',(0.0325448110040591,0.0165941525150813,0.0005));
#4298=CARTESIAN_POINT('',(0.0470896220081182,0.0279092168749566,0.0005));
#4299=CARTESIAN_POINT('',(0.0642963371242681,0.0559132747497219,0.));
#4300=CARTESIAN_POINT('',(0.0645212533182679,0.0563598312474651,0.));
#4301=CARTESIAN_POINT('',(0.0532298509484806,0.0200163347296349,0.));
#4302=CARTESIAN_POINT('',(0.0523325226333605,0.029975993453451,0.0005));
#4303=CARTESIAN_POINT('',(0.0666864774383827,0.055829116837417,0.0005));
#4304=CARTESIAN_POINT('',(0.0684018691704981,0.0544052894318824,0.));
#4305=CARTESIAN_POINT('',(-0.0023024655845182,0.0255556088654854,0.));
#4306=CARTESIAN_POINT('',(0.0583148084422796,0.0305149752192265,0.0005));
#4307=CARTESIAN_POINT('',(0.0681769529764983,0.0539587329341392,0.));
#4308=CARTESIAN_POINT('',(0.0686693568530044,0.0538719088453058,0.));
#4309=CARTESIAN_POINT('',(0.058220588969192,0.0315607393852272,0.));
#4310=CARTESIAN_POINT('',(0.0590822539072617,0.0309607114404601,0.0005));
#4311=CARTESIAN_POINT('',(0.057386083388694,-0.0101187148186126,0.));
#4312=CARTESIAN_POINT('',(0.065724616457237,0.0371714561752964,0.));
#4313=CARTESIAN_POINT('',(0.0248587908683839,-0.0173106372734225,0.));
#4314=CARTESIAN_POINT('',(0.0614447782873729,0.0343533941337086,0.0005));
#4315=CARTESIAN_POINT('',(0.0652322125807309,0.0372582802641299,0.));
#4316=CARTESIAN_POINT('',(0.0654313138725877,0.0367996315144521,0.));
#4317=CARTESIAN_POINT('',(0.0623064432254426,0.0337533661889416,0.));
#4318=CARTESIAN_POINT('',(0.0618883305125433,0.0347165285632648,0.0005));
#4319=CARTESIAN_POINT('',(-0.00306667426305315,0.00706437564166939,0.));
#4320=MECHANICAL_DESIGN_GEOMETRIC_PRESENTATION_REPRESENTATION('',(#2547),
#4321);
#4321=(
GEOMETRIC_REPRESENTATION_CONTEXT(3)
GLOBAL_UNCERTAINTY_ASSIGNED_CONTEXT((#4322))
GLOBAL_UNIT_ASSIGNED_CONTEXT((#4325,#4324,#4323))
REPRESENTATION_CONTEXT('Arm','TOP_LEVEL_ASSEMBLY_PART')
);
#4322=UNCERTAINTY_MEASURE_WITH_UNIT(LENGTH_MEASURE(1.E-8),#4325,
'DISTANCE_ACCURACY_VALUE','Maximum Tolerance applied to model');
#4323=(
NAMED_UNIT(*)
SI_UNIT($,.STERADIAN.)
SOLID_ANGLE_UNIT()
);
#4324=(
NAMED_UNIT(*)
PLANE_ANGLE_UNIT()
SI_UNIT($,.RADIAN.)
);
#4325=(
LENGTH_UNIT()
NAMED_UNIT(*)
SI_UNIT($,.METRE.)
);
#4326=PRODUCT_DEFINITION_SHAPE('','',#4327);
#4327=PRODUCT_DEFINITION('','',#4329,#4328);
#4328=PRODUCT_DEFINITION_CONTEXT('',#4335,'design');
#4329=PRODUCT_DEFINITION_FORMATION_WITH_SPECIFIED_SOURCE('','',#4331,
 .NOT_KNOWN.);
#4330=PRODUCT_RELATED_PRODUCT_CATEGORY('','',(#4331));
#4331=PRODUCT('Arm','Arm','Arm',(#4333));
#4332=PRODUCT_CATEGORY('','');
#4333=PRODUCT_CONTEXT('',#4335,'mechanical');
#4334=APPLICATION_PROTOCOL_DEFINITION('international standard',
'ap242_managed_model_based_3d_engineering',2020,#4335);
#4335=APPLICATION_CONTEXT('managed model based 3d engineering');
ENDSEC;
END-ISO-10303-21;
