ISO-10303-21;
HEADER;
/* Generated by software containing ST-Developer
 * from STEP Tools, Inc. (www.steptools.com) 
 */
/* OPTION: using custom renumber hook */

FILE_DESCRIPTION(
/* description */ ('STEP AP242 Edition 2',
'CAx-IF Rec.Pracs.---Representation and Presentation of Product Manufa
cturing Information (PMI)---4.0---2014-10-13',
'CAx-IF Rec.Pracs.---3D Tessellated Geometry---0.4---2014-09-14','2;1',
'CAx-IF Rec.Pracs.---User Defined Attributes---1.5---2016-08-15'),
/* implementation_level */ '2;1');

FILE_NAME(
/* name */ 'frame - Base-Top',
/* time_stamp */ '2026-07-05T17:28:03Z',
/* author */ (''),
/* organization */ (''),
/* preprocessor_version */ 'ST-DEVELOPER v20',
/* originating_system */ 'ONSHAPE BY PTC INC, 1.217',
/* authorisation */ '  ');

FILE_SCHEMA (('AP242_MANAGED_MODEL_BASED_3D_ENGINEERING_MIM_LF { 1 0 10303 442 3 1 4 }'));
ENDSEC;

DATA;
#10=SHAPE_REPRESENTATION_RELATIONSHIP('','',#5027,#11);
#11=ADVANCED_BREP_SHAPE_REPRESENTATION('',(#5025),#8515);
#12=CONICAL_SURFACE('',#5374,0.00155,0.785398163397448);
#13=CONICAL_SURFACE('',#5375,0.00155,0.785398163397449);
#14=CONICAL_SURFACE('',#5378,0.0005,0.785398163397449);
#15=CONICAL_SURFACE('',#5379,0.00155,0.785398163397448);
#16=CONICAL_SURFACE('',#5382,0.0005,0.785398163397448);
#17=CONICAL_SURFACE('',#5383,0.00155,0.785398163397448);
#18=CONICAL_SURFACE('',#5386,0.0005,0.785398163397449);
#19=CONICAL_SURFACE('',#5387,0.0005,0.785398163397448);
#20=CONICAL_SURFACE('',#5390,0.0005,0.785398163397448);
#21=CONICAL_SURFACE('',#5391,0.0005,0.785398163397449);
#22=CONICAL_SURFACE('',#5394,0.00155,0.785398163397448);
#23=CONICAL_SURFACE('',#5395,0.0005,0.785398163397448);
#24=CONICAL_SURFACE('',#5398,0.00155,0.785398163397446);
#25=CONICAL_SURFACE('',#5399,0.0005,0.78539816339745);
#26=CONICAL_SURFACE('',#5400,0.0005,0.785398163397449);
#27=CONICAL_SURFACE('',#5403,0.00155,0.785398163397446);
#28=CONICAL_SURFACE('',#5404,0.0005,0.785398163397448);
#29=CONICAL_SURFACE('',#5407,0.00155,0.785398163397448);
#30=CONICAL_SURFACE('',#5408,0.00155,0.785398163397448);
#31=CONICAL_SURFACE('',#5409,0.0005,0.785398163397449);
#32=CONICAL_SURFACE('',#5412,0.00155,0.785398163397448);
#33=CONICAL_SURFACE('',#5413,0.0005,0.785398163397448);
#34=CONICAL_SURFACE('',#5416,0.0005,0.785398163397448);
#35=CONICAL_SURFACE('',#5417,0.00155,0.785398163397448);
#36=CONICAL_SURFACE('',#5420,0.00055,0.785398163397447);
#37=CONICAL_SURFACE('',#5421,0.00155,0.785398163397448);
#38=CONICAL_SURFACE('',#5424,0.00155,0.78539816339745);
#39=CONICAL_SURFACE('',#5425,0.0005,0.785398163397448);
#40=CONICAL_SURFACE('',#5428,0.00155,0.785398163397449);
#41=CONICAL_SURFACE('',#5429,0.00055,0.785398163397449);
#42=CONICAL_SURFACE('',#5432,0.0005,0.785398163397448);
#43=CONICAL_SURFACE('',#5433,0.00155,0.785398163397449);
#44=CONICAL_SURFACE('',#5436,0.0005,0.785398163397448);
#45=CONICAL_SURFACE('',#5437,0.00155,0.785398163397449);
#46=CONICAL_SURFACE('',#5440,0.0005,0.785398163397448);
#47=CONICAL_SURFACE('',#5441,0.0005,0.78539816339745);
#48=CONICAL_SURFACE('',#5444,0.0005,0.785398163397448);
#49=CONICAL_SURFACE('',#5445,0.0005,0.785398163397448);
#50=CONICAL_SURFACE('',#5448,0.00155,0.785398163397448);
#51=CONICAL_SURFACE('',#5449,0.0005,0.785398163397448);
#52=CONICAL_SURFACE('',#5452,0.00155,0.78539816339745);
#53=CONICAL_SURFACE('',#5453,0.0005,0.785398163397448);
#54=CONICAL_SURFACE('',#5456,0.00155,0.785398163397448);
#55=CONICAL_SURFACE('',#5457,0.00155,0.785398163397449);
#56=CONICAL_SURFACE('',#5460,0.0005,0.785398163397449);
#57=CONICAL_SURFACE('',#5461,0.00155,0.785398163397448);
#58=CONICAL_SURFACE('',#5464,0.0005,0.785398163397448);
#59=CONICAL_SURFACE('',#5465,0.00155,0.785398163397448);
#60=CONICAL_SURFACE('',#5468,0.0005,0.785398163397449);
#61=CONICAL_SURFACE('',#5469,0.0005,0.785398163397448);
#62=CONICAL_SURFACE('',#5472,0.0005,0.785398163397448);
#63=CONICAL_SURFACE('',#5473,0.0005,0.785398163397449);
#64=CONICAL_SURFACE('',#5476,0.00155,0.785398163397448);
#65=CONICAL_SURFACE('',#5477,0.0005,0.785398163397448);
#66=CONICAL_SURFACE('',#5480,0.00155,0.785398163397446);
#67=CONICAL_SURFACE('',#5481,0.0005,0.78539816339745);
#68=CONICAL_SURFACE('',#5482,0.0005,0.785398163397449);
#69=CONICAL_SURFACE('',#5485,0.00155,0.785398163397446);
#70=CONICAL_SURFACE('',#5486,0.0005,0.785398163397448);
#71=CONICAL_SURFACE('',#5489,0.00155,0.785398163397448);
#72=CONICAL_SURFACE('',#5490,0.00155,0.785398163397448);
#73=CONICAL_SURFACE('',#5491,0.0005,0.785398163397449);
#74=CONICAL_SURFACE('',#5494,0.00155,0.785398163397448);
#75=CONICAL_SURFACE('',#5495,0.0005,0.785398163397448);
#76=CONICAL_SURFACE('',#5498,0.0005,0.785398163397448);
#77=CONICAL_SURFACE('',#5499,0.00155,0.785398163397448);
#78=CONICAL_SURFACE('',#5502,0.00055,0.785398163397447);
#79=CONICAL_SURFACE('',#5503,0.00155,0.785398163397448);
#80=CONICAL_SURFACE('',#5506,0.00155,0.78539816339745);
#81=CONICAL_SURFACE('',#5507,0.0005,0.785398163397448);
#82=CONICAL_SURFACE('',#5510,0.00155,0.785398163397449);
#83=CONICAL_SURFACE('',#5511,0.00055,0.785398163397449);
#84=CONICAL_SURFACE('',#5514,0.0005,0.785398163397448);
#85=CONICAL_SURFACE('',#5515,0.00155,0.785398163397449);
#86=CONICAL_SURFACE('',#5518,0.0005,0.785398163397448);
#87=CONICAL_SURFACE('',#5519,0.00155,0.785398163397449);
#88=CONICAL_SURFACE('',#5522,0.0005,0.785398163397448);
#89=CONICAL_SURFACE('',#5523,0.0005,0.78539816339745);
#90=CONICAL_SURFACE('',#5526,0.0005,0.785398163397448);
#91=CONICAL_SURFACE('',#5527,0.0005,0.785398163397448);
#92=CONICAL_SURFACE('',#5530,0.00155,0.785398163397448);
#93=CONICAL_SURFACE('',#5531,0.0005,0.785398163397448);
#94=CONICAL_SURFACE('',#5534,0.00155,0.78539816339745);
#95=CONICAL_SURFACE('',#5535,0.0005,0.785398163397448);
#96=CONICAL_SURFACE('',#5538,0.00155,0.785398163397448);
#97=CONICAL_SURFACE('',#5539,0.00155,0.785398163397449);
#98=CONICAL_SURFACE('',#5542,0.00105,0.785398163397448);
#99=CONICAL_SURFACE('',#5543,0.00105,0.785398163397449);
#100=CONICAL_SURFACE('',#5546,0.00155,0.785398163397448);
#101=CONICAL_SURFACE('',#5547,0.00155,0.785398163397446);
#102=CONICAL_SURFACE('',#5550,0.00105,0.785398163397448);
#103=CONICAL_SURFACE('',#5551,0.00105,0.785398163397448);
#104=CONICAL_SURFACE('',#5554,0.002,0.785398163397449);
#105=CONICAL_SURFACE('',#5555,0.002,0.785398163397448);
#106=CONICAL_SURFACE('',#5558,0.0015,0.785398163397448);
#107=CONICAL_SURFACE('',#5559,0.0015,0.785398163397449);
#108=CONICAL_SURFACE('',#5561,0.0028,0.785398163397448);
#109=CONICAL_SURFACE('',#5562,0.0028,0.785398163397448);
#110=PLANE('',#5032);
#111=PLANE('',#5036);
#112=PLANE('',#5037);
#113=PLANE('',#5038);
#114=PLANE('',#5039);
#115=PLANE('',#5040);
#116=PLANE('',#5041);
#117=PLANE('',#5042);
#118=PLANE('',#5043);
#119=PLANE('',#5044);
#120=PLANE('',#5045);
#121=PLANE('',#5046);
#122=PLANE('',#5047);
#123=PLANE('',#5048);
#124=PLANE('',#5049);
#125=PLANE('',#5050);
#126=PLANE('',#5051);
#127=PLANE('',#5052);
#128=PLANE('',#5053);
#129=PLANE('',#5054);
#130=PLANE('',#5055);
#131=PLANE('',#5056);
#132=PLANE('',#5057);
#133=PLANE('',#5058);
#134=PLANE('',#5059);
#135=PLANE('',#5060);
#136=PLANE('',#5061);
#137=PLANE('',#5062);
#138=PLANE('',#5063);
#139=PLANE('',#5064);
#140=PLANE('',#5065);
#141=PLANE('',#5066);
#142=PLANE('',#5067);
#143=PLANE('',#5068);
#144=PLANE('',#5069);
#145=PLANE('',#5070);
#146=PLANE('',#5071);
#147=PLANE('',#5072);
#148=PLANE('',#5073);
#149=PLANE('',#5074);
#150=PLANE('',#5078);
#151=PLANE('',#5085);
#152=PLANE('',#5089);
#153=PLANE('',#5144);
#154=PLANE('',#5145);
#155=PLANE('',#5146);
#156=PLANE('',#5147);
#157=PLANE('',#5196);
#158=PLANE('',#5373);
#159=PLANE('',#5376);
#160=PLANE('',#5377);
#161=PLANE('',#5380);
#162=PLANE('',#5381);
#163=PLANE('',#5384);
#164=PLANE('',#5385);
#165=PLANE('',#5388);
#166=PLANE('',#5389);
#167=PLANE('',#5392);
#168=PLANE('',#5393);
#169=PLANE('',#5396);
#170=PLANE('',#5397);
#171=PLANE('',#5401);
#172=PLANE('',#5402);
#173=PLANE('',#5405);
#174=PLANE('',#5406);
#175=PLANE('',#5410);
#176=PLANE('',#5411);
#177=PLANE('',#5414);
#178=PLANE('',#5415);
#179=PLANE('',#5418);
#180=PLANE('',#5419);
#181=PLANE('',#5422);
#182=PLANE('',#5423);
#183=PLANE('',#5426);
#184=PLANE('',#5427);
#185=PLANE('',#5430);
#186=PLANE('',#5431);
#187=PLANE('',#5434);
#188=PLANE('',#5435);
#189=PLANE('',#5438);
#190=PLANE('',#5439);
#191=PLANE('',#5442);
#192=PLANE('',#5443);
#193=PLANE('',#5446);
#194=PLANE('',#5447);
#195=PLANE('',#5450);
#196=PLANE('',#5451);
#197=PLANE('',#5454);
#198=PLANE('',#5455);
#199=PLANE('',#5458);
#200=PLANE('',#5459);
#201=PLANE('',#5462);
#202=PLANE('',#5463);
#203=PLANE('',#5466);
#204=PLANE('',#5467);
#205=PLANE('',#5470);
#206=PLANE('',#5471);
#207=PLANE('',#5474);
#208=PLANE('',#5475);
#209=PLANE('',#5478);
#210=PLANE('',#5479);
#211=PLANE('',#5483);
#212=PLANE('',#5484);
#213=PLANE('',#5487);
#214=PLANE('',#5488);
#215=PLANE('',#5492);
#216=PLANE('',#5493);
#217=PLANE('',#5496);
#218=PLANE('',#5497);
#219=PLANE('',#5500);
#220=PLANE('',#5501);
#221=PLANE('',#5504);
#222=PLANE('',#5505);
#223=PLANE('',#5508);
#224=PLANE('',#5509);
#225=PLANE('',#5512);
#226=PLANE('',#5513);
#227=PLANE('',#5516);
#228=PLANE('',#5517);
#229=PLANE('',#5520);
#230=PLANE('',#5521);
#231=PLANE('',#5524);
#232=PLANE('',#5525);
#233=PLANE('',#5528);
#234=PLANE('',#5529);
#235=PLANE('',#5532);
#236=PLANE('',#5533);
#237=PLANE('',#5536);
#238=PLANE('',#5537);
#239=PLANE('',#5540);
#240=PLANE('',#5541);
#241=PLANE('',#5544);
#242=PLANE('',#5545);
#243=PLANE('',#5548);
#244=PLANE('',#5549);
#245=PLANE('',#5552);
#246=PLANE('',#5553);
#247=PLANE('',#5556);
#248=PLANE('',#5557);
#249=PLANE('',#5560);
#250=CIRCLE('',#5030,0.0015);
#251=CIRCLE('',#5031,0.0015);
#252=CIRCLE('',#5034,0.0015);
#253=CIRCLE('',#5035,0.0015);
#254=CIRCLE('',#5076,0.00105);
#255=CIRCLE('',#5077,0.00105);
#256=CIRCLE('',#5080,0.00105);
#257=CIRCLE('',#5081,0.00105);
#258=CIRCLE('',#5083,0.00105);
#259=CIRCLE('',#5084,0.00105);
#260=CIRCLE('',#5087,0.00105);
#261=CIRCLE('',#5088,0.00105);
#262=CIRCLE('',#5091,0.0013);
#263=CIRCLE('',#5092,0.0013);
#264=CIRCLE('',#5094,0.0013);
#265=CIRCLE('',#5095,0.0013);
#266=CIRCLE('',#5097,0.0013);
#267=CIRCLE('',#5098,0.0013);
#268=CIRCLE('',#5100,0.0013);
#269=CIRCLE('',#5101,0.0013);
#270=CIRCLE('',#5103,0.00105);
#271=CIRCLE('',#5104,0.00105);
#272=CIRCLE('',#5106,0.00175);
#273=CIRCLE('',#5107,0.00175);
#274=CIRCLE('',#5109,0.00175);
#275=CIRCLE('',#5110,0.00175);
#276=CIRCLE('',#5112,0.00105);
#277=CIRCLE('',#5113,0.00105);
#278=CIRCLE('',#5115,0.00175);
#279=CIRCLE('',#5116,0.00175);
#280=CIRCLE('',#5118,0.00105);
#281=CIRCLE('',#5119,0.00105);
#282=CIRCLE('',#5121,0.00105);
#283=CIRCLE('',#5122,0.00105);
#284=CIRCLE('',#5124,0.00175);
#285=CIRCLE('',#5125,0.00175);
#286=CIRCLE('',#5127,0.002);
#287=CIRCLE('',#5128,0.002);
#288=CIRCLE('',#5130,0.002);
#289=CIRCLE('',#5131,0.002);
#290=CIRCLE('',#5133,0.002);
#291=CIRCLE('',#5134,0.002);
#292=CIRCLE('',#5136,0.002);
#293=CIRCLE('',#5137,0.002);
#294=CIRCLE('',#5139,0.002);
#295=CIRCLE('',#5140,0.002);
#296=CIRCLE('',#5142,0.002);
#297=CIRCLE('',#5143,0.002);
#298=CIRCLE('',#5148,0.0005);
#299=CIRCLE('',#5149,0.00155);
#300=CIRCLE('',#5150,0.00155);
#301=CIRCLE('',#5151,0.0005);
#302=CIRCLE('',#5152,0.0005);
#303=CIRCLE('',#5153,0.0005);
#304=CIRCLE('',#5154,0.0005);
#305=CIRCLE('',#5155,0.00155);
#306=CIRCLE('',#5156,0.00155);
#307=CIRCLE('',#5157,0.00055);
#308=CIRCLE('',#5158,0.0005);
#309=CIRCLE('',#5159,0.00155);
#310=CIRCLE('',#5160,0.00155);
#311=CIRCLE('',#5161,0.0005);
#312=CIRCLE('',#5162,0.0005);
#313=CIRCLE('',#5163,0.00155);
#314=CIRCLE('',#5164,0.00155);
#315=CIRCLE('',#5165,0.0005);
#316=CIRCLE('',#5166,0.0005);
#317=CIRCLE('',#5167,0.0005);
#318=CIRCLE('',#5168,0.0005);
#319=CIRCLE('',#5169,0.00155);
#320=CIRCLE('',#5170,0.00155);
#321=CIRCLE('',#5171,0.00155);
#322=CIRCLE('',#5172,0.00155);
#323=CIRCLE('',#5173,0.0005);
#324=CIRCLE('',#5174,0.0005);
#325=CIRCLE('',#5175,0.0005);
#326=CIRCLE('',#5176,0.0005);
#327=CIRCLE('',#5177,0.00155);
#328=CIRCLE('',#5178,0.00155);
#329=CIRCLE('',#5179,0.0005);
#330=CIRCLE('',#5180,0.0005);
#331=CIRCLE('',#5181,0.00155);
#332=CIRCLE('',#5182,0.00155);
#333=CIRCLE('',#5183,0.0005);
#334=CIRCLE('',#5184,0.00055);
#335=CIRCLE('',#5185,0.00155);
#336=CIRCLE('',#5186,0.00155);
#337=CIRCLE('',#5187,0.0005);
#338=CIRCLE('',#5188,0.0005);
#339=CIRCLE('',#5189,0.0005);
#340=CIRCLE('',#5190,0.00155);
#341=CIRCLE('',#5191,0.00155);
#342=CIRCLE('',#5192,0.00155);
#343=CIRCLE('',#5193,0.00155);
#344=CIRCLE('',#5194,0.002);
#345=CIRCLE('',#5195,0.002);
#346=CIRCLE('',#5197,0.0028);
#347=CIRCLE('',#5198,0.0028);
#348=CIRCLE('',#5199,0.00155);
#349=CIRCLE('',#5200,0.0005);
#350=CIRCLE('',#5201,0.0005);
#351=CIRCLE('',#5202,0.0005);
#352=CIRCLE('',#5203,0.0005);
#353=CIRCLE('',#5204,0.00155);
#354=CIRCLE('',#5205,0.00155);
#355=CIRCLE('',#5206,0.00055);
#356=CIRCLE('',#5207,0.0005);
#357=CIRCLE('',#5208,0.00155);
#358=CIRCLE('',#5209,0.00155);
#359=CIRCLE('',#5210,0.0005);
#360=CIRCLE('',#5211,0.0005);
#361=CIRCLE('',#5212,0.00155);
#362=CIRCLE('',#5213,0.00155);
#363=CIRCLE('',#5214,0.0005);
#364=CIRCLE('',#5215,0.0005);
#365=CIRCLE('',#5216,0.0005);
#366=CIRCLE('',#5217,0.0005);
#367=CIRCLE('',#5218,0.00155);
#368=CIRCLE('',#5219,0.00155);
#369=CIRCLE('',#5220,0.00155);
#370=CIRCLE('',#5221,0.00155);
#371=CIRCLE('',#5222,0.0005);
#372=CIRCLE('',#5223,0.0005);
#373=CIRCLE('',#5224,0.0005);
#374=CIRCLE('',#5225,0.0005);
#375=CIRCLE('',#5226,0.00155);
#376=CIRCLE('',#5227,0.00155);
#377=CIRCLE('',#5228,0.0005);
#378=CIRCLE('',#5229,0.0005);
#379=CIRCLE('',#5230,0.00155);
#380=CIRCLE('',#5231,0.00155);
#381=CIRCLE('',#5232,0.0005);
#382=CIRCLE('',#5233,0.00055);
#383=CIRCLE('',#5234,0.00155);
#384=CIRCLE('',#5235,0.00155);
#385=CIRCLE('',#5236,0.0005);
#386=CIRCLE('',#5237,0.0005);
#387=CIRCLE('',#5238,0.0005);
#388=CIRCLE('',#5239,0.0005);
#389=CIRCLE('',#5240,0.00155);
#390=CIRCLE('',#5241,0.00155);
#391=CIRCLE('',#5242,0.00155);
#392=CIRCLE('',#5243,0.00155);
#393=CIRCLE('',#5244,0.00155);
#394=CIRCLE('',#5245,0.002);
#395=CIRCLE('',#5246,0.002);
#396=CIRCLE('',#5248,0.00105);
#397=CIRCLE('',#5249,0.00105);
#398=CIRCLE('',#5251,0.00105);
#399=CIRCLE('',#5252,0.00105);
#400=CIRCLE('',#5254,0.00105);
#401=CIRCLE('',#5255,0.00105);
#402=CIRCLE('',#5257,0.00105);
#403=CIRCLE('',#5258,0.00105);
#404=CIRCLE('',#5260,0.00105);
#405=CIRCLE('',#5261,0.00105);
#406=CIRCLE('',#5263,0.00105);
#407=CIRCLE('',#5264,0.00105);
#408=CIRCLE('',#5266,0.00105);
#409=CIRCLE('',#5267,0.00105);
#410=CIRCLE('',#5269,0.00105);
#411=CIRCLE('',#5270,0.00105);
#412=CIRCLE('',#5272,0.00105);
#413=CIRCLE('',#5273,0.00105);
#414=CIRCLE('',#5275,0.00105);
#415=CIRCLE('',#5276,0.00105);
#416=CIRCLE('',#5278,0.00105);
#417=CIRCLE('',#5279,0.00105);
#418=CIRCLE('',#5281,0.00105);
#419=CIRCLE('',#5282,0.00105);
#420=CIRCLE('',#5284,0.00105);
#421=CIRCLE('',#5285,0.00105);
#422=CIRCLE('',#5287,0.00105);
#423=CIRCLE('',#5288,0.00105);
#424=CIRCLE('',#5290,0.00105);
#425=CIRCLE('',#5291,0.00105);
#426=CIRCLE('',#5293,0.00105);
#427=CIRCLE('',#5294,0.00105);
#428=CIRCLE('',#5296,0.00105);
#429=CIRCLE('',#5297,0.00105);
#430=CIRCLE('',#5299,0.00105);
#431=CIRCLE('',#5300,0.00105);
#432=CIRCLE('',#5302,0.00105);
#433=CIRCLE('',#5303,0.00105);
#434=CIRCLE('',#5305,0.00105);
#435=CIRCLE('',#5306,0.00105);
#436=CIRCLE('',#5308,0.001);
#437=CIRCLE('',#5309,0.001);
#438=CIRCLE('',#5311,0.001);
#439=CIRCLE('',#5312,0.001);
#440=CIRCLE('',#5314,0.001);
#441=CIRCLE('',#5315,0.001);
#442=CIRCLE('',#5317,0.001);
#443=CIRCLE('',#5318,0.001);
#444=CIRCLE('',#5320,0.001);
#445=CIRCLE('',#5321,0.001);
#446=CIRCLE('',#5323,0.001);
#447=CIRCLE('',#5324,0.001);
#448=CIRCLE('',#5326,0.001);
#449=CIRCLE('',#5327,0.001);
#450=CIRCLE('',#5329,0.001);
#451=CIRCLE('',#5330,0.001);
#452=CIRCLE('',#5332,0.001);
#453=CIRCLE('',#5333,0.001);
#454=CIRCLE('',#5335,0.001);
#455=CIRCLE('',#5336,0.001);
#456=CIRCLE('',#5338,0.001);
#457=CIRCLE('',#5339,0.001);
#458=CIRCLE('',#5341,0.001);
#459=CIRCLE('',#5342,0.001);
#460=CIRCLE('',#5344,0.001);
#461=CIRCLE('',#5345,0.001);
#462=CIRCLE('',#5347,0.001);
#463=CIRCLE('',#5348,0.001);
#464=CIRCLE('',#5350,0.001);
#465=CIRCLE('',#5351,0.001);
#466=CIRCLE('',#5353,0.001);
#467=CIRCLE('',#5354,0.001);
#468=CIRCLE('',#5356,0.001);
#469=CIRCLE('',#5357,0.001);
#470=CIRCLE('',#5359,0.001);
#471=CIRCLE('',#5360,0.001);
#472=CIRCLE('',#5362,0.001);
#473=CIRCLE('',#5363,0.001);
#474=CIRCLE('',#5365,0.001);
#475=CIRCLE('',#5366,0.001);
#476=CIRCLE('',#5368,0.001);
#477=CIRCLE('',#5369,0.001);
#478=CIRCLE('',#5371,0.001);
#479=CIRCLE('',#5372,0.001);
#480=ORIENTED_EDGE('',*,*,#1872,.F.);
#481=ORIENTED_EDGE('',*,*,#1873,.T.);
#482=ORIENTED_EDGE('',*,*,#1874,.T.);
#483=ORIENTED_EDGE('',*,*,#1875,.T.);
#484=ORIENTED_EDGE('',*,*,#1876,.F.);
#485=ORIENTED_EDGE('',*,*,#1877,.T.);
#486=ORIENTED_EDGE('',*,*,#1872,.T.);
#487=ORIENTED_EDGE('',*,*,#1878,.T.);
#488=ORIENTED_EDGE('',*,*,#1879,.F.);
#489=ORIENTED_EDGE('',*,*,#1880,.T.);
#490=ORIENTED_EDGE('',*,*,#1876,.T.);
#491=ORIENTED_EDGE('',*,*,#1881,.T.);
#492=ORIENTED_EDGE('',*,*,#1882,.T.);
#493=ORIENTED_EDGE('',*,*,#1883,.T.);
#494=ORIENTED_EDGE('',*,*,#1884,.T.);
#495=ORIENTED_EDGE('',*,*,#1885,.T.);
#496=ORIENTED_EDGE('',*,*,#1886,.T.);
#497=ORIENTED_EDGE('',*,*,#1887,.T.);
#498=ORIENTED_EDGE('',*,*,#1888,.T.);
#499=ORIENTED_EDGE('',*,*,#1889,.T.);
#500=ORIENTED_EDGE('',*,*,#1890,.T.);
#501=ORIENTED_EDGE('',*,*,#1891,.T.);
#502=ORIENTED_EDGE('',*,*,#1892,.T.);
#503=ORIENTED_EDGE('',*,*,#1893,.T.);
#504=ORIENTED_EDGE('',*,*,#1894,.T.);
#505=ORIENTED_EDGE('',*,*,#1895,.T.);
#506=ORIENTED_EDGE('',*,*,#1896,.T.);
#507=ORIENTED_EDGE('',*,*,#1897,.T.);
#508=ORIENTED_EDGE('',*,*,#1898,.T.);
#509=ORIENTED_EDGE('',*,*,#1899,.T.);
#510=ORIENTED_EDGE('',*,*,#1900,.T.);
#511=ORIENTED_EDGE('',*,*,#1901,.T.);
#512=ORIENTED_EDGE('',*,*,#1902,.T.);
#513=ORIENTED_EDGE('',*,*,#1903,.T.);
#514=ORIENTED_EDGE('',*,*,#1904,.T.);
#515=ORIENTED_EDGE('',*,*,#1905,.T.);
#516=ORIENTED_EDGE('',*,*,#1906,.T.);
#517=ORIENTED_EDGE('',*,*,#1907,.T.);
#518=ORIENTED_EDGE('',*,*,#1908,.T.);
#519=ORIENTED_EDGE('',*,*,#1909,.T.);
#520=ORIENTED_EDGE('',*,*,#1910,.T.);
#521=ORIENTED_EDGE('',*,*,#1911,.T.);
#522=ORIENTED_EDGE('',*,*,#1912,.T.);
#523=ORIENTED_EDGE('',*,*,#1913,.T.);
#524=ORIENTED_EDGE('',*,*,#1914,.T.);
#525=ORIENTED_EDGE('',*,*,#1915,.T.);
#526=ORIENTED_EDGE('',*,*,#1916,.T.);
#527=ORIENTED_EDGE('',*,*,#1917,.T.);
#528=ORIENTED_EDGE('',*,*,#1918,.T.);
#529=ORIENTED_EDGE('',*,*,#1919,.T.);
#530=ORIENTED_EDGE('',*,*,#1920,.T.);
#531=ORIENTED_EDGE('',*,*,#1921,.T.);
#532=ORIENTED_EDGE('',*,*,#1922,.T.);
#533=ORIENTED_EDGE('',*,*,#1923,.T.);
#534=ORIENTED_EDGE('',*,*,#1924,.T.);
#535=ORIENTED_EDGE('',*,*,#1925,.T.);
#536=ORIENTED_EDGE('',*,*,#1926,.T.);
#537=ORIENTED_EDGE('',*,*,#1927,.T.);
#538=ORIENTED_EDGE('',*,*,#1928,.T.);
#539=ORIENTED_EDGE('',*,*,#1929,.T.);
#540=ORIENTED_EDGE('',*,*,#1930,.T.);
#541=ORIENTED_EDGE('',*,*,#1931,.T.);
#542=ORIENTED_EDGE('',*,*,#1932,.T.);
#543=ORIENTED_EDGE('',*,*,#1933,.T.);
#544=ORIENTED_EDGE('',*,*,#1934,.T.);
#545=ORIENTED_EDGE('',*,*,#1935,.T.);
#546=ORIENTED_EDGE('',*,*,#1936,.T.);
#547=ORIENTED_EDGE('',*,*,#1937,.T.);
#548=ORIENTED_EDGE('',*,*,#1938,.T.);
#549=ORIENTED_EDGE('',*,*,#1939,.T.);
#550=ORIENTED_EDGE('',*,*,#1940,.T.);
#551=ORIENTED_EDGE('',*,*,#1941,.T.);
#552=ORIENTED_EDGE('',*,*,#1942,.T.);
#553=ORIENTED_EDGE('',*,*,#1943,.T.);
#554=ORIENTED_EDGE('',*,*,#1944,.T.);
#555=ORIENTED_EDGE('',*,*,#1945,.T.);
#556=ORIENTED_EDGE('',*,*,#1946,.T.);
#557=ORIENTED_EDGE('',*,*,#1947,.T.);
#558=ORIENTED_EDGE('',*,*,#1948,.T.);
#559=ORIENTED_EDGE('',*,*,#1949,.T.);
#560=ORIENTED_EDGE('',*,*,#1950,.T.);
#561=ORIENTED_EDGE('',*,*,#1951,.T.);
#562=ORIENTED_EDGE('',*,*,#1952,.T.);
#563=ORIENTED_EDGE('',*,*,#1953,.T.);
#564=ORIENTED_EDGE('',*,*,#1954,.T.);
#565=ORIENTED_EDGE('',*,*,#1955,.T.);
#566=ORIENTED_EDGE('',*,*,#1956,.T.);
#567=ORIENTED_EDGE('',*,*,#1957,.T.);
#568=ORIENTED_EDGE('',*,*,#1958,.T.);
#569=ORIENTED_EDGE('',*,*,#1959,.T.);
#570=ORIENTED_EDGE('',*,*,#1960,.T.);
#571=ORIENTED_EDGE('',*,*,#1961,.T.);
#572=ORIENTED_EDGE('',*,*,#1962,.T.);
#573=ORIENTED_EDGE('',*,*,#1963,.T.);
#574=ORIENTED_EDGE('',*,*,#1964,.T.);
#575=ORIENTED_EDGE('',*,*,#1965,.T.);
#576=ORIENTED_EDGE('',*,*,#1966,.T.);
#577=ORIENTED_EDGE('',*,*,#1967,.T.);
#578=ORIENTED_EDGE('',*,*,#1968,.T.);
#579=ORIENTED_EDGE('',*,*,#1969,.T.);
#580=ORIENTED_EDGE('',*,*,#1970,.T.);
#581=ORIENTED_EDGE('',*,*,#1971,.T.);
#582=ORIENTED_EDGE('',*,*,#1972,.T.);
#583=ORIENTED_EDGE('',*,*,#1973,.T.);
#584=ORIENTED_EDGE('',*,*,#1974,.T.);
#585=ORIENTED_EDGE('',*,*,#1975,.T.);
#586=ORIENTED_EDGE('',*,*,#1976,.T.);
#587=ORIENTED_EDGE('',*,*,#1977,.T.);
#588=ORIENTED_EDGE('',*,*,#1978,.T.);
#589=ORIENTED_EDGE('',*,*,#1979,.T.);
#590=ORIENTED_EDGE('',*,*,#1980,.T.);
#591=ORIENTED_EDGE('',*,*,#1981,.T.);
#592=ORIENTED_EDGE('',*,*,#1982,.T.);
#593=ORIENTED_EDGE('',*,*,#1983,.T.);
#594=ORIENTED_EDGE('',*,*,#1984,.T.);
#595=ORIENTED_EDGE('',*,*,#1985,.T.);
#596=ORIENTED_EDGE('',*,*,#1986,.T.);
#597=ORIENTED_EDGE('',*,*,#1987,.T.);
#598=ORIENTED_EDGE('',*,*,#1988,.T.);
#599=ORIENTED_EDGE('',*,*,#1989,.T.);
#600=ORIENTED_EDGE('',*,*,#1990,.T.);
#601=ORIENTED_EDGE('',*,*,#1991,.T.);
#602=ORIENTED_EDGE('',*,*,#1992,.T.);
#603=ORIENTED_EDGE('',*,*,#1993,.T.);
#604=ORIENTED_EDGE('',*,*,#1994,.T.);
#605=ORIENTED_EDGE('',*,*,#1995,.T.);
#606=ORIENTED_EDGE('',*,*,#1996,.T.);
#607=ORIENTED_EDGE('',*,*,#1997,.T.);
#608=ORIENTED_EDGE('',*,*,#1998,.T.);
#609=ORIENTED_EDGE('',*,*,#1999,.T.);
#610=ORIENTED_EDGE('',*,*,#2000,.T.);
#611=ORIENTED_EDGE('',*,*,#2001,.T.);
#612=ORIENTED_EDGE('',*,*,#2002,.T.);
#613=ORIENTED_EDGE('',*,*,#2003,.T.);
#614=ORIENTED_EDGE('',*,*,#2004,.T.);
#615=ORIENTED_EDGE('',*,*,#2005,.T.);
#616=ORIENTED_EDGE('',*,*,#2006,.T.);
#617=ORIENTED_EDGE('',*,*,#2007,.T.);
#618=ORIENTED_EDGE('',*,*,#2008,.T.);
#619=ORIENTED_EDGE('',*,*,#2009,.T.);
#620=ORIENTED_EDGE('',*,*,#2010,.T.);
#621=ORIENTED_EDGE('',*,*,#2011,.T.);
#622=ORIENTED_EDGE('',*,*,#2012,.T.);
#623=ORIENTED_EDGE('',*,*,#2013,.T.);
#624=ORIENTED_EDGE('',*,*,#2014,.T.);
#625=ORIENTED_EDGE('',*,*,#2015,.T.);
#626=ORIENTED_EDGE('',*,*,#2016,.T.);
#627=ORIENTED_EDGE('',*,*,#2017,.T.);
#628=ORIENTED_EDGE('',*,*,#2018,.T.);
#629=ORIENTED_EDGE('',*,*,#2019,.T.);
#630=ORIENTED_EDGE('',*,*,#2020,.T.);
#631=ORIENTED_EDGE('',*,*,#2021,.T.);
#632=ORIENTED_EDGE('',*,*,#2022,.T.);
#633=ORIENTED_EDGE('',*,*,#2023,.T.);
#634=ORIENTED_EDGE('',*,*,#2024,.T.);
#635=ORIENTED_EDGE('',*,*,#2025,.T.);
#636=ORIENTED_EDGE('',*,*,#2026,.T.);
#637=ORIENTED_EDGE('',*,*,#2027,.T.);
#638=ORIENTED_EDGE('',*,*,#2028,.T.);
#639=ORIENTED_EDGE('',*,*,#2029,.T.);
#640=ORIENTED_EDGE('',*,*,#2030,.T.);
#641=ORIENTED_EDGE('',*,*,#2031,.T.);
#642=ORIENTED_EDGE('',*,*,#2032,.T.);
#643=ORIENTED_EDGE('',*,*,#2033,.T.);
#644=ORIENTED_EDGE('',*,*,#2034,.T.);
#645=ORIENTED_EDGE('',*,*,#2035,.T.);
#646=ORIENTED_EDGE('',*,*,#2036,.T.);
#647=ORIENTED_EDGE('',*,*,#2037,.T.);
#648=ORIENTED_EDGE('',*,*,#2038,.F.);
#649=ORIENTED_EDGE('',*,*,#2039,.T.);
#650=ORIENTED_EDGE('',*,*,#2040,.T.);
#651=ORIENTED_EDGE('',*,*,#2041,.T.);
#652=ORIENTED_EDGE('',*,*,#2042,.F.);
#653=ORIENTED_EDGE('',*,*,#2043,.T.);
#654=ORIENTED_EDGE('',*,*,#2038,.T.);
#655=ORIENTED_EDGE('',*,*,#2044,.T.);
#656=ORIENTED_EDGE('',*,*,#2045,.F.);
#657=ORIENTED_EDGE('',*,*,#2046,.T.);
#658=ORIENTED_EDGE('',*,*,#2042,.T.);
#659=ORIENTED_EDGE('',*,*,#2047,.T.);
#660=ORIENTED_EDGE('',*,*,#2048,.F.);
#661=ORIENTED_EDGE('',*,*,#2049,.T.);
#662=ORIENTED_EDGE('',*,*,#2050,.T.);
#663=ORIENTED_EDGE('',*,*,#2051,.T.);
#664=ORIENTED_EDGE('',*,*,#2052,.F.);
#665=ORIENTED_EDGE('',*,*,#2053,.T.);
#666=ORIENTED_EDGE('',*,*,#2048,.T.);
#667=ORIENTED_EDGE('',*,*,#2054,.T.);
#668=ORIENTED_EDGE('',*,*,#2055,.F.);
#669=ORIENTED_EDGE('',*,*,#2056,.T.);
#670=ORIENTED_EDGE('',*,*,#2052,.T.);
#671=ORIENTED_EDGE('',*,*,#2057,.T.);
#672=ORIENTED_EDGE('',*,*,#2058,.T.);
#673=ORIENTED_EDGE('',*,*,#2059,.T.);
#674=ORIENTED_EDGE('',*,*,#2060,.T.);
#675=ORIENTED_EDGE('',*,*,#2061,.T.);
#676=ORIENTED_EDGE('',*,*,#2062,.T.);
#677=ORIENTED_EDGE('',*,*,#2063,.F.);
#678=ORIENTED_EDGE('',*,*,#2064,.T.);
#679=ORIENTED_EDGE('',*,*,#2065,.F.);
#680=ORIENTED_EDGE('',*,*,#2066,.T.);
#681=ORIENTED_EDGE('',*,*,#2067,.T.);
#682=ORIENTED_EDGE('',*,*,#2068,.T.);
#683=ORIENTED_EDGE('',*,*,#2069,.T.);
#684=ORIENTED_EDGE('',*,*,#2070,.T.);
#685=ORIENTED_EDGE('',*,*,#2071,.F.);
#686=ORIENTED_EDGE('',*,*,#2072,.T.);
#687=ORIENTED_EDGE('',*,*,#2073,.F.);
#688=ORIENTED_EDGE('',*,*,#2074,.T.);
#689=ORIENTED_EDGE('',*,*,#2075,.F.);
#690=ORIENTED_EDGE('',*,*,#2076,.T.);
#691=ORIENTED_EDGE('',*,*,#2077,.F.);
#692=ORIENTED_EDGE('',*,*,#2078,.T.);
#693=ORIENTED_EDGE('',*,*,#2079,.F.);
#694=ORIENTED_EDGE('',*,*,#2080,.T.);
#695=ORIENTED_EDGE('',*,*,#2081,.F.);
#696=ORIENTED_EDGE('',*,*,#2082,.T.);
#697=ORIENTED_EDGE('',*,*,#2083,.F.);
#698=ORIENTED_EDGE('',*,*,#2084,.T.);
#699=ORIENTED_EDGE('',*,*,#2085,.F.);
#700=ORIENTED_EDGE('',*,*,#2086,.T.);
#701=ORIENTED_EDGE('',*,*,#2087,.F.);
#702=ORIENTED_EDGE('',*,*,#2088,.T.);
#703=ORIENTED_EDGE('',*,*,#2089,.F.);
#704=ORIENTED_EDGE('',*,*,#2090,.T.);
#705=ORIENTED_EDGE('',*,*,#2091,.F.);
#706=ORIENTED_EDGE('',*,*,#2092,.T.);
#707=ORIENTED_EDGE('',*,*,#2093,.F.);
#708=ORIENTED_EDGE('',*,*,#2094,.T.);
#709=ORIENTED_EDGE('',*,*,#2095,.F.);
#710=ORIENTED_EDGE('',*,*,#2096,.T.);
#711=ORIENTED_EDGE('',*,*,#2097,.F.);
#712=ORIENTED_EDGE('',*,*,#2040,.F.);
#713=ORIENTED_EDGE('',*,*,#2098,.T.);
#714=ORIENTED_EDGE('',*,*,#2045,.T.);
#715=ORIENTED_EDGE('',*,*,#2099,.T.);
#716=ORIENTED_EDGE('',*,*,#2050,.F.);
#717=ORIENTED_EDGE('',*,*,#2100,.T.);
#718=ORIENTED_EDGE('',*,*,#2055,.T.);
#719=ORIENTED_EDGE('',*,*,#2101,.T.);
#720=ORIENTED_EDGE('',*,*,#1874,.F.);
#721=ORIENTED_EDGE('',*,*,#2102,.T.);
#722=ORIENTED_EDGE('',*,*,#1879,.T.);
#723=ORIENTED_EDGE('',*,*,#2103,.T.);
#724=ORIENTED_EDGE('',*,*,#2104,.T.);
#725=ORIENTED_EDGE('',*,*,#2105,.T.);
#726=ORIENTED_EDGE('',*,*,#2106,.T.);
#727=ORIENTED_EDGE('',*,*,#2107,.T.);
#728=ORIENTED_EDGE('',*,*,#2108,.T.);
#729=ORIENTED_EDGE('',*,*,#2109,.T.);
#730=ORIENTED_EDGE('',*,*,#2110,.T.);
#731=ORIENTED_EDGE('',*,*,#2111,.T.);
#732=ORIENTED_EDGE('',*,*,#2112,.T.);
#733=ORIENTED_EDGE('',*,*,#2113,.T.);
#734=ORIENTED_EDGE('',*,*,#2114,.T.);
#735=ORIENTED_EDGE('',*,*,#2115,.T.);
#736=ORIENTED_EDGE('',*,*,#2116,.T.);
#737=ORIENTED_EDGE('',*,*,#2117,.T.);
#738=ORIENTED_EDGE('',*,*,#2118,.T.);
#739=ORIENTED_EDGE('',*,*,#2119,.T.);
#740=ORIENTED_EDGE('',*,*,#2120,.T.);
#741=ORIENTED_EDGE('',*,*,#2121,.T.);
#742=ORIENTED_EDGE('',*,*,#2122,.T.);
#743=ORIENTED_EDGE('',*,*,#2123,.T.);
#744=ORIENTED_EDGE('',*,*,#2124,.T.);
#745=ORIENTED_EDGE('',*,*,#2125,.T.);
#746=ORIENTED_EDGE('',*,*,#2126,.T.);
#747=ORIENTED_EDGE('',*,*,#2127,.T.);
#748=ORIENTED_EDGE('',*,*,#2128,.T.);
#749=ORIENTED_EDGE('',*,*,#2129,.T.);
#750=ORIENTED_EDGE('',*,*,#2130,.T.);
#751=ORIENTED_EDGE('',*,*,#2131,.T.);
#752=ORIENTED_EDGE('',*,*,#2132,.T.);
#753=ORIENTED_EDGE('',*,*,#2133,.T.);
#754=ORIENTED_EDGE('',*,*,#2134,.T.);
#755=ORIENTED_EDGE('',*,*,#2135,.T.);
#756=ORIENTED_EDGE('',*,*,#2136,.T.);
#757=ORIENTED_EDGE('',*,*,#2137,.T.);
#758=ORIENTED_EDGE('',*,*,#2138,.T.);
#759=ORIENTED_EDGE('',*,*,#2139,.T.);
#760=ORIENTED_EDGE('',*,*,#2140,.T.);
#761=ORIENTED_EDGE('',*,*,#2141,.T.);
#762=ORIENTED_EDGE('',*,*,#2142,.T.);
#763=ORIENTED_EDGE('',*,*,#2143,.T.);
#764=ORIENTED_EDGE('',*,*,#2144,.T.);
#765=ORIENTED_EDGE('',*,*,#2145,.T.);
#766=ORIENTED_EDGE('',*,*,#2146,.T.);
#767=ORIENTED_EDGE('',*,*,#2147,.T.);
#768=ORIENTED_EDGE('',*,*,#2148,.T.);
#769=ORIENTED_EDGE('',*,*,#2149,.T.);
#770=ORIENTED_EDGE('',*,*,#2150,.T.);
#771=ORIENTED_EDGE('',*,*,#2151,.T.);
#772=ORIENTED_EDGE('',*,*,#2152,.T.);
#773=ORIENTED_EDGE('',*,*,#2153,.T.);
#774=ORIENTED_EDGE('',*,*,#2154,.T.);
#775=ORIENTED_EDGE('',*,*,#2155,.T.);
#776=ORIENTED_EDGE('',*,*,#2156,.T.);
#777=ORIENTED_EDGE('',*,*,#2157,.T.);
#778=ORIENTED_EDGE('',*,*,#2158,.T.);
#779=ORIENTED_EDGE('',*,*,#2159,.T.);
#780=ORIENTED_EDGE('',*,*,#2160,.T.);
#781=ORIENTED_EDGE('',*,*,#2161,.T.);
#782=ORIENTED_EDGE('',*,*,#2162,.T.);
#783=ORIENTED_EDGE('',*,*,#2163,.T.);
#784=ORIENTED_EDGE('',*,*,#2164,.T.);
#785=ORIENTED_EDGE('',*,*,#2165,.T.);
#786=ORIENTED_EDGE('',*,*,#2166,.T.);
#787=ORIENTED_EDGE('',*,*,#2167,.T.);
#788=ORIENTED_EDGE('',*,*,#2168,.T.);
#789=ORIENTED_EDGE('',*,*,#2169,.T.);
#790=ORIENTED_EDGE('',*,*,#2170,.T.);
#791=ORIENTED_EDGE('',*,*,#2171,.T.);
#792=ORIENTED_EDGE('',*,*,#2172,.T.);
#793=ORIENTED_EDGE('',*,*,#2173,.T.);
#794=ORIENTED_EDGE('',*,*,#2174,.T.);
#795=ORIENTED_EDGE('',*,*,#2175,.T.);
#796=ORIENTED_EDGE('',*,*,#2176,.T.);
#797=ORIENTED_EDGE('',*,*,#2177,.T.);
#798=ORIENTED_EDGE('',*,*,#2178,.T.);
#799=ORIENTED_EDGE('',*,*,#2179,.T.);
#800=ORIENTED_EDGE('',*,*,#2180,.T.);
#801=ORIENTED_EDGE('',*,*,#2181,.T.);
#802=ORIENTED_EDGE('',*,*,#2182,.T.);
#803=ORIENTED_EDGE('',*,*,#2183,.T.);
#804=ORIENTED_EDGE('',*,*,#2184,.T.);
#805=ORIENTED_EDGE('',*,*,#2185,.T.);
#806=ORIENTED_EDGE('',*,*,#2186,.T.);
#807=ORIENTED_EDGE('',*,*,#2187,.T.);
#808=ORIENTED_EDGE('',*,*,#2188,.T.);
#809=ORIENTED_EDGE('',*,*,#2189,.T.);
#810=ORIENTED_EDGE('',*,*,#2190,.T.);
#811=ORIENTED_EDGE('',*,*,#2191,.T.);
#812=ORIENTED_EDGE('',*,*,#2192,.T.);
#813=ORIENTED_EDGE('',*,*,#2193,.T.);
#814=ORIENTED_EDGE('',*,*,#2194,.T.);
#815=ORIENTED_EDGE('',*,*,#2195,.T.);
#816=ORIENTED_EDGE('',*,*,#2196,.T.);
#817=ORIENTED_EDGE('',*,*,#2197,.T.);
#818=ORIENTED_EDGE('',*,*,#2096,.F.);
#819=ORIENTED_EDGE('',*,*,#2094,.F.);
#820=ORIENTED_EDGE('',*,*,#2092,.F.);
#821=ORIENTED_EDGE('',*,*,#2090,.F.);
#822=ORIENTED_EDGE('',*,*,#2088,.F.);
#823=ORIENTED_EDGE('',*,*,#2086,.F.);
#824=ORIENTED_EDGE('',*,*,#2084,.F.);
#825=ORIENTED_EDGE('',*,*,#2082,.F.);
#826=ORIENTED_EDGE('',*,*,#2080,.F.);
#827=ORIENTED_EDGE('',*,*,#2078,.F.);
#828=ORIENTED_EDGE('',*,*,#2076,.F.);
#829=ORIENTED_EDGE('',*,*,#2074,.F.);
#830=ORIENTED_EDGE('',*,*,#2072,.F.);
#831=ORIENTED_EDGE('',*,*,#2070,.F.);
#832=ORIENTED_EDGE('',*,*,#2069,.F.);
#833=ORIENTED_EDGE('',*,*,#2067,.F.);
#834=ORIENTED_EDGE('',*,*,#2064,.F.);
#835=ORIENTED_EDGE('',*,*,#2062,.F.);
#836=ORIENTED_EDGE('',*,*,#2198,.T.);
#837=ORIENTED_EDGE('',*,*,#2199,.T.);
#838=ORIENTED_EDGE('',*,*,#2200,.T.);
#839=ORIENTED_EDGE('',*,*,#2201,.T.);
#840=ORIENTED_EDGE('',*,*,#2202,.T.);
#841=ORIENTED_EDGE('',*,*,#2203,.T.);
#842=ORIENTED_EDGE('',*,*,#2204,.T.);
#843=ORIENTED_EDGE('',*,*,#2205,.T.);
#844=ORIENTED_EDGE('',*,*,#2206,.T.);
#845=ORIENTED_EDGE('',*,*,#2207,.T.);
#846=ORIENTED_EDGE('',*,*,#2208,.T.);
#847=ORIENTED_EDGE('',*,*,#2209,.T.);
#848=ORIENTED_EDGE('',*,*,#2210,.T.);
#849=ORIENTED_EDGE('',*,*,#2211,.T.);
#850=ORIENTED_EDGE('',*,*,#2212,.T.);
#851=ORIENTED_EDGE('',*,*,#2213,.T.);
#852=ORIENTED_EDGE('',*,*,#2214,.T.);
#853=ORIENTED_EDGE('',*,*,#2215,.T.);
#854=ORIENTED_EDGE('',*,*,#2216,.T.);
#855=ORIENTED_EDGE('',*,*,#2217,.T.);
#856=ORIENTED_EDGE('',*,*,#2218,.T.);
#857=ORIENTED_EDGE('',*,*,#2219,.T.);
#858=ORIENTED_EDGE('',*,*,#2220,.T.);
#859=ORIENTED_EDGE('',*,*,#2221,.T.);
#860=ORIENTED_EDGE('',*,*,#2222,.T.);
#861=ORIENTED_EDGE('',*,*,#2223,.T.);
#862=ORIENTED_EDGE('',*,*,#2224,.T.);
#863=ORIENTED_EDGE('',*,*,#2225,.T.);
#864=ORIENTED_EDGE('',*,*,#2226,.T.);
#865=ORIENTED_EDGE('',*,*,#2227,.T.);
#866=ORIENTED_EDGE('',*,*,#2228,.T.);
#867=ORIENTED_EDGE('',*,*,#2229,.T.);
#868=ORIENTED_EDGE('',*,*,#2230,.T.);
#869=ORIENTED_EDGE('',*,*,#2231,.T.);
#870=ORIENTED_EDGE('',*,*,#2232,.T.);
#871=ORIENTED_EDGE('',*,*,#2233,.T.);
#872=ORIENTED_EDGE('',*,*,#2234,.T.);
#873=ORIENTED_EDGE('',*,*,#2235,.T.);
#874=ORIENTED_EDGE('',*,*,#2236,.T.);
#875=ORIENTED_EDGE('',*,*,#2237,.T.);
#876=ORIENTED_EDGE('',*,*,#2238,.T.);
#877=ORIENTED_EDGE('',*,*,#2239,.T.);
#878=ORIENTED_EDGE('',*,*,#2240,.T.);
#879=ORIENTED_EDGE('',*,*,#2241,.T.);
#880=ORIENTED_EDGE('',*,*,#2242,.T.);
#881=ORIENTED_EDGE('',*,*,#2243,.T.);
#882=ORIENTED_EDGE('',*,*,#2244,.T.);
#883=ORIENTED_EDGE('',*,*,#2245,.T.);
#884=ORIENTED_EDGE('',*,*,#2246,.T.);
#885=ORIENTED_EDGE('',*,*,#2247,.T.);
#886=ORIENTED_EDGE('',*,*,#2248,.T.);
#887=ORIENTED_EDGE('',*,*,#2249,.T.);
#888=ORIENTED_EDGE('',*,*,#2250,.T.);
#889=ORIENTED_EDGE('',*,*,#2251,.T.);
#890=ORIENTED_EDGE('',*,*,#2252,.T.);
#891=ORIENTED_EDGE('',*,*,#2253,.T.);
#892=ORIENTED_EDGE('',*,*,#2254,.T.);
#893=ORIENTED_EDGE('',*,*,#2255,.T.);
#894=ORIENTED_EDGE('',*,*,#2256,.T.);
#895=ORIENTED_EDGE('',*,*,#2257,.T.);
#896=ORIENTED_EDGE('',*,*,#2258,.T.);
#897=ORIENTED_EDGE('',*,*,#2259,.T.);
#898=ORIENTED_EDGE('',*,*,#2260,.T.);
#899=ORIENTED_EDGE('',*,*,#2261,.T.);
#900=ORIENTED_EDGE('',*,*,#2262,.T.);
#901=ORIENTED_EDGE('',*,*,#2263,.T.);
#902=ORIENTED_EDGE('',*,*,#2264,.T.);
#903=ORIENTED_EDGE('',*,*,#2265,.T.);
#904=ORIENTED_EDGE('',*,*,#2266,.T.);
#905=ORIENTED_EDGE('',*,*,#2267,.T.);
#906=ORIENTED_EDGE('',*,*,#2268,.T.);
#907=ORIENTED_EDGE('',*,*,#2269,.T.);
#908=ORIENTED_EDGE('',*,*,#2270,.T.);
#909=ORIENTED_EDGE('',*,*,#2271,.T.);
#910=ORIENTED_EDGE('',*,*,#2272,.T.);
#911=ORIENTED_EDGE('',*,*,#2273,.T.);
#912=ORIENTED_EDGE('',*,*,#2274,.T.);
#913=ORIENTED_EDGE('',*,*,#2275,.T.);
#914=ORIENTED_EDGE('',*,*,#2276,.T.);
#915=ORIENTED_EDGE('',*,*,#2277,.T.);
#916=ORIENTED_EDGE('',*,*,#2278,.T.);
#917=ORIENTED_EDGE('',*,*,#2279,.T.);
#918=ORIENTED_EDGE('',*,*,#2280,.T.);
#919=ORIENTED_EDGE('',*,*,#2281,.T.);
#920=ORIENTED_EDGE('',*,*,#2282,.T.);
#921=ORIENTED_EDGE('',*,*,#2283,.T.);
#922=ORIENTED_EDGE('',*,*,#2284,.T.);
#923=ORIENTED_EDGE('',*,*,#2285,.T.);
#924=ORIENTED_EDGE('',*,*,#2286,.T.);
#925=ORIENTED_EDGE('',*,*,#2287,.T.);
#926=ORIENTED_EDGE('',*,*,#2288,.T.);
#927=ORIENTED_EDGE('',*,*,#2289,.T.);
#928=ORIENTED_EDGE('',*,*,#2290,.T.);
#929=ORIENTED_EDGE('',*,*,#2291,.T.);
#930=ORIENTED_EDGE('',*,*,#2292,.T.);
#931=ORIENTED_EDGE('',*,*,#2293,.T.);
#932=ORIENTED_EDGE('',*,*,#2097,.T.);
#933=ORIENTED_EDGE('',*,*,#2095,.T.);
#934=ORIENTED_EDGE('',*,*,#2093,.T.);
#935=ORIENTED_EDGE('',*,*,#2091,.T.);
#936=ORIENTED_EDGE('',*,*,#2089,.T.);
#937=ORIENTED_EDGE('',*,*,#2087,.T.);
#938=ORIENTED_EDGE('',*,*,#2085,.T.);
#939=ORIENTED_EDGE('',*,*,#2083,.T.);
#940=ORIENTED_EDGE('',*,*,#2081,.T.);
#941=ORIENTED_EDGE('',*,*,#2079,.T.);
#942=ORIENTED_EDGE('',*,*,#2077,.T.);
#943=ORIENTED_EDGE('',*,*,#2075,.T.);
#944=ORIENTED_EDGE('',*,*,#2073,.T.);
#945=ORIENTED_EDGE('',*,*,#2071,.T.);
#946=ORIENTED_EDGE('',*,*,#2065,.T.);
#947=ORIENTED_EDGE('',*,*,#2063,.T.);
#948=ORIENTED_EDGE('',*,*,#1968,.F.);
#949=ORIENTED_EDGE('',*,*,#2294,.T.);
#950=ORIENTED_EDGE('',*,*,#1962,.F.);
#951=ORIENTED_EDGE('',*,*,#2295,.T.);
#952=ORIENTED_EDGE('',*,*,#1972,.F.);
#953=ORIENTED_EDGE('',*,*,#2296,.T.);
#954=ORIENTED_EDGE('',*,*,#1966,.F.);
#955=ORIENTED_EDGE('',*,*,#2297,.T.);
#956=ORIENTED_EDGE('',*,*,#2024,.F.);
#957=ORIENTED_EDGE('',*,*,#2298,.T.);
#958=ORIENTED_EDGE('',*,*,#2018,.F.);
#959=ORIENTED_EDGE('',*,*,#2299,.T.);
#960=ORIENTED_EDGE('',*,*,#1916,.F.);
#961=ORIENTED_EDGE('',*,*,#2300,.T.);
#962=ORIENTED_EDGE('',*,*,#1910,.F.);
#963=ORIENTED_EDGE('',*,*,#2301,.T.);
#964=ORIENTED_EDGE('',*,*,#2302,.T.);
#965=ORIENTED_EDGE('',*,*,#2303,.T.);
#966=ORIENTED_EDGE('',*,*,#1914,.F.);
#967=ORIENTED_EDGE('',*,*,#2304,.T.);
#968=ORIENTED_EDGE('',*,*,#2020,.F.);
#969=ORIENTED_EDGE('',*,*,#2305,.T.);
#970=ORIENTED_EDGE('',*,*,#2306,.T.);
#971=ORIENTED_EDGE('',*,*,#2307,.T.);
#972=ORIENTED_EDGE('',*,*,#2012,.F.);
#973=ORIENTED_EDGE('',*,*,#2308,.T.);
#974=ORIENTED_EDGE('',*,*,#2006,.F.);
#975=ORIENTED_EDGE('',*,*,#2309,.T.);
#976=ORIENTED_EDGE('',*,*,#2008,.F.);
#977=ORIENTED_EDGE('',*,*,#2310,.T.);
#978=ORIENTED_EDGE('',*,*,#2002,.F.);
#979=ORIENTED_EDGE('',*,*,#2311,.T.);
#980=ORIENTED_EDGE('',*,*,#1928,.F.);
#981=ORIENTED_EDGE('',*,*,#2312,.T.);
#982=ORIENTED_EDGE('',*,*,#1922,.F.);
#983=ORIENTED_EDGE('',*,*,#2313,.T.);
#984=ORIENTED_EDGE('',*,*,#1932,.F.);
#985=ORIENTED_EDGE('',*,*,#2314,.T.);
#986=ORIENTED_EDGE('',*,*,#1926,.F.);
#987=ORIENTED_EDGE('',*,*,#2315,.T.);
#988=ORIENTED_EDGE('',*,*,#1992,.F.);
#989=ORIENTED_EDGE('',*,*,#2316,.T.);
#990=ORIENTED_EDGE('',*,*,#1986,.F.);
#991=ORIENTED_EDGE('',*,*,#2317,.T.);
#992=ORIENTED_EDGE('',*,*,#1948,.F.);
#993=ORIENTED_EDGE('',*,*,#2318,.T.);
#994=ORIENTED_EDGE('',*,*,#1942,.F.);
#995=ORIENTED_EDGE('',*,*,#2319,.T.);
#996=ORIENTED_EDGE('',*,*,#1996,.F.);
#997=ORIENTED_EDGE('',*,*,#2320,.T.);
#998=ORIENTED_EDGE('',*,*,#1990,.F.);
#999=ORIENTED_EDGE('',*,*,#2321,.T.);
#1000=ORIENTED_EDGE('',*,*,#2000,.F.);
#1001=ORIENTED_EDGE('',*,*,#2322,.T.);
#1002=ORIENTED_EDGE('',*,*,#1994,.F.);
#1003=ORIENTED_EDGE('',*,*,#2323,.T.);
#1004=ORIENTED_EDGE('',*,*,#1940,.F.);
#1005=ORIENTED_EDGE('',*,*,#2324,.T.);
#1006=ORIENTED_EDGE('',*,*,#1934,.F.);
#1007=ORIENTED_EDGE('',*,*,#2325,.T.);
#1008=ORIENTED_EDGE('',*,*,#1944,.F.);
#1009=ORIENTED_EDGE('',*,*,#2326,.T.);
#1010=ORIENTED_EDGE('',*,*,#1938,.F.);
#1011=ORIENTED_EDGE('',*,*,#2327,.T.);
#1012=ORIENTED_EDGE('',*,*,#1884,.F.);
#1013=ORIENTED_EDGE('',*,*,#2328,.T.);
#1014=ORIENTED_EDGE('',*,*,#2058,.F.);
#1015=ORIENTED_EDGE('',*,*,#2329,.T.);
#1016=ORIENTED_EDGE('',*,*,#1896,.F.);
#1017=ORIENTED_EDGE('',*,*,#2330,.T.);
#1018=ORIENTED_EDGE('',*,*,#1890,.F.);
#1019=ORIENTED_EDGE('',*,*,#2331,.T.);
#1020=ORIENTED_EDGE('',*,*,#1892,.F.);
#1021=ORIENTED_EDGE('',*,*,#2332,.T.);
#1022=ORIENTED_EDGE('',*,*,#1886,.F.);
#1023=ORIENTED_EDGE('',*,*,#2333,.T.);
#1024=ORIENTED_EDGE('',*,*,#1888,.F.);
#1025=ORIENTED_EDGE('',*,*,#2334,.T.);
#1026=ORIENTED_EDGE('',*,*,#1882,.F.);
#1027=ORIENTED_EDGE('',*,*,#2335,.T.);
#1028=ORIENTED_EDGE('',*,*,#1964,.F.);
#1029=ORIENTED_EDGE('',*,*,#2336,.T.);
#1030=ORIENTED_EDGE('',*,*,#1958,.F.);
#1031=ORIENTED_EDGE('',*,*,#2337,.T.);
#1032=ORIENTED_EDGE('',*,*,#1936,.F.);
#1033=ORIENTED_EDGE('',*,*,#2338,.T.);
#1034=ORIENTED_EDGE('',*,*,#1930,.F.);
#1035=ORIENTED_EDGE('',*,*,#2339,.T.);
#1036=ORIENTED_EDGE('',*,*,#1924,.F.);
#1037=ORIENTED_EDGE('',*,*,#2340,.T.);
#1038=ORIENTED_EDGE('',*,*,#1918,.F.);
#1039=ORIENTED_EDGE('',*,*,#2341,.T.);
#1040=ORIENTED_EDGE('',*,*,#1920,.F.);
#1041=ORIENTED_EDGE('',*,*,#2342,.T.);
#1042=ORIENTED_EDGE('',*,*,#2302,.F.);
#1043=ORIENTED_EDGE('',*,*,#2343,.T.);
#1044=ORIENTED_EDGE('',*,*,#2306,.F.);
#1045=ORIENTED_EDGE('',*,*,#2344,.T.);
#1046=ORIENTED_EDGE('',*,*,#2014,.F.);
#1047=ORIENTED_EDGE('',*,*,#2345,.T.);
#1048=ORIENTED_EDGE('',*,*,#2016,.F.);
#1049=ORIENTED_EDGE('',*,*,#2346,.T.);
#1050=ORIENTED_EDGE('',*,*,#2010,.F.);
#1051=ORIENTED_EDGE('',*,*,#2347,.T.);
#1052=ORIENTED_EDGE('',*,*,#2004,.F.);
#1053=ORIENTED_EDGE('',*,*,#2348,.T.);
#1054=ORIENTED_EDGE('',*,*,#1998,.F.);
#1055=ORIENTED_EDGE('',*,*,#2349,.T.);
#1056=ORIENTED_EDGE('',*,*,#2060,.F.);
#1057=ORIENTED_EDGE('',*,*,#2350,.T.);
#1058=ORIENTED_EDGE('',*,*,#2034,.F.);
#1059=ORIENTED_EDGE('',*,*,#2351,.T.);
#1060=ORIENTED_EDGE('',*,*,#2036,.F.);
#1061=ORIENTED_EDGE('',*,*,#2352,.T.);
#1062=ORIENTED_EDGE('',*,*,#2030,.F.);
#1063=ORIENTED_EDGE('',*,*,#2353,.T.);
#1064=ORIENTED_EDGE('',*,*,#2032,.F.);
#1065=ORIENTED_EDGE('',*,*,#2354,.T.);
#1066=ORIENTED_EDGE('',*,*,#2026,.F.);
#1067=ORIENTED_EDGE('',*,*,#2355,.T.);
#1068=ORIENTED_EDGE('',*,*,#2028,.F.);
#1069=ORIENTED_EDGE('',*,*,#2356,.T.);
#1070=ORIENTED_EDGE('',*,*,#2022,.F.);
#1071=ORIENTED_EDGE('',*,*,#2357,.T.);
#1072=ORIENTED_EDGE('',*,*,#1988,.F.);
#1073=ORIENTED_EDGE('',*,*,#2358,.T.);
#1074=ORIENTED_EDGE('',*,*,#1982,.F.);
#1075=ORIENTED_EDGE('',*,*,#2359,.T.);
#1076=ORIENTED_EDGE('',*,*,#1984,.F.);
#1077=ORIENTED_EDGE('',*,*,#2360,.T.);
#1078=ORIENTED_EDGE('',*,*,#1978,.F.);
#1079=ORIENTED_EDGE('',*,*,#2361,.T.);
#1080=ORIENTED_EDGE('',*,*,#1960,.F.);
#1081=ORIENTED_EDGE('',*,*,#2362,.T.);
#1082=ORIENTED_EDGE('',*,*,#1954,.F.);
#1083=ORIENTED_EDGE('',*,*,#2363,.T.);
#1084=ORIENTED_EDGE('',*,*,#1976,.F.);
#1085=ORIENTED_EDGE('',*,*,#2364,.T.);
#1086=ORIENTED_EDGE('',*,*,#1970,.F.);
#1087=ORIENTED_EDGE('',*,*,#2365,.T.);
#1088=ORIENTED_EDGE('',*,*,#1980,.F.);
#1089=ORIENTED_EDGE('',*,*,#2366,.T.);
#1090=ORIENTED_EDGE('',*,*,#1974,.F.);
#1091=ORIENTED_EDGE('',*,*,#2367,.T.);
#1092=ORIENTED_EDGE('',*,*,#1956,.F.);
#1093=ORIENTED_EDGE('',*,*,#2368,.T.);
#1094=ORIENTED_EDGE('',*,*,#1950,.F.);
#1095=ORIENTED_EDGE('',*,*,#2369,.T.);
#1096=ORIENTED_EDGE('',*,*,#1952,.F.);
#1097=ORIENTED_EDGE('',*,*,#2370,.T.);
#1098=ORIENTED_EDGE('',*,*,#1946,.F.);
#1099=ORIENTED_EDGE('',*,*,#2371,.T.);
#1100=ORIENTED_EDGE('',*,*,#1912,.F.);
#1101=ORIENTED_EDGE('',*,*,#2372,.T.);
#1102=ORIENTED_EDGE('',*,*,#1906,.F.);
#1103=ORIENTED_EDGE('',*,*,#2373,.T.);
#1104=ORIENTED_EDGE('',*,*,#1908,.F.);
#1105=ORIENTED_EDGE('',*,*,#2374,.T.);
#1106=ORIENTED_EDGE('',*,*,#1902,.F.);
#1107=ORIENTED_EDGE('',*,*,#2375,.T.);
#1108=ORIENTED_EDGE('',*,*,#1904,.F.);
#1109=ORIENTED_EDGE('',*,*,#2376,.T.);
#1110=ORIENTED_EDGE('',*,*,#1898,.F.);
#1111=ORIENTED_EDGE('',*,*,#2377,.T.);
#1112=ORIENTED_EDGE('',*,*,#1900,.F.);
#1113=ORIENTED_EDGE('',*,*,#2378,.T.);
#1114=ORIENTED_EDGE('',*,*,#1894,.F.);
#1115=ORIENTED_EDGE('',*,*,#2379,.T.);
#1116=ORIENTED_EDGE('',*,*,#2380,.F.);
#1117=ORIENTED_EDGE('',*,*,#2146,.F.);
#1118=ORIENTED_EDGE('',*,*,#2381,.F.);
#1119=ORIENTED_EDGE('',*,*,#1883,.F.);
#1120=ORIENTED_EDGE('',*,*,#2381,.T.);
#1121=ORIENTED_EDGE('',*,*,#2145,.F.);
#1122=ORIENTED_EDGE('',*,*,#2382,.F.);
#1123=ORIENTED_EDGE('',*,*,#2328,.F.);
#1124=ORIENTED_EDGE('',*,*,#2380,.T.);
#1125=ORIENTED_EDGE('',*,*,#2334,.F.);
#1126=ORIENTED_EDGE('',*,*,#2383,.F.);
#1127=ORIENTED_EDGE('',*,*,#2147,.F.);
#1128=ORIENTED_EDGE('',*,*,#2382,.T.);
#1129=ORIENTED_EDGE('',*,*,#2144,.F.);
#1130=ORIENTED_EDGE('',*,*,#2384,.F.);
#1131=ORIENTED_EDGE('',*,*,#2059,.F.);
#1132=ORIENTED_EDGE('',*,*,#2383,.T.);
#1133=ORIENTED_EDGE('',*,*,#1887,.F.);
#1134=ORIENTED_EDGE('',*,*,#2385,.F.);
#1135=ORIENTED_EDGE('',*,*,#2148,.F.);
#1136=ORIENTED_EDGE('',*,*,#2384,.T.);
#1137=ORIENTED_EDGE('',*,*,#2143,.F.);
#1138=ORIENTED_EDGE('',*,*,#2386,.F.);
#1139=ORIENTED_EDGE('',*,*,#2350,.F.);
#1140=ORIENTED_EDGE('',*,*,#2385,.T.);
#1141=ORIENTED_EDGE('',*,*,#2332,.F.);
#1142=ORIENTED_EDGE('',*,*,#2387,.F.);
#1143=ORIENTED_EDGE('',*,*,#2149,.F.);
#1144=ORIENTED_EDGE('',*,*,#2386,.T.);
#1145=ORIENTED_EDGE('',*,*,#2142,.F.);
#1146=ORIENTED_EDGE('',*,*,#2388,.F.);
#1147=ORIENTED_EDGE('',*,*,#2035,.F.);
#1148=ORIENTED_EDGE('',*,*,#2387,.T.);
#1149=ORIENTED_EDGE('',*,*,#1891,.F.);
#1150=ORIENTED_EDGE('',*,*,#2389,.F.);
#1151=ORIENTED_EDGE('',*,*,#2150,.F.);
#1152=ORIENTED_EDGE('',*,*,#2388,.T.);
#1153=ORIENTED_EDGE('',*,*,#2141,.F.);
#1154=ORIENTED_EDGE('',*,*,#2390,.F.);
#1155=ORIENTED_EDGE('',*,*,#2352,.F.);
#1156=ORIENTED_EDGE('',*,*,#2389,.T.);
#1157=ORIENTED_EDGE('',*,*,#2330,.F.);
#1158=ORIENTED_EDGE('',*,*,#2391,.F.);
#1159=ORIENTED_EDGE('',*,*,#2151,.F.);
#1160=ORIENTED_EDGE('',*,*,#2390,.T.);
#1161=ORIENTED_EDGE('',*,*,#2140,.F.);
#1162=ORIENTED_EDGE('',*,*,#2392,.F.);
#1163=ORIENTED_EDGE('',*,*,#2031,.F.);
#1164=ORIENTED_EDGE('',*,*,#2391,.T.);
#1165=ORIENTED_EDGE('',*,*,#1895,.F.);
#1166=ORIENTED_EDGE('',*,*,#2393,.F.);
#1167=ORIENTED_EDGE('',*,*,#2152,.F.);
#1168=ORIENTED_EDGE('',*,*,#2392,.T.);
#1169=ORIENTED_EDGE('',*,*,#2139,.F.);
#1170=ORIENTED_EDGE('',*,*,#2394,.F.);
#1171=ORIENTED_EDGE('',*,*,#2354,.F.);
#1172=ORIENTED_EDGE('',*,*,#2393,.T.);
#1173=ORIENTED_EDGE('',*,*,#2378,.F.);
#1174=ORIENTED_EDGE('',*,*,#2395,.F.);
#1175=ORIENTED_EDGE('',*,*,#2153,.F.);
#1176=ORIENTED_EDGE('',*,*,#2394,.T.);
#1177=ORIENTED_EDGE('',*,*,#2138,.F.);
#1178=ORIENTED_EDGE('',*,*,#2396,.F.);
#1179=ORIENTED_EDGE('',*,*,#2027,.F.);
#1180=ORIENTED_EDGE('',*,*,#2395,.T.);
#1181=ORIENTED_EDGE('',*,*,#1899,.F.);
#1182=ORIENTED_EDGE('',*,*,#2397,.F.);
#1183=ORIENTED_EDGE('',*,*,#2154,.F.);
#1184=ORIENTED_EDGE('',*,*,#2396,.T.);
#1185=ORIENTED_EDGE('',*,*,#2137,.F.);
#1186=ORIENTED_EDGE('',*,*,#2398,.F.);
#1187=ORIENTED_EDGE('',*,*,#2356,.F.);
#1188=ORIENTED_EDGE('',*,*,#2397,.T.);
#1189=ORIENTED_EDGE('',*,*,#2376,.F.);
#1190=ORIENTED_EDGE('',*,*,#2399,.F.);
#1191=ORIENTED_EDGE('',*,*,#2155,.F.);
#1192=ORIENTED_EDGE('',*,*,#2398,.T.);
#1193=ORIENTED_EDGE('',*,*,#2136,.F.);
#1194=ORIENTED_EDGE('',*,*,#2400,.F.);
#1195=ORIENTED_EDGE('',*,*,#2023,.F.);
#1196=ORIENTED_EDGE('',*,*,#2399,.T.);
#1197=ORIENTED_EDGE('',*,*,#1903,.F.);
#1198=ORIENTED_EDGE('',*,*,#2401,.F.);
#1199=ORIENTED_EDGE('',*,*,#2156,.F.);
#1200=ORIENTED_EDGE('',*,*,#2400,.T.);
#1201=ORIENTED_EDGE('',*,*,#2135,.F.);
#1202=ORIENTED_EDGE('',*,*,#2402,.F.);
#1203=ORIENTED_EDGE('',*,*,#2298,.F.);
#1204=ORIENTED_EDGE('',*,*,#2401,.T.);
#1205=ORIENTED_EDGE('',*,*,#2374,.F.);
#1206=ORIENTED_EDGE('',*,*,#2403,.F.);
#1207=ORIENTED_EDGE('',*,*,#2157,.F.);
#1208=ORIENTED_EDGE('',*,*,#2402,.T.);
#1209=ORIENTED_EDGE('',*,*,#2134,.F.);
#1210=ORIENTED_EDGE('',*,*,#2404,.F.);
#1211=ORIENTED_EDGE('',*,*,#2019,.F.);
#1212=ORIENTED_EDGE('',*,*,#2403,.T.);
#1213=ORIENTED_EDGE('',*,*,#1907,.F.);
#1214=ORIENTED_EDGE('',*,*,#2405,.F.);
#1215=ORIENTED_EDGE('',*,*,#2158,.F.);
#1216=ORIENTED_EDGE('',*,*,#2404,.T.);
#1217=ORIENTED_EDGE('',*,*,#2133,.F.);
#1218=ORIENTED_EDGE('',*,*,#2406,.F.);
#1219=ORIENTED_EDGE('',*,*,#2305,.F.);
#1220=ORIENTED_EDGE('',*,*,#2405,.T.);
#1221=ORIENTED_EDGE('',*,*,#2372,.F.);
#1222=ORIENTED_EDGE('',*,*,#2407,.F.);
#1223=ORIENTED_EDGE('',*,*,#2159,.F.);
#1224=ORIENTED_EDGE('',*,*,#2406,.T.);
#1225=ORIENTED_EDGE('',*,*,#2132,.F.);
#1226=ORIENTED_EDGE('',*,*,#2408,.F.);
#1227=ORIENTED_EDGE('',*,*,#2344,.F.);
#1228=ORIENTED_EDGE('',*,*,#2407,.T.);
#1229=ORIENTED_EDGE('',*,*,#1911,.F.);
#1230=ORIENTED_EDGE('',*,*,#2409,.F.);
#1231=ORIENTED_EDGE('',*,*,#2160,.F.);
#1232=ORIENTED_EDGE('',*,*,#2408,.T.);
#1233=ORIENTED_EDGE('',*,*,#2131,.F.);
#1234=ORIENTED_EDGE('',*,*,#2410,.F.);
#1235=ORIENTED_EDGE('',*,*,#2015,.F.);
#1236=ORIENTED_EDGE('',*,*,#2409,.T.);
#1237=ORIENTED_EDGE('',*,*,#2300,.F.);
#1238=ORIENTED_EDGE('',*,*,#2411,.F.);
#1239=ORIENTED_EDGE('',*,*,#2161,.F.);
#1240=ORIENTED_EDGE('',*,*,#2410,.T.);
#1241=ORIENTED_EDGE('',*,*,#2130,.F.);
#1242=ORIENTED_EDGE('',*,*,#2412,.F.);
#1243=ORIENTED_EDGE('',*,*,#2346,.F.);
#1244=ORIENTED_EDGE('',*,*,#2411,.T.);
#1245=ORIENTED_EDGE('',*,*,#1915,.F.);
#1246=ORIENTED_EDGE('',*,*,#2413,.F.);
#1247=ORIENTED_EDGE('',*,*,#2162,.F.);
#1248=ORIENTED_EDGE('',*,*,#2412,.T.);
#1249=ORIENTED_EDGE('',*,*,#2129,.F.);
#1250=ORIENTED_EDGE('',*,*,#2414,.F.);
#1251=ORIENTED_EDGE('',*,*,#2011,.F.);
#1252=ORIENTED_EDGE('',*,*,#2413,.T.);
#1253=ORIENTED_EDGE('',*,*,#2303,.F.);
#1254=ORIENTED_EDGE('',*,*,#2415,.F.);
#1255=ORIENTED_EDGE('',*,*,#2163,.F.);
#1256=ORIENTED_EDGE('',*,*,#2414,.T.);
#1257=ORIENTED_EDGE('',*,*,#2128,.F.);
#1258=ORIENTED_EDGE('',*,*,#2416,.F.);
#1259=ORIENTED_EDGE('',*,*,#2308,.F.);
#1260=ORIENTED_EDGE('',*,*,#2415,.T.);
#1261=ORIENTED_EDGE('',*,*,#2342,.F.);
#1262=ORIENTED_EDGE('',*,*,#2417,.F.);
#1263=ORIENTED_EDGE('',*,*,#2164,.F.);
#1264=ORIENTED_EDGE('',*,*,#2416,.T.);
#1265=ORIENTED_EDGE('',*,*,#2127,.F.);
#1266=ORIENTED_EDGE('',*,*,#2418,.F.);
#1267=ORIENTED_EDGE('',*,*,#2007,.F.);
#1268=ORIENTED_EDGE('',*,*,#2417,.T.);
#1269=ORIENTED_EDGE('',*,*,#1919,.F.);
#1270=ORIENTED_EDGE('',*,*,#2419,.F.);
#1271=ORIENTED_EDGE('',*,*,#2165,.F.);
#1272=ORIENTED_EDGE('',*,*,#2418,.T.);
#1273=ORIENTED_EDGE('',*,*,#2126,.F.);
#1274=ORIENTED_EDGE('',*,*,#2420,.F.);
#1275=ORIENTED_EDGE('',*,*,#2310,.F.);
#1276=ORIENTED_EDGE('',*,*,#2419,.T.);
#1277=ORIENTED_EDGE('',*,*,#2340,.F.);
#1278=ORIENTED_EDGE('',*,*,#2421,.F.);
#1279=ORIENTED_EDGE('',*,*,#2166,.F.);
#1280=ORIENTED_EDGE('',*,*,#2420,.T.);
#1281=ORIENTED_EDGE('',*,*,#2125,.F.);
#1282=ORIENTED_EDGE('',*,*,#2422,.F.);
#1283=ORIENTED_EDGE('',*,*,#2003,.F.);
#1284=ORIENTED_EDGE('',*,*,#2421,.T.);
#1285=ORIENTED_EDGE('',*,*,#1923,.F.);
#1286=ORIENTED_EDGE('',*,*,#2423,.F.);
#1287=ORIENTED_EDGE('',*,*,#2167,.F.);
#1288=ORIENTED_EDGE('',*,*,#2422,.T.);
#1289=ORIENTED_EDGE('',*,*,#2124,.F.);
#1290=ORIENTED_EDGE('',*,*,#2424,.F.);
#1291=ORIENTED_EDGE('',*,*,#2348,.F.);
#1292=ORIENTED_EDGE('',*,*,#2423,.T.);
#1293=ORIENTED_EDGE('',*,*,#2312,.F.);
#1294=ORIENTED_EDGE('',*,*,#2425,.F.);
#1295=ORIENTED_EDGE('',*,*,#2168,.F.);
#1296=ORIENTED_EDGE('',*,*,#2424,.T.);
#1297=ORIENTED_EDGE('',*,*,#2123,.F.);
#1298=ORIENTED_EDGE('',*,*,#2426,.F.);
#1299=ORIENTED_EDGE('',*,*,#1999,.F.);
#1300=ORIENTED_EDGE('',*,*,#2425,.T.);
#1301=ORIENTED_EDGE('',*,*,#1927,.F.);
#1302=ORIENTED_EDGE('',*,*,#2427,.F.);
#1303=ORIENTED_EDGE('',*,*,#2169,.F.);
#1304=ORIENTED_EDGE('',*,*,#2426,.T.);
#1305=ORIENTED_EDGE('',*,*,#2122,.F.);
#1306=ORIENTED_EDGE('',*,*,#2428,.F.);
#1307=ORIENTED_EDGE('',*,*,#2322,.F.);
#1308=ORIENTED_EDGE('',*,*,#2427,.T.);
#1309=ORIENTED_EDGE('',*,*,#2314,.F.);
#1310=ORIENTED_EDGE('',*,*,#2429,.F.);
#1311=ORIENTED_EDGE('',*,*,#2170,.F.);
#1312=ORIENTED_EDGE('',*,*,#2428,.T.);
#1313=ORIENTED_EDGE('',*,*,#2121,.F.);
#1314=ORIENTED_EDGE('',*,*,#2430,.F.);
#1315=ORIENTED_EDGE('',*,*,#1995,.F.);
#1316=ORIENTED_EDGE('',*,*,#2429,.T.);
#1317=ORIENTED_EDGE('',*,*,#1931,.F.);
#1318=ORIENTED_EDGE('',*,*,#2431,.F.);
#1319=ORIENTED_EDGE('',*,*,#2171,.F.);
#1320=ORIENTED_EDGE('',*,*,#2430,.T.);
#1321=ORIENTED_EDGE('',*,*,#2120,.F.);
#1322=ORIENTED_EDGE('',*,*,#2432,.F.);
#1323=ORIENTED_EDGE('',*,*,#2320,.F.);
#1324=ORIENTED_EDGE('',*,*,#2431,.T.);
#1325=ORIENTED_EDGE('',*,*,#2338,.F.);
#1326=ORIENTED_EDGE('',*,*,#2433,.F.);
#1327=ORIENTED_EDGE('',*,*,#2172,.F.);
#1328=ORIENTED_EDGE('',*,*,#2432,.T.);
#1329=ORIENTED_EDGE('',*,*,#2119,.F.);
#1330=ORIENTED_EDGE('',*,*,#2434,.F.);
#1331=ORIENTED_EDGE('',*,*,#1991,.F.);
#1332=ORIENTED_EDGE('',*,*,#2433,.T.);
#1333=ORIENTED_EDGE('',*,*,#1935,.F.);
#1334=ORIENTED_EDGE('',*,*,#2435,.F.);
#1335=ORIENTED_EDGE('',*,*,#2173,.F.);
#1336=ORIENTED_EDGE('',*,*,#2434,.T.);
#1337=ORIENTED_EDGE('',*,*,#2118,.F.);
#1338=ORIENTED_EDGE('',*,*,#2436,.F.);
#1339=ORIENTED_EDGE('',*,*,#2316,.F.);
#1340=ORIENTED_EDGE('',*,*,#2435,.T.);
#1341=ORIENTED_EDGE('',*,*,#2324,.F.);
#1342=ORIENTED_EDGE('',*,*,#2437,.F.);
#1343=ORIENTED_EDGE('',*,*,#2174,.F.);
#1344=ORIENTED_EDGE('',*,*,#2436,.T.);
#1345=ORIENTED_EDGE('',*,*,#2117,.F.);
#1346=ORIENTED_EDGE('',*,*,#2438,.F.);
#1347=ORIENTED_EDGE('',*,*,#1987,.F.);
#1348=ORIENTED_EDGE('',*,*,#2437,.T.);
#1349=ORIENTED_EDGE('',*,*,#1939,.F.);
#1350=ORIENTED_EDGE('',*,*,#2439,.F.);
#1351=ORIENTED_EDGE('',*,*,#2175,.F.);
#1352=ORIENTED_EDGE('',*,*,#2438,.T.);
#1353=ORIENTED_EDGE('',*,*,#2116,.F.);
#1354=ORIENTED_EDGE('',*,*,#2440,.F.);
#1355=ORIENTED_EDGE('',*,*,#2358,.F.);
#1356=ORIENTED_EDGE('',*,*,#2439,.T.);
#1357=ORIENTED_EDGE('',*,*,#2326,.F.);
#1358=ORIENTED_EDGE('',*,*,#2441,.F.);
#1359=ORIENTED_EDGE('',*,*,#2176,.F.);
#1360=ORIENTED_EDGE('',*,*,#2440,.T.);
#1361=ORIENTED_EDGE('',*,*,#2115,.F.);
#1362=ORIENTED_EDGE('',*,*,#2442,.F.);
#1363=ORIENTED_EDGE('',*,*,#1983,.F.);
#1364=ORIENTED_EDGE('',*,*,#2441,.T.);
#1365=ORIENTED_EDGE('',*,*,#1943,.F.);
#1366=ORIENTED_EDGE('',*,*,#2443,.F.);
#1367=ORIENTED_EDGE('',*,*,#2177,.F.);
#1368=ORIENTED_EDGE('',*,*,#2442,.T.);
#1369=ORIENTED_EDGE('',*,*,#2114,.F.);
#1370=ORIENTED_EDGE('',*,*,#2444,.F.);
#1371=ORIENTED_EDGE('',*,*,#2360,.F.);
#1372=ORIENTED_EDGE('',*,*,#2443,.T.);
#1373=ORIENTED_EDGE('',*,*,#2318,.F.);
#1374=ORIENTED_EDGE('',*,*,#2445,.F.);
#1375=ORIENTED_EDGE('',*,*,#2178,.F.);
#1376=ORIENTED_EDGE('',*,*,#2444,.T.);
#1377=ORIENTED_EDGE('',*,*,#2113,.F.);
#1378=ORIENTED_EDGE('',*,*,#2446,.F.);
#1379=ORIENTED_EDGE('',*,*,#1979,.F.);
#1380=ORIENTED_EDGE('',*,*,#2445,.T.);
#1381=ORIENTED_EDGE('',*,*,#1947,.F.);
#1382=ORIENTED_EDGE('',*,*,#2447,.F.);
#1383=ORIENTED_EDGE('',*,*,#2179,.F.);
#1384=ORIENTED_EDGE('',*,*,#2446,.T.);
#1385=ORIENTED_EDGE('',*,*,#2112,.F.);
#1386=ORIENTED_EDGE('',*,*,#2448,.F.);
#1387=ORIENTED_EDGE('',*,*,#2366,.F.);
#1388=ORIENTED_EDGE('',*,*,#2447,.T.);
#1389=ORIENTED_EDGE('',*,*,#2370,.F.);
#1390=ORIENTED_EDGE('',*,*,#2449,.F.);
#1391=ORIENTED_EDGE('',*,*,#2180,.F.);
#1392=ORIENTED_EDGE('',*,*,#2448,.T.);
#1393=ORIENTED_EDGE('',*,*,#2111,.F.);
#1394=ORIENTED_EDGE('',*,*,#2450,.F.);
#1395=ORIENTED_EDGE('',*,*,#1975,.F.);
#1396=ORIENTED_EDGE('',*,*,#2449,.T.);
#1397=ORIENTED_EDGE('',*,*,#1951,.F.);
#1398=ORIENTED_EDGE('',*,*,#2451,.F.);
#1399=ORIENTED_EDGE('',*,*,#2181,.F.);
#1400=ORIENTED_EDGE('',*,*,#2450,.T.);
#1401=ORIENTED_EDGE('',*,*,#2110,.F.);
#1402=ORIENTED_EDGE('',*,*,#2452,.F.);
#1403=ORIENTED_EDGE('',*,*,#2364,.F.);
#1404=ORIENTED_EDGE('',*,*,#2451,.T.);
#1405=ORIENTED_EDGE('',*,*,#2368,.F.);
#1406=ORIENTED_EDGE('',*,*,#2453,.F.);
#1407=ORIENTED_EDGE('',*,*,#2182,.F.);
#1408=ORIENTED_EDGE('',*,*,#2452,.T.);
#1409=ORIENTED_EDGE('',*,*,#2109,.F.);
#1410=ORIENTED_EDGE('',*,*,#2454,.F.);
#1411=ORIENTED_EDGE('',*,*,#1971,.F.);
#1412=ORIENTED_EDGE('',*,*,#2453,.T.);
#1413=ORIENTED_EDGE('',*,*,#1955,.F.);
#1414=ORIENTED_EDGE('',*,*,#2455,.F.);
#1415=ORIENTED_EDGE('',*,*,#2183,.F.);
#1416=ORIENTED_EDGE('',*,*,#2454,.T.);
#1417=ORIENTED_EDGE('',*,*,#2108,.F.);
#1418=ORIENTED_EDGE('',*,*,#2456,.F.);
#1419=ORIENTED_EDGE('',*,*,#2296,.F.);
#1420=ORIENTED_EDGE('',*,*,#2455,.T.);
#1421=ORIENTED_EDGE('',*,*,#2362,.F.);
#1422=ORIENTED_EDGE('',*,*,#2457,.F.);
#1423=ORIENTED_EDGE('',*,*,#2184,.F.);
#1424=ORIENTED_EDGE('',*,*,#2456,.T.);
#1425=ORIENTED_EDGE('',*,*,#2107,.F.);
#1426=ORIENTED_EDGE('',*,*,#2458,.F.);
#1427=ORIENTED_EDGE('',*,*,#1967,.F.);
#1428=ORIENTED_EDGE('',*,*,#2457,.T.);
#1429=ORIENTED_EDGE('',*,*,#1959,.F.);
#1430=ORIENTED_EDGE('',*,*,#2459,.F.);
#1431=ORIENTED_EDGE('',*,*,#2185,.F.);
#1432=ORIENTED_EDGE('',*,*,#2458,.T.);
#1433=ORIENTED_EDGE('',*,*,#2106,.F.);
#1434=ORIENTED_EDGE('',*,*,#2460,.F.);
#1435=ORIENTED_EDGE('',*,*,#2294,.F.);
#1436=ORIENTED_EDGE('',*,*,#2459,.T.);
#1437=ORIENTED_EDGE('',*,*,#2336,.F.);
#1438=ORIENTED_EDGE('',*,*,#2461,.F.);
#1439=ORIENTED_EDGE('',*,*,#2104,.F.);
#1440=ORIENTED_EDGE('',*,*,#2460,.T.);
#1441=ORIENTED_EDGE('',*,*,#2105,.F.);
#1442=ORIENTED_EDGE('',*,*,#2461,.T.);
#1443=ORIENTED_EDGE('',*,*,#1963,.F.);
#1444=ORIENTED_EDGE('',*,*,#2462,.F.);
#1445=ORIENTED_EDGE('',*,*,#1885,.F.);
#1446=ORIENTED_EDGE('',*,*,#2463,.F.);
#1447=ORIENTED_EDGE('',*,*,#2242,.F.);
#1448=ORIENTED_EDGE('',*,*,#2463,.T.);
#1449=ORIENTED_EDGE('',*,*,#2329,.F.);
#1450=ORIENTED_EDGE('',*,*,#2464,.F.);
#1451=ORIENTED_EDGE('',*,*,#2243,.F.);
#1452=ORIENTED_EDGE('',*,*,#2462,.T.);
#1453=ORIENTED_EDGE('',*,*,#2241,.F.);
#1454=ORIENTED_EDGE('',*,*,#2465,.F.);
#1455=ORIENTED_EDGE('',*,*,#2335,.F.);
#1456=ORIENTED_EDGE('',*,*,#2464,.T.);
#1457=ORIENTED_EDGE('',*,*,#2061,.F.);
#1458=ORIENTED_EDGE('',*,*,#2466,.F.);
#1459=ORIENTED_EDGE('',*,*,#2244,.F.);
#1460=ORIENTED_EDGE('',*,*,#2465,.T.);
#1461=ORIENTED_EDGE('',*,*,#2240,.F.);
#1462=ORIENTED_EDGE('',*,*,#2467,.F.);
#1463=ORIENTED_EDGE('',*,*,#1889,.F.);
#1464=ORIENTED_EDGE('',*,*,#2466,.T.);
#1465=ORIENTED_EDGE('',*,*,#2351,.F.);
#1466=ORIENTED_EDGE('',*,*,#2468,.F.);
#1467=ORIENTED_EDGE('',*,*,#2245,.F.);
#1468=ORIENTED_EDGE('',*,*,#2467,.T.);
#1469=ORIENTED_EDGE('',*,*,#2239,.F.);
#1470=ORIENTED_EDGE('',*,*,#2469,.F.);
#1471=ORIENTED_EDGE('',*,*,#2333,.F.);
#1472=ORIENTED_EDGE('',*,*,#2468,.T.);
#1473=ORIENTED_EDGE('',*,*,#2037,.F.);
#1474=ORIENTED_EDGE('',*,*,#2470,.F.);
#1475=ORIENTED_EDGE('',*,*,#2246,.F.);
#1476=ORIENTED_EDGE('',*,*,#2469,.T.);
#1477=ORIENTED_EDGE('',*,*,#2238,.F.);
#1478=ORIENTED_EDGE('',*,*,#2471,.F.);
#1479=ORIENTED_EDGE('',*,*,#1893,.F.);
#1480=ORIENTED_EDGE('',*,*,#2470,.T.);
#1481=ORIENTED_EDGE('',*,*,#2353,.F.);
#1482=ORIENTED_EDGE('',*,*,#2472,.F.);
#1483=ORIENTED_EDGE('',*,*,#2247,.F.);
#1484=ORIENTED_EDGE('',*,*,#2471,.T.);
#1485=ORIENTED_EDGE('',*,*,#2237,.F.);
#1486=ORIENTED_EDGE('',*,*,#2473,.F.);
#1487=ORIENTED_EDGE('',*,*,#2331,.F.);
#1488=ORIENTED_EDGE('',*,*,#2472,.T.);
#1489=ORIENTED_EDGE('',*,*,#2033,.F.);
#1490=ORIENTED_EDGE('',*,*,#2474,.F.);
#1491=ORIENTED_EDGE('',*,*,#2248,.F.);
#1492=ORIENTED_EDGE('',*,*,#2473,.T.);
#1493=ORIENTED_EDGE('',*,*,#2236,.F.);
#1494=ORIENTED_EDGE('',*,*,#2475,.F.);
#1495=ORIENTED_EDGE('',*,*,#1897,.F.);
#1496=ORIENTED_EDGE('',*,*,#2474,.T.);
#1497=ORIENTED_EDGE('',*,*,#2355,.F.);
#1498=ORIENTED_EDGE('',*,*,#2476,.F.);
#1499=ORIENTED_EDGE('',*,*,#2249,.F.);
#1500=ORIENTED_EDGE('',*,*,#2475,.T.);
#1501=ORIENTED_EDGE('',*,*,#2235,.F.);
#1502=ORIENTED_EDGE('',*,*,#2477,.F.);
#1503=ORIENTED_EDGE('',*,*,#2379,.F.);
#1504=ORIENTED_EDGE('',*,*,#2476,.T.);
#1505=ORIENTED_EDGE('',*,*,#2029,.F.);
#1506=ORIENTED_EDGE('',*,*,#2478,.F.);
#1507=ORIENTED_EDGE('',*,*,#2250,.F.);
#1508=ORIENTED_EDGE('',*,*,#2477,.T.);
#1509=ORIENTED_EDGE('',*,*,#2234,.F.);
#1510=ORIENTED_EDGE('',*,*,#2479,.F.);
#1511=ORIENTED_EDGE('',*,*,#1901,.F.);
#1512=ORIENTED_EDGE('',*,*,#2478,.T.);
#1513=ORIENTED_EDGE('',*,*,#2357,.F.);
#1514=ORIENTED_EDGE('',*,*,#2480,.F.);
#1515=ORIENTED_EDGE('',*,*,#2251,.F.);
#1516=ORIENTED_EDGE('',*,*,#2479,.T.);
#1517=ORIENTED_EDGE('',*,*,#2233,.F.);
#1518=ORIENTED_EDGE('',*,*,#2481,.F.);
#1519=ORIENTED_EDGE('',*,*,#2377,.F.);
#1520=ORIENTED_EDGE('',*,*,#2480,.T.);
#1521=ORIENTED_EDGE('',*,*,#2025,.F.);
#1522=ORIENTED_EDGE('',*,*,#2482,.F.);
#1523=ORIENTED_EDGE('',*,*,#2252,.F.);
#1524=ORIENTED_EDGE('',*,*,#2481,.T.);
#1525=ORIENTED_EDGE('',*,*,#2232,.F.);
#1526=ORIENTED_EDGE('',*,*,#2483,.F.);
#1527=ORIENTED_EDGE('',*,*,#1905,.F.);
#1528=ORIENTED_EDGE('',*,*,#2482,.T.);
#1529=ORIENTED_EDGE('',*,*,#2299,.F.);
#1530=ORIENTED_EDGE('',*,*,#2484,.F.);
#1531=ORIENTED_EDGE('',*,*,#2253,.F.);
#1532=ORIENTED_EDGE('',*,*,#2483,.T.);
#1533=ORIENTED_EDGE('',*,*,#2231,.F.);
#1534=ORIENTED_EDGE('',*,*,#2485,.F.);
#1535=ORIENTED_EDGE('',*,*,#2375,.F.);
#1536=ORIENTED_EDGE('',*,*,#2484,.T.);
#1537=ORIENTED_EDGE('',*,*,#2021,.F.);
#1538=ORIENTED_EDGE('',*,*,#2486,.F.);
#1539=ORIENTED_EDGE('',*,*,#2254,.F.);
#1540=ORIENTED_EDGE('',*,*,#2485,.T.);
#1541=ORIENTED_EDGE('',*,*,#2230,.F.);
#1542=ORIENTED_EDGE('',*,*,#2487,.F.);
#1543=ORIENTED_EDGE('',*,*,#1909,.F.);
#1544=ORIENTED_EDGE('',*,*,#2486,.T.);
#1545=ORIENTED_EDGE('',*,*,#2307,.F.);
#1546=ORIENTED_EDGE('',*,*,#2488,.F.);
#1547=ORIENTED_EDGE('',*,*,#2255,.F.);
#1548=ORIENTED_EDGE('',*,*,#2487,.T.);
#1549=ORIENTED_EDGE('',*,*,#2229,.F.);
#1550=ORIENTED_EDGE('',*,*,#2489,.F.);
#1551=ORIENTED_EDGE('',*,*,#2373,.F.);
#1552=ORIENTED_EDGE('',*,*,#2488,.T.);
#1553=ORIENTED_EDGE('',*,*,#2345,.F.);
#1554=ORIENTED_EDGE('',*,*,#2490,.F.);
#1555=ORIENTED_EDGE('',*,*,#2256,.F.);
#1556=ORIENTED_EDGE('',*,*,#2489,.T.);
#1557=ORIENTED_EDGE('',*,*,#2228,.F.);
#1558=ORIENTED_EDGE('',*,*,#2491,.F.);
#1559=ORIENTED_EDGE('',*,*,#1913,.F.);
#1560=ORIENTED_EDGE('',*,*,#2490,.T.);
#1561=ORIENTED_EDGE('',*,*,#2017,.F.);
#1562=ORIENTED_EDGE('',*,*,#2492,.F.);
#1563=ORIENTED_EDGE('',*,*,#2257,.F.);
#1564=ORIENTED_EDGE('',*,*,#2491,.T.);
#1565=ORIENTED_EDGE('',*,*,#2227,.F.);
#1566=ORIENTED_EDGE('',*,*,#2493,.F.);
#1567=ORIENTED_EDGE('',*,*,#2301,.F.);
#1568=ORIENTED_EDGE('',*,*,#2492,.T.);
#1569=ORIENTED_EDGE('',*,*,#2347,.F.);
#1570=ORIENTED_EDGE('',*,*,#2494,.F.);
#1571=ORIENTED_EDGE('',*,*,#2258,.F.);
#1572=ORIENTED_EDGE('',*,*,#2493,.T.);
#1573=ORIENTED_EDGE('',*,*,#2226,.F.);
#1574=ORIENTED_EDGE('',*,*,#2495,.F.);
#1575=ORIENTED_EDGE('',*,*,#1917,.F.);
#1576=ORIENTED_EDGE('',*,*,#2494,.T.);
#1577=ORIENTED_EDGE('',*,*,#2013,.F.);
#1578=ORIENTED_EDGE('',*,*,#2496,.F.);
#1579=ORIENTED_EDGE('',*,*,#2259,.F.);
#1580=ORIENTED_EDGE('',*,*,#2495,.T.);
#1581=ORIENTED_EDGE('',*,*,#2225,.F.);
#1582=ORIENTED_EDGE('',*,*,#2497,.F.);
#1583=ORIENTED_EDGE('',*,*,#2304,.F.);
#1584=ORIENTED_EDGE('',*,*,#2496,.T.);
#1585=ORIENTED_EDGE('',*,*,#2309,.F.);
#1586=ORIENTED_EDGE('',*,*,#2498,.F.);
#1587=ORIENTED_EDGE('',*,*,#2260,.F.);
#1588=ORIENTED_EDGE('',*,*,#2497,.T.);
#1589=ORIENTED_EDGE('',*,*,#2224,.F.);
#1590=ORIENTED_EDGE('',*,*,#2499,.F.);
#1591=ORIENTED_EDGE('',*,*,#2343,.F.);
#1592=ORIENTED_EDGE('',*,*,#2498,.T.);
#1593=ORIENTED_EDGE('',*,*,#2009,.F.);
#1594=ORIENTED_EDGE('',*,*,#2500,.F.);
#1595=ORIENTED_EDGE('',*,*,#2261,.F.);
#1596=ORIENTED_EDGE('',*,*,#2499,.T.);
#1597=ORIENTED_EDGE('',*,*,#2223,.F.);
#1598=ORIENTED_EDGE('',*,*,#2501,.F.);
#1599=ORIENTED_EDGE('',*,*,#1921,.F.);
#1600=ORIENTED_EDGE('',*,*,#2500,.T.);
#1601=ORIENTED_EDGE('',*,*,#2311,.F.);
#1602=ORIENTED_EDGE('',*,*,#2502,.F.);
#1603=ORIENTED_EDGE('',*,*,#2262,.F.);
#1604=ORIENTED_EDGE('',*,*,#2501,.T.);
#1605=ORIENTED_EDGE('',*,*,#2222,.F.);
#1606=ORIENTED_EDGE('',*,*,#2503,.F.);
#1607=ORIENTED_EDGE('',*,*,#2341,.F.);
#1608=ORIENTED_EDGE('',*,*,#2502,.T.);
#1609=ORIENTED_EDGE('',*,*,#2005,.F.);
#1610=ORIENTED_EDGE('',*,*,#2504,.F.);
#1611=ORIENTED_EDGE('',*,*,#2263,.F.);
#1612=ORIENTED_EDGE('',*,*,#2503,.T.);
#1613=ORIENTED_EDGE('',*,*,#2221,.F.);
#1614=ORIENTED_EDGE('',*,*,#2505,.F.);
#1615=ORIENTED_EDGE('',*,*,#1925,.F.);
#1616=ORIENTED_EDGE('',*,*,#2504,.T.);
#1617=ORIENTED_EDGE('',*,*,#2349,.F.);
#1618=ORIENTED_EDGE('',*,*,#2506,.F.);
#1619=ORIENTED_EDGE('',*,*,#2264,.F.);
#1620=ORIENTED_EDGE('',*,*,#2505,.T.);
#1621=ORIENTED_EDGE('',*,*,#2220,.F.);
#1622=ORIENTED_EDGE('',*,*,#2507,.F.);
#1623=ORIENTED_EDGE('',*,*,#2313,.F.);
#1624=ORIENTED_EDGE('',*,*,#2506,.T.);
#1625=ORIENTED_EDGE('',*,*,#2001,.F.);
#1626=ORIENTED_EDGE('',*,*,#2508,.F.);
#1627=ORIENTED_EDGE('',*,*,#2265,.F.);
#1628=ORIENTED_EDGE('',*,*,#2507,.T.);
#1629=ORIENTED_EDGE('',*,*,#2219,.F.);
#1630=ORIENTED_EDGE('',*,*,#2509,.F.);
#1631=ORIENTED_EDGE('',*,*,#1929,.F.);
#1632=ORIENTED_EDGE('',*,*,#2508,.T.);
#1633=ORIENTED_EDGE('',*,*,#2323,.F.);
#1634=ORIENTED_EDGE('',*,*,#2510,.F.);
#1635=ORIENTED_EDGE('',*,*,#2266,.F.);
#1636=ORIENTED_EDGE('',*,*,#2509,.T.);
#1637=ORIENTED_EDGE('',*,*,#2218,.F.);
#1638=ORIENTED_EDGE('',*,*,#2511,.F.);
#1639=ORIENTED_EDGE('',*,*,#2315,.F.);
#1640=ORIENTED_EDGE('',*,*,#2510,.T.);
#1641=ORIENTED_EDGE('',*,*,#1997,.F.);
#1642=ORIENTED_EDGE('',*,*,#2512,.F.);
#1643=ORIENTED_EDGE('',*,*,#2267,.F.);
#1644=ORIENTED_EDGE('',*,*,#2511,.T.);
#1645=ORIENTED_EDGE('',*,*,#2217,.F.);
#1646=ORIENTED_EDGE('',*,*,#2513,.F.);
#1647=ORIENTED_EDGE('',*,*,#1933,.F.);
#1648=ORIENTED_EDGE('',*,*,#2512,.T.);
#1649=ORIENTED_EDGE('',*,*,#2321,.F.);
#1650=ORIENTED_EDGE('',*,*,#2514,.F.);
#1651=ORIENTED_EDGE('',*,*,#2268,.F.);
#1652=ORIENTED_EDGE('',*,*,#2513,.T.);
#1653=ORIENTED_EDGE('',*,*,#2216,.F.);
#1654=ORIENTED_EDGE('',*,*,#2515,.F.);
#1655=ORIENTED_EDGE('',*,*,#2339,.F.);
#1656=ORIENTED_EDGE('',*,*,#2514,.T.);
#1657=ORIENTED_EDGE('',*,*,#1993,.F.);
#1658=ORIENTED_EDGE('',*,*,#2516,.F.);
#1659=ORIENTED_EDGE('',*,*,#2269,.F.);
#1660=ORIENTED_EDGE('',*,*,#2515,.T.);
#1661=ORIENTED_EDGE('',*,*,#2215,.F.);
#1662=ORIENTED_EDGE('',*,*,#2517,.F.);
#1663=ORIENTED_EDGE('',*,*,#1937,.F.);
#1664=ORIENTED_EDGE('',*,*,#2516,.T.);
#1665=ORIENTED_EDGE('',*,*,#2317,.F.);
#1666=ORIENTED_EDGE('',*,*,#2518,.F.);
#1667=ORIENTED_EDGE('',*,*,#2270,.F.);
#1668=ORIENTED_EDGE('',*,*,#2517,.T.);
#1669=ORIENTED_EDGE('',*,*,#2214,.F.);
#1670=ORIENTED_EDGE('',*,*,#2519,.F.);
#1671=ORIENTED_EDGE('',*,*,#2325,.F.);
#1672=ORIENTED_EDGE('',*,*,#2518,.T.);
#1673=ORIENTED_EDGE('',*,*,#1989,.F.);
#1674=ORIENTED_EDGE('',*,*,#2520,.F.);
#1675=ORIENTED_EDGE('',*,*,#2271,.F.);
#1676=ORIENTED_EDGE('',*,*,#2519,.T.);
#1677=ORIENTED_EDGE('',*,*,#2213,.F.);
#1678=ORIENTED_EDGE('',*,*,#2521,.F.);
#1679=ORIENTED_EDGE('',*,*,#1941,.F.);
#1680=ORIENTED_EDGE('',*,*,#2520,.T.);
#1681=ORIENTED_EDGE('',*,*,#2359,.F.);
#1682=ORIENTED_EDGE('',*,*,#2522,.F.);
#1683=ORIENTED_EDGE('',*,*,#2272,.F.);
#1684=ORIENTED_EDGE('',*,*,#2521,.T.);
#1685=ORIENTED_EDGE('',*,*,#2212,.F.);
#1686=ORIENTED_EDGE('',*,*,#2523,.F.);
#1687=ORIENTED_EDGE('',*,*,#2327,.F.);
#1688=ORIENTED_EDGE('',*,*,#2522,.T.);
#1689=ORIENTED_EDGE('',*,*,#1985,.F.);
#1690=ORIENTED_EDGE('',*,*,#2524,.F.);
#1691=ORIENTED_EDGE('',*,*,#2273,.F.);
#1692=ORIENTED_EDGE('',*,*,#2523,.T.);
#1693=ORIENTED_EDGE('',*,*,#2211,.F.);
#1694=ORIENTED_EDGE('',*,*,#2525,.F.);
#1695=ORIENTED_EDGE('',*,*,#1945,.F.);
#1696=ORIENTED_EDGE('',*,*,#2524,.T.);
#1697=ORIENTED_EDGE('',*,*,#2361,.F.);
#1698=ORIENTED_EDGE('',*,*,#2526,.F.);
#1699=ORIENTED_EDGE('',*,*,#2274,.F.);
#1700=ORIENTED_EDGE('',*,*,#2525,.T.);
#1701=ORIENTED_EDGE('',*,*,#2210,.F.);
#1702=ORIENTED_EDGE('',*,*,#2527,.F.);
#1703=ORIENTED_EDGE('',*,*,#2319,.F.);
#1704=ORIENTED_EDGE('',*,*,#2526,.T.);
#1705=ORIENTED_EDGE('',*,*,#1981,.F.);
#1706=ORIENTED_EDGE('',*,*,#2528,.F.);
#1707=ORIENTED_EDGE('',*,*,#2275,.F.);
#1708=ORIENTED_EDGE('',*,*,#2527,.T.);
#1709=ORIENTED_EDGE('',*,*,#2209,.F.);
#1710=ORIENTED_EDGE('',*,*,#2529,.F.);
#1711=ORIENTED_EDGE('',*,*,#1949,.F.);
#1712=ORIENTED_EDGE('',*,*,#2528,.T.);
#1713=ORIENTED_EDGE('',*,*,#2367,.F.);
#1714=ORIENTED_EDGE('',*,*,#2530,.F.);
#1715=ORIENTED_EDGE('',*,*,#2276,.F.);
#1716=ORIENTED_EDGE('',*,*,#2529,.T.);
#1717=ORIENTED_EDGE('',*,*,#2208,.F.);
#1718=ORIENTED_EDGE('',*,*,#2531,.F.);
#1719=ORIENTED_EDGE('',*,*,#2371,.F.);
#1720=ORIENTED_EDGE('',*,*,#2530,.T.);
#1721=ORIENTED_EDGE('',*,*,#1977,.F.);
#1722=ORIENTED_EDGE('',*,*,#2532,.F.);
#1723=ORIENTED_EDGE('',*,*,#2277,.F.);
#1724=ORIENTED_EDGE('',*,*,#2531,.T.);
#1725=ORIENTED_EDGE('',*,*,#2207,.F.);
#1726=ORIENTED_EDGE('',*,*,#2533,.F.);
#1727=ORIENTED_EDGE('',*,*,#1953,.F.);
#1728=ORIENTED_EDGE('',*,*,#2532,.T.);
#1729=ORIENTED_EDGE('',*,*,#2365,.F.);
#1730=ORIENTED_EDGE('',*,*,#2534,.F.);
#1731=ORIENTED_EDGE('',*,*,#2278,.F.);
#1732=ORIENTED_EDGE('',*,*,#2533,.T.);
#1733=ORIENTED_EDGE('',*,*,#2206,.F.);
#1734=ORIENTED_EDGE('',*,*,#2535,.F.);
#1735=ORIENTED_EDGE('',*,*,#2369,.F.);
#1736=ORIENTED_EDGE('',*,*,#2534,.T.);
#1737=ORIENTED_EDGE('',*,*,#1973,.F.);
#1738=ORIENTED_EDGE('',*,*,#2536,.F.);
#1739=ORIENTED_EDGE('',*,*,#2279,.F.);
#1740=ORIENTED_EDGE('',*,*,#2535,.T.);
#1741=ORIENTED_EDGE('',*,*,#2205,.F.);
#1742=ORIENTED_EDGE('',*,*,#2537,.F.);
#1743=ORIENTED_EDGE('',*,*,#1957,.F.);
#1744=ORIENTED_EDGE('',*,*,#2536,.T.);
#1745=ORIENTED_EDGE('',*,*,#2297,.F.);
#1746=ORIENTED_EDGE('',*,*,#2538,.F.);
#1747=ORIENTED_EDGE('',*,*,#2280,.F.);
#1748=ORIENTED_EDGE('',*,*,#2537,.T.);
#1749=ORIENTED_EDGE('',*,*,#2204,.F.);
#1750=ORIENTED_EDGE('',*,*,#2539,.F.);
#1751=ORIENTED_EDGE('',*,*,#2363,.F.);
#1752=ORIENTED_EDGE('',*,*,#2538,.T.);
#1753=ORIENTED_EDGE('',*,*,#1969,.F.);
#1754=ORIENTED_EDGE('',*,*,#2540,.F.);
#1755=ORIENTED_EDGE('',*,*,#2281,.F.);
#1756=ORIENTED_EDGE('',*,*,#2539,.T.);
#1757=ORIENTED_EDGE('',*,*,#2203,.F.);
#1758=ORIENTED_EDGE('',*,*,#2541,.F.);
#1759=ORIENTED_EDGE('',*,*,#1961,.F.);
#1760=ORIENTED_EDGE('',*,*,#2540,.T.);
#1761=ORIENTED_EDGE('',*,*,#2295,.F.);
#1762=ORIENTED_EDGE('',*,*,#2542,.F.);
#1763=ORIENTED_EDGE('',*,*,#2200,.F.);
#1764=ORIENTED_EDGE('',*,*,#2541,.T.);
#1765=ORIENTED_EDGE('',*,*,#2202,.F.);
#1766=ORIENTED_EDGE('',*,*,#2543,.F.);
#1767=ORIENTED_EDGE('',*,*,#2337,.F.);
#1768=ORIENTED_EDGE('',*,*,#2542,.T.);
#1769=ORIENTED_EDGE('',*,*,#1965,.F.);
#1770=ORIENTED_EDGE('',*,*,#2543,.T.);
#1771=ORIENTED_EDGE('',*,*,#2201,.F.);
#1772=ORIENTED_EDGE('',*,*,#2544,.F.);
#1773=ORIENTED_EDGE('',*,*,#2189,.F.);
#1774=ORIENTED_EDGE('',*,*,#2545,.F.);
#1775=ORIENTED_EDGE('',*,*,#2043,.F.);
#1776=ORIENTED_EDGE('',*,*,#2545,.T.);
#1777=ORIENTED_EDGE('',*,*,#2188,.F.);
#1778=ORIENTED_EDGE('',*,*,#2546,.F.);
#1779=ORIENTED_EDGE('',*,*,#2039,.F.);
#1780=ORIENTED_EDGE('',*,*,#2544,.T.);
#1781=ORIENTED_EDGE('',*,*,#2046,.F.);
#1782=ORIENTED_EDGE('',*,*,#2547,.F.);
#1783=ORIENTED_EDGE('',*,*,#2186,.F.);
#1784=ORIENTED_EDGE('',*,*,#2546,.T.);
#1785=ORIENTED_EDGE('',*,*,#2187,.F.);
#1786=ORIENTED_EDGE('',*,*,#2547,.T.);
#1787=ORIENTED_EDGE('',*,*,#2098,.F.);
#1788=ORIENTED_EDGE('',*,*,#2548,.F.);
#1789=ORIENTED_EDGE('',*,*,#2044,.F.);
#1790=ORIENTED_EDGE('',*,*,#2549,.F.);
#1791=ORIENTED_EDGE('',*,*,#2285,.F.);
#1792=ORIENTED_EDGE('',*,*,#2549,.T.);
#1793=ORIENTED_EDGE('',*,*,#2041,.F.);
#1794=ORIENTED_EDGE('',*,*,#2550,.F.);
#1795=ORIENTED_EDGE('',*,*,#2282,.F.);
#1796=ORIENTED_EDGE('',*,*,#2548,.T.);
#1797=ORIENTED_EDGE('',*,*,#2284,.F.);
#1798=ORIENTED_EDGE('',*,*,#2551,.F.);
#1799=ORIENTED_EDGE('',*,*,#2047,.F.);
#1800=ORIENTED_EDGE('',*,*,#2550,.T.);
#1801=ORIENTED_EDGE('',*,*,#2099,.F.);
#1802=ORIENTED_EDGE('',*,*,#2551,.T.);
#1803=ORIENTED_EDGE('',*,*,#2283,.F.);
#1804=ORIENTED_EDGE('',*,*,#2552,.F.);
#1805=ORIENTED_EDGE('',*,*,#2193,.F.);
#1806=ORIENTED_EDGE('',*,*,#2553,.F.);
#1807=ORIENTED_EDGE('',*,*,#2053,.F.);
#1808=ORIENTED_EDGE('',*,*,#2553,.T.);
#1809=ORIENTED_EDGE('',*,*,#2192,.F.);
#1810=ORIENTED_EDGE('',*,*,#2554,.F.);
#1811=ORIENTED_EDGE('',*,*,#2049,.F.);
#1812=ORIENTED_EDGE('',*,*,#2552,.T.);
#1813=ORIENTED_EDGE('',*,*,#2056,.F.);
#1814=ORIENTED_EDGE('',*,*,#2555,.F.);
#1815=ORIENTED_EDGE('',*,*,#2190,.F.);
#1816=ORIENTED_EDGE('',*,*,#2554,.T.);
#1817=ORIENTED_EDGE('',*,*,#2191,.F.);
#1818=ORIENTED_EDGE('',*,*,#2555,.T.);
#1819=ORIENTED_EDGE('',*,*,#2100,.F.);
#1820=ORIENTED_EDGE('',*,*,#2556,.F.);
#1821=ORIENTED_EDGE('',*,*,#2054,.F.);
#1822=ORIENTED_EDGE('',*,*,#2557,.F.);
#1823=ORIENTED_EDGE('',*,*,#2289,.F.);
#1824=ORIENTED_EDGE('',*,*,#2557,.T.);
#1825=ORIENTED_EDGE('',*,*,#2051,.F.);
#1826=ORIENTED_EDGE('',*,*,#2558,.F.);
#1827=ORIENTED_EDGE('',*,*,#2286,.F.);
#1828=ORIENTED_EDGE('',*,*,#2556,.T.);
#1829=ORIENTED_EDGE('',*,*,#2288,.F.);
#1830=ORIENTED_EDGE('',*,*,#2559,.F.);
#1831=ORIENTED_EDGE('',*,*,#2057,.F.);
#1832=ORIENTED_EDGE('',*,*,#2558,.T.);
#1833=ORIENTED_EDGE('',*,*,#2101,.F.);
#1834=ORIENTED_EDGE('',*,*,#2559,.T.);
#1835=ORIENTED_EDGE('',*,*,#2287,.F.);
#1836=ORIENTED_EDGE('',*,*,#2560,.F.);
#1837=ORIENTED_EDGE('',*,*,#2197,.F.);
#1838=ORIENTED_EDGE('',*,*,#2561,.F.);
#1839=ORIENTED_EDGE('',*,*,#1877,.F.);
#1840=ORIENTED_EDGE('',*,*,#2561,.T.);
#1841=ORIENTED_EDGE('',*,*,#2196,.F.);
#1842=ORIENTED_EDGE('',*,*,#2562,.F.);
#1843=ORIENTED_EDGE('',*,*,#1873,.F.);
#1844=ORIENTED_EDGE('',*,*,#2560,.T.);
#1845=ORIENTED_EDGE('',*,*,#1880,.F.);
#1846=ORIENTED_EDGE('',*,*,#2563,.F.);
#1847=ORIENTED_EDGE('',*,*,#2194,.F.);
#1848=ORIENTED_EDGE('',*,*,#2562,.T.);
#1849=ORIENTED_EDGE('',*,*,#2195,.F.);
#1850=ORIENTED_EDGE('',*,*,#2563,.T.);
#1851=ORIENTED_EDGE('',*,*,#2102,.F.);
#1852=ORIENTED_EDGE('',*,*,#2564,.F.);
#1853=ORIENTED_EDGE('',*,*,#1878,.F.);
#1854=ORIENTED_EDGE('',*,*,#2565,.F.);
#1855=ORIENTED_EDGE('',*,*,#2293,.F.);
#1856=ORIENTED_EDGE('',*,*,#2565,.T.);
#1857=ORIENTED_EDGE('',*,*,#1875,.F.);
#1858=ORIENTED_EDGE('',*,*,#2566,.F.);
#1859=ORIENTED_EDGE('',*,*,#2290,.F.);
#1860=ORIENTED_EDGE('',*,*,#2564,.T.);
#1861=ORIENTED_EDGE('',*,*,#2292,.F.);
#1862=ORIENTED_EDGE('',*,*,#2567,.F.);
#1863=ORIENTED_EDGE('',*,*,#1881,.F.);
#1864=ORIENTED_EDGE('',*,*,#2566,.T.);
#1865=ORIENTED_EDGE('',*,*,#2103,.F.);
#1866=ORIENTED_EDGE('',*,*,#2567,.T.);
#1867=ORIENTED_EDGE('',*,*,#2291,.F.);
#1868=ORIENTED_EDGE('',*,*,#2068,.F.);
#1869=ORIENTED_EDGE('',*,*,#2198,.F.);
#1870=ORIENTED_EDGE('',*,*,#2066,.F.);
#1871=ORIENTED_EDGE('',*,*,#2199,.F.);
#1872=EDGE_CURVE('',#2568,#2569,#2982,.T.);
#1873=EDGE_CURVE('',#2568,#2570,#250,.T.);
#1874=EDGE_CURVE('',#2570,#2571,#2983,.T.);
#1875=EDGE_CURVE('',#2571,#2569,#251,.F.);
#1876=EDGE_CURVE('',#2572,#2573,#2984,.T.);
#1877=EDGE_CURVE('',#2572,#2568,#2985,.T.);
#1878=EDGE_CURVE('',#2569,#2573,#2986,.T.);
#1879=EDGE_CURVE('',#2574,#2575,#2987,.T.);
#1880=EDGE_CURVE('',#2574,#2572,#252,.T.);
#1881=EDGE_CURVE('',#2573,#2575,#253,.F.);
#1882=EDGE_CURVE('',#2576,#2577,#2988,.F.);
#1883=EDGE_CURVE('',#2577,#2578,#2989,.T.);
#1884=EDGE_CURVE('',#2578,#2579,#2990,.T.);
#1885=EDGE_CURVE('',#2579,#2576,#2991,.T.);
#1886=EDGE_CURVE('',#2580,#2581,#2992,.F.);
#1887=EDGE_CURVE('',#2581,#2582,#2993,.T.);
#1888=EDGE_CURVE('',#2582,#2583,#2994,.T.);
#1889=EDGE_CURVE('',#2583,#2580,#2995,.T.);
#1890=EDGE_CURVE('',#2584,#2585,#2996,.F.);
#1891=EDGE_CURVE('',#2585,#2586,#2997,.T.);
#1892=EDGE_CURVE('',#2586,#2587,#2998,.T.);
#1893=EDGE_CURVE('',#2587,#2584,#2999,.T.);
#1894=EDGE_CURVE('',#2588,#2589,#3000,.F.);
#1895=EDGE_CURVE('',#2589,#2590,#3001,.T.);
#1896=EDGE_CURVE('',#2590,#2591,#3002,.T.);
#1897=EDGE_CURVE('',#2591,#2588,#3003,.T.);
#1898=EDGE_CURVE('',#2592,#2593,#3004,.F.);
#1899=EDGE_CURVE('',#2593,#2594,#3005,.T.);
#1900=EDGE_CURVE('',#2594,#2595,#3006,.T.);
#1901=EDGE_CURVE('',#2595,#2592,#3007,.T.);
#1902=EDGE_CURVE('',#2596,#2597,#3008,.F.);
#1903=EDGE_CURVE('',#2597,#2598,#3009,.T.);
#1904=EDGE_CURVE('',#2598,#2599,#3010,.T.);
#1905=EDGE_CURVE('',#2599,#2596,#3011,.T.);
#1906=EDGE_CURVE('',#2600,#2601,#3012,.F.);
#1907=EDGE_CURVE('',#2601,#2602,#3013,.T.);
#1908=EDGE_CURVE('',#2602,#2603,#3014,.T.);
#1909=EDGE_CURVE('',#2603,#2600,#3015,.T.);
#1910=EDGE_CURVE('',#2604,#2605,#3016,.F.);
#1911=EDGE_CURVE('',#2605,#2606,#3017,.T.);
#1912=EDGE_CURVE('',#2606,#2607,#3018,.T.);
#1913=EDGE_CURVE('',#2607,#2604,#3019,.T.);
#1914=EDGE_CURVE('',#2608,#2609,#3020,.F.);
#1915=EDGE_CURVE('',#2609,#2610,#3021,.T.);
#1916=EDGE_CURVE('',#2610,#2611,#3022,.T.);
#1917=EDGE_CURVE('',#2611,#2608,#3023,.T.);
#1918=EDGE_CURVE('',#2612,#2613,#3024,.F.);
#1919=EDGE_CURVE('',#2613,#2614,#3025,.T.);
#1920=EDGE_CURVE('',#2614,#2615,#3026,.T.);
#1921=EDGE_CURVE('',#2615,#2612,#3027,.T.);
#1922=EDGE_CURVE('',#2616,#2617,#3028,.F.);
#1923=EDGE_CURVE('',#2617,#2618,#3029,.T.);
#1924=EDGE_CURVE('',#2618,#2619,#3030,.T.);
#1925=EDGE_CURVE('',#2619,#2616,#3031,.T.);
#1926=EDGE_CURVE('',#2620,#2621,#3032,.F.);
#1927=EDGE_CURVE('',#2621,#2622,#3033,.T.);
#1928=EDGE_CURVE('',#2622,#2623,#3034,.T.);
#1929=EDGE_CURVE('',#2623,#2620,#3035,.T.);
#1930=EDGE_CURVE('',#2624,#2625,#3036,.F.);
#1931=EDGE_CURVE('',#2625,#2626,#3037,.T.);
#1932=EDGE_CURVE('',#2626,#2627,#3038,.T.);
#1933=EDGE_CURVE('',#2627,#2624,#3039,.T.);
#1934=EDGE_CURVE('',#2628,#2629,#3040,.F.);
#1935=EDGE_CURVE('',#2629,#2630,#3041,.T.);
#1936=EDGE_CURVE('',#2630,#2631,#3042,.T.);
#1937=EDGE_CURVE('',#2631,#2628,#3043,.T.);
#1938=EDGE_CURVE('',#2632,#2633,#3044,.F.);
#1939=EDGE_CURVE('',#2633,#2634,#3045,.T.);
#1940=EDGE_CURVE('',#2634,#2635,#3046,.T.);
#1941=EDGE_CURVE('',#2635,#2632,#3047,.T.);
#1942=EDGE_CURVE('',#2636,#2637,#3048,.F.);
#1943=EDGE_CURVE('',#2637,#2638,#3049,.T.);
#1944=EDGE_CURVE('',#2638,#2639,#3050,.T.);
#1945=EDGE_CURVE('',#2639,#2636,#3051,.T.);
#1946=EDGE_CURVE('',#2640,#2641,#3052,.F.);
#1947=EDGE_CURVE('',#2641,#2642,#3053,.T.);
#1948=EDGE_CURVE('',#2642,#2643,#3054,.T.);
#1949=EDGE_CURVE('',#2643,#2640,#3055,.T.);
#1950=EDGE_CURVE('',#2644,#2645,#3056,.F.);
#1951=EDGE_CURVE('',#2645,#2646,#3057,.T.);
#1952=EDGE_CURVE('',#2646,#2647,#3058,.T.);
#1953=EDGE_CURVE('',#2647,#2644,#3059,.T.);
#1954=EDGE_CURVE('',#2648,#2649,#3060,.F.);
#1955=EDGE_CURVE('',#2649,#2650,#3061,.T.);
#1956=EDGE_CURVE('',#2650,#2651,#3062,.T.);
#1957=EDGE_CURVE('',#2651,#2648,#3063,.T.);
#1958=EDGE_CURVE('',#2652,#2653,#3064,.F.);
#1959=EDGE_CURVE('',#2653,#2654,#3065,.T.);
#1960=EDGE_CURVE('',#2654,#2655,#3066,.T.);
#1961=EDGE_CURVE('',#2655,#2652,#3067,.T.);
#1962=EDGE_CURVE('',#2656,#2657,#3068,.F.);
#1963=EDGE_CURVE('',#2657,#2658,#3069,.T.);
#1964=EDGE_CURVE('',#2658,#2659,#3070,.T.);
#1965=EDGE_CURVE('',#2659,#2656,#3071,.T.);
#1966=EDGE_CURVE('',#2660,#2661,#3072,.F.);
#1967=EDGE_CURVE('',#2661,#2662,#3073,.T.);
#1968=EDGE_CURVE('',#2662,#2663,#3074,.T.);
#1969=EDGE_CURVE('',#2663,#2660,#3075,.T.);
#1970=EDGE_CURVE('',#2664,#2665,#3076,.F.);
#1971=EDGE_CURVE('',#2665,#2666,#3077,.T.);
#1972=EDGE_CURVE('',#2666,#2667,#3078,.T.);
#1973=EDGE_CURVE('',#2667,#2664,#3079,.T.);
#1974=EDGE_CURVE('',#2668,#2669,#3080,.F.);
#1975=EDGE_CURVE('',#2669,#2670,#3081,.T.);
#1976=EDGE_CURVE('',#2670,#2671,#3082,.T.);
#1977=EDGE_CURVE('',#2671,#2668,#3083,.T.);
#1978=EDGE_CURVE('',#2672,#2673,#3084,.F.);
#1979=EDGE_CURVE('',#2673,#2674,#3085,.T.);
#1980=EDGE_CURVE('',#2674,#2675,#3086,.T.);
#1981=EDGE_CURVE('',#2675,#2672,#3087,.T.);
#1982=EDGE_CURVE('',#2676,#2677,#3088,.F.);
#1983=EDGE_CURVE('',#2677,#2678,#3089,.T.);
#1984=EDGE_CURVE('',#2678,#2679,#3090,.T.);
#1985=EDGE_CURVE('',#2679,#2676,#3091,.T.);
#1986=EDGE_CURVE('',#2680,#2681,#3092,.F.);
#1987=EDGE_CURVE('',#2681,#2682,#3093,.T.);
#1988=EDGE_CURVE('',#2682,#2683,#3094,.T.);
#1989=EDGE_CURVE('',#2683,#2680,#3095,.T.);
#1990=EDGE_CURVE('',#2684,#2685,#3096,.F.);
#1991=EDGE_CURVE('',#2685,#2686,#3097,.T.);
#1992=EDGE_CURVE('',#2686,#2687,#3098,.T.);
#1993=EDGE_CURVE('',#2687,#2684,#3099,.T.);
#1994=EDGE_CURVE('',#2688,#2689,#3100,.F.);
#1995=EDGE_CURVE('',#2689,#2690,#3101,.T.);
#1996=EDGE_CURVE('',#2690,#2691,#3102,.T.);
#1997=EDGE_CURVE('',#2691,#2688,#3103,.T.);
#1998=EDGE_CURVE('',#2692,#2693,#3104,.F.);
#1999=EDGE_CURVE('',#2693,#2694,#3105,.T.);
#2000=EDGE_CURVE('',#2694,#2695,#3106,.T.);
#2001=EDGE_CURVE('',#2695,#2692,#3107,.T.);
#2002=EDGE_CURVE('',#2696,#2697,#3108,.F.);
#2003=EDGE_CURVE('',#2697,#2698,#3109,.T.);
#2004=EDGE_CURVE('',#2698,#2699,#3110,.T.);
#2005=EDGE_CURVE('',#2699,#2696,#3111,.T.);
#2006=EDGE_CURVE('',#2700,#2701,#3112,.F.);
#2007=EDGE_CURVE('',#2701,#2702,#3113,.T.);
#2008=EDGE_CURVE('',#2702,#2703,#3114,.T.);
#2009=EDGE_CURVE('',#2703,#2700,#3115,.T.);
#2010=EDGE_CURVE('',#2704,#2705,#3116,.F.);
#2011=EDGE_CURVE('',#2705,#2706,#3117,.T.);
#2012=EDGE_CURVE('',#2706,#2707,#3118,.T.);
#2013=EDGE_CURVE('',#2707,#2704,#3119,.T.);
#2014=EDGE_CURVE('',#2708,#2709,#3120,.T.);
#2015=EDGE_CURVE('',#2709,#2710,#3121,.T.);
#2016=EDGE_CURVE('',#2710,#2711,#3122,.T.);
#2017=EDGE_CURVE('',#2711,#2708,#3123,.T.);
#2018=EDGE_CURVE('',#2712,#2713,#3124,.F.);
#2019=EDGE_CURVE('',#2713,#2714,#3125,.T.);
#2020=EDGE_CURVE('',#2714,#2715,#3126,.T.);
#2021=EDGE_CURVE('',#2715,#2712,#3127,.T.);
#2022=EDGE_CURVE('',#2716,#2717,#3128,.F.);
#2023=EDGE_CURVE('',#2717,#2718,#3129,.T.);
#2024=EDGE_CURVE('',#2718,#2719,#3130,.T.);
#2025=EDGE_CURVE('',#2719,#2716,#3131,.T.);
#2026=EDGE_CURVE('',#2720,#2721,#3132,.F.);
#2027=EDGE_CURVE('',#2721,#2722,#3133,.T.);
#2028=EDGE_CURVE('',#2722,#2723,#3134,.T.);
#2029=EDGE_CURVE('',#2723,#2720,#3135,.T.);
#2030=EDGE_CURVE('',#2724,#2725,#3136,.F.);
#2031=EDGE_CURVE('',#2725,#2726,#3137,.T.);
#2032=EDGE_CURVE('',#2726,#2727,#3138,.T.);
#2033=EDGE_CURVE('',#2727,#2724,#3139,.T.);
#2034=EDGE_CURVE('',#2728,#2729,#3140,.F.);
#2035=EDGE_CURVE('',#2729,#2730,#3141,.T.);
#2036=EDGE_CURVE('',#2730,#2731,#3142,.T.);
#2037=EDGE_CURVE('',#2731,#2728,#3143,.T.);
#2038=EDGE_CURVE('',#2732,#2733,#3144,.T.);
#2039=EDGE_CURVE('',#2732,#2734,#254,.T.);
#2040=EDGE_CURVE('',#2734,#2735,#3145,.T.);
#2041=EDGE_CURVE('',#2735,#2733,#255,.F.);
#2042=EDGE_CURVE('',#2736,#2737,#3146,.T.);
#2043=EDGE_CURVE('',#2736,#2732,#3147,.T.);
#2044=EDGE_CURVE('',#2733,#2737,#3148,.T.);
#2045=EDGE_CURVE('',#2738,#2739,#3149,.T.);
#2046=EDGE_CURVE('',#2738,#2736,#256,.T.);
#2047=EDGE_CURVE('',#2737,#2739,#257,.F.);
#2048=EDGE_CURVE('',#2740,#2741,#3150,.T.);
#2049=EDGE_CURVE('',#2740,#2742,#258,.T.);
#2050=EDGE_CURVE('',#2742,#2743,#3151,.T.);
#2051=EDGE_CURVE('',#2743,#2741,#259,.F.);
#2052=EDGE_CURVE('',#2744,#2745,#3152,.T.);
#2053=EDGE_CURVE('',#2744,#2740,#3153,.T.);
#2054=EDGE_CURVE('',#2741,#2745,#3154,.T.);
#2055=EDGE_CURVE('',#2746,#2747,#3155,.T.);
#2056=EDGE_CURVE('',#2746,#2744,#260,.T.);
#2057=EDGE_CURVE('',#2745,#2747,#261,.F.);
#2058=EDGE_CURVE('',#2748,#2749,#3156,.F.);
#2059=EDGE_CURVE('',#2749,#2750,#3157,.T.);
#2060=EDGE_CURVE('',#2750,#2751,#3158,.T.);
#2061=EDGE_CURVE('',#2751,#2748,#3159,.T.);
#2062=EDGE_CURVE('',#2752,#2752,#262,.T.);
#2063=EDGE_CURVE('',#2753,#2753,#263,.T.);
#2064=EDGE_CURVE('',#2754,#2754,#264,.T.);
#2065=EDGE_CURVE('',#2755,#2755,#265,.T.);
#2066=EDGE_CURVE('',#2756,#2756,#266,.F.);
#2067=EDGE_CURVE('',#2757,#2757,#267,.T.);
#2068=EDGE_CURVE('',#2758,#2758,#268,.F.);
#2069=EDGE_CURVE('',#2759,#2759,#269,.T.);
#2070=EDGE_CURVE('',#2760,#2760,#270,.T.);
#2071=EDGE_CURVE('',#2761,#2761,#271,.T.);
#2072=EDGE_CURVE('',#2762,#2762,#272,.T.);
#2073=EDGE_CURVE('',#2763,#2763,#273,.T.);
#2074=EDGE_CURVE('',#2764,#2764,#274,.T.);
#2075=EDGE_CURVE('',#2765,#2765,#275,.T.);
#2076=EDGE_CURVE('',#2766,#2766,#276,.T.);
#2077=EDGE_CURVE('',#2767,#2767,#277,.T.);
#2078=EDGE_CURVE('',#2768,#2768,#278,.T.);
#2079=EDGE_CURVE('',#2769,#2769,#279,.T.);
#2080=EDGE_CURVE('',#2770,#2770,#280,.T.);
#2081=EDGE_CURVE('',#2771,#2771,#281,.T.);
#2082=EDGE_CURVE('',#2772,#2772,#282,.T.);
#2083=EDGE_CURVE('',#2773,#2773,#283,.T.);
#2084=EDGE_CURVE('',#2774,#2774,#284,.T.);
#2085=EDGE_CURVE('',#2775,#2775,#285,.T.);
#2086=EDGE_CURVE('',#2776,#2776,#286,.T.);
#2087=EDGE_CURVE('',#2777,#2777,#287,.T.);
#2088=EDGE_CURVE('',#2778,#2778,#288,.T.);
#2089=EDGE_CURVE('',#2779,#2779,#289,.T.);
#2090=EDGE_CURVE('',#2780,#2780,#290,.T.);
#2091=EDGE_CURVE('',#2781,#2781,#291,.T.);
#2092=EDGE_CURVE('',#2782,#2782,#292,.T.);
#2093=EDGE_CURVE('',#2783,#2783,#293,.T.);
#2094=EDGE_CURVE('',#2784,#2784,#294,.T.);
#2095=EDGE_CURVE('',#2785,#2785,#295,.T.);
#2096=EDGE_CURVE('',#2786,#2786,#296,.T.);
#2097=EDGE_CURVE('',#2787,#2787,#297,.T.);
#2098=EDGE_CURVE('',#2734,#2738,#3160,.T.);
#2099=EDGE_CURVE('',#2739,#2735,#3161,.T.);
#2100=EDGE_CURVE('',#2742,#2746,#3162,.T.);
#2101=EDGE_CURVE('',#2747,#2743,#3163,.T.);
#2102=EDGE_CURVE('',#2570,#2574,#3164,.T.);
#2103=EDGE_CURVE('',#2575,#2571,#3165,.T.);
#2104=EDGE_CURVE('',#2788,#2789,#298,.T.);
#2105=EDGE_CURVE('',#2789,#2790,#3166,.T.);
#2106=EDGE_CURVE('',#2790,#2791,#299,.F.);
#2107=EDGE_CURVE('',#2791,#2792,#3167,.T.);
#2108=EDGE_CURVE('',#2792,#2793,#300,.F.);
#2109=EDGE_CURVE('',#2793,#2794,#3168,.T.);
#2110=EDGE_CURVE('',#2794,#2795,#301,.T.);
#2111=EDGE_CURVE('',#2795,#2796,#3169,.T.);
#2112=EDGE_CURVE('',#2796,#2797,#302,.T.);
#2113=EDGE_CURVE('',#2797,#2798,#3170,.T.);
#2114=EDGE_CURVE('',#2798,#2799,#303,.T.);
#2115=EDGE_CURVE('',#2799,#2800,#3171,.T.);
#2116=EDGE_CURVE('',#2800,#2801,#304,.T.);
#2117=EDGE_CURVE('',#2801,#2802,#3172,.T.);
#2118=EDGE_CURVE('',#2802,#2803,#305,.F.);
#2119=EDGE_CURVE('',#2803,#2804,#3173,.T.);
#2120=EDGE_CURVE('',#2804,#2805,#306,.F.);
#2121=EDGE_CURVE('',#2805,#2806,#3174,.T.);
#2122=EDGE_CURVE('',#2806,#2807,#307,.T.);
#2123=EDGE_CURVE('',#2807,#2808,#3175,.T.);
#2124=EDGE_CURVE('',#2808,#2809,#308,.T.);
#2125=EDGE_CURVE('',#2809,#2810,#3176,.T.);
#2126=EDGE_CURVE('',#2810,#2811,#309,.F.);
#2127=EDGE_CURVE('',#2811,#2812,#3177,.T.);
#2128=EDGE_CURVE('',#2812,#2813,#310,.F.);
#2129=EDGE_CURVE('',#2813,#2814,#3178,.T.);
#2130=EDGE_CURVE('',#2814,#2815,#311,.T.);
#2131=EDGE_CURVE('',#2815,#2816,#3179,.T.);
#2132=EDGE_CURVE('',#2816,#2817,#312,.T.);
#2133=EDGE_CURVE('',#2817,#2818,#313,.F.);
#2134=EDGE_CURVE('',#2818,#2819,#3180,.T.);
#2135=EDGE_CURVE('',#2819,#2820,#314,.F.);
#2136=EDGE_CURVE('',#2820,#2821,#3181,.T.);
#2137=EDGE_CURVE('',#2821,#2822,#315,.T.);
#2138=EDGE_CURVE('',#2822,#2823,#3182,.T.);
#2139=EDGE_CURVE('',#2823,#2824,#316,.T.);
#2140=EDGE_CURVE('',#2824,#2825,#3183,.T.);
#2141=EDGE_CURVE('',#2825,#2826,#317,.T.);
#2142=EDGE_CURVE('',#2826,#2827,#3184,.T.);
#2143=EDGE_CURVE('',#2827,#2828,#318,.T.);
#2144=EDGE_CURVE('',#2828,#2829,#3185,.T.);
#2145=EDGE_CURVE('',#2829,#2830,#319,.F.);
#2146=EDGE_CURVE('',#2830,#2831,#3186,.T.);
#2147=EDGE_CURVE('',#2831,#2832,#320,.F.);
#2148=EDGE_CURVE('',#2832,#2833,#3187,.T.);
#2149=EDGE_CURVE('',#2833,#2834,#321,.F.);
#2150=EDGE_CURVE('',#2834,#2835,#3188,.T.);
#2151=EDGE_CURVE('',#2835,#2836,#322,.F.);
#2152=EDGE_CURVE('',#2836,#2837,#3189,.T.);
#2153=EDGE_CURVE('',#2837,#2838,#323,.T.);
#2154=EDGE_CURVE('',#2838,#2839,#3190,.T.);
#2155=EDGE_CURVE('',#2839,#2840,#324,.T.);
#2156=EDGE_CURVE('',#2840,#2841,#3191,.T.);
#2157=EDGE_CURVE('',#2841,#2842,#325,.T.);
#2158=EDGE_CURVE('',#2842,#2843,#3192,.T.);
#2159=EDGE_CURVE('',#2843,#2844,#326,.T.);
#2160=EDGE_CURVE('',#2844,#2845,#3193,.T.);
#2161=EDGE_CURVE('',#2845,#2846,#327,.F.);
#2162=EDGE_CURVE('',#2846,#2847,#3194,.T.);
#2163=EDGE_CURVE('',#2847,#2848,#328,.F.);
#2164=EDGE_CURVE('',#2848,#2849,#329,.T.);
#2165=EDGE_CURVE('',#2849,#2850,#3195,.T.);
#2166=EDGE_CURVE('',#2850,#2851,#330,.T.);
#2167=EDGE_CURVE('',#2851,#2852,#3196,.T.);
#2168=EDGE_CURVE('',#2852,#2853,#331,.F.);
#2169=EDGE_CURVE('',#2853,#2854,#3197,.T.);
#2170=EDGE_CURVE('',#2854,#2855,#332,.F.);
#2171=EDGE_CURVE('',#2855,#2856,#3198,.T.);
#2172=EDGE_CURVE('',#2856,#2857,#333,.T.);
#2173=EDGE_CURVE('',#2857,#2858,#3199,.T.);
#2174=EDGE_CURVE('',#2858,#2859,#334,.T.);
#2175=EDGE_CURVE('',#2859,#2860,#3200,.T.);
#2176=EDGE_CURVE('',#2860,#2861,#335,.F.);
#2177=EDGE_CURVE('',#2861,#2862,#3201,.T.);
#2178=EDGE_CURVE('',#2862,#2863,#336,.F.);
#2179=EDGE_CURVE('',#2863,#2864,#3202,.T.);
#2180=EDGE_CURVE('',#2864,#2865,#337,.T.);
#2181=EDGE_CURVE('',#2865,#2866,#3203,.T.);
#2182=EDGE_CURVE('',#2866,#2867,#338,.T.);
#2183=EDGE_CURVE('',#2867,#2868,#3204,.T.);
#2184=EDGE_CURVE('',#2868,#2869,#339,.T.);
#2185=EDGE_CURVE('',#2869,#2788,#3205,.T.);
#2186=EDGE_CURVE('',#2870,#2871,#340,.F.);
#2187=EDGE_CURVE('',#2871,#2872,#3206,.T.);
#2188=EDGE_CURVE('',#2872,#2873,#341,.F.);
#2189=EDGE_CURVE('',#2873,#2870,#3207,.T.);
#2190=EDGE_CURVE('',#2874,#2875,#342,.F.);
#2191=EDGE_CURVE('',#2875,#2876,#3208,.T.);
#2192=EDGE_CURVE('',#2876,#2877,#343,.F.);
#2193=EDGE_CURVE('',#2877,#2874,#3209,.T.);
#2194=EDGE_CURVE('',#2878,#2879,#344,.F.);
#2195=EDGE_CURVE('',#2879,#2880,#3210,.T.);
#2196=EDGE_CURVE('',#2880,#2881,#345,.F.);
#2197=EDGE_CURVE('',#2881,#2878,#3211,.T.);
#2198=EDGE_CURVE('',#2882,#2882,#346,.T.);
#2199=EDGE_CURVE('',#2883,#2883,#347,.T.);
#2200=EDGE_CURVE('',#2884,#2885,#348,.T.);
#2201=EDGE_CURVE('',#2885,#2886,#3212,.T.);
#2202=EDGE_CURVE('',#2886,#2887,#349,.F.);
#2203=EDGE_CURVE('',#2887,#2888,#3213,.T.);
#2204=EDGE_CURVE('',#2888,#2889,#350,.F.);
#2205=EDGE_CURVE('',#2889,#2890,#3214,.T.);
#2206=EDGE_CURVE('',#2890,#2891,#351,.F.);
#2207=EDGE_CURVE('',#2891,#2892,#3215,.T.);
#2208=EDGE_CURVE('',#2892,#2893,#352,.F.);
#2209=EDGE_CURVE('',#2893,#2894,#3216,.T.);
#2210=EDGE_CURVE('',#2894,#2895,#353,.T.);
#2211=EDGE_CURVE('',#2895,#2896,#3217,.T.);
#2212=EDGE_CURVE('',#2896,#2897,#354,.T.);
#2213=EDGE_CURVE('',#2897,#2898,#3218,.T.);
#2214=EDGE_CURVE('',#2898,#2899,#355,.F.);
#2215=EDGE_CURVE('',#2899,#2900,#3219,.T.);
#2216=EDGE_CURVE('',#2900,#2901,#356,.F.);
#2217=EDGE_CURVE('',#2901,#2902,#3220,.T.);
#2218=EDGE_CURVE('',#2902,#2903,#357,.T.);
#2219=EDGE_CURVE('',#2903,#2904,#3221,.T.);
#2220=EDGE_CURVE('',#2904,#2905,#358,.T.);
#2221=EDGE_CURVE('',#2905,#2906,#3222,.T.);
#2222=EDGE_CURVE('',#2906,#2907,#359,.F.);
#2223=EDGE_CURVE('',#2907,#2908,#3223,.T.);
#2224=EDGE_CURVE('',#2908,#2909,#360,.F.);
#2225=EDGE_CURVE('',#2909,#2910,#361,.T.);
#2226=EDGE_CURVE('',#2910,#2911,#3224,.T.);
#2227=EDGE_CURVE('',#2911,#2912,#362,.T.);
#2228=EDGE_CURVE('',#2912,#2913,#3225,.T.);
#2229=EDGE_CURVE('',#2913,#2914,#363,.F.);
#2230=EDGE_CURVE('',#2914,#2915,#3226,.T.);
#2231=EDGE_CURVE('',#2915,#2916,#364,.F.);
#2232=EDGE_CURVE('',#2916,#2917,#3227,.T.);
#2233=EDGE_CURVE('',#2917,#2918,#365,.F.);
#2234=EDGE_CURVE('',#2918,#2919,#3228,.T.);
#2235=EDGE_CURVE('',#2919,#2920,#366,.F.);
#2236=EDGE_CURVE('',#2920,#2921,#3229,.T.);
#2237=EDGE_CURVE('',#2921,#2922,#367,.T.);
#2238=EDGE_CURVE('',#2922,#2923,#3230,.T.);
#2239=EDGE_CURVE('',#2923,#2924,#368,.T.);
#2240=EDGE_CURVE('',#2924,#2925,#3231,.T.);
#2241=EDGE_CURVE('',#2925,#2926,#369,.T.);
#2242=EDGE_CURVE('',#2926,#2927,#3232,.T.);
#2243=EDGE_CURVE('',#2927,#2928,#370,.T.);
#2244=EDGE_CURVE('',#2928,#2929,#3233,.T.);
#2245=EDGE_CURVE('',#2929,#2930,#371,.F.);
#2246=EDGE_CURVE('',#2930,#2931,#3234,.T.);
#2247=EDGE_CURVE('',#2931,#2932,#372,.F.);
#2248=EDGE_CURVE('',#2932,#2933,#3235,.T.);
#2249=EDGE_CURVE('',#2933,#2934,#373,.F.);
#2250=EDGE_CURVE('',#2934,#2935,#3236,.T.);
#2251=EDGE_CURVE('',#2935,#2936,#374,.F.);
#2252=EDGE_CURVE('',#2936,#2937,#3237,.T.);
#2253=EDGE_CURVE('',#2937,#2938,#375,.T.);
#2254=EDGE_CURVE('',#2938,#2939,#3238,.T.);
#2255=EDGE_CURVE('',#2939,#2940,#376,.T.);
#2256=EDGE_CURVE('',#2940,#2941,#377,.F.);
#2257=EDGE_CURVE('',#2941,#2942,#3239,.T.);
#2258=EDGE_CURVE('',#2942,#2943,#378,.F.);
#2259=EDGE_CURVE('',#2943,#2944,#3240,.T.);
#2260=EDGE_CURVE('',#2944,#2945,#379,.T.);
#2261=EDGE_CURVE('',#2945,#2946,#3241,.T.);
#2262=EDGE_CURVE('',#2946,#2947,#380,.T.);
#2263=EDGE_CURVE('',#2947,#2948,#3242,.T.);
#2264=EDGE_CURVE('',#2948,#2949,#381,.F.);
#2265=EDGE_CURVE('',#2949,#2950,#3243,.T.);
#2266=EDGE_CURVE('',#2950,#2951,#382,.F.);
#2267=EDGE_CURVE('',#2951,#2952,#3244,.T.);
#2268=EDGE_CURVE('',#2952,#2953,#383,.T.);
#2269=EDGE_CURVE('',#2953,#2954,#3245,.T.);
#2270=EDGE_CURVE('',#2954,#2955,#384,.T.);
#2271=EDGE_CURVE('',#2955,#2956,#3246,.T.);
#2272=EDGE_CURVE('',#2956,#2957,#385,.F.);
#2273=EDGE_CURVE('',#2957,#2958,#3247,.T.);
#2274=EDGE_CURVE('',#2958,#2959,#386,.F.);
#2275=EDGE_CURVE('',#2959,#2960,#3248,.T.);
#2276=EDGE_CURVE('',#2960,#2961,#387,.F.);
#2277=EDGE_CURVE('',#2961,#2962,#3249,.T.);
#2278=EDGE_CURVE('',#2962,#2963,#388,.F.);
#2279=EDGE_CURVE('',#2963,#2964,#3250,.T.);
#2280=EDGE_CURVE('',#2964,#2965,#389,.T.);
#2281=EDGE_CURVE('',#2965,#2884,#3251,.T.);
#2282=EDGE_CURVE('',#2966,#2967,#390,.T.);
#2283=EDGE_CURVE('',#2967,#2968,#3252,.T.);
#2284=EDGE_CURVE('',#2968,#2969,#391,.T.);
#2285=EDGE_CURVE('',#2969,#2966,#3253,.T.);
#2286=EDGE_CURVE('',#2970,#2971,#392,.T.);
#2287=EDGE_CURVE('',#2971,#2972,#3254,.T.);
#2288=EDGE_CURVE('',#2972,#2973,#393,.T.);
#2289=EDGE_CURVE('',#2973,#2970,#3255,.T.);
#2290=EDGE_CURVE('',#2974,#2975,#394,.T.);
#2291=EDGE_CURVE('',#2975,#2976,#3256,.T.);
#2292=EDGE_CURVE('',#2976,#2977,#395,.T.);
#2293=EDGE_CURVE('',#2977,#2974,#3257,.T.);
#2294=EDGE_CURVE('',#2662,#2657,#396,.T.);
#2295=EDGE_CURVE('',#2656,#2663,#397,.F.);
#2296=EDGE_CURVE('',#2666,#2661,#398,.T.);
#2297=EDGE_CURVE('',#2660,#2667,#399,.F.);
#2298=EDGE_CURVE('',#2718,#2713,#400,.T.);
#2299=EDGE_CURVE('',#2712,#2719,#401,.F.);
#2300=EDGE_CURVE('',#2610,#2605,#402,.T.);
#2301=EDGE_CURVE('',#2604,#2611,#403,.F.);
#2302=EDGE_CURVE('',#2978,#2979,#3258,.T.);
#2303=EDGE_CURVE('',#2979,#2609,#404,.T.);
#2304=EDGE_CURVE('',#2608,#2978,#405,.F.);
#2305=EDGE_CURVE('',#2714,#2980,#406,.T.);
#2306=EDGE_CURVE('',#2980,#2981,#3259,.F.);
#2307=EDGE_CURVE('',#2981,#2715,#407,.F.);
#2308=EDGE_CURVE('',#2706,#2701,#408,.T.);
#2309=EDGE_CURVE('',#2700,#2707,#409,.F.);
#2310=EDGE_CURVE('',#2702,#2697,#410,.T.);
#2311=EDGE_CURVE('',#2696,#2703,#411,.F.);
#2312=EDGE_CURVE('',#2622,#2617,#412,.T.);
#2313=EDGE_CURVE('',#2616,#2623,#413,.F.);
#2314=EDGE_CURVE('',#2626,#2621,#414,.T.);
#2315=EDGE_CURVE('',#2620,#2627,#415,.F.);
#2316=EDGE_CURVE('',#2686,#2681,#416,.T.);
#2317=EDGE_CURVE('',#2680,#2687,#417,.F.);
#2318=EDGE_CURVE('',#2642,#2637,#418,.T.);
#2319=EDGE_CURVE('',#2636,#2643,#419,.F.);
#2320=EDGE_CURVE('',#2690,#2685,#420,.T.);
#2321=EDGE_CURVE('',#2684,#2691,#421,.F.);
#2322=EDGE_CURVE('',#2694,#2689,#422,.F.);
#2323=EDGE_CURVE('',#2688,#2695,#423,.T.);
#2324=EDGE_CURVE('',#2634,#2629,#424,.F.);
#2325=EDGE_CURVE('',#2628,#2635,#425,.T.);
#2326=EDGE_CURVE('',#2638,#2633,#426,.T.);
#2327=EDGE_CURVE('',#2632,#2639,#427,.F.);
#2328=EDGE_CURVE('',#2578,#2749,#428,.T.);
#2329=EDGE_CURVE('',#2748,#2579,#429,.F.);
#2330=EDGE_CURVE('',#2590,#2585,#430,.T.);
#2331=EDGE_CURVE('',#2584,#2591,#431,.F.);
#2332=EDGE_CURVE('',#2586,#2581,#432,.T.);
#2333=EDGE_CURVE('',#2580,#2587,#433,.F.);
#2334=EDGE_CURVE('',#2582,#2577,#434,.T.);
#2335=EDGE_CURVE('',#2576,#2583,#435,.F.);
#2336=EDGE_CURVE('',#2658,#2653,#436,.F.);
#2337=EDGE_CURVE('',#2652,#2659,#437,.T.);
#2338=EDGE_CURVE('',#2630,#2625,#438,.F.);
#2339=EDGE_CURVE('',#2624,#2631,#439,.T.);
#2340=EDGE_CURVE('',#2618,#2613,#440,.F.);
#2341=EDGE_CURVE('',#2612,#2619,#441,.T.);
#2342=EDGE_CURVE('',#2614,#2979,#442,.F.);
#2343=EDGE_CURVE('',#2978,#2615,#443,.T.);
#2344=EDGE_CURVE('',#2980,#2709,#444,.F.);
#2345=EDGE_CURVE('',#2708,#2981,#445,.T.);
#2346=EDGE_CURVE('',#2710,#2705,#446,.F.);
#2347=EDGE_CURVE('',#2704,#2711,#447,.T.);
#2348=EDGE_CURVE('',#2698,#2693,#448,.F.);
#2349=EDGE_CURVE('',#2692,#2699,#449,.T.);
#2350=EDGE_CURVE('',#2750,#2729,#450,.F.);
#2351=EDGE_CURVE('',#2728,#2751,#451,.T.);
#2352=EDGE_CURVE('',#2730,#2725,#452,.F.);
#2353=EDGE_CURVE('',#2724,#2731,#453,.T.);
#2354=EDGE_CURVE('',#2726,#2721,#454,.F.);
#2355=EDGE_CURVE('',#2720,#2727,#455,.T.);
#2356=EDGE_CURVE('',#2722,#2717,#456,.F.);
#2357=EDGE_CURVE('',#2716,#2723,#457,.T.);
#2358=EDGE_CURVE('',#2682,#2677,#458,.F.);
#2359=EDGE_CURVE('',#2676,#2683,#459,.T.);
#2360=EDGE_CURVE('',#2678,#2673,#460,.F.);
#2361=EDGE_CURVE('',#2672,#2679,#461,.T.);
#2362=EDGE_CURVE('',#2654,#2649,#462,.F.);
#2363=EDGE_CURVE('',#2648,#2655,#463,.T.);
#2364=EDGE_CURVE('',#2670,#2665,#464,.F.);
#2365=EDGE_CURVE('',#2664,#2671,#465,.T.);
#2366=EDGE_CURVE('',#2674,#2669,#466,.F.);
#2367=EDGE_CURVE('',#2668,#2675,#467,.T.);
#2368=EDGE_CURVE('',#2650,#2645,#468,.F.);
#2369=EDGE_CURVE('',#2644,#2651,#469,.T.);
#2370=EDGE_CURVE('',#2646,#2641,#470,.F.);
#2371=EDGE_CURVE('',#2640,#2647,#471,.T.);
#2372=EDGE_CURVE('',#2606,#2601,#472,.F.);
#2373=EDGE_CURVE('',#2600,#2607,#473,.T.);
#2374=EDGE_CURVE('',#2602,#2597,#474,.F.);
#2375=EDGE_CURVE('',#2596,#2603,#475,.T.);
#2376=EDGE_CURVE('',#2598,#2593,#476,.F.);
#2377=EDGE_CURVE('',#2592,#2599,#477,.T.);
#2378=EDGE_CURVE('',#2594,#2589,#478,.F.);
#2379=EDGE_CURVE('',#2588,#2595,#479,.T.);
#2380=EDGE_CURVE('',#2831,#2577,#3260,.T.);
#2381=EDGE_CURVE('',#2578,#2830,#3261,.T.);
#2382=EDGE_CURVE('',#2749,#2829,#3262,.T.);
#2383=EDGE_CURVE('',#2832,#2582,#3263,.T.);
#2384=EDGE_CURVE('',#2750,#2828,#3264,.T.);
#2385=EDGE_CURVE('',#2833,#2581,#3265,.T.);
#2386=EDGE_CURVE('',#2729,#2827,#3266,.T.);
#2387=EDGE_CURVE('',#2834,#2586,#3267,.T.);
#2388=EDGE_CURVE('',#2730,#2826,#3268,.T.);
#2389=EDGE_CURVE('',#2835,#2585,#3269,.T.);
#2390=EDGE_CURVE('',#2725,#2825,#3270,.T.);
#2391=EDGE_CURVE('',#2836,#2590,#3271,.T.);
#2392=EDGE_CURVE('',#2726,#2824,#3272,.T.);
#2393=EDGE_CURVE('',#2837,#2589,#3273,.T.);
#2394=EDGE_CURVE('',#2721,#2823,#3274,.T.);
#2395=EDGE_CURVE('',#2838,#2594,#3275,.T.);
#2396=EDGE_CURVE('',#2722,#2822,#3276,.T.);
#2397=EDGE_CURVE('',#2839,#2593,#3277,.T.);
#2398=EDGE_CURVE('',#2717,#2821,#3278,.T.);
#2399=EDGE_CURVE('',#2840,#2598,#3279,.T.);
#2400=EDGE_CURVE('',#2718,#2820,#3280,.T.);
#2401=EDGE_CURVE('',#2841,#2597,#3281,.T.);
#2402=EDGE_CURVE('',#2713,#2819,#3282,.T.);
#2403=EDGE_CURVE('',#2842,#2602,#3283,.T.);
#2404=EDGE_CURVE('',#2714,#2818,#3284,.T.);
#2405=EDGE_CURVE('',#2843,#2601,#3285,.T.);
#2406=EDGE_CURVE('',#2980,#2817,#3286,.T.);
#2407=EDGE_CURVE('',#2844,#2606,#3287,.T.);
#2408=EDGE_CURVE('',#2709,#2816,#3288,.T.);
#2409=EDGE_CURVE('',#2845,#2605,#3289,.T.);
#2410=EDGE_CURVE('',#2710,#2815,#3290,.T.);
#2411=EDGE_CURVE('',#2846,#2610,#3291,.T.);
#2412=EDGE_CURVE('',#2705,#2814,#3292,.T.);
#2413=EDGE_CURVE('',#2847,#2609,#3293,.T.);
#2414=EDGE_CURVE('',#2706,#2813,#3294,.T.);
#2415=EDGE_CURVE('',#2848,#2979,#3295,.T.);
#2416=EDGE_CURVE('',#2701,#2812,#3296,.T.);
#2417=EDGE_CURVE('',#2849,#2614,#3297,.T.);
#2418=EDGE_CURVE('',#2702,#2811,#3298,.T.);
#2419=EDGE_CURVE('',#2850,#2613,#3299,.T.);
#2420=EDGE_CURVE('',#2697,#2810,#3300,.T.);
#2421=EDGE_CURVE('',#2851,#2618,#3301,.T.);
#2422=EDGE_CURVE('',#2698,#2809,#3302,.T.);
#2423=EDGE_CURVE('',#2852,#2617,#3303,.T.);
#2424=EDGE_CURVE('',#2693,#2808,#3304,.T.);
#2425=EDGE_CURVE('',#2853,#2622,#3305,.T.);
#2426=EDGE_CURVE('',#2694,#2807,#3306,.T.);
#2427=EDGE_CURVE('',#2854,#2621,#3307,.T.);
#2428=EDGE_CURVE('',#2689,#2806,#3308,.T.);
#2429=EDGE_CURVE('',#2855,#2626,#3309,.T.);
#2430=EDGE_CURVE('',#2690,#2805,#3310,.T.);
#2431=EDGE_CURVE('',#2856,#2625,#3311,.T.);
#2432=EDGE_CURVE('',#2685,#2804,#3312,.T.);
#2433=EDGE_CURVE('',#2857,#2630,#3313,.T.);
#2434=EDGE_CURVE('',#2686,#2803,#3314,.T.);
#2435=EDGE_CURVE('',#2858,#2629,#3315,.T.);
#2436=EDGE_CURVE('',#2681,#2802,#3316,.T.);
#2437=EDGE_CURVE('',#2859,#2634,#3317,.T.);
#2438=EDGE_CURVE('',#2682,#2801,#3318,.T.);
#2439=EDGE_CURVE('',#2860,#2633,#3319,.T.);
#2440=EDGE_CURVE('',#2677,#2800,#3320,.T.);
#2441=EDGE_CURVE('',#2861,#2638,#3321,.T.);
#2442=EDGE_CURVE('',#2678,#2799,#3322,.T.);
#2443=EDGE_CURVE('',#2862,#2637,#3323,.T.);
#2444=EDGE_CURVE('',#2673,#2798,#3324,.T.);
#2445=EDGE_CURVE('',#2863,#2642,#3325,.T.);
#2446=EDGE_CURVE('',#2674,#2797,#3326,.T.);
#2447=EDGE_CURVE('',#2864,#2641,#3327,.T.);
#2448=EDGE_CURVE('',#2669,#2796,#3328,.T.);
#2449=EDGE_CURVE('',#2865,#2646,#3329,.T.);
#2450=EDGE_CURVE('',#2670,#2795,#3330,.T.);
#2451=EDGE_CURVE('',#2866,#2645,#3331,.T.);
#2452=EDGE_CURVE('',#2665,#2794,#3332,.T.);
#2453=EDGE_CURVE('',#2867,#2650,#3333,.T.);
#2454=EDGE_CURVE('',#2666,#2793,#3334,.T.);
#2455=EDGE_CURVE('',#2868,#2649,#3335,.T.);
#2456=EDGE_CURVE('',#2661,#2792,#3336,.T.);
#2457=EDGE_CURVE('',#2869,#2654,#3337,.T.);
#2458=EDGE_CURVE('',#2662,#2791,#3338,.T.);
#2459=EDGE_CURVE('',#2788,#2653,#3339,.T.);
#2460=EDGE_CURVE('',#2657,#2790,#3340,.T.);
#2461=EDGE_CURVE('',#2789,#2658,#3341,.T.);
#2462=EDGE_CURVE('',#2576,#2926,#3342,.T.);
#2463=EDGE_CURVE('',#2927,#2579,#3343,.T.);
#2464=EDGE_CURVE('',#2928,#2748,#3344,.T.);
#2465=EDGE_CURVE('',#2583,#2925,#3345,.T.);
#2466=EDGE_CURVE('',#2929,#2751,#3346,.T.);
#2467=EDGE_CURVE('',#2580,#2924,#3347,.T.);
#2468=EDGE_CURVE('',#2930,#2728,#3348,.T.);
#2469=EDGE_CURVE('',#2587,#2923,#3349,.T.);
#2470=EDGE_CURVE('',#2931,#2731,#3350,.T.);
#2471=EDGE_CURVE('',#2584,#2922,#3351,.T.);
#2472=EDGE_CURVE('',#2932,#2724,#3352,.T.);
#2473=EDGE_CURVE('',#2591,#2921,#3353,.T.);
#2474=EDGE_CURVE('',#2933,#2727,#3354,.T.);
#2475=EDGE_CURVE('',#2588,#2920,#3355,.T.);
#2476=EDGE_CURVE('',#2934,#2720,#3356,.T.);
#2477=EDGE_CURVE('',#2595,#2919,#3357,.T.);
#2478=EDGE_CURVE('',#2935,#2723,#3358,.T.);
#2479=EDGE_CURVE('',#2592,#2918,#3359,.T.);
#2480=EDGE_CURVE('',#2936,#2716,#3360,.T.);
#2481=EDGE_CURVE('',#2599,#2917,#3361,.T.);
#2482=EDGE_CURVE('',#2937,#2719,#3362,.T.);
#2483=EDGE_CURVE('',#2596,#2916,#3363,.T.);
#2484=EDGE_CURVE('',#2938,#2712,#3364,.T.);
#2485=EDGE_CURVE('',#2603,#2915,#3365,.T.);
#2486=EDGE_CURVE('',#2939,#2715,#3366,.T.);
#2487=EDGE_CURVE('',#2600,#2914,#3367,.T.);
#2488=EDGE_CURVE('',#2940,#2981,#3368,.T.);
#2489=EDGE_CURVE('',#2607,#2913,#3369,.T.);
#2490=EDGE_CURVE('',#2941,#2708,#3370,.T.);
#2491=EDGE_CURVE('',#2604,#2912,#3371,.T.);
#2492=EDGE_CURVE('',#2942,#2711,#3372,.T.);
#2493=EDGE_CURVE('',#2611,#2911,#3373,.T.);
#2494=EDGE_CURVE('',#2943,#2704,#3374,.T.);
#2495=EDGE_CURVE('',#2608,#2910,#3375,.T.);
#2496=EDGE_CURVE('',#2944,#2707,#3376,.T.);
#2497=EDGE_CURVE('',#2978,#2909,#3377,.T.);
#2498=EDGE_CURVE('',#2945,#2700,#3378,.T.);
#2499=EDGE_CURVE('',#2615,#2908,#3379,.T.);
#2500=EDGE_CURVE('',#2946,#2703,#3380,.T.);
#2501=EDGE_CURVE('',#2612,#2907,#3381,.T.);
#2502=EDGE_CURVE('',#2947,#2696,#3382,.T.);
#2503=EDGE_CURVE('',#2619,#2906,#3383,.T.);
#2504=EDGE_CURVE('',#2948,#2699,#3384,.T.);
#2505=EDGE_CURVE('',#2616,#2905,#3385,.T.);
#2506=EDGE_CURVE('',#2949,#2692,#3386,.T.);
#2507=EDGE_CURVE('',#2623,#2904,#3387,.T.);
#2508=EDGE_CURVE('',#2950,#2695,#3388,.T.);
#2509=EDGE_CURVE('',#2620,#2903,#3389,.T.);
#2510=EDGE_CURVE('',#2951,#2688,#3390,.T.);
#2511=EDGE_CURVE('',#2627,#2902,#3391,.T.);
#2512=EDGE_CURVE('',#2952,#2691,#3392,.T.);
#2513=EDGE_CURVE('',#2624,#2901,#3393,.T.);
#2514=EDGE_CURVE('',#2953,#2684,#3394,.T.);
#2515=EDGE_CURVE('',#2631,#2900,#3395,.T.);
#2516=EDGE_CURVE('',#2954,#2687,#3396,.T.);
#2517=EDGE_CURVE('',#2628,#2899,#3397,.T.);
#2518=EDGE_CURVE('',#2955,#2680,#3398,.T.);
#2519=EDGE_CURVE('',#2635,#2898,#3399,.T.);
#2520=EDGE_CURVE('',#2956,#2683,#3400,.T.);
#2521=EDGE_CURVE('',#2632,#2897,#3401,.T.);
#2522=EDGE_CURVE('',#2957,#2676,#3402,.T.);
#2523=EDGE_CURVE('',#2639,#2896,#3403,.T.);
#2524=EDGE_CURVE('',#2958,#2679,#3404,.T.);
#2525=EDGE_CURVE('',#2636,#2895,#3405,.T.);
#2526=EDGE_CURVE('',#2959,#2672,#3406,.T.);
#2527=EDGE_CURVE('',#2643,#2894,#3407,.T.);
#2528=EDGE_CURVE('',#2960,#2675,#3408,.T.);
#2529=EDGE_CURVE('',#2640,#2893,#3409,.T.);
#2530=EDGE_CURVE('',#2961,#2668,#3410,.T.);
#2531=EDGE_CURVE('',#2647,#2892,#3411,.T.);
#2532=EDGE_CURVE('',#2962,#2671,#3412,.T.);
#2533=EDGE_CURVE('',#2644,#2891,#3413,.T.);
#2534=EDGE_CURVE('',#2963,#2664,#3414,.T.);
#2535=EDGE_CURVE('',#2651,#2890,#3415,.T.);
#2536=EDGE_CURVE('',#2964,#2667,#3416,.T.);
#2537=EDGE_CURVE('',#2648,#2889,#3417,.T.);
#2538=EDGE_CURVE('',#2965,#2660,#3418,.T.);
#2539=EDGE_CURVE('',#2655,#2888,#3419,.T.);
#2540=EDGE_CURVE('',#2884,#2663,#3420,.T.);
#2541=EDGE_CURVE('',#2652,#2887,#3421,.T.);
#2542=EDGE_CURVE('',#2885,#2656,#3422,.T.);
#2543=EDGE_CURVE('',#2659,#2886,#3423,.T.);
#2544=EDGE_CURVE('',#2870,#2736,#3424,.T.);
#2545=EDGE_CURVE('',#2732,#2873,#3425,.T.);
#2546=EDGE_CURVE('',#2734,#2872,#3426,.T.);
#2547=EDGE_CURVE('',#2871,#2738,#3427,.T.);
#2548=EDGE_CURVE('',#2737,#2969,#3428,.T.);
#2549=EDGE_CURVE('',#2966,#2733,#3429,.T.);
#2550=EDGE_CURVE('',#2967,#2735,#3430,.T.);
#2551=EDGE_CURVE('',#2739,#2968,#3431,.T.);
#2552=EDGE_CURVE('',#2874,#2744,#3432,.T.);
#2553=EDGE_CURVE('',#2740,#2877,#3433,.T.);
#2554=EDGE_CURVE('',#2742,#2876,#3434,.T.);
#2555=EDGE_CURVE('',#2875,#2746,#3435,.T.);
#2556=EDGE_CURVE('',#2745,#2973,#3436,.T.);
#2557=EDGE_CURVE('',#2970,#2741,#3437,.T.);
#2558=EDGE_CURVE('',#2971,#2743,#3438,.T.);
#2559=EDGE_CURVE('',#2747,#2972,#3439,.T.);
#2560=EDGE_CURVE('',#2878,#2572,#3440,.T.);
#2561=EDGE_CURVE('',#2568,#2881,#3441,.T.);
#2562=EDGE_CURVE('',#2570,#2880,#3442,.T.);
#2563=EDGE_CURVE('',#2879,#2574,#3443,.T.);
#2564=EDGE_CURVE('',#2573,#2977,#3444,.T.);
#2565=EDGE_CURVE('',#2974,#2569,#3445,.T.);
#2566=EDGE_CURVE('',#2975,#2571,#3446,.T.);
#2567=EDGE_CURVE('',#2575,#2976,#3447,.T.);
#2568=VERTEX_POINT('',#7102);
#2569=VERTEX_POINT('',#7103);
#2570=VERTEX_POINT('',#7105);
#2571=VERTEX_POINT('',#7107);
#2572=VERTEX_POINT('',#7111);
#2573=VERTEX_POINT('',#7112);
#2574=VERTEX_POINT('',#7117);
#2575=VERTEX_POINT('',#7118);
#2576=VERTEX_POINT('',#7123);
#2577=VERTEX_POINT('',#7124);
#2578=VERTEX_POINT('',#7126);
#2579=VERTEX_POINT('',#7128);
#2580=VERTEX_POINT('',#7132);
#2581=VERTEX_POINT('',#7133);
#2582=VERTEX_POINT('',#7135);
#2583=VERTEX_POINT('',#7137);
#2584=VERTEX_POINT('',#7141);
#2585=VERTEX_POINT('',#7142);
#2586=VERTEX_POINT('',#7144);
#2587=VERTEX_POINT('',#7146);
#2588=VERTEX_POINT('',#7150);
#2589=VERTEX_POINT('',#7151);
#2590=VERTEX_POINT('',#7153);
#2591=VERTEX_POINT('',#7155);
#2592=VERTEX_POINT('',#7159);
#2593=VERTEX_POINT('',#7160);
#2594=VERTEX_POINT('',#7162);
#2595=VERTEX_POINT('',#7164);
#2596=VERTEX_POINT('',#7168);
#2597=VERTEX_POINT('',#7169);
#2598=VERTEX_POINT('',#7171);
#2599=VERTEX_POINT('',#7173);
#2600=VERTEX_POINT('',#7177);
#2601=VERTEX_POINT('',#7178);
#2602=VERTEX_POINT('',#7180);
#2603=VERTEX_POINT('',#7182);
#2604=VERTEX_POINT('',#7186);
#2605=VERTEX_POINT('',#7187);
#2606=VERTEX_POINT('',#7189);
#2607=VERTEX_POINT('',#7191);
#2608=VERTEX_POINT('',#7195);
#2609=VERTEX_POINT('',#7196);
#2610=VERTEX_POINT('',#7198);
#2611=VERTEX_POINT('',#7200);
#2612=VERTEX_POINT('',#7204);
#2613=VERTEX_POINT('',#7205);
#2614=VERTEX_POINT('',#7207);
#2615=VERTEX_POINT('',#7209);
#2616=VERTEX_POINT('',#7213);
#2617=VERTEX_POINT('',#7214);
#2618=VERTEX_POINT('',#7216);
#2619=VERTEX_POINT('',#7218);
#2620=VERTEX_POINT('',#7222);
#2621=VERTEX_POINT('',#7223);
#2622=VERTEX_POINT('',#7225);
#2623=VERTEX_POINT('',#7227);
#2624=VERTEX_POINT('',#7231);
#2625=VERTEX_POINT('',#7232);
#2626=VERTEX_POINT('',#7234);
#2627=VERTEX_POINT('',#7236);
#2628=VERTEX_POINT('',#7240);
#2629=VERTEX_POINT('',#7241);
#2630=VERTEX_POINT('',#7243);
#2631=VERTEX_POINT('',#7245);
#2632=VERTEX_POINT('',#7249);
#2633=VERTEX_POINT('',#7250);
#2634=VERTEX_POINT('',#7252);
#2635=VERTEX_POINT('',#7254);
#2636=VERTEX_POINT('',#7258);
#2637=VERTEX_POINT('',#7259);
#2638=VERTEX_POINT('',#7261);
#2639=VERTEX_POINT('',#7263);
#2640=VERTEX_POINT('',#7267);
#2641=VERTEX_POINT('',#7268);
#2642=VERTEX_POINT('',#7270);
#2643=VERTEX_POINT('',#7272);
#2644=VERTEX_POINT('',#7276);
#2645=VERTEX_POINT('',#7277);
#2646=VERTEX_POINT('',#7279);
#2647=VERTEX_POINT('',#7281);
#2648=VERTEX_POINT('',#7285);
#2649=VERTEX_POINT('',#7286);
#2650=VERTEX_POINT('',#7288);
#2651=VERTEX_POINT('',#7290);
#2652=VERTEX_POINT('',#7294);
#2653=VERTEX_POINT('',#7295);
#2654=VERTEX_POINT('',#7297);
#2655=VERTEX_POINT('',#7299);
#2656=VERTEX_POINT('',#7303);
#2657=VERTEX_POINT('',#7304);
#2658=VERTEX_POINT('',#7306);
#2659=VERTEX_POINT('',#7308);
#2660=VERTEX_POINT('',#7312);
#2661=VERTEX_POINT('',#7313);
#2662=VERTEX_POINT('',#7315);
#2663=VERTEX_POINT('',#7317);
#2664=VERTEX_POINT('',#7321);
#2665=VERTEX_POINT('',#7322);
#2666=VERTEX_POINT('',#7324);
#2667=VERTEX_POINT('',#7326);
#2668=VERTEX_POINT('',#7330);
#2669=VERTEX_POINT('',#7331);
#2670=VERTEX_POINT('',#7333);
#2671=VERTEX_POINT('',#7335);
#2672=VERTEX_POINT('',#7339);
#2673=VERTEX_POINT('',#7340);
#2674=VERTEX_POINT('',#7342);
#2675=VERTEX_POINT('',#7344);
#2676=VERTEX_POINT('',#7348);
#2677=VERTEX_POINT('',#7349);
#2678=VERTEX_POINT('',#7351);
#2679=VERTEX_POINT('',#7353);
#2680=VERTEX_POINT('',#7357);
#2681=VERTEX_POINT('',#7358);
#2682=VERTEX_POINT('',#7360);
#2683=VERTEX_POINT('',#7362);
#2684=VERTEX_POINT('',#7366);
#2685=VERTEX_POINT('',#7367);
#2686=VERTEX_POINT('',#7369);
#2687=VERTEX_POINT('',#7371);
#2688=VERTEX_POINT('',#7375);
#2689=VERTEX_POINT('',#7376);
#2690=VERTEX_POINT('',#7378);
#2691=VERTEX_POINT('',#7380);
#2692=VERTEX_POINT('',#7384);
#2693=VERTEX_POINT('',#7385);
#2694=VERTEX_POINT('',#7387);
#2695=VERTEX_POINT('',#7389);
#2696=VERTEX_POINT('',#7393);
#2697=VERTEX_POINT('',#7394);
#2698=VERTEX_POINT('',#7396);
#2699=VERTEX_POINT('',#7398);
#2700=VERTEX_POINT('',#7402);
#2701=VERTEX_POINT('',#7403);
#2702=VERTEX_POINT('',#7405);
#2703=VERTEX_POINT('',#7407);
#2704=VERTEX_POINT('',#7411);
#2705=VERTEX_POINT('',#7412);
#2706=VERTEX_POINT('',#7414);
#2707=VERTEX_POINT('',#7416);
#2708=VERTEX_POINT('',#7420);
#2709=VERTEX_POINT('',#7421);
#2710=VERTEX_POINT('',#7423);
#2711=VERTEX_POINT('',#7425);
#2712=VERTEX_POINT('',#7429);
#2713=VERTEX_POINT('',#7430);
#2714=VERTEX_POINT('',#7432);
#2715=VERTEX_POINT('',#7434);
#2716=VERTEX_POINT('',#7438);
#2717=VERTEX_POINT('',#7439);
#2718=VERTEX_POINT('',#7441);
#2719=VERTEX_POINT('',#7443);
#2720=VERTEX_POINT('',#7447);
#2721=VERTEX_POINT('',#7448);
#2722=VERTEX_POINT('',#7450);
#2723=VERTEX_POINT('',#7452);
#2724=VERTEX_POINT('',#7456);
#2725=VERTEX_POINT('',#7457);
#2726=VERTEX_POINT('',#7459);
#2727=VERTEX_POINT('',#7461);
#2728=VERTEX_POINT('',#7465);
#2729=VERTEX_POINT('',#7466);
#2730=VERTEX_POINT('',#7468);
#2731=VERTEX_POINT('',#7470);
#2732=VERTEX_POINT('',#7474);
#2733=VERTEX_POINT('',#7475);
#2734=VERTEX_POINT('',#7477);
#2735=VERTEX_POINT('',#7479);
#2736=VERTEX_POINT('',#7483);
#2737=VERTEX_POINT('',#7484);
#2738=VERTEX_POINT('',#7489);
#2739=VERTEX_POINT('',#7490);
#2740=VERTEX_POINT('',#7495);
#2741=VERTEX_POINT('',#7496);
#2742=VERTEX_POINT('',#7498);
#2743=VERTEX_POINT('',#7500);
#2744=VERTEX_POINT('',#7504);
#2745=VERTEX_POINT('',#7505);
#2746=VERTEX_POINT('',#7510);
#2747=VERTEX_POINT('',#7511);
#2748=VERTEX_POINT('',#7516);
#2749=VERTEX_POINT('',#7517);
#2750=VERTEX_POINT('',#7519);
#2751=VERTEX_POINT('',#7521);
#2752=VERTEX_POINT('',#7525);
#2753=VERTEX_POINT('',#7527);
#2754=VERTEX_POINT('',#7530);
#2755=VERTEX_POINT('',#7532);
#2756=VERTEX_POINT('',#7535);
#2757=VERTEX_POINT('',#7537);
#2758=VERTEX_POINT('',#7540);
#2759=VERTEX_POINT('',#7542);
#2760=VERTEX_POINT('',#7545);
#2761=VERTEX_POINT('',#7547);
#2762=VERTEX_POINT('',#7550);
#2763=VERTEX_POINT('',#7552);
#2764=VERTEX_POINT('',#7555);
#2765=VERTEX_POINT('',#7557);
#2766=VERTEX_POINT('',#7560);
#2767=VERTEX_POINT('',#7562);
#2768=VERTEX_POINT('',#7565);
#2769=VERTEX_POINT('',#7567);
#2770=VERTEX_POINT('',#7570);
#2771=VERTEX_POINT('',#7572);
#2772=VERTEX_POINT('',#7575);
#2773=VERTEX_POINT('',#7577);
#2774=VERTEX_POINT('',#7580);
#2775=VERTEX_POINT('',#7582);
#2776=VERTEX_POINT('',#7585);
#2777=VERTEX_POINT('',#7587);
#2778=VERTEX_POINT('',#7590);
#2779=VERTEX_POINT('',#7592);
#2780=VERTEX_POINT('',#7595);
#2781=VERTEX_POINT('',#7597);
#2782=VERTEX_POINT('',#7600);
#2783=VERTEX_POINT('',#7602);
#2784=VERTEX_POINT('',#7605);
#2785=VERTEX_POINT('',#7607);
#2786=VERTEX_POINT('',#7610);
#2787=VERTEX_POINT('',#7612);
#2788=VERTEX_POINT('',#7624);
#2789=VERTEX_POINT('',#7625);
#2790=VERTEX_POINT('',#7627);
#2791=VERTEX_POINT('',#7629);
#2792=VERTEX_POINT('',#7631);
#2793=VERTEX_POINT('',#7633);
#2794=VERTEX_POINT('',#7635);
#2795=VERTEX_POINT('',#7637);
#2796=VERTEX_POINT('',#7639);
#2797=VERTEX_POINT('',#7641);
#2798=VERTEX_POINT('',#7643);
#2799=VERTEX_POINT('',#7645);
#2800=VERTEX_POINT('',#7647);
#2801=VERTEX_POINT('',#7649);
#2802=VERTEX_POINT('',#7651);
#2803=VERTEX_POINT('',#7653);
#2804=VERTEX_POINT('',#7655);
#2805=VERTEX_POINT('',#7657);
#2806=VERTEX_POINT('',#7659);
#2807=VERTEX_POINT('',#7661);
#2808=VERTEX_POINT('',#7663);
#2809=VERTEX_POINT('',#7665);
#2810=VERTEX_POINT('',#7667);
#2811=VERTEX_POINT('',#7669);
#2812=VERTEX_POINT('',#7671);
#2813=VERTEX_POINT('',#7673);
#2814=VERTEX_POINT('',#7675);
#2815=VERTEX_POINT('',#7677);
#2816=VERTEX_POINT('',#7679);
#2817=VERTEX_POINT('',#7681);
#2818=VERTEX_POINT('',#7683);
#2819=VERTEX_POINT('',#7685);
#2820=VERTEX_POINT('',#7687);
#2821=VERTEX_POINT('',#7689);
#2822=VERTEX_POINT('',#7691);
#2823=VERTEX_POINT('',#7693);
#2824=VERTEX_POINT('',#7695);
#2825=VERTEX_POINT('',#7697);
#2826=VERTEX_POINT('',#7699);
#2827=VERTEX_POINT('',#7701);
#2828=VERTEX_POINT('',#7703);
#2829=VERTEX_POINT('',#7705);
#2830=VERTEX_POINT('',#7707);
#2831=VERTEX_POINT('',#7709);
#2832=VERTEX_POINT('',#7711);
#2833=VERTEX_POINT('',#7713);
#2834=VERTEX_POINT('',#7715);
#2835=VERTEX_POINT('',#7717);
#2836=VERTEX_POINT('',#7719);
#2837=VERTEX_POINT('',#7721);
#2838=VERTEX_POINT('',#7723);
#2839=VERTEX_POINT('',#7725);
#2840=VERTEX_POINT('',#7727);
#2841=VERTEX_POINT('',#7729);
#2842=VERTEX_POINT('',#7731);
#2843=VERTEX_POINT('',#7733);
#2844=VERTEX_POINT('',#7735);
#2845=VERTEX_POINT('',#7737);
#2846=VERTEX_POINT('',#7739);
#2847=VERTEX_POINT('',#7741);
#2848=VERTEX_POINT('',#7743);
#2849=VERTEX_POINT('',#7745);
#2850=VERTEX_POINT('',#7747);
#2851=VERTEX_POINT('',#7749);
#2852=VERTEX_POINT('',#7751);
#2853=VERTEX_POINT('',#7753);
#2854=VERTEX_POINT('',#7755);
#2855=VERTEX_POINT('',#7757);
#2856=VERTEX_POINT('',#7759);
#2857=VERTEX_POINT('',#7761);
#2858=VERTEX_POINT('',#7763);
#2859=VERTEX_POINT('',#7765);
#2860=VERTEX_POINT('',#7767);
#2861=VERTEX_POINT('',#7769);
#2862=VERTEX_POINT('',#7771);
#2863=VERTEX_POINT('',#7773);
#2864=VERTEX_POINT('',#7775);
#2865=VERTEX_POINT('',#7777);
#2866=VERTEX_POINT('',#7779);
#2867=VERTEX_POINT('',#7781);
#2868=VERTEX_POINT('',#7783);
#2869=VERTEX_POINT('',#7785);
#2870=VERTEX_POINT('',#7788);
#2871=VERTEX_POINT('',#7789);
#2872=VERTEX_POINT('',#7791);
#2873=VERTEX_POINT('',#7793);
#2874=VERTEX_POINT('',#7796);
#2875=VERTEX_POINT('',#7797);
#2876=VERTEX_POINT('',#7799);
#2877=VERTEX_POINT('',#7801);
#2878=VERTEX_POINT('',#7804);
#2879=VERTEX_POINT('',#7805);
#2880=VERTEX_POINT('',#7807);
#2881=VERTEX_POINT('',#7809);
#2882=VERTEX_POINT('',#7813);
#2883=VERTEX_POINT('',#7815);
#2884=VERTEX_POINT('',#7817);
#2885=VERTEX_POINT('',#7818);
#2886=VERTEX_POINT('',#7820);
#2887=VERTEX_POINT('',#7822);
#2888=VERTEX_POINT('',#7824);
#2889=VERTEX_POINT('',#7826);
#2890=VERTEX_POINT('',#7828);
#2891=VERTEX_POINT('',#7830);
#2892=VERTEX_POINT('',#7832);
#2893=VERTEX_POINT('',#7834);
#2894=VERTEX_POINT('',#7836);
#2895=VERTEX_POINT('',#7838);
#2896=VERTEX_POINT('',#7840);
#2897=VERTEX_POINT('',#7842);
#2898=VERTEX_POINT('',#7844);
#2899=VERTEX_POINT('',#7846);
#2900=VERTEX_POINT('',#7848);
#2901=VERTEX_POINT('',#7850);
#2902=VERTEX_POINT('',#7852);
#2903=VERTEX_POINT('',#7854);
#2904=VERTEX_POINT('',#7856);
#2905=VERTEX_POINT('',#7858);
#2906=VERTEX_POINT('',#7860);
#2907=VERTEX_POINT('',#7862);
#2908=VERTEX_POINT('',#7864);
#2909=VERTEX_POINT('',#7866);
#2910=VERTEX_POINT('',#7868);
#2911=VERTEX_POINT('',#7870);
#2912=VERTEX_POINT('',#7872);
#2913=VERTEX_POINT('',#7874);
#2914=VERTEX_POINT('',#7876);
#2915=VERTEX_POINT('',#7878);
#2916=VERTEX_POINT('',#7880);
#2917=VERTEX_POINT('',#7882);
#2918=VERTEX_POINT('',#7884);
#2919=VERTEX_POINT('',#7886);
#2920=VERTEX_POINT('',#7888);
#2921=VERTEX_POINT('',#7890);
#2922=VERTEX_POINT('',#7892);
#2923=VERTEX_POINT('',#7894);
#2924=VERTEX_POINT('',#7896);
#2925=VERTEX_POINT('',#7898);
#2926=VERTEX_POINT('',#7900);
#2927=VERTEX_POINT('',#7902);
#2928=VERTEX_POINT('',#7904);
#2929=VERTEX_POINT('',#7906);
#2930=VERTEX_POINT('',#7908);
#2931=VERTEX_POINT('',#7910);
#2932=VERTEX_POINT('',#7912);
#2933=VERTEX_POINT('',#7914);
#2934=VERTEX_POINT('',#7916);
#2935=VERTEX_POINT('',#7918);
#2936=VERTEX_POINT('',#7920);
#2937=VERTEX_POINT('',#7922);
#2938=VERTEX_POINT('',#7924);
#2939=VERTEX_POINT('',#7926);
#2940=VERTEX_POINT('',#7928);
#2941=VERTEX_POINT('',#7930);
#2942=VERTEX_POINT('',#7932);
#2943=VERTEX_POINT('',#7934);
#2944=VERTEX_POINT('',#7936);
#2945=VERTEX_POINT('',#7938);
#2946=VERTEX_POINT('',#7940);
#2947=VERTEX_POINT('',#7942);
#2948=VERTEX_POINT('',#7944);
#2949=VERTEX_POINT('',#7946);
#2950=VERTEX_POINT('',#7948);
#2951=VERTEX_POINT('',#7950);
#2952=VERTEX_POINT('',#7952);
#2953=VERTEX_POINT('',#7954);
#2954=VERTEX_POINT('',#7956);
#2955=VERTEX_POINT('',#7958);
#2956=VERTEX_POINT('',#7960);
#2957=VERTEX_POINT('',#7962);
#2958=VERTEX_POINT('',#7964);
#2959=VERTEX_POINT('',#7966);
#2960=VERTEX_POINT('',#7968);
#2961=VERTEX_POINT('',#7970);
#2962=VERTEX_POINT('',#7972);
#2963=VERTEX_POINT('',#7974);
#2964=VERTEX_POINT('',#7976);
#2965=VERTEX_POINT('',#7978);
#2966=VERTEX_POINT('',#7981);
#2967=VERTEX_POINT('',#7982);
#2968=VERTEX_POINT('',#7984);
#2969=VERTEX_POINT('',#7986);
#2970=VERTEX_POINT('',#7989);
#2971=VERTEX_POINT('',#7990);
#2972=VERTEX_POINT('',#7992);
#2973=VERTEX_POINT('',#7994);
#2974=VERTEX_POINT('',#7997);
#2975=VERTEX_POINT('',#7998);
#2976=VERTEX_POINT('',#8000);
#2977=VERTEX_POINT('',#8002);
#2978=VERTEX_POINT('',#8018);
#2979=VERTEX_POINT('',#8019);
#2980=VERTEX_POINT('',#8024);
#2981=VERTEX_POINT('',#8026);
#2982=LINE('',#7101,#3448);
#2983=LINE('',#7106,#3449);
#2984=LINE('',#7110,#3450);
#2985=LINE('',#7113,#3451);
#2986=LINE('',#7114,#3452);
#2987=LINE('',#7116,#3453);
#2988=LINE('',#7122,#3454);
#2989=LINE('',#7125,#3455);
#2990=LINE('',#7127,#3456);
#2991=LINE('',#7129,#3457);
#2992=LINE('',#7131,#3458);
#2993=LINE('',#7134,#3459);
#2994=LINE('',#7136,#3460);
#2995=LINE('',#7138,#3461);
#2996=LINE('',#7140,#3462);
#2997=LINE('',#7143,#3463);
#2998=LINE('',#7145,#3464);
#2999=LINE('',#7147,#3465);
#3000=LINE('',#7149,#3466);
#3001=LINE('',#7152,#3467);
#3002=LINE('',#7154,#3468);
#3003=LINE('',#7156,#3469);
#3004=LINE('',#7158,#3470);
#3005=LINE('',#7161,#3471);
#3006=LINE('',#7163,#3472);
#3007=LINE('',#7165,#3473);
#3008=LINE('',#7167,#3474);
#3009=LINE('',#7170,#3475);
#3010=LINE('',#7172,#3476);
#3011=LINE('',#7174,#3477);
#3012=LINE('',#7176,#3478);
#3013=LINE('',#7179,#3479);
#3014=LINE('',#7181,#3480);
#3015=LINE('',#7183,#3481);
#3016=LINE('',#7185,#3482);
#3017=LINE('',#7188,#3483);
#3018=LINE('',#7190,#3484);
#3019=LINE('',#7192,#3485);
#3020=LINE('',#7194,#3486);
#3021=LINE('',#7197,#3487);
#3022=LINE('',#7199,#3488);
#3023=LINE('',#7201,#3489);
#3024=LINE('',#7203,#3490);
#3025=LINE('',#7206,#3491);
#3026=LINE('',#7208,#3492);
#3027=LINE('',#7210,#3493);
#3028=LINE('',#7212,#3494);
#3029=LINE('',#7215,#3495);
#3030=LINE('',#7217,#3496);
#3031=LINE('',#7219,#3497);
#3032=LINE('',#7221,#3498);
#3033=LINE('',#7224,#3499);
#3034=LINE('',#7226,#3500);
#3035=LINE('',#7228,#3501);
#3036=LINE('',#7230,#3502);
#3037=LINE('',#7233,#3503);
#3038=LINE('',#7235,#3504);
#3039=LINE('',#7237,#3505);
#3040=LINE('',#7239,#3506);
#3041=LINE('',#7242,#3507);
#3042=LINE('',#7244,#3508);
#3043=LINE('',#7246,#3509);
#3044=LINE('',#7248,#3510);
#3045=LINE('',#7251,#3511);
#3046=LINE('',#7253,#3512);
#3047=LINE('',#7255,#3513);
#3048=LINE('',#7257,#3514);
#3049=LINE('',#7260,#3515);
#3050=LINE('',#7262,#3516);
#3051=LINE('',#7264,#3517);
#3052=LINE('',#7266,#3518);
#3053=LINE('',#7269,#3519);
#3054=LINE('',#7271,#3520);
#3055=LINE('',#7273,#3521);
#3056=LINE('',#7275,#3522);
#3057=LINE('',#7278,#3523);
#3058=LINE('',#7280,#3524);
#3059=LINE('',#7282,#3525);
#3060=LINE('',#7284,#3526);
#3061=LINE('',#7287,#3527);
#3062=LINE('',#7289,#3528);
#3063=LINE('',#7291,#3529);
#3064=LINE('',#7293,#3530);
#3065=LINE('',#7296,#3531);
#3066=LINE('',#7298,#3532);
#3067=LINE('',#7300,#3533);
#3068=LINE('',#7302,#3534);
#3069=LINE('',#7305,#3535);
#3070=LINE('',#7307,#3536);
#3071=LINE('',#7309,#3537);
#3072=LINE('',#7311,#3538);
#3073=LINE('',#7314,#3539);
#3074=LINE('',#7316,#3540);
#3075=LINE('',#7318,#3541);
#3076=LINE('',#7320,#3542);
#3077=LINE('',#7323,#3543);
#3078=LINE('',#7325,#3544);
#3079=LINE('',#7327,#3545);
#3080=LINE('',#7329,#3546);
#3081=LINE('',#7332,#3547);
#3082=LINE('',#7334,#3548);
#3083=LINE('',#7336,#3549);
#3084=LINE('',#7338,#3550);
#3085=LINE('',#7341,#3551);
#3086=LINE('',#7343,#3552);
#3087=LINE('',#7345,#3553);
#3088=LINE('',#7347,#3554);
#3089=LINE('',#7350,#3555);
#3090=LINE('',#7352,#3556);
#3091=LINE('',#7354,#3557);
#3092=LINE('',#7356,#3558);
#3093=LINE('',#7359,#3559);
#3094=LINE('',#7361,#3560);
#3095=LINE('',#7363,#3561);
#3096=LINE('',#7365,#3562);
#3097=LINE('',#7368,#3563);
#3098=LINE('',#7370,#3564);
#3099=LINE('',#7372,#3565);
#3100=LINE('',#7374,#3566);
#3101=LINE('',#7377,#3567);
#3102=LINE('',#7379,#3568);
#3103=LINE('',#7381,#3569);
#3104=LINE('',#7383,#3570);
#3105=LINE('',#7386,#3571);
#3106=LINE('',#7388,#3572);
#3107=LINE('',#7390,#3573);
#3108=LINE('',#7392,#3574);
#3109=LINE('',#7395,#3575);
#3110=LINE('',#7397,#3576);
#3111=LINE('',#7399,#3577);
#3112=LINE('',#7401,#3578);
#3113=LINE('',#7404,#3579);
#3114=LINE('',#7406,#3580);
#3115=LINE('',#7408,#3581);
#3116=LINE('',#7410,#3582);
#3117=LINE('',#7413,#3583);
#3118=LINE('',#7415,#3584);
#3119=LINE('',#7417,#3585);
#3120=LINE('',#7419,#3586);
#3121=LINE('',#7422,#3587);
#3122=LINE('',#7424,#3588);
#3123=LINE('',#7426,#3589);
#3124=LINE('',#7428,#3590);
#3125=LINE('',#7431,#3591);
#3126=LINE('',#7433,#3592);
#3127=LINE('',#7435,#3593);
#3128=LINE('',#7437,#3594);
#3129=LINE('',#7440,#3595);
#3130=LINE('',#7442,#3596);
#3131=LINE('',#7444,#3597);
#3132=LINE('',#7446,#3598);
#3133=LINE('',#7449,#3599);
#3134=LINE('',#7451,#3600);
#3135=LINE('',#7453,#3601);
#3136=LINE('',#7455,#3602);
#3137=LINE('',#7458,#3603);
#3138=LINE('',#7460,#3604);
#3139=LINE('',#7462,#3605);
#3140=LINE('',#7464,#3606);
#3141=LINE('',#7467,#3607);
#3142=LINE('',#7469,#3608);
#3143=LINE('',#7471,#3609);
#3144=LINE('',#7473,#3610);
#3145=LINE('',#7478,#3611);
#3146=LINE('',#7482,#3612);
#3147=LINE('',#7485,#3613);
#3148=LINE('',#7486,#3614);
#3149=LINE('',#7488,#3615);
#3150=LINE('',#7494,#3616);
#3151=LINE('',#7499,#3617);
#3152=LINE('',#7503,#3618);
#3153=LINE('',#7506,#3619);
#3154=LINE('',#7507,#3620);
#3155=LINE('',#7509,#3621);
#3156=LINE('',#7515,#3622);
#3157=LINE('',#7518,#3623);
#3158=LINE('',#7520,#3624);
#3159=LINE('',#7522,#3625);
#3160=LINE('',#7614,#3626);
#3161=LINE('',#7615,#3627);
#3162=LINE('',#7617,#3628);
#3163=LINE('',#7618,#3629);
#3164=LINE('',#7620,#3630);
#3165=LINE('',#7621,#3631);
#3166=LINE('',#7626,#3632);
#3167=LINE('',#7630,#3633);
#3168=LINE('',#7634,#3634);
#3169=LINE('',#7638,#3635);
#3170=LINE('',#7642,#3636);
#3171=LINE('',#7646,#3637);
#3172=LINE('',#7650,#3638);
#3173=LINE('',#7654,#3639);
#3174=LINE('',#7658,#3640);
#3175=LINE('',#7662,#3641);
#3176=LINE('',#7666,#3642);
#3177=LINE('',#7670,#3643);
#3178=LINE('',#7674,#3644);
#3179=LINE('',#7678,#3645);
#3180=LINE('',#7684,#3646);
#3181=LINE('',#7688,#3647);
#3182=LINE('',#7692,#3648);
#3183=LINE('',#7696,#3649);
#3184=LINE('',#7700,#3650);
#3185=LINE('',#7704,#3651);
#3186=LINE('',#7708,#3652);
#3187=LINE('',#7712,#3653);
#3188=LINE('',#7716,#3654);
#3189=LINE('',#7720,#3655);
#3190=LINE('',#7724,#3656);
#3191=LINE('',#7728,#3657);
#3192=LINE('',#7732,#3658);
#3193=LINE('',#7736,#3659);
#3194=LINE('',#7740,#3660);
#3195=LINE('',#7746,#3661);
#3196=LINE('',#7750,#3662);
#3197=LINE('',#7754,#3663);
#3198=LINE('',#7758,#3664);
#3199=LINE('',#7762,#3665);
#3200=LINE('',#7766,#3666);
#3201=LINE('',#7770,#3667);
#3202=LINE('',#7774,#3668);
#3203=LINE('',#7778,#3669);
#3204=LINE('',#7782,#3670);
#3205=LINE('',#7786,#3671);
#3206=LINE('',#7790,#3672);
#3207=LINE('',#7794,#3673);
#3208=LINE('',#7798,#3674);
#3209=LINE('',#7802,#3675);
#3210=LINE('',#7806,#3676);
#3211=LINE('',#7810,#3677);
#3212=LINE('',#7819,#3678);
#3213=LINE('',#7823,#3679);
#3214=LINE('',#7827,#3680);
#3215=LINE('',#7831,#3681);
#3216=LINE('',#7835,#3682);
#3217=LINE('',#7839,#3683);
#3218=LINE('',#7843,#3684);
#3219=LINE('',#7847,#3685);
#3220=LINE('',#7851,#3686);
#3221=LINE('',#7855,#3687);
#3222=LINE('',#7859,#3688);
#3223=LINE('',#7863,#3689);
#3224=LINE('',#7869,#3690);
#3225=LINE('',#7873,#3691);
#3226=LINE('',#7877,#3692);
#3227=LINE('',#7881,#3693);
#3228=LINE('',#7885,#3694);
#3229=LINE('',#7889,#3695);
#3230=LINE('',#7893,#3696);
#3231=LINE('',#7897,#3697);
#3232=LINE('',#7901,#3698);
#3233=LINE('',#7905,#3699);
#3234=LINE('',#7909,#3700);
#3235=LINE('',#7913,#3701);
#3236=LINE('',#7917,#3702);
#3237=LINE('',#7921,#3703);
#3238=LINE('',#7925,#3704);
#3239=LINE('',#7931,#3705);
#3240=LINE('',#7935,#3706);
#3241=LINE('',#7939,#3707);
#3242=LINE('',#7943,#3708);
#3243=LINE('',#7947,#3709);
#3244=LINE('',#7951,#3710);
#3245=LINE('',#7955,#3711);
#3246=LINE('',#7959,#3712);
#3247=LINE('',#7963,#3713);
#3248=LINE('',#7967,#3714);
#3249=LINE('',#7971,#3715);
#3250=LINE('',#7975,#3716);
#3251=LINE('',#7979,#3717);
#3252=LINE('',#7983,#3718);
#3253=LINE('',#7987,#3719);
#3254=LINE('',#7991,#3720);
#3255=LINE('',#7995,#3721);
#3256=LINE('',#7999,#3722);
#3257=LINE('',#8003,#3723);
#3258=LINE('',#8017,#3724);
#3259=LINE('',#8025,#3725);
#3260=LINE('',#8137,#3726);
#3261=LINE('',#8138,#3727);
#3262=LINE('',#8140,#3728);
#3263=LINE('',#8142,#3729);
#3264=LINE('',#8144,#3730);
#3265=LINE('',#8146,#3731);
#3266=LINE('',#8148,#3732);
#3267=LINE('',#8150,#3733);
#3268=LINE('',#8152,#3734);
#3269=LINE('',#8154,#3735);
#3270=LINE('',#8156,#3736);
#3271=LINE('',#8158,#3737);
#3272=LINE('',#8160,#3738);
#3273=LINE('',#8162,#3739);
#3274=LINE('',#8164,#3740);
#3275=LINE('',#8166,#3741);
#3276=LINE('',#8168,#3742);
#3277=LINE('',#8170,#3743);
#3278=LINE('',#8172,#3744);
#3279=LINE('',#8174,#3745);
#3280=LINE('',#8176,#3746);
#3281=LINE('',#8178,#3747);
#3282=LINE('',#8180,#3748);
#3283=LINE('',#8182,#3749);
#3284=LINE('',#8184,#3750);
#3285=LINE('',#8186,#3751);
#3286=LINE('',#8188,#3752);
#3287=LINE('',#8190,#3753);
#3288=LINE('',#8192,#3754);
#3289=LINE('',#8194,#3755);
#3290=LINE('',#8196,#3756);
#3291=LINE('',#8198,#3757);
#3292=LINE('',#8200,#3758);
#3293=LINE('',#8202,#3759);
#3294=LINE('',#8204,#3760);
#3295=LINE('',#8206,#3761);
#3296=LINE('',#8208,#3762);
#3297=LINE('',#8210,#3763);
#3298=LINE('',#8212,#3764);
#3299=LINE('',#8214,#3765);
#3300=LINE('',#8216,#3766);
#3301=LINE('',#8218,#3767);
#3302=LINE('',#8220,#3768);
#3303=LINE('',#8222,#3769);
#3304=LINE('',#8224,#3770);
#3305=LINE('',#8226,#3771);
#3306=LINE('',#8228,#3772);
#3307=LINE('',#8230,#3773);
#3308=LINE('',#8232,#3774);
#3309=LINE('',#8234,#3775);
#3310=LINE('',#8236,#3776);
#3311=LINE('',#8238,#3777);
#3312=LINE('',#8240,#3778);
#3313=LINE('',#8242,#3779);
#3314=LINE('',#8244,#3780);
#3315=LINE('',#8246,#3781);
#3316=LINE('',#8248,#3782);
#3317=LINE('',#8250,#3783);
#3318=LINE('',#8252,#3784);
#3319=LINE('',#8254,#3785);
#3320=LINE('',#8256,#3786);
#3321=LINE('',#8258,#3787);
#3322=LINE('',#8260,#3788);
#3323=LINE('',#8262,#3789);
#3324=LINE('',#8264,#3790);
#3325=LINE('',#8266,#3791);
#3326=LINE('',#8268,#3792);
#3327=LINE('',#8270,#3793);
#3328=LINE('',#8272,#3794);
#3329=LINE('',#8274,#3795);
#3330=LINE('',#8276,#3796);
#3331=LINE('',#8278,#3797);
#3332=LINE('',#8280,#3798);
#3333=LINE('',#8282,#3799);
#3334=LINE('',#8284,#3800);
#3335=LINE('',#8286,#3801);
#3336=LINE('',#8288,#3802);
#3337=LINE('',#8290,#3803);
#3338=LINE('',#8292,#3804);
#3339=LINE('',#8294,#3805);
#3340=LINE('',#8296,#3806);
#3341=LINE('',#8298,#3807);
#3342=LINE('',#8301,#3808);
#3343=LINE('',#8302,#3809);
#3344=LINE('',#8304,#3810);
#3345=LINE('',#8306,#3811);
#3346=LINE('',#8308,#3812);
#3347=LINE('',#8310,#3813);
#3348=LINE('',#8312,#3814);
#3349=LINE('',#8314,#3815);
#3350=LINE('',#8316,#3816);
#3351=LINE('',#8318,#3817);
#3352=LINE('',#8320,#3818);
#3353=LINE('',#8322,#3819);
#3354=LINE('',#8324,#3820);
#3355=LINE('',#8326,#3821);
#3356=LINE('',#8328,#3822);
#3357=LINE('',#8330,#3823);
#3358=LINE('',#8332,#3824);
#3359=LINE('',#8334,#3825);
#3360=LINE('',#8336,#3826);
#3361=LINE('',#8338,#3827);
#3362=LINE('',#8340,#3828);
#3363=LINE('',#8342,#3829);
#3364=LINE('',#8344,#3830);
#3365=LINE('',#8346,#3831);
#3366=LINE('',#8348,#3832);
#3367=LINE('',#8350,#3833);
#3368=LINE('',#8352,#3834);
#3369=LINE('',#8354,#3835);
#3370=LINE('',#8356,#3836);
#3371=LINE('',#8358,#3837);
#3372=LINE('',#8360,#3838);
#3373=LINE('',#8362,#3839);
#3374=LINE('',#8364,#3840);
#3375=LINE('',#8366,#3841);
#3376=LINE('',#8368,#3842);
#3377=LINE('',#8370,#3843);
#3378=LINE('',#8372,#3844);
#3379=LINE('',#8374,#3845);
#3380=LINE('',#8376,#3846);
#3381=LINE('',#8378,#3847);
#3382=LINE('',#8380,#3848);
#3383=LINE('',#8382,#3849);
#3384=LINE('',#8384,#3850);
#3385=LINE('',#8386,#3851);
#3386=LINE('',#8388,#3852);
#3387=LINE('',#8390,#3853);
#3388=LINE('',#8392,#3854);
#3389=LINE('',#8394,#3855);
#3390=LINE('',#8396,#3856);
#3391=LINE('',#8398,#3857);
#3392=LINE('',#8400,#3858);
#3393=LINE('',#8402,#3859);
#3394=LINE('',#8404,#3860);
#3395=LINE('',#8406,#3861);
#3396=LINE('',#8408,#3862);
#3397=LINE('',#8410,#3863);
#3398=LINE('',#8412,#3864);
#3399=LINE('',#8414,#3865);
#3400=LINE('',#8416,#3866);
#3401=LINE('',#8418,#3867);
#3402=LINE('',#8420,#3868);
#3403=LINE('',#8422,#3869);
#3404=LINE('',#8424,#3870);
#3405=LINE('',#8426,#3871);
#3406=LINE('',#8428,#3872);
#3407=LINE('',#8430,#3873);
#3408=LINE('',#8432,#3874);
#3409=LINE('',#8434,#3875);
#3410=LINE('',#8436,#3876);
#3411=LINE('',#8438,#3877);
#3412=LINE('',#8440,#3878);
#3413=LINE('',#8442,#3879);
#3414=LINE('',#8444,#3880);
#3415=LINE('',#8446,#3881);
#3416=LINE('',#8448,#3882);
#3417=LINE('',#8450,#3883);
#3418=LINE('',#8452,#3884);
#3419=LINE('',#8454,#3885);
#3420=LINE('',#8456,#3886);
#3421=LINE('',#8458,#3887);
#3422=LINE('',#8460,#3888);
#3423=LINE('',#8462,#3889);
#3424=LINE('',#8465,#3890);
#3425=LINE('',#8466,#3891);
#3426=LINE('',#8468,#3892);
#3427=LINE('',#8470,#3893);
#3428=LINE('',#8473,#3894);
#3429=LINE('',#8474,#3895);
#3430=LINE('',#8476,#3896);
#3431=LINE('',#8478,#3897);
#3432=LINE('',#8481,#3898);
#3433=LINE('',#8482,#3899);
#3434=LINE('',#8484,#3900);
#3435=LINE('',#8486,#3901);
#3436=LINE('',#8489,#3902);
#3437=LINE('',#8490,#3903);
#3438=LINE('',#8492,#3904);
#3439=LINE('',#8494,#3905);
#3440=LINE('',#8497,#3906);
#3441=LINE('',#8498,#3907);
#3442=LINE('',#8500,#3908);
#3443=LINE('',#8502,#3909);
#3444=LINE('',#8505,#3910);
#3445=LINE('',#8506,#3911);
#3446=LINE('',#8508,#3912);
#3447=LINE('',#8510,#3913);
#3448=VECTOR('',#5567,1.);
#3449=VECTOR('',#5570,1.);
#3450=VECTOR('',#5575,1.);
#3451=VECTOR('',#5576,1.);
#3452=VECTOR('',#5577,1.);
#3453=VECTOR('',#5580,1.);
#3454=VECTOR('',#5587,1.);
#3455=VECTOR('',#5588,1.);
#3456=VECTOR('',#5589,1.);
#3457=VECTOR('',#5590,1.);
#3458=VECTOR('',#5593,1.);
#3459=VECTOR('',#5594,1.);
#3460=VECTOR('',#5595,1.);
#3461=VECTOR('',#5596,1.);
#3462=VECTOR('',#5599,1.);
#3463=VECTOR('',#5600,1.);
#3464=VECTOR('',#5601,1.);
#3465=VECTOR('',#5602,1.);
#3466=VECTOR('',#5605,1.);
#3467=VECTOR('',#5606,1.);
#3468=VECTOR('',#5607,1.);
#3469=VECTOR('',#5608,1.);
#3470=VECTOR('',#5611,1.);
#3471=VECTOR('',#5612,1.);
#3472=VECTOR('',#5613,1.);
#3473=VECTOR('',#5614,1.);
#3474=VECTOR('',#5617,1.);
#3475=VECTOR('',#5618,1.);
#3476=VECTOR('',#5619,1.);
#3477=VECTOR('',#5620,1.);
#3478=VECTOR('',#5623,1.);
#3479=VECTOR('',#5624,1.);
#3480=VECTOR('',#5625,1.);
#3481=VECTOR('',#5626,1.);
#3482=VECTOR('',#5629,1.);
#3483=VECTOR('',#5630,1.);
#3484=VECTOR('',#5631,1.);
#3485=VECTOR('',#5632,1.);
#3486=VECTOR('',#5635,1.);
#3487=VECTOR('',#5636,1.);
#3488=VECTOR('',#5637,1.);
#3489=VECTOR('',#5638,1.);
#3490=VECTOR('',#5641,1.);
#3491=VECTOR('',#5642,1.);
#3492=VECTOR('',#5643,1.);
#3493=VECTOR('',#5644,1.);
#3494=VECTOR('',#5647,1.);
#3495=VECTOR('',#5648,1.);
#3496=VECTOR('',#5649,1.);
#3497=VECTOR('',#5650,1.);
#3498=VECTOR('',#5653,1.);
#3499=VECTOR('',#5654,1.);
#3500=VECTOR('',#5655,1.);
#3501=VECTOR('',#5656,1.);
#3502=VECTOR('',#5659,1.);
#3503=VECTOR('',#5660,1.);
#3504=VECTOR('',#5661,1.);
#3505=VECTOR('',#5662,1.);
#3506=VECTOR('',#5665,1.);
#3507=VECTOR('',#5666,1.);
#3508=VECTOR('',#5667,1.);
#3509=VECTOR('',#5668,1.);
#3510=VECTOR('',#5671,1.);
#3511=VECTOR('',#5672,1.);
#3512=VECTOR('',#5673,1.);
#3513=VECTOR('',#5674,1.);
#3514=VECTOR('',#5677,1.);
#3515=VECTOR('',#5678,1.);
#3516=VECTOR('',#5679,1.);
#3517=VECTOR('',#5680,1.);
#3518=VECTOR('',#5683,1.);
#3519=VECTOR('',#5684,1.);
#3520=VECTOR('',#5685,1.);
#3521=VECTOR('',#5686,1.);
#3522=VECTOR('',#5689,1.);
#3523=VECTOR('',#5690,1.);
#3524=VECTOR('',#5691,1.);
#3525=VECTOR('',#5692,1.);
#3526=VECTOR('',#5695,1.);
#3527=VECTOR('',#5696,1.);
#3528=VECTOR('',#5697,1.);
#3529=VECTOR('',#5698,1.);
#3530=VECTOR('',#5701,1.);
#3531=VECTOR('',#5702,1.);
#3532=VECTOR('',#5703,1.);
#3533=VECTOR('',#5704,1.);
#3534=VECTOR('',#5707,1.);
#3535=VECTOR('',#5708,1.);
#3536=VECTOR('',#5709,1.);
#3537=VECTOR('',#5710,1.);
#3538=VECTOR('',#5713,1.);
#3539=VECTOR('',#5714,1.);
#3540=VECTOR('',#5715,1.);
#3541=VECTOR('',#5716,1.);
#3542=VECTOR('',#5719,1.);
#3543=VECTOR('',#5720,1.);
#3544=VECTOR('',#5721,1.);
#3545=VECTOR('',#5722,1.);
#3546=VECTOR('',#5725,1.);
#3547=VECTOR('',#5726,1.);
#3548=VECTOR('',#5727,1.);
#3549=VECTOR('',#5728,1.);
#3550=VECTOR('',#5731,1.);
#3551=VECTOR('',#5732,1.);
#3552=VECTOR('',#5733,1.);
#3553=VECTOR('',#5734,1.);
#3554=VECTOR('',#5737,1.);
#3555=VECTOR('',#5738,1.);
#3556=VECTOR('',#5739,1.);
#3557=VECTOR('',#5740,1.);
#3558=VECTOR('',#5743,1.);
#3559=VECTOR('',#5744,1.);
#3560=VECTOR('',#5745,1.);
#3561=VECTOR('',#5746,1.);
#3562=VECTOR('',#5749,1.);
#3563=VECTOR('',#5750,1.);
#3564=VECTOR('',#5751,1.);
#3565=VECTOR('',#5752,1.);
#3566=VECTOR('',#5755,1.);
#3567=VECTOR('',#5756,1.);
#3568=VECTOR('',#5757,1.);
#3569=VECTOR('',#5758,1.);
#3570=VECTOR('',#5761,1.);
#3571=VECTOR('',#5762,1.);
#3572=VECTOR('',#5763,1.);
#3573=VECTOR('',#5764,1.);
#3574=VECTOR('',#5767,1.);
#3575=VECTOR('',#5768,1.);
#3576=VECTOR('',#5769,1.);
#3577=VECTOR('',#5770,1.);
#3578=VECTOR('',#5773,1.);
#3579=VECTOR('',#5774,1.);
#3580=VECTOR('',#5775,1.);
#3581=VECTOR('',#5776,1.);
#3582=VECTOR('',#5779,1.);
#3583=VECTOR('',#5780,1.);
#3584=VECTOR('',#5781,1.);
#3585=VECTOR('',#5782,1.);
#3586=VECTOR('',#5785,1.);
#3587=VECTOR('',#5786,1.);
#3588=VECTOR('',#5787,1.);
#3589=VECTOR('',#5788,1.);
#3590=VECTOR('',#5791,1.);
#3591=VECTOR('',#5792,1.);
#3592=VECTOR('',#5793,1.);
#3593=VECTOR('',#5794,1.);
#3594=VECTOR('',#5797,1.);
#3595=VECTOR('',#5798,1.);
#3596=VECTOR('',#5799,1.);
#3597=VECTOR('',#5800,1.);
#3598=VECTOR('',#5803,1.);
#3599=VECTOR('',#5804,1.);
#3600=VECTOR('',#5805,1.);
#3601=VECTOR('',#5806,1.);
#3602=VECTOR('',#5809,1.);
#3603=VECTOR('',#5810,1.);
#3604=VECTOR('',#5811,1.);
#3605=VECTOR('',#5812,1.);
#3606=VECTOR('',#5815,1.);
#3607=VECTOR('',#5816,1.);
#3608=VECTOR('',#5817,1.);
#3609=VECTOR('',#5818,1.);
#3610=VECTOR('',#5821,1.);
#3611=VECTOR('',#5824,1.);
#3612=VECTOR('',#5829,1.);
#3613=VECTOR('',#5830,1.);
#3614=VECTOR('',#5831,1.);
#3615=VECTOR('',#5834,1.);
#3616=VECTOR('',#5841,1.);
#3617=VECTOR('',#5844,1.);
#3618=VECTOR('',#5849,1.);
#3619=VECTOR('',#5850,1.);
#3620=VECTOR('',#5851,1.);
#3621=VECTOR('',#5854,1.);
#3622=VECTOR('',#5861,1.);
#3623=VECTOR('',#5862,1.);
#3624=VECTOR('',#5863,1.);
#3625=VECTOR('',#5864,1.);
#3626=VECTOR('',#5975,1.);
#3627=VECTOR('',#5976,1.);
#3628=VECTOR('',#5979,1.);
#3629=VECTOR('',#5980,1.);
#3630=VECTOR('',#5983,1.);
#3631=VECTOR('',#5984,1.);
#3632=VECTOR('',#5989,1.);
#3633=VECTOR('',#5992,1.);
#3634=VECTOR('',#5995,1.);
#3635=VECTOR('',#5998,1.);
#3636=VECTOR('',#6001,1.);
#3637=VECTOR('',#6004,1.);
#3638=VECTOR('',#6007,1.);
#3639=VECTOR('',#6010,1.);
#3640=VECTOR('',#6013,1.);
#3641=VECTOR('',#6016,1.);
#3642=VECTOR('',#6019,1.);
#3643=VECTOR('',#6022,1.);
#3644=VECTOR('',#6025,1.);
#3645=VECTOR('',#6028,1.);
#3646=VECTOR('',#6033,1.);
#3647=VECTOR('',#6036,1.);
#3648=VECTOR('',#6039,1.);
#3649=VECTOR('',#6042,1.);
#3650=VECTOR('',#6045,1.);
#3651=VECTOR('',#6048,1.);
#3652=VECTOR('',#6051,1.);
#3653=VECTOR('',#6054,1.);
#3654=VECTOR('',#6057,1.);
#3655=VECTOR('',#6060,1.);
#3656=VECTOR('',#6063,1.);
#3657=VECTOR('',#6066,1.);
#3658=VECTOR('',#6069,1.);
#3659=VECTOR('',#6072,1.);
#3660=VECTOR('',#6075,1.);
#3661=VECTOR('',#6080,1.);
#3662=VECTOR('',#6083,1.);
#3663=VECTOR('',#6086,1.);
#3664=VECTOR('',#6089,1.);
#3665=VECTOR('',#6092,1.);
#3666=VECTOR('',#6095,1.);
#3667=VECTOR('',#6098,1.);
#3668=VECTOR('',#6101,1.);
#3669=VECTOR('',#6104,1.);
#3670=VECTOR('',#6107,1.);
#3671=VECTOR('',#6110,1.);
#3672=VECTOR('',#6113,1.);
#3673=VECTOR('',#6116,1.);
#3674=VECTOR('',#6119,1.);
#3675=VECTOR('',#6122,1.);
#3676=VECTOR('',#6125,1.);
#3677=VECTOR('',#6128,1.);
#3678=VECTOR('',#6137,1.);
#3679=VECTOR('',#6140,1.);
#3680=VECTOR('',#6143,1.);
#3681=VECTOR('',#6146,1.);
#3682=VECTOR('',#6149,1.);
#3683=VECTOR('',#6152,1.);
#3684=VECTOR('',#6155,1.);
#3685=VECTOR('',#6158,1.);
#3686=VECTOR('',#6161,1.);
#3687=VECTOR('',#6164,1.);
#3688=VECTOR('',#6167,1.);
#3689=VECTOR('',#6170,1.);
#3690=VECTOR('',#6175,1.);
#3691=VECTOR('',#6178,1.);
#3692=VECTOR('',#6181,1.);
#3693=VECTOR('',#6184,1.);
#3694=VECTOR('',#6187,1.);
#3695=VECTOR('',#6190,1.);
#3696=VECTOR('',#6193,1.);
#3697=VECTOR('',#6196,1.);
#3698=VECTOR('',#6199,1.);
#3699=VECTOR('',#6202,1.);
#3700=VECTOR('',#6205,1.);
#3701=VECTOR('',#6208,1.);
#3702=VECTOR('',#6211,1.);
#3703=VECTOR('',#6214,1.);
#3704=VECTOR('',#6217,1.);
#3705=VECTOR('',#6222,1.);
#3706=VECTOR('',#6225,1.);
#3707=VECTOR('',#6228,1.);
#3708=VECTOR('',#6231,1.);
#3709=VECTOR('',#6234,1.);
#3710=VECTOR('',#6237,1.);
#3711=VECTOR('',#6240,1.);
#3712=VECTOR('',#6243,1.);
#3713=VECTOR('',#6246,1.);
#3714=VECTOR('',#6249,1.);
#3715=VECTOR('',#6252,1.);
#3716=VECTOR('',#6255,1.);
#3717=VECTOR('',#6258,1.);
#3718=VECTOR('',#6261,1.);
#3719=VECTOR('',#6264,1.);
#3720=VECTOR('',#6267,1.);
#3721=VECTOR('',#6270,1.);
#3722=VECTOR('',#6273,1.);
#3723=VECTOR('',#6276,1.);
#3724=VECTOR('',#6303,1.);
#3725=VECTOR('',#6312,1.);
#3726=VECTOR('',#6533,1.);
#3727=VECTOR('',#6534,1.);
#3728=VECTOR('',#6537,1.);
#3729=VECTOR('',#6540,1.);
#3730=VECTOR('',#6543,1.);
#3731=VECTOR('',#6546,1.);
#3732=VECTOR('',#6549,1.);
#3733=VECTOR('',#6552,1.);
#3734=VECTOR('',#6555,1.);
#3735=VECTOR('',#6558,1.);
#3736=VECTOR('',#6561,1.);
#3737=VECTOR('',#6564,1.);
#3738=VECTOR('',#6567,1.);
#3739=VECTOR('',#6570,1.);
#3740=VECTOR('',#6573,1.);
#3741=VECTOR('',#6576,1.);
#3742=VECTOR('',#6579,1.);
#3743=VECTOR('',#6582,1.);
#3744=VECTOR('',#6585,1.);
#3745=VECTOR('',#6588,1.);
#3746=VECTOR('',#6591,1.);
#3747=VECTOR('',#6594,1.);
#3748=VECTOR('',#6597,1.);
#3749=VECTOR('',#6600,1.);
#3750=VECTOR('',#6603,1.);
#3751=VECTOR('',#6606,1.);
#3752=VECTOR('',#6609,1.);
#3753=VECTOR('',#6612,1.);
#3754=VECTOR('',#6615,1.);
#3755=VECTOR('',#6618,1.);
#3756=VECTOR('',#6621,1.);
#3757=VECTOR('',#6624,1.);
#3758=VECTOR('',#6627,1.);
#3759=VECTOR('',#6630,1.);
#3760=VECTOR('',#6633,1.);
#3761=VECTOR('',#6636,1.);
#3762=VECTOR('',#6639,1.);
#3763=VECTOR('',#6642,1.);
#3764=VECTOR('',#6645,1.);
#3765=VECTOR('',#6648,1.);
#3766=VECTOR('',#6651,1.);
#3767=VECTOR('',#6654,1.);
#3768=VECTOR('',#6657,1.);
#3769=VECTOR('',#6660,1.);
#3770=VECTOR('',#6663,1.);
#3771=VECTOR('',#6666,1.);
#3772=VECTOR('',#6669,1.);
#3773=VECTOR('',#6672,1.);
#3774=VECTOR('',#6675,1.);
#3775=VECTOR('',#6678,1.);
#3776=VECTOR('',#6681,1.);
#3777=VECTOR('',#6684,1.);
#3778=VECTOR('',#6687,1.);
#3779=VECTOR('',#6690,1.);
#3780=VECTOR('',#6693,1.);
#3781=VECTOR('',#6696,1.);
#3782=VECTOR('',#6699,1.);
#3783=VECTOR('',#6702,1.);
#3784=VECTOR('',#6705,1.);
#3785=VECTOR('',#6708,1.);
#3786=VECTOR('',#6711,1.);
#3787=VECTOR('',#6714,1.);
#3788=VECTOR('',#6717,1.);
#3789=VECTOR('',#6720,1.);
#3790=VECTOR('',#6723,1.);
#3791=VECTOR('',#6726,1.);
#3792=VECTOR('',#6729,1.);
#3793=VECTOR('',#6732,1.);
#3794=VECTOR('',#6735,1.);
#3795=VECTOR('',#6738,1.);
#3796=VECTOR('',#6741,1.);
#3797=VECTOR('',#6744,1.);
#3798=VECTOR('',#6747,1.);
#3799=VECTOR('',#6750,1.);
#3800=VECTOR('',#6753,1.);
#3801=VECTOR('',#6756,1.);
#3802=VECTOR('',#6759,1.);
#3803=VECTOR('',#6762,1.);
#3804=VECTOR('',#6765,1.);
#3805=VECTOR('',#6768,1.);
#3806=VECTOR('',#6771,1.);
#3807=VECTOR('',#6774,1.);
#3808=VECTOR('',#6779,1.);
#3809=VECTOR('',#6780,1.);
#3810=VECTOR('',#6783,1.);
#3811=VECTOR('',#6786,1.);
#3812=VECTOR('',#6789,1.);
#3813=VECTOR('',#6792,1.);
#3814=VECTOR('',#6795,1.);
#3815=VECTOR('',#6798,1.);
#3816=VECTOR('',#6801,1.);
#3817=VECTOR('',#6804,1.);
#3818=VECTOR('',#6807,1.);
#3819=VECTOR('',#6810,1.);
#3820=VECTOR('',#6813,1.);
#3821=VECTOR('',#6816,1.);
#3822=VECTOR('',#6819,1.);
#3823=VECTOR('',#6822,1.);
#3824=VECTOR('',#6825,1.);
#3825=VECTOR('',#6828,1.);
#3826=VECTOR('',#6831,1.);
#3827=VECTOR('',#6834,1.);
#3828=VECTOR('',#6837,1.);
#3829=VECTOR('',#6840,1.);
#3830=VECTOR('',#6843,1.);
#3831=VECTOR('',#6846,1.);
#3832=VECTOR('',#6849,1.);
#3833=VECTOR('',#6852,1.);
#3834=VECTOR('',#6855,1.);
#3835=VECTOR('',#6858,1.);
#3836=VECTOR('',#6861,1.);
#3837=VECTOR('',#6864,1.);
#3838=VECTOR('',#6867,1.);
#3839=VECTOR('',#6870,1.);
#3840=VECTOR('',#6873,1.);
#3841=VECTOR('',#6876,1.);
#3842=VECTOR('',#6879,1.);
#3843=VECTOR('',#6882,1.);
#3844=VECTOR('',#6885,1.);
#3845=VECTOR('',#6888,1.);
#3846=VECTOR('',#6891,1.);
#3847=VECTOR('',#6894,1.);
#3848=VECTOR('',#6897,1.);
#3849=VECTOR('',#6900,1.);
#3850=VECTOR('',#6903,1.);
#3851=VECTOR('',#6906,1.);
#3852=VECTOR('',#6909,1.);
#3853=VECTOR('',#6912,1.);
#3854=VECTOR('',#6915,1.);
#3855=VECTOR('',#6918,1.);
#3856=VECTOR('',#6921,1.);
#3857=VECTOR('',#6924,1.);
#3858=VECTOR('',#6927,1.);
#3859=VECTOR('',#6930,1.);
#3860=VECTOR('',#6933,1.);
#3861=VECTOR('',#6936,1.);
#3862=VECTOR('',#6939,1.);
#3863=VECTOR('',#6942,1.);
#3864=VECTOR('',#6945,1.);
#3865=VECTOR('',#6948,1.);
#3866=VECTOR('',#6951,1.);
#3867=VECTOR('',#6954,1.);
#3868=VECTOR('',#6957,1.);
#3869=VECTOR('',#6960,1.);
#3870=VECTOR('',#6963,1.);
#3871=VECTOR('',#6966,1.);
#3872=VECTOR('',#6969,1.);
#3873=VECTOR('',#6972,1.);
#3874=VECTOR('',#6975,1.);
#3875=VECTOR('',#6978,1.);
#3876=VECTOR('',#6981,1.);
#3877=VECTOR('',#6984,1.);
#3878=VECTOR('',#6987,1.);
#3879=VECTOR('',#6990,1.);
#3880=VECTOR('',#6993,1.);
#3881=VECTOR('',#6996,1.);
#3882=VECTOR('',#6999,1.);
#3883=VECTOR('',#7002,1.);
#3884=VECTOR('',#7005,1.);
#3885=VECTOR('',#7008,1.);
#3886=VECTOR('',#7011,1.);
#3887=VECTOR('',#7014,1.);
#3888=VECTOR('',#7017,1.);
#3889=VECTOR('',#7020,1.);
#3890=VECTOR('',#7025,1.);
#3891=VECTOR('',#7026,1.);
#3892=VECTOR('',#7029,1.);
#3893=VECTOR('',#7032,1.);
#3894=VECTOR('',#7037,1.);
#3895=VECTOR('',#7038,1.);
#3896=VECTOR('',#7041,1.);
#3897=VECTOR('',#7044,1.);
#3898=VECTOR('',#7049,1.);
#3899=VECTOR('',#7050,1.);
#3900=VECTOR('',#7053,1.);
#3901=VECTOR('',#7056,1.);
#3902=VECTOR('',#7061,1.);
#3903=VECTOR('',#7062,1.);
#3904=VECTOR('',#7065,1.);
#3905=VECTOR('',#7068,1.);
#3906=VECTOR('',#7073,1.);
#3907=VECTOR('',#7074,1.);
#3908=VECTOR('',#7077,1.);
#3909=VECTOR('',#7080,1.);
#3910=VECTOR('',#7085,1.);
#3911=VECTOR('',#7086,1.);
#3912=VECTOR('',#7089,1.);
#3913=VECTOR('',#7092,1.);
#3914=EDGE_LOOP('',(#480,#481,#482,#483));
#3915=EDGE_LOOP('',(#484,#485,#486,#487));
#3916=EDGE_LOOP('',(#488,#489,#490,#491));
#3917=EDGE_LOOP('',(#492,#493,#494,#495));
#3918=EDGE_LOOP('',(#496,#497,#498,#499));
#3919=EDGE_LOOP('',(#500,#501,#502,#503));
#3920=EDGE_LOOP('',(#504,#505,#506,#507));
#3921=EDGE_LOOP('',(#508,#509,#510,#511));
#3922=EDGE_LOOP('',(#512,#513,#514,#515));
#3923=EDGE_LOOP('',(#516,#517,#518,#519));
#3924=EDGE_LOOP('',(#520,#521,#522,#523));
#3925=EDGE_LOOP('',(#524,#525,#526,#527));
#3926=EDGE_LOOP('',(#528,#529,#530,#531));
#3927=EDGE_LOOP('',(#532,#533,#534,#535));
#3928=EDGE_LOOP('',(#536,#537,#538,#539));
#3929=EDGE_LOOP('',(#540,#541,#542,#543));
#3930=EDGE_LOOP('',(#544,#545,#546,#547));
#3931=EDGE_LOOP('',(#548,#549,#550,#551));
#3932=EDGE_LOOP('',(#552,#553,#554,#555));
#3933=EDGE_LOOP('',(#556,#557,#558,#559));
#3934=EDGE_LOOP('',(#560,#561,#562,#563));
#3935=EDGE_LOOP('',(#564,#565,#566,#567));
#3936=EDGE_LOOP('',(#568,#569,#570,#571));
#3937=EDGE_LOOP('',(#572,#573,#574,#575));
#3938=EDGE_LOOP('',(#576,#577,#578,#579));
#3939=EDGE_LOOP('',(#580,#581,#582,#583));
#3940=EDGE_LOOP('',(#584,#585,#586,#587));
#3941=EDGE_LOOP('',(#588,#589,#590,#591));
#3942=EDGE_LOOP('',(#592,#593,#594,#595));
#3943=EDGE_LOOP('',(#596,#597,#598,#599));
#3944=EDGE_LOOP('',(#600,#601,#602,#603));
#3945=EDGE_LOOP('',(#604,#605,#606,#607));
#3946=EDGE_LOOP('',(#608,#609,#610,#611));
#3947=EDGE_LOOP('',(#612,#613,#614,#615));
#3948=EDGE_LOOP('',(#616,#617,#618,#619));
#3949=EDGE_LOOP('',(#620,#621,#622,#623));
#3950=EDGE_LOOP('',(#624,#625,#626,#627));
#3951=EDGE_LOOP('',(#628,#629,#630,#631));
#3952=EDGE_LOOP('',(#632,#633,#634,#635));
#3953=EDGE_LOOP('',(#636,#637,#638,#639));
#3954=EDGE_LOOP('',(#640,#641,#642,#643));
#3955=EDGE_LOOP('',(#644,#645,#646,#647));
#3956=EDGE_LOOP('',(#648,#649,#650,#651));
#3957=EDGE_LOOP('',(#652,#653,#654,#655));
#3958=EDGE_LOOP('',(#656,#657,#658,#659));
#3959=EDGE_LOOP('',(#660,#661,#662,#663));
#3960=EDGE_LOOP('',(#664,#665,#666,#667));
#3961=EDGE_LOOP('',(#668,#669,#670,#671));
#3962=EDGE_LOOP('',(#672,#673,#674,#675));
#3963=EDGE_LOOP('',(#676));
#3964=EDGE_LOOP('',(#677));
#3965=EDGE_LOOP('',(#678));
#3966=EDGE_LOOP('',(#679));
#3967=EDGE_LOOP('',(#680));
#3968=EDGE_LOOP('',(#681));
#3969=EDGE_LOOP('',(#682));
#3970=EDGE_LOOP('',(#683));
#3971=EDGE_LOOP('',(#684));
#3972=EDGE_LOOP('',(#685));
#3973=EDGE_LOOP('',(#686));
#3974=EDGE_LOOP('',(#687));
#3975=EDGE_LOOP('',(#688));
#3976=EDGE_LOOP('',(#689));
#3977=EDGE_LOOP('',(#690));
#3978=EDGE_LOOP('',(#691));
#3979=EDGE_LOOP('',(#692));
#3980=EDGE_LOOP('',(#693));
#3981=EDGE_LOOP('',(#694));
#3982=EDGE_LOOP('',(#695));
#3983=EDGE_LOOP('',(#696));
#3984=EDGE_LOOP('',(#697));
#3985=EDGE_LOOP('',(#698));
#3986=EDGE_LOOP('',(#699));
#3987=EDGE_LOOP('',(#700));
#3988=EDGE_LOOP('',(#701));
#3989=EDGE_LOOP('',(#702));
#3990=EDGE_LOOP('',(#703));
#3991=EDGE_LOOP('',(#704));
#3992=EDGE_LOOP('',(#705));
#3993=EDGE_LOOP('',(#706));
#3994=EDGE_LOOP('',(#707));
#3995=EDGE_LOOP('',(#708));
#3996=EDGE_LOOP('',(#709));
#3997=EDGE_LOOP('',(#710));
#3998=EDGE_LOOP('',(#711));
#3999=EDGE_LOOP('',(#712,#713,#714,#715));
#4000=EDGE_LOOP('',(#716,#717,#718,#719));
#4001=EDGE_LOOP('',(#720,#721,#722,#723));
#4002=EDGE_LOOP('',(#724,#725,#726,#727,#728,#729,#730,#731,#732,#733,#734,
#735,#736,#737,#738,#739,#740,#741,#742,#743,#744,#745,#746,#747,#748,#749,
#750,#751,#752,#753,#754,#755,#756,#757,#758,#759,#760,#761,#762,#763,#764,
#765,#766,#767,#768,#769,#770,#771,#772,#773,#774,#775,#776,#777,#778,#779,
#780,#781,#782,#783,#784,#785,#786,#787,#788,#789,#790,#791,#792,#793,#794,
#795,#796,#797,#798,#799,#800,#801,#802,#803,#804,#805));
#4003=EDGE_LOOP('',(#806,#807,#808,#809));
#4004=EDGE_LOOP('',(#810,#811,#812,#813));
#4005=EDGE_LOOP('',(#814,#815,#816,#817));
#4006=EDGE_LOOP('',(#818));
#4007=EDGE_LOOP('',(#819));
#4008=EDGE_LOOP('',(#820));
#4009=EDGE_LOOP('',(#821));
#4010=EDGE_LOOP('',(#822));
#4011=EDGE_LOOP('',(#823));
#4012=EDGE_LOOP('',(#824));
#4013=EDGE_LOOP('',(#825));
#4014=EDGE_LOOP('',(#826));
#4015=EDGE_LOOP('',(#827));
#4016=EDGE_LOOP('',(#828));
#4017=EDGE_LOOP('',(#829));
#4018=EDGE_LOOP('',(#830));
#4019=EDGE_LOOP('',(#831));
#4020=EDGE_LOOP('',(#832));
#4021=EDGE_LOOP('',(#833));
#4022=EDGE_LOOP('',(#834));
#4023=EDGE_LOOP('',(#835));
#4024=EDGE_LOOP('',(#836));
#4025=EDGE_LOOP('',(#837));
#4026=EDGE_LOOP('',(#838,#839,#840,#841,#842,#843,#844,#845,#846,#847,#848,
#849,#850,#851,#852,#853,#854,#855,#856,#857,#858,#859,#860,#861,#862,#863,
#864,#865,#866,#867,#868,#869,#870,#871,#872,#873,#874,#875,#876,#877,#878,
#879,#880,#881,#882,#883,#884,#885,#886,#887,#888,#889,#890,#891,#892,#893,
#894,#895,#896,#897,#898,#899,#900,#901,#902,#903,#904,#905,#906,#907,#908,
#909,#910,#911,#912,#913,#914,#915,#916,#917,#918,#919));
#4027=EDGE_LOOP('',(#920,#921,#922,#923));
#4028=EDGE_LOOP('',(#924,#925,#926,#927));
#4029=EDGE_LOOP('',(#928,#929,#930,#931));
#4030=EDGE_LOOP('',(#932));
#4031=EDGE_LOOP('',(#933));
#4032=EDGE_LOOP('',(#934));
#4033=EDGE_LOOP('',(#935));
#4034=EDGE_LOOP('',(#936));
#4035=EDGE_LOOP('',(#937));
#4036=EDGE_LOOP('',(#938));
#4037=EDGE_LOOP('',(#939));
#4038=EDGE_LOOP('',(#940));
#4039=EDGE_LOOP('',(#941));
#4040=EDGE_LOOP('',(#942));
#4041=EDGE_LOOP('',(#943));
#4042=EDGE_LOOP('',(#944));
#4043=EDGE_LOOP('',(#945));
#4044=EDGE_LOOP('',(#946));
#4045=EDGE_LOOP('',(#947));
#4046=EDGE_LOOP('',(#948,#949,#950,#951));
#4047=EDGE_LOOP('',(#952,#953,#954,#955));
#4048=EDGE_LOOP('',(#956,#957,#958,#959));
#4049=EDGE_LOOP('',(#960,#961,#962,#963));
#4050=EDGE_LOOP('',(#964,#965,#966,#967));
#4051=EDGE_LOOP('',(#968,#969,#970,#971));
#4052=EDGE_LOOP('',(#972,#973,#974,#975));
#4053=EDGE_LOOP('',(#976,#977,#978,#979));
#4054=EDGE_LOOP('',(#980,#981,#982,#983));
#4055=EDGE_LOOP('',(#984,#985,#986,#987));
#4056=EDGE_LOOP('',(#988,#989,#990,#991));
#4057=EDGE_LOOP('',(#992,#993,#994,#995));
#4058=EDGE_LOOP('',(#996,#997,#998,#999));
#4059=EDGE_LOOP('',(#1000,#1001,#1002,#1003));
#4060=EDGE_LOOP('',(#1004,#1005,#1006,#1007));
#4061=EDGE_LOOP('',(#1008,#1009,#1010,#1011));
#4062=EDGE_LOOP('',(#1012,#1013,#1014,#1015));
#4063=EDGE_LOOP('',(#1016,#1017,#1018,#1019));
#4064=EDGE_LOOP('',(#1020,#1021,#1022,#1023));
#4065=EDGE_LOOP('',(#1024,#1025,#1026,#1027));
#4066=EDGE_LOOP('',(#1028,#1029,#1030,#1031));
#4067=EDGE_LOOP('',(#1032,#1033,#1034,#1035));
#4068=EDGE_LOOP('',(#1036,#1037,#1038,#1039));
#4069=EDGE_LOOP('',(#1040,#1041,#1042,#1043));
#4070=EDGE_LOOP('',(#1044,#1045,#1046,#1047));
#4071=EDGE_LOOP('',(#1048,#1049,#1050,#1051));
#4072=EDGE_LOOP('',(#1052,#1053,#1054,#1055));
#4073=EDGE_LOOP('',(#1056,#1057,#1058,#1059));
#4074=EDGE_LOOP('',(#1060,#1061,#1062,#1063));
#4075=EDGE_LOOP('',(#1064,#1065,#1066,#1067));
#4076=EDGE_LOOP('',(#1068,#1069,#1070,#1071));
#4077=EDGE_LOOP('',(#1072,#1073,#1074,#1075));
#4078=EDGE_LOOP('',(#1076,#1077,#1078,#1079));
#4079=EDGE_LOOP('',(#1080,#1081,#1082,#1083));
#4080=EDGE_LOOP('',(#1084,#1085,#1086,#1087));
#4081=EDGE_LOOP('',(#1088,#1089,#1090,#1091));
#4082=EDGE_LOOP('',(#1092,#1093,#1094,#1095));
#4083=EDGE_LOOP('',(#1096,#1097,#1098,#1099));
#4084=EDGE_LOOP('',(#1100,#1101,#1102,#1103));
#4085=EDGE_LOOP('',(#1104,#1105,#1106,#1107));
#4086=EDGE_LOOP('',(#1108,#1109,#1110,#1111));
#4087=EDGE_LOOP('',(#1112,#1113,#1114,#1115));
#4088=EDGE_LOOP('',(#1116,#1117,#1118,#1119));
#4089=EDGE_LOOP('',(#1120,#1121,#1122,#1123));
#4090=EDGE_LOOP('',(#1124,#1125,#1126,#1127));
#4091=EDGE_LOOP('',(#1128,#1129,#1130,#1131));
#4092=EDGE_LOOP('',(#1132,#1133,#1134,#1135));
#4093=EDGE_LOOP('',(#1136,#1137,#1138,#1139));
#4094=EDGE_LOOP('',(#1140,#1141,#1142,#1143));
#4095=EDGE_LOOP('',(#1144,#1145,#1146,#1147));
#4096=EDGE_LOOP('',(#1148,#1149,#1150,#1151));
#4097=EDGE_LOOP('',(#1152,#1153,#1154,#1155));
#4098=EDGE_LOOP('',(#1156,#1157,#1158,#1159));
#4099=EDGE_LOOP('',(#1160,#1161,#1162,#1163));
#4100=EDGE_LOOP('',(#1164,#1165,#1166,#1167));
#4101=EDGE_LOOP('',(#1168,#1169,#1170,#1171));
#4102=EDGE_LOOP('',(#1172,#1173,#1174,#1175));
#4103=EDGE_LOOP('',(#1176,#1177,#1178,#1179));
#4104=EDGE_LOOP('',(#1180,#1181,#1182,#1183));
#4105=EDGE_LOOP('',(#1184,#1185,#1186,#1187));
#4106=EDGE_LOOP('',(#1188,#1189,#1190,#1191));
#4107=EDGE_LOOP('',(#1192,#1193,#1194,#1195));
#4108=EDGE_LOOP('',(#1196,#1197,#1198,#1199));
#4109=EDGE_LOOP('',(#1200,#1201,#1202,#1203));
#4110=EDGE_LOOP('',(#1204,#1205,#1206,#1207));
#4111=EDGE_LOOP('',(#1208,#1209,#1210,#1211));
#4112=EDGE_LOOP('',(#1212,#1213,#1214,#1215));
#4113=EDGE_LOOP('',(#1216,#1217,#1218,#1219));
#4114=EDGE_LOOP('',(#1220,#1221,#1222,#1223));
#4115=EDGE_LOOP('',(#1224,#1225,#1226,#1227));
#4116=EDGE_LOOP('',(#1228,#1229,#1230,#1231));
#4117=EDGE_LOOP('',(#1232,#1233,#1234,#1235));
#4118=EDGE_LOOP('',(#1236,#1237,#1238,#1239));
#4119=EDGE_LOOP('',(#1240,#1241,#1242,#1243));
#4120=EDGE_LOOP('',(#1244,#1245,#1246,#1247));
#4121=EDGE_LOOP('',(#1248,#1249,#1250,#1251));
#4122=EDGE_LOOP('',(#1252,#1253,#1254,#1255));
#4123=EDGE_LOOP('',(#1256,#1257,#1258,#1259));
#4124=EDGE_LOOP('',(#1260,#1261,#1262,#1263));
#4125=EDGE_LOOP('',(#1264,#1265,#1266,#1267));
#4126=EDGE_LOOP('',(#1268,#1269,#1270,#1271));
#4127=EDGE_LOOP('',(#1272,#1273,#1274,#1275));
#4128=EDGE_LOOP('',(#1276,#1277,#1278,#1279));
#4129=EDGE_LOOP('',(#1280,#1281,#1282,#1283));
#4130=EDGE_LOOP('',(#1284,#1285,#1286,#1287));
#4131=EDGE_LOOP('',(#1288,#1289,#1290,#1291));
#4132=EDGE_LOOP('',(#1292,#1293,#1294,#1295));
#4133=EDGE_LOOP('',(#1296,#1297,#1298,#1299));
#4134=EDGE_LOOP('',(#1300,#1301,#1302,#1303));
#4135=EDGE_LOOP('',(#1304,#1305,#1306,#1307));
#4136=EDGE_LOOP('',(#1308,#1309,#1310,#1311));
#4137=EDGE_LOOP('',(#1312,#1313,#1314,#1315));
#4138=EDGE_LOOP('',(#1316,#1317,#1318,#1319));
#4139=EDGE_LOOP('',(#1320,#1321,#1322,#1323));
#4140=EDGE_LOOP('',(#1324,#1325,#1326,#1327));
#4141=EDGE_LOOP('',(#1328,#1329,#1330,#1331));
#4142=EDGE_LOOP('',(#1332,#1333,#1334,#1335));
#4143=EDGE_LOOP('',(#1336,#1337,#1338,#1339));
#4144=EDGE_LOOP('',(#1340,#1341,#1342,#1343));
#4145=EDGE_LOOP('',(#1344,#1345,#1346,#1347));
#4146=EDGE_LOOP('',(#1348,#1349,#1350,#1351));
#4147=EDGE_LOOP('',(#1352,#1353,#1354,#1355));
#4148=EDGE_LOOP('',(#1356,#1357,#1358,#1359));
#4149=EDGE_LOOP('',(#1360,#1361,#1362,#1363));
#4150=EDGE_LOOP('',(#1364,#1365,#1366,#1367));
#4151=EDGE_LOOP('',(#1368,#1369,#1370,#1371));
#4152=EDGE_LOOP('',(#1372,#1373,#1374,#1375));
#4153=EDGE_LOOP('',(#1376,#1377,#1378,#1379));
#4154=EDGE_LOOP('',(#1380,#1381,#1382,#1383));
#4155=EDGE_LOOP('',(#1384,#1385,#1386,#1387));
#4156=EDGE_LOOP('',(#1388,#1389,#1390,#1391));
#4157=EDGE_LOOP('',(#1392,#1393,#1394,#1395));
#4158=EDGE_LOOP('',(#1396,#1397,#1398,#1399));
#4159=EDGE_LOOP('',(#1400,#1401,#1402,#1403));
#4160=EDGE_LOOP('',(#1404,#1405,#1406,#1407));
#4161=EDGE_LOOP('',(#1408,#1409,#1410,#1411));
#4162=EDGE_LOOP('',(#1412,#1413,#1414,#1415));
#4163=EDGE_LOOP('',(#1416,#1417,#1418,#1419));
#4164=EDGE_LOOP('',(#1420,#1421,#1422,#1423));
#4165=EDGE_LOOP('',(#1424,#1425,#1426,#1427));
#4166=EDGE_LOOP('',(#1428,#1429,#1430,#1431));
#4167=EDGE_LOOP('',(#1432,#1433,#1434,#1435));
#4168=EDGE_LOOP('',(#1436,#1437,#1438,#1439));
#4169=EDGE_LOOP('',(#1440,#1441,#1442,#1443));
#4170=EDGE_LOOP('',(#1444,#1445,#1446,#1447));
#4171=EDGE_LOOP('',(#1448,#1449,#1450,#1451));
#4172=EDGE_LOOP('',(#1452,#1453,#1454,#1455));
#4173=EDGE_LOOP('',(#1456,#1457,#1458,#1459));
#4174=EDGE_LOOP('',(#1460,#1461,#1462,#1463));
#4175=EDGE_LOOP('',(#1464,#1465,#1466,#1467));
#4176=EDGE_LOOP('',(#1468,#1469,#1470,#1471));
#4177=EDGE_LOOP('',(#1472,#1473,#1474,#1475));
#4178=EDGE_LOOP('',(#1476,#1477,#1478,#1479));
#4179=EDGE_LOOP('',(#1480,#1481,#1482,#1483));
#4180=EDGE_LOOP('',(#1484,#1485,#1486,#1487));
#4181=EDGE_LOOP('',(#1488,#1489,#1490,#1491));
#4182=EDGE_LOOP('',(#1492,#1493,#1494,#1495));
#4183=EDGE_LOOP('',(#1496,#1497,#1498,#1499));
#4184=EDGE_LOOP('',(#1500,#1501,#1502,#1503));
#4185=EDGE_LOOP('',(#1504,#1505,#1506,#1507));
#4186=EDGE_LOOP('',(#1508,#1509,#1510,#1511));
#4187=EDGE_LOOP('',(#1512,#1513,#1514,#1515));
#4188=EDGE_LOOP('',(#1516,#1517,#1518,#1519));
#4189=EDGE_LOOP('',(#1520,#1521,#1522,#1523));
#4190=EDGE_LOOP('',(#1524,#1525,#1526,#1527));
#4191=EDGE_LOOP('',(#1528,#1529,#1530,#1531));
#4192=EDGE_LOOP('',(#1532,#1533,#1534,#1535));
#4193=EDGE_LOOP('',(#1536,#1537,#1538,#1539));
#4194=EDGE_LOOP('',(#1540,#1541,#1542,#1543));
#4195=EDGE_LOOP('',(#1544,#1545,#1546,#1547));
#4196=EDGE_LOOP('',(#1548,#1549,#1550,#1551));
#4197=EDGE_LOOP('',(#1552,#1553,#1554,#1555));
#4198=EDGE_LOOP('',(#1556,#1557,#1558,#1559));
#4199=EDGE_LOOP('',(#1560,#1561,#1562,#1563));
#4200=EDGE_LOOP('',(#1564,#1565,#1566,#1567));
#4201=EDGE_LOOP('',(#1568,#1569,#1570,#1571));
#4202=EDGE_LOOP('',(#1572,#1573,#1574,#1575));
#4203=EDGE_LOOP('',(#1576,#1577,#1578,#1579));
#4204=EDGE_LOOP('',(#1580,#1581,#1582,#1583));
#4205=EDGE_LOOP('',(#1584,#1585,#1586,#1587));
#4206=EDGE_LOOP('',(#1588,#1589,#1590,#1591));
#4207=EDGE_LOOP('',(#1592,#1593,#1594,#1595));
#4208=EDGE_LOOP('',(#1596,#1597,#1598,#1599));
#4209=EDGE_LOOP('',(#1600,#1601,#1602,#1603));
#4210=EDGE_LOOP('',(#1604,#1605,#1606,#1607));
#4211=EDGE_LOOP('',(#1608,#1609,#1610,#1611));
#4212=EDGE_LOOP('',(#1612,#1613,#1614,#1615));
#4213=EDGE_LOOP('',(#1616,#1617,#1618,#1619));
#4214=EDGE_LOOP('',(#1620,#1621,#1622,#1623));
#4215=EDGE_LOOP('',(#1624,#1625,#1626,#1627));
#4216=EDGE_LOOP('',(#1628,#1629,#1630,#1631));
#4217=EDGE_LOOP('',(#1632,#1633,#1634,#1635));
#4218=EDGE_LOOP('',(#1636,#1637,#1638,#1639));
#4219=EDGE_LOOP('',(#1640,#1641,#1642,#1643));
#4220=EDGE_LOOP('',(#1644,#1645,#1646,#1647));
#4221=EDGE_LOOP('',(#1648,#1649,#1650,#1651));
#4222=EDGE_LOOP('',(#1652,#1653,#1654,#1655));
#4223=EDGE_LOOP('',(#1656,#1657,#1658,#1659));
#4224=EDGE_LOOP('',(#1660,#1661,#1662,#1663));
#4225=EDGE_LOOP('',(#1664,#1665,#1666,#1667));
#4226=EDGE_LOOP('',(#1668,#1669,#1670,#1671));
#4227=EDGE_LOOP('',(#1672,#1673,#1674,#1675));
#4228=EDGE_LOOP('',(#1676,#1677,#1678,#1679));
#4229=EDGE_LOOP('',(#1680,#1681,#1682,#1683));
#4230=EDGE_LOOP('',(#1684,#1685,#1686,#1687));
#4231=EDGE_LOOP('',(#1688,#1689,#1690,#1691));
#4232=EDGE_LOOP('',(#1692,#1693,#1694,#1695));
#4233=EDGE_LOOP('',(#1696,#1697,#1698,#1699));
#4234=EDGE_LOOP('',(#1700,#1701,#1702,#1703));
#4235=EDGE_LOOP('',(#1704,#1705,#1706,#1707));
#4236=EDGE_LOOP('',(#1708,#1709,#1710,#1711));
#4237=EDGE_LOOP('',(#1712,#1713,#1714,#1715));
#4238=EDGE_LOOP('',(#1716,#1717,#1718,#1719));
#4239=EDGE_LOOP('',(#1720,#1721,#1722,#1723));
#4240=EDGE_LOOP('',(#1724,#1725,#1726,#1727));
#4241=EDGE_LOOP('',(#1728,#1729,#1730,#1731));
#4242=EDGE_LOOP('',(#1732,#1733,#1734,#1735));
#4243=EDGE_LOOP('',(#1736,#1737,#1738,#1739));
#4244=EDGE_LOOP('',(#1740,#1741,#1742,#1743));
#4245=EDGE_LOOP('',(#1744,#1745,#1746,#1747));
#4246=EDGE_LOOP('',(#1748,#1749,#1750,#1751));
#4247=EDGE_LOOP('',(#1752,#1753,#1754,#1755));
#4248=EDGE_LOOP('',(#1756,#1757,#1758,#1759));
#4249=EDGE_LOOP('',(#1760,#1761,#1762,#1763));
#4250=EDGE_LOOP('',(#1764,#1765,#1766,#1767));
#4251=EDGE_LOOP('',(#1768,#1769,#1770,#1771));
#4252=EDGE_LOOP('',(#1772,#1773,#1774,#1775));
#4253=EDGE_LOOP('',(#1776,#1777,#1778,#1779));
#4254=EDGE_LOOP('',(#1780,#1781,#1782,#1783));
#4255=EDGE_LOOP('',(#1784,#1785,#1786,#1787));
#4256=EDGE_LOOP('',(#1788,#1789,#1790,#1791));
#4257=EDGE_LOOP('',(#1792,#1793,#1794,#1795));
#4258=EDGE_LOOP('',(#1796,#1797,#1798,#1799));
#4259=EDGE_LOOP('',(#1800,#1801,#1802,#1803));
#4260=EDGE_LOOP('',(#1804,#1805,#1806,#1807));
#4261=EDGE_LOOP('',(#1808,#1809,#1810,#1811));
#4262=EDGE_LOOP('',(#1812,#1813,#1814,#1815));
#4263=EDGE_LOOP('',(#1816,#1817,#1818,#1819));
#4264=EDGE_LOOP('',(#1820,#1821,#1822,#1823));
#4265=EDGE_LOOP('',(#1824,#1825,#1826,#1827));
#4266=EDGE_LOOP('',(#1828,#1829,#1830,#1831));
#4267=EDGE_LOOP('',(#1832,#1833,#1834,#1835));
#4268=EDGE_LOOP('',(#1836,#1837,#1838,#1839));
#4269=EDGE_LOOP('',(#1840,#1841,#1842,#1843));
#4270=EDGE_LOOP('',(#1844,#1845,#1846,#1847));
#4271=EDGE_LOOP('',(#1848,#1849,#1850,#1851));
#4272=EDGE_LOOP('',(#1852,#1853,#1854,#1855));
#4273=EDGE_LOOP('',(#1856,#1857,#1858,#1859));
#4274=EDGE_LOOP('',(#1860,#1861,#1862,#1863));
#4275=EDGE_LOOP('',(#1864,#1865,#1866,#1867));
#4276=EDGE_LOOP('',(#1868));
#4277=EDGE_LOOP('',(#1869));
#4278=EDGE_LOOP('',(#1870));
#4279=EDGE_LOOP('',(#1871));
#4280=FACE_BOUND('',#3914,.T.);
#4281=FACE_BOUND('',#3915,.T.);
#4282=FACE_BOUND('',#3916,.T.);
#4283=FACE_BOUND('',#3917,.T.);
#4284=FACE_BOUND('',#3918,.T.);
#4285=FACE_BOUND('',#3919,.T.);
#4286=FACE_BOUND('',#3920,.T.);
#4287=FACE_BOUND('',#3921,.T.);
#4288=FACE_BOUND('',#3922,.T.);
#4289=FACE_BOUND('',#3923,.T.);
#4290=FACE_BOUND('',#3924,.T.);
#4291=FACE_BOUND('',#3925,.T.);
#4292=FACE_BOUND('',#3926,.T.);
#4293=FACE_BOUND('',#3927,.T.);
#4294=FACE_BOUND('',#3928,.T.);
#4295=FACE_BOUND('',#3929,.T.);
#4296=FACE_BOUND('',#3930,.T.);
#4297=FACE_BOUND('',#3931,.T.);
#4298=FACE_BOUND('',#3932,.T.);
#4299=FACE_BOUND('',#3933,.T.);
#4300=FACE_BOUND('',#3934,.T.);
#4301=FACE_BOUND('',#3935,.T.);
#4302=FACE_BOUND('',#3936,.T.);
#4303=FACE_BOUND('',#3937,.T.);
#4304=FACE_BOUND('',#3938,.T.);
#4305=FACE_BOUND('',#3939,.T.);
#4306=FACE_BOUND('',#3940,.T.);
#4307=FACE_BOUND('',#3941,.T.);
#4308=FACE_BOUND('',#3942,.T.);
#4309=FACE_BOUND('',#3943,.T.);
#4310=FACE_BOUND('',#3944,.T.);
#4311=FACE_BOUND('',#3945,.T.);
#4312=FACE_BOUND('',#3946,.T.);
#4313=FACE_BOUND('',#3947,.T.);
#4314=FACE_BOUND('',#3948,.T.);
#4315=FACE_BOUND('',#3949,.T.);
#4316=FACE_BOUND('',#3950,.T.);
#4317=FACE_BOUND('',#3951,.T.);
#4318=FACE_BOUND('',#3952,.T.);
#4319=FACE_BOUND('',#3953,.T.);
#4320=FACE_BOUND('',#3954,.T.);
#4321=FACE_BOUND('',#3955,.T.);
#4322=FACE_BOUND('',#3956,.T.);
#4323=FACE_BOUND('',#3957,.T.);
#4324=FACE_BOUND('',#3958,.T.);
#4325=FACE_BOUND('',#3959,.T.);
#4326=FACE_BOUND('',#3960,.T.);
#4327=FACE_BOUND('',#3961,.T.);
#4328=FACE_BOUND('',#3962,.T.);
#4329=FACE_BOUND('',#3963,.T.);
#4330=FACE_BOUND('',#3964,.T.);
#4331=FACE_BOUND('',#3965,.T.);
#4332=FACE_BOUND('',#3966,.T.);
#4333=FACE_BOUND('',#3967,.T.);
#4334=FACE_BOUND('',#3968,.T.);
#4335=FACE_BOUND('',#3969,.T.);
#4336=FACE_BOUND('',#3970,.T.);
#4337=FACE_BOUND('',#3971,.T.);
#4338=FACE_BOUND('',#3972,.T.);
#4339=FACE_BOUND('',#3973,.T.);
#4340=FACE_BOUND('',#3974,.T.);
#4341=FACE_BOUND('',#3975,.T.);
#4342=FACE_BOUND('',#3976,.T.);
#4343=FACE_BOUND('',#3977,.T.);
#4344=FACE_BOUND('',#3978,.T.);
#4345=FACE_BOUND('',#3979,.T.);
#4346=FACE_BOUND('',#3980,.T.);
#4347=FACE_BOUND('',#3981,.T.);
#4348=FACE_BOUND('',#3982,.T.);
#4349=FACE_BOUND('',#3983,.T.);
#4350=FACE_BOUND('',#3984,.T.);
#4351=FACE_BOUND('',#3985,.T.);
#4352=FACE_BOUND('',#3986,.T.);
#4353=FACE_BOUND('',#3987,.T.);
#4354=FACE_BOUND('',#3988,.T.);
#4355=FACE_BOUND('',#3989,.T.);
#4356=FACE_BOUND('',#3990,.T.);
#4357=FACE_BOUND('',#3991,.T.);
#4358=FACE_BOUND('',#3992,.T.);
#4359=FACE_BOUND('',#3993,.T.);
#4360=FACE_BOUND('',#3994,.T.);
#4361=FACE_BOUND('',#3995,.T.);
#4362=FACE_BOUND('',#3996,.T.);
#4363=FACE_BOUND('',#3997,.T.);
#4364=FACE_BOUND('',#3998,.T.);
#4365=FACE_BOUND('',#3999,.T.);
#4366=FACE_BOUND('',#4000,.T.);
#4367=FACE_BOUND('',#4001,.T.);
#4368=FACE_BOUND('',#4002,.T.);
#4369=FACE_BOUND('',#4003,.T.);
#4370=FACE_BOUND('',#4004,.T.);
#4371=FACE_BOUND('',#4005,.T.);
#4372=FACE_BOUND('',#4006,.T.);
#4373=FACE_BOUND('',#4007,.T.);
#4374=FACE_BOUND('',#4008,.T.);
#4375=FACE_BOUND('',#4009,.T.);
#4376=FACE_BOUND('',#4010,.T.);
#4377=FACE_BOUND('',#4011,.T.);
#4378=FACE_BOUND('',#4012,.T.);
#4379=FACE_BOUND('',#4013,.T.);
#4380=FACE_BOUND('',#4014,.T.);
#4381=FACE_BOUND('',#4015,.T.);
#4382=FACE_BOUND('',#4016,.T.);
#4383=FACE_BOUND('',#4017,.T.);
#4384=FACE_BOUND('',#4018,.T.);
#4385=FACE_BOUND('',#4019,.T.);
#4386=FACE_BOUND('',#4020,.T.);
#4387=FACE_BOUND('',#4021,.T.);
#4388=FACE_BOUND('',#4022,.T.);
#4389=FACE_BOUND('',#4023,.T.);
#4390=FACE_BOUND('',#4024,.T.);
#4391=FACE_BOUND('',#4025,.T.);
#4392=FACE_BOUND('',#4026,.T.);
#4393=FACE_BOUND('',#4027,.T.);
#4394=FACE_BOUND('',#4028,.T.);
#4395=FACE_BOUND('',#4029,.T.);
#4396=FACE_BOUND('',#4030,.T.);
#4397=FACE_BOUND('',#4031,.T.);
#4398=FACE_BOUND('',#4032,.T.);
#4399=FACE_BOUND('',#4033,.T.);
#4400=FACE_BOUND('',#4034,.T.);
#4401=FACE_BOUND('',#4035,.T.);
#4402=FACE_BOUND('',#4036,.T.);
#4403=FACE_BOUND('',#4037,.T.);
#4404=FACE_BOUND('',#4038,.T.);
#4405=FACE_BOUND('',#4039,.T.);
#4406=FACE_BOUND('',#4040,.T.);
#4407=FACE_BOUND('',#4041,.T.);
#4408=FACE_BOUND('',#4042,.T.);
#4409=FACE_BOUND('',#4043,.T.);
#4410=FACE_BOUND('',#4044,.T.);
#4411=FACE_BOUND('',#4045,.T.);
#4412=FACE_BOUND('',#4046,.T.);
#4413=FACE_BOUND('',#4047,.T.);
#4414=FACE_BOUND('',#4048,.T.);
#4415=FACE_BOUND('',#4049,.T.);
#4416=FACE_BOUND('',#4050,.T.);
#4417=FACE_BOUND('',#4051,.T.);
#4418=FACE_BOUND('',#4052,.T.);
#4419=FACE_BOUND('',#4053,.T.);
#4420=FACE_BOUND('',#4054,.T.);
#4421=FACE_BOUND('',#4055,.T.);
#4422=FACE_BOUND('',#4056,.T.);
#4423=FACE_BOUND('',#4057,.T.);
#4424=FACE_BOUND('',#4058,.T.);
#4425=FACE_BOUND('',#4059,.T.);
#4426=FACE_BOUND('',#4060,.T.);
#4427=FACE_BOUND('',#4061,.T.);
#4428=FACE_BOUND('',#4062,.T.);
#4429=FACE_BOUND('',#4063,.T.);
#4430=FACE_BOUND('',#4064,.T.);
#4431=FACE_BOUND('',#4065,.T.);
#4432=FACE_BOUND('',#4066,.T.);
#4433=FACE_BOUND('',#4067,.T.);
#4434=FACE_BOUND('',#4068,.T.);
#4435=FACE_BOUND('',#4069,.T.);
#4436=FACE_BOUND('',#4070,.T.);
#4437=FACE_BOUND('',#4071,.T.);
#4438=FACE_BOUND('',#4072,.T.);
#4439=FACE_BOUND('',#4073,.T.);
#4440=FACE_BOUND('',#4074,.T.);
#4441=FACE_BOUND('',#4075,.T.);
#4442=FACE_BOUND('',#4076,.T.);
#4443=FACE_BOUND('',#4077,.T.);
#4444=FACE_BOUND('',#4078,.T.);
#4445=FACE_BOUND('',#4079,.T.);
#4446=FACE_BOUND('',#4080,.T.);
#4447=FACE_BOUND('',#4081,.T.);
#4448=FACE_BOUND('',#4082,.T.);
#4449=FACE_BOUND('',#4083,.T.);
#4450=FACE_BOUND('',#4084,.T.);
#4451=FACE_BOUND('',#4085,.T.);
#4452=FACE_BOUND('',#4086,.T.);
#4453=FACE_BOUND('',#4087,.T.);
#4454=FACE_BOUND('',#4088,.T.);
#4455=FACE_BOUND('',#4089,.T.);
#4456=FACE_BOUND('',#4090,.T.);
#4457=FACE_BOUND('',#4091,.T.);
#4458=FACE_BOUND('',#4092,.T.);
#4459=FACE_BOUND('',#4093,.T.);
#4460=FACE_BOUND('',#4094,.T.);
#4461=FACE_BOUND('',#4095,.T.);
#4462=FACE_BOUND('',#4096,.T.);
#4463=FACE_BOUND('',#4097,.T.);
#4464=FACE_BOUND('',#4098,.T.);
#4465=FACE_BOUND('',#4099,.T.);
#4466=FACE_BOUND('',#4100,.T.);
#4467=FACE_BOUND('',#4101,.T.);
#4468=FACE_BOUND('',#4102,.T.);
#4469=FACE_BOUND('',#4103,.T.);
#4470=FACE_BOUND('',#4104,.T.);
#4471=FACE_BOUND('',#4105,.T.);
#4472=FACE_BOUND('',#4106,.T.);
#4473=FACE_BOUND('',#4107,.T.);
#4474=FACE_BOUND('',#4108,.T.);
#4475=FACE_BOUND('',#4109,.T.);
#4476=FACE_BOUND('',#4110,.T.);
#4477=FACE_BOUND('',#4111,.T.);
#4478=FACE_BOUND('',#4112,.T.);
#4479=FACE_BOUND('',#4113,.T.);
#4480=FACE_BOUND('',#4114,.T.);
#4481=FACE_BOUND('',#4115,.T.);
#4482=FACE_BOUND('',#4116,.T.);
#4483=FACE_BOUND('',#4117,.T.);
#4484=FACE_BOUND('',#4118,.T.);
#4485=FACE_BOUND('',#4119,.T.);
#4486=FACE_BOUND('',#4120,.T.);
#4487=FACE_BOUND('',#4121,.T.);
#4488=FACE_BOUND('',#4122,.T.);
#4489=FACE_BOUND('',#4123,.T.);
#4490=FACE_BOUND('',#4124,.T.);
#4491=FACE_BOUND('',#4125,.T.);
#4492=FACE_BOUND('',#4126,.T.);
#4493=FACE_BOUND('',#4127,.T.);
#4494=FACE_BOUND('',#4128,.T.);
#4495=FACE_BOUND('',#4129,.T.);
#4496=FACE_BOUND('',#4130,.T.);
#4497=FACE_BOUND('',#4131,.T.);
#4498=FACE_BOUND('',#4132,.T.);
#4499=FACE_BOUND('',#4133,.T.);
#4500=FACE_BOUND('',#4134,.T.);
#4501=FACE_BOUND('',#4135,.T.);
#4502=FACE_BOUND('',#4136,.T.);
#4503=FACE_BOUND('',#4137,.T.);
#4504=FACE_BOUND('',#4138,.T.);
#4505=FACE_BOUND('',#4139,.T.);
#4506=FACE_BOUND('',#4140,.T.);
#4507=FACE_BOUND('',#4141,.T.);
#4508=FACE_BOUND('',#4142,.T.);
#4509=FACE_BOUND('',#4143,.T.);
#4510=FACE_BOUND('',#4144,.T.);
#4511=FACE_BOUND('',#4145,.T.);
#4512=FACE_BOUND('',#4146,.T.);
#4513=FACE_BOUND('',#4147,.T.);
#4514=FACE_BOUND('',#4148,.T.);
#4515=FACE_BOUND('',#4149,.T.);
#4516=FACE_BOUND('',#4150,.T.);
#4517=FACE_BOUND('',#4151,.T.);
#4518=FACE_BOUND('',#4152,.T.);
#4519=FACE_BOUND('',#4153,.T.);
#4520=FACE_BOUND('',#4154,.T.);
#4521=FACE_BOUND('',#4155,.T.);
#4522=FACE_BOUND('',#4156,.T.);
#4523=FACE_BOUND('',#4157,.T.);
#4524=FACE_BOUND('',#4158,.T.);
#4525=FACE_BOUND('',#4159,.T.);
#4526=FACE_BOUND('',#4160,.T.);
#4527=FACE_BOUND('',#4161,.T.);
#4528=FACE_BOUND('',#4162,.T.);
#4529=FACE_BOUND('',#4163,.T.);
#4530=FACE_BOUND('',#4164,.T.);
#4531=FACE_BOUND('',#4165,.T.);
#4532=FACE_BOUND('',#4166,.T.);
#4533=FACE_BOUND('',#4167,.T.);
#4534=FACE_BOUND('',#4168,.T.);
#4535=FACE_BOUND('',#4169,.T.);
#4536=FACE_BOUND('',#4170,.T.);
#4537=FACE_BOUND('',#4171,.T.);
#4538=FACE_BOUND('',#4172,.T.);
#4539=FACE_BOUND('',#4173,.T.);
#4540=FACE_BOUND('',#4174,.T.);
#4541=FACE_BOUND('',#4175,.T.);
#4542=FACE_BOUND('',#4176,.T.);
#4543=FACE_BOUND('',#4177,.T.);
#4544=FACE_BOUND('',#4178,.T.);
#4545=FACE_BOUND('',#4179,.T.);
#4546=FACE_BOUND('',#4180,.T.);
#4547=FACE_BOUND('',#4181,.T.);
#4548=FACE_BOUND('',#4182,.T.);
#4549=FACE_BOUND('',#4183,.T.);
#4550=FACE_BOUND('',#4184,.T.);
#4551=FACE_BOUND('',#4185,.T.);
#4552=FACE_BOUND('',#4186,.T.);
#4553=FACE_BOUND('',#4187,.T.);
#4554=FACE_BOUND('',#4188,.T.);
#4555=FACE_BOUND('',#4189,.T.);
#4556=FACE_BOUND('',#4190,.T.);
#4557=FACE_BOUND('',#4191,.T.);
#4558=FACE_BOUND('',#4192,.T.);
#4559=FACE_BOUND('',#4193,.T.);
#4560=FACE_BOUND('',#4194,.T.);
#4561=FACE_BOUND('',#4195,.T.);
#4562=FACE_BOUND('',#4196,.T.);
#4563=FACE_BOUND('',#4197,.T.);
#4564=FACE_BOUND('',#4198,.T.);
#4565=FACE_BOUND('',#4199,.T.);
#4566=FACE_BOUND('',#4200,.T.);
#4567=FACE_BOUND('',#4201,.T.);
#4568=FACE_BOUND('',#4202,.T.);
#4569=FACE_BOUND('',#4203,.T.);
#4570=FACE_BOUND('',#4204,.T.);
#4571=FACE_BOUND('',#4205,.T.);
#4572=FACE_BOUND('',#4206,.T.);
#4573=FACE_BOUND('',#4207,.T.);
#4574=FACE_BOUND('',#4208,.T.);
#4575=FACE_BOUND('',#4209,.T.);
#4576=FACE_BOUND('',#4210,.T.);
#4577=FACE_BOUND('',#4211,.T.);
#4578=FACE_BOUND('',#4212,.T.);
#4579=FACE_BOUND('',#4213,.T.);
#4580=FACE_BOUND('',#4214,.T.);
#4581=FACE_BOUND('',#4215,.T.);
#4582=FACE_BOUND('',#4216,.T.);
#4583=FACE_BOUND('',#4217,.T.);
#4584=FACE_BOUND('',#4218,.T.);
#4585=FACE_BOUND('',#4219,.T.);
#4586=FACE_BOUND('',#4220,.T.);
#4587=FACE_BOUND('',#4221,.T.);
#4588=FACE_BOUND('',#4222,.T.);
#4589=FACE_BOUND('',#4223,.T.);
#4590=FACE_BOUND('',#4224,.T.);
#4591=FACE_BOUND('',#4225,.T.);
#4592=FACE_BOUND('',#4226,.T.);
#4593=FACE_BOUND('',#4227,.T.);
#4594=FACE_BOUND('',#4228,.T.);
#4595=FACE_BOUND('',#4229,.T.);
#4596=FACE_BOUND('',#4230,.T.);
#4597=FACE_BOUND('',#4231,.T.);
#4598=FACE_BOUND('',#4232,.T.);
#4599=FACE_BOUND('',#4233,.T.);
#4600=FACE_BOUND('',#4234,.T.);
#4601=FACE_BOUND('',#4235,.T.);
#4602=FACE_BOUND('',#4236,.T.);
#4603=FACE_BOUND('',#4237,.T.);
#4604=FACE_BOUND('',#4238,.T.);
#4605=FACE_BOUND('',#4239,.T.);
#4606=FACE_BOUND('',#4240,.T.);
#4607=FACE_BOUND('',#4241,.T.);
#4608=FACE_BOUND('',#4242,.T.);
#4609=FACE_BOUND('',#4243,.T.);
#4610=FACE_BOUND('',#4244,.T.);
#4611=FACE_BOUND('',#4245,.T.);
#4612=FACE_BOUND('',#4246,.T.);
#4613=FACE_BOUND('',#4247,.T.);
#4614=FACE_BOUND('',#4248,.T.);
#4615=FACE_BOUND('',#4249,.T.);
#4616=FACE_BOUND('',#4250,.T.);
#4617=FACE_BOUND('',#4251,.T.);
#4618=FACE_BOUND('',#4252,.T.);
#4619=FACE_BOUND('',#4253,.T.);
#4620=FACE_BOUND('',#4254,.T.);
#4621=FACE_BOUND('',#4255,.T.);
#4622=FACE_BOUND('',#4256,.T.);
#4623=FACE_BOUND('',#4257,.T.);
#4624=FACE_BOUND('',#4258,.T.);
#4625=FACE_BOUND('',#4259,.T.);
#4626=FACE_BOUND('',#4260,.T.);
#4627=FACE_BOUND('',#4261,.T.);
#4628=FACE_BOUND('',#4262,.T.);
#4629=FACE_BOUND('',#4263,.T.);
#4630=FACE_BOUND('',#4264,.T.);
#4631=FACE_BOUND('',#4265,.T.);
#4632=FACE_BOUND('',#4266,.T.);
#4633=FACE_BOUND('',#4267,.T.);
#4634=FACE_BOUND('',#4268,.T.);
#4635=FACE_BOUND('',#4269,.T.);
#4636=FACE_BOUND('',#4270,.T.);
#4637=FACE_BOUND('',#4271,.T.);
#4638=FACE_BOUND('',#4272,.T.);
#4639=FACE_BOUND('',#4273,.T.);
#4640=FACE_BOUND('',#4274,.T.);
#4641=FACE_BOUND('',#4275,.T.);
#4642=FACE_BOUND('',#4276,.T.);
#4643=FACE_BOUND('',#4277,.T.);
#4644=FACE_BOUND('',#4278,.T.);
#4645=FACE_BOUND('',#4279,.T.);
#4646=CYLINDRICAL_SURFACE('',#5029,0.0015);
#4647=CYLINDRICAL_SURFACE('',#5033,0.0015);
#4648=CYLINDRICAL_SURFACE('',#5075,0.00105);
#4649=CYLINDRICAL_SURFACE('',#5079,0.00105);
#4650=CYLINDRICAL_SURFACE('',#5082,0.00105);
#4651=CYLINDRICAL_SURFACE('',#5086,0.00105);
#4652=CYLINDRICAL_SURFACE('',#5090,0.0013);
#4653=CYLINDRICAL_SURFACE('',#5093,0.0013);
#4654=CYLINDRICAL_SURFACE('',#5096,0.0013);
#4655=CYLINDRICAL_SURFACE('',#5099,0.0013);
#4656=CYLINDRICAL_SURFACE('',#5102,0.00105);
#4657=CYLINDRICAL_SURFACE('',#5105,0.00175);
#4658=CYLINDRICAL_SURFACE('',#5108,0.00175);
#4659=CYLINDRICAL_SURFACE('',#5111,0.00105);
#4660=CYLINDRICAL_SURFACE('',#5114,0.00175);
#4661=CYLINDRICAL_SURFACE('',#5117,0.00105);
#4662=CYLINDRICAL_SURFACE('',#5120,0.00105);
#4663=CYLINDRICAL_SURFACE('',#5123,0.00175);
#4664=CYLINDRICAL_SURFACE('',#5126,0.002);
#4665=CYLINDRICAL_SURFACE('',#5129,0.002);
#4666=CYLINDRICAL_SURFACE('',#5132,0.002);
#4667=CYLINDRICAL_SURFACE('',#5135,0.002);
#4668=CYLINDRICAL_SURFACE('',#5138,0.002);
#4669=CYLINDRICAL_SURFACE('',#5141,0.002);
#4670=CYLINDRICAL_SURFACE('',#5247,0.00105);
#4671=CYLINDRICAL_SURFACE('',#5250,0.00105);
#4672=CYLINDRICAL_SURFACE('',#5253,0.00105);
#4673=CYLINDRICAL_SURFACE('',#5256,0.00105);
#4674=CYLINDRICAL_SURFACE('',#5259,0.00105);
#4675=CYLINDRICAL_SURFACE('',#5262,0.00105);
#4676=CYLINDRICAL_SURFACE('',#5265,0.00105);
#4677=CYLINDRICAL_SURFACE('',#5268,0.00105);
#4678=CYLINDRICAL_SURFACE('',#5271,0.00105);
#4679=CYLINDRICAL_SURFACE('',#5274,0.00105);
#4680=CYLINDRICAL_SURFACE('',#5277,0.00105);
#4681=CYLINDRICAL_SURFACE('',#5280,0.00105);
#4682=CYLINDRICAL_SURFACE('',#5283,0.00105);
#4683=CYLINDRICAL_SURFACE('',#5286,0.00105);
#4684=CYLINDRICAL_SURFACE('',#5289,0.00105);
#4685=CYLINDRICAL_SURFACE('',#5292,0.00105);
#4686=CYLINDRICAL_SURFACE('',#5295,0.00105);
#4687=CYLINDRICAL_SURFACE('',#5298,0.00105);
#4688=CYLINDRICAL_SURFACE('',#5301,0.00105);
#4689=CYLINDRICAL_SURFACE('',#5304,0.00105);
#4690=CYLINDRICAL_SURFACE('',#5307,0.001);
#4691=CYLINDRICAL_SURFACE('',#5310,0.001);
#4692=CYLINDRICAL_SURFACE('',#5313,0.001);
#4693=CYLINDRICAL_SURFACE('',#5316,0.001);
#4694=CYLINDRICAL_SURFACE('',#5319,0.001);
#4695=CYLINDRICAL_SURFACE('',#5322,0.001);
#4696=CYLINDRICAL_SURFACE('',#5325,0.001);
#4697=CYLINDRICAL_SURFACE('',#5328,0.001);
#4698=CYLINDRICAL_SURFACE('',#5331,0.001);
#4699=CYLINDRICAL_SURFACE('',#5334,0.001);
#4700=CYLINDRICAL_SURFACE('',#5337,0.001);
#4701=CYLINDRICAL_SURFACE('',#5340,0.001);
#4702=CYLINDRICAL_SURFACE('',#5343,0.001);
#4703=CYLINDRICAL_SURFACE('',#5346,0.001);
#4704=CYLINDRICAL_SURFACE('',#5349,0.001);
#4705=CYLINDRICAL_SURFACE('',#5352,0.001);
#4706=CYLINDRICAL_SURFACE('',#5355,0.001);
#4707=CYLINDRICAL_SURFACE('',#5358,0.001);
#4708=CYLINDRICAL_SURFACE('',#5361,0.001);
#4709=CYLINDRICAL_SURFACE('',#5364,0.001);
#4710=CYLINDRICAL_SURFACE('',#5367,0.001);
#4711=CYLINDRICAL_SURFACE('',#5370,0.001);
#4712=ADVANCED_FACE('',(#4280),#4646,.F.);
#4713=ADVANCED_FACE('',(#4281),#110,.F.);
#4714=ADVANCED_FACE('',(#4282),#4647,.F.);
#4715=ADVANCED_FACE('',(#4283),#111,.F.);
#4716=ADVANCED_FACE('',(#4284),#112,.F.);
#4717=ADVANCED_FACE('',(#4285),#113,.T.);
#4718=ADVANCED_FACE('',(#4286),#114,.T.);
#4719=ADVANCED_FACE('',(#4287),#115,.T.);
#4720=ADVANCED_FACE('',(#4288),#116,.T.);
#4721=ADVANCED_FACE('',(#4289),#117,.T.);
#4722=ADVANCED_FACE('',(#4290),#118,.T.);
#4723=ADVANCED_FACE('',(#4291),#119,.F.);
#4724=ADVANCED_FACE('',(#4292),#120,.T.);
#4725=ADVANCED_FACE('',(#4293),#121,.F.);
#4726=ADVANCED_FACE('',(#4294),#122,.T.);
#4727=ADVANCED_FACE('',(#4295),#123,.F.);
#4728=ADVANCED_FACE('',(#4296),#124,.F.);
#4729=ADVANCED_FACE('',(#4297),#125,.T.);
#4730=ADVANCED_FACE('',(#4298),#126,.T.);
#4731=ADVANCED_FACE('',(#4299),#127,.T.);
#4732=ADVANCED_FACE('',(#4300),#128,.T.);
#4733=ADVANCED_FACE('',(#4301),#129,.T.);
#4734=ADVANCED_FACE('',(#4302),#130,.T.);
#4735=ADVANCED_FACE('',(#4303),#131,.T.);
#4736=ADVANCED_FACE('',(#4304),#132,.T.);
#4737=ADVANCED_FACE('',(#4305),#133,.T.);
#4738=ADVANCED_FACE('',(#4306),#134,.T.);
#4739=ADVANCED_FACE('',(#4307),#135,.T.);
#4740=ADVANCED_FACE('',(#4308),#136,.T.);
#4741=ADVANCED_FACE('',(#4309),#137,.T.);
#4742=ADVANCED_FACE('',(#4310),#138,.T.);
#4743=ADVANCED_FACE('',(#4311),#139,.T.);
#4744=ADVANCED_FACE('',(#4312),#140,.T.);
#4745=ADVANCED_FACE('',(#4313),#141,.F.);
#4746=ADVANCED_FACE('',(#4314),#142,.T.);
#4747=ADVANCED_FACE('',(#4315),#143,.T.);
#4748=ADVANCED_FACE('',(#4316),#144,.F.);
#4749=ADVANCED_FACE('',(#4317),#145,.T.);
#4750=ADVANCED_FACE('',(#4318),#146,.F.);
#4751=ADVANCED_FACE('',(#4319),#147,.F.);
#4752=ADVANCED_FACE('',(#4320),#148,.F.);
#4753=ADVANCED_FACE('',(#4321),#149,.F.);
#4754=ADVANCED_FACE('',(#4322),#4648,.F.);
#4755=ADVANCED_FACE('',(#4323),#150,.F.);
#4756=ADVANCED_FACE('',(#4324),#4649,.F.);
#4757=ADVANCED_FACE('',(#4325),#4650,.F.);
#4758=ADVANCED_FACE('',(#4326),#151,.F.);
#4759=ADVANCED_FACE('',(#4327),#4651,.F.);
#4760=ADVANCED_FACE('',(#4328),#152,.F.);
#4761=ADVANCED_FACE('',(#4329,#4330),#4652,.F.);
#4762=ADVANCED_FACE('',(#4331,#4332),#4653,.F.);
#4763=ADVANCED_FACE('',(#4333,#4334),#4654,.F.);
#4764=ADVANCED_FACE('',(#4335,#4336),#4655,.F.);
#4765=ADVANCED_FACE('',(#4337,#4338),#4656,.F.);
#4766=ADVANCED_FACE('',(#4339,#4340),#4657,.F.);
#4767=ADVANCED_FACE('',(#4341,#4342),#4658,.F.);
#4768=ADVANCED_FACE('',(#4343,#4344),#4659,.F.);
#4769=ADVANCED_FACE('',(#4345,#4346),#4660,.F.);
#4770=ADVANCED_FACE('',(#4347,#4348),#4661,.F.);
#4771=ADVANCED_FACE('',(#4349,#4350),#4662,.F.);
#4772=ADVANCED_FACE('',(#4351,#4352),#4663,.F.);
#4773=ADVANCED_FACE('',(#4353,#4354),#4664,.F.);
#4774=ADVANCED_FACE('',(#4355,#4356),#4665,.F.);
#4775=ADVANCED_FACE('',(#4357,#4358),#4666,.F.);
#4776=ADVANCED_FACE('',(#4359,#4360),#4667,.F.);
#4777=ADVANCED_FACE('',(#4361,#4362),#4668,.F.);
#4778=ADVANCED_FACE('',(#4363,#4364),#4669,.F.);
#4779=ADVANCED_FACE('',(#4365),#153,.T.);
#4780=ADVANCED_FACE('',(#4366),#154,.T.);
#4781=ADVANCED_FACE('',(#4367),#155,.T.);
#4782=ADVANCED_FACE('',(#4368,#4369,#4370,#4371,#4372,#4373,#4374,#4375,
#4376,#4377,#4378,#4379,#4380,#4381,#4382,#4383,#4384,#4385,#4386,#4387,
#4388,#4389),#156,.T.);
#4783=ADVANCED_FACE('',(#4390,#4391,#4392,#4393,#4394,#4395,#4396,#4397,
#4398,#4399,#4400,#4401,#4402,#4403,#4404,#4405,#4406,#4407,#4408,#4409,
#4410,#4411),#157,.F.);
#4784=ADVANCED_FACE('',(#4412),#4670,.F.);
#4785=ADVANCED_FACE('',(#4413),#4671,.F.);
#4786=ADVANCED_FACE('',(#4414),#4672,.F.);
#4787=ADVANCED_FACE('',(#4415),#4673,.F.);
#4788=ADVANCED_FACE('',(#4416),#4674,.F.);
#4789=ADVANCED_FACE('',(#4417),#4675,.F.);
#4790=ADVANCED_FACE('',(#4418),#4676,.F.);
#4791=ADVANCED_FACE('',(#4419),#4677,.F.);
#4792=ADVANCED_FACE('',(#4420),#4678,.F.);
#4793=ADVANCED_FACE('',(#4421),#4679,.F.);
#4794=ADVANCED_FACE('',(#4422),#4680,.F.);
#4795=ADVANCED_FACE('',(#4423),#4681,.F.);
#4796=ADVANCED_FACE('',(#4424),#4682,.F.);
#4797=ADVANCED_FACE('',(#4425),#4683,.T.);
#4798=ADVANCED_FACE('',(#4426),#4684,.T.);
#4799=ADVANCED_FACE('',(#4427),#4685,.F.);
#4800=ADVANCED_FACE('',(#4428),#4686,.F.);
#4801=ADVANCED_FACE('',(#4429),#4687,.F.);
#4802=ADVANCED_FACE('',(#4430),#4688,.F.);
#4803=ADVANCED_FACE('',(#4431),#4689,.F.);
#4804=ADVANCED_FACE('',(#4432),#4690,.T.);
#4805=ADVANCED_FACE('',(#4433),#4691,.T.);
#4806=ADVANCED_FACE('',(#4434),#4692,.T.);
#4807=ADVANCED_FACE('',(#4435),#4693,.T.);
#4808=ADVANCED_FACE('',(#4436),#4694,.T.);
#4809=ADVANCED_FACE('',(#4437),#4695,.T.);
#4810=ADVANCED_FACE('',(#4438),#4696,.T.);
#4811=ADVANCED_FACE('',(#4439),#4697,.T.);
#4812=ADVANCED_FACE('',(#4440),#4698,.T.);
#4813=ADVANCED_FACE('',(#4441),#4699,.T.);
#4814=ADVANCED_FACE('',(#4442),#4700,.T.);
#4815=ADVANCED_FACE('',(#4443),#4701,.T.);
#4816=ADVANCED_FACE('',(#4444),#4702,.T.);
#4817=ADVANCED_FACE('',(#4445),#4703,.T.);
#4818=ADVANCED_FACE('',(#4446),#4704,.T.);
#4819=ADVANCED_FACE('',(#4447),#4705,.T.);
#4820=ADVANCED_FACE('',(#4448),#4706,.T.);
#4821=ADVANCED_FACE('',(#4449),#4707,.T.);
#4822=ADVANCED_FACE('',(#4450),#4708,.T.);
#4823=ADVANCED_FACE('',(#4451),#4709,.T.);
#4824=ADVANCED_FACE('',(#4452),#4710,.T.);
#4825=ADVANCED_FACE('',(#4453),#4711,.T.);
#4826=ADVANCED_FACE('',(#4454),#158,.T.);
#4827=ADVANCED_FACE('',(#4455),#12,.F.);
#4828=ADVANCED_FACE('',(#4456),#13,.F.);
#4829=ADVANCED_FACE('',(#4457),#159,.T.);
#4830=ADVANCED_FACE('',(#4458),#160,.T.);
#4831=ADVANCED_FACE('',(#4459),#14,.T.);
#4832=ADVANCED_FACE('',(#4460),#15,.F.);
#4833=ADVANCED_FACE('',(#4461),#161,.T.);
#4834=ADVANCED_FACE('',(#4462),#162,.F.);
#4835=ADVANCED_FACE('',(#4463),#16,.T.);
#4836=ADVANCED_FACE('',(#4464),#17,.F.);
#4837=ADVANCED_FACE('',(#4465),#163,.T.);
#4838=ADVANCED_FACE('',(#4466),#164,.F.);
#4839=ADVANCED_FACE('',(#4467),#18,.T.);
#4840=ADVANCED_FACE('',(#4468),#19,.T.);
#4841=ADVANCED_FACE('',(#4469),#165,.T.);
#4842=ADVANCED_FACE('',(#4470),#166,.F.);
#4843=ADVANCED_FACE('',(#4471),#20,.T.);
#4844=ADVANCED_FACE('',(#4472),#21,.T.);
#4845=ADVANCED_FACE('',(#4473),#167,.T.);
#4846=ADVANCED_FACE('',(#4474),#168,.F.);
#4847=ADVANCED_FACE('',(#4475),#22,.F.);
#4848=ADVANCED_FACE('',(#4476),#23,.T.);
#4849=ADVANCED_FACE('',(#4477),#169,.F.);
#4850=ADVANCED_FACE('',(#4478),#170,.F.);
#4851=ADVANCED_FACE('',(#4479),#24,.F.);
#4852=ADVANCED_FACE('',(#4480),#25,.T.);
#4853=ADVANCED_FACE('',(#4481),#26,.T.);
#4854=ADVANCED_FACE('',(#4482),#171,.F.);
#4855=ADVANCED_FACE('',(#4483),#172,.T.);
#4856=ADVANCED_FACE('',(#4484),#27,.F.);
#4857=ADVANCED_FACE('',(#4485),#28,.T.);
#4858=ADVANCED_FACE('',(#4486),#173,.T.);
#4859=ADVANCED_FACE('',(#4487),#174,.F.);
#4860=ADVANCED_FACE('',(#4488),#29,.F.);
#4861=ADVANCED_FACE('',(#4489),#30,.F.);
#4862=ADVANCED_FACE('',(#4490),#31,.T.);
#4863=ADVANCED_FACE('',(#4491),#175,.F.);
#4864=ADVANCED_FACE('',(#4492),#176,.F.);
#4865=ADVANCED_FACE('',(#4493),#32,.F.);
#4866=ADVANCED_FACE('',(#4494),#33,.T.);
#4867=ADVANCED_FACE('',(#4495),#177,.T.);
#4868=ADVANCED_FACE('',(#4496),#178,.T.);
#4869=ADVANCED_FACE('',(#4497),#34,.T.);
#4870=ADVANCED_FACE('',(#4498),#35,.F.);
#4871=ADVANCED_FACE('',(#4499),#179,.F.);
#4872=ADVANCED_FACE('',(#4500),#180,.F.);
#4873=ADVANCED_FACE('',(#4501),#36,.T.);
#4874=ADVANCED_FACE('',(#4502),#37,.F.);
#4875=ADVANCED_FACE('',(#4503),#181,.F.);
#4876=ADVANCED_FACE('',(#4504),#182,.T.);
#4877=ADVANCED_FACE('',(#4505),#38,.F.);
#4878=ADVANCED_FACE('',(#4506),#39,.T.);
#4879=ADVANCED_FACE('',(#4507),#183,.F.);
#4880=ADVANCED_FACE('',(#4508),#184,.T.);
#4881=ADVANCED_FACE('',(#4509),#40,.F.);
#4882=ADVANCED_FACE('',(#4510),#41,.T.);
#4883=ADVANCED_FACE('',(#4511),#185,.F.);
#4884=ADVANCED_FACE('',(#4512),#186,.F.);
#4885=ADVANCED_FACE('',(#4513),#42,.T.);
#4886=ADVANCED_FACE('',(#4514),#43,.F.);
#4887=ADVANCED_FACE('',(#4515),#187,.F.);
#4888=ADVANCED_FACE('',(#4516),#188,.F.);
#4889=ADVANCED_FACE('',(#4517),#44,.T.);
#4890=ADVANCED_FACE('',(#4518),#45,.F.);
#4891=ADVANCED_FACE('',(#4519),#189,.F.);
#4892=ADVANCED_FACE('',(#4520),#190,.F.);
#4893=ADVANCED_FACE('',(#4521),#46,.T.);
#4894=ADVANCED_FACE('',(#4522),#47,.T.);
#4895=ADVANCED_FACE('',(#4523),#191,.F.);
#4896=ADVANCED_FACE('',(#4524),#192,.F.);
#4897=ADVANCED_FACE('',(#4525),#48,.T.);
#4898=ADVANCED_FACE('',(#4526),#49,.T.);
#4899=ADVANCED_FACE('',(#4527),#193,.F.);
#4900=ADVANCED_FACE('',(#4528),#194,.F.);
#4901=ADVANCED_FACE('',(#4529),#50,.F.);
#4902=ADVANCED_FACE('',(#4530),#51,.T.);
#4903=ADVANCED_FACE('',(#4531),#195,.F.);
#4904=ADVANCED_FACE('',(#4532),#196,.F.);
#4905=ADVANCED_FACE('',(#4533),#52,.F.);
#4906=ADVANCED_FACE('',(#4534),#53,.T.);
#4907=ADVANCED_FACE('',(#4535),#197,.F.);
#4908=ADVANCED_FACE('',(#4536),#198,.F.);
#4909=ADVANCED_FACE('',(#4537),#54,.F.);
#4910=ADVANCED_FACE('',(#4538),#55,.F.);
#4911=ADVANCED_FACE('',(#4539),#199,.F.);
#4912=ADVANCED_FACE('',(#4540),#200,.F.);
#4913=ADVANCED_FACE('',(#4541),#56,.T.);
#4914=ADVANCED_FACE('',(#4542),#57,.F.);
#4915=ADVANCED_FACE('',(#4543),#201,.F.);
#4916=ADVANCED_FACE('',(#4544),#202,.T.);
#4917=ADVANCED_FACE('',(#4545),#58,.T.);
#4918=ADVANCED_FACE('',(#4546),#59,.F.);
#4919=ADVANCED_FACE('',(#4547),#203,.F.);
#4920=ADVANCED_FACE('',(#4548),#204,.T.);
#4921=ADVANCED_FACE('',(#4549),#60,.T.);
#4922=ADVANCED_FACE('',(#4550),#61,.T.);
#4923=ADVANCED_FACE('',(#4551),#205,.F.);
#4924=ADVANCED_FACE('',(#4552),#206,.T.);
#4925=ADVANCED_FACE('',(#4553),#62,.T.);
#4926=ADVANCED_FACE('',(#4554),#63,.T.);
#4927=ADVANCED_FACE('',(#4555),#207,.F.);
#4928=ADVANCED_FACE('',(#4556),#208,.T.);
#4929=ADVANCED_FACE('',(#4557),#64,.F.);
#4930=ADVANCED_FACE('',(#4558),#65,.T.);
#4931=ADVANCED_FACE('',(#4559),#209,.T.);
#4932=ADVANCED_FACE('',(#4560),#210,.T.);
#4933=ADVANCED_FACE('',(#4561),#66,.F.);
#4934=ADVANCED_FACE('',(#4562),#67,.T.);
#4935=ADVANCED_FACE('',(#4563),#68,.T.);
#4936=ADVANCED_FACE('',(#4564),#211,.T.);
#4937=ADVANCED_FACE('',(#4565),#212,.F.);
#4938=ADVANCED_FACE('',(#4566),#69,.F.);
#4939=ADVANCED_FACE('',(#4567),#70,.T.);
#4940=ADVANCED_FACE('',(#4568),#213,.F.);
#4941=ADVANCED_FACE('',(#4569),#214,.T.);
#4942=ADVANCED_FACE('',(#4570),#71,.F.);
#4943=ADVANCED_FACE('',(#4571),#72,.F.);
#4944=ADVANCED_FACE('',(#4572),#73,.T.);
#4945=ADVANCED_FACE('',(#4573),#215,.T.);
#4946=ADVANCED_FACE('',(#4574),#216,.T.);
#4947=ADVANCED_FACE('',(#4575),#74,.F.);
#4948=ADVANCED_FACE('',(#4576),#75,.T.);
#4949=ADVANCED_FACE('',(#4577),#217,.F.);
#4950=ADVANCED_FACE('',(#4578),#218,.F.);
#4951=ADVANCED_FACE('',(#4579),#76,.T.);
#4952=ADVANCED_FACE('',(#4580),#77,.F.);
#4953=ADVANCED_FACE('',(#4581),#219,.T.);
#4954=ADVANCED_FACE('',(#4582),#220,.T.);
#4955=ADVANCED_FACE('',(#4583),#78,.T.);
#4956=ADVANCED_FACE('',(#4584),#79,.F.);
#4957=ADVANCED_FACE('',(#4585),#221,.T.);
#4958=ADVANCED_FACE('',(#4586),#222,.F.);
#4959=ADVANCED_FACE('',(#4587),#80,.F.);
#4960=ADVANCED_FACE('',(#4588),#81,.T.);
#4961=ADVANCED_FACE('',(#4589),#223,.T.);
#4962=ADVANCED_FACE('',(#4590),#224,.F.);
#4963=ADVANCED_FACE('',(#4591),#82,.F.);
#4964=ADVANCED_FACE('',(#4592),#83,.T.);
#4965=ADVANCED_FACE('',(#4593),#225,.T.);
#4966=ADVANCED_FACE('',(#4594),#226,.T.);
#4967=ADVANCED_FACE('',(#4595),#84,.T.);
#4968=ADVANCED_FACE('',(#4596),#85,.F.);
#4969=ADVANCED_FACE('',(#4597),#227,.T.);
#4970=ADVANCED_FACE('',(#4598),#228,.T.);
#4971=ADVANCED_FACE('',(#4599),#86,.T.);
#4972=ADVANCED_FACE('',(#4600),#87,.F.);
#4973=ADVANCED_FACE('',(#4601),#229,.T.);
#4974=ADVANCED_FACE('',(#4602),#230,.T.);
#4975=ADVANCED_FACE('',(#4603),#88,.T.);
#4976=ADVANCED_FACE('',(#4604),#89,.T.);
#4977=ADVANCED_FACE('',(#4605),#231,.T.);
#4978=ADVANCED_FACE('',(#4606),#232,.T.);
#4979=ADVANCED_FACE('',(#4607),#90,.T.);
#4980=ADVANCED_FACE('',(#4608),#91,.T.);
#4981=ADVANCED_FACE('',(#4609),#233,.T.);
#4982=ADVANCED_FACE('',(#4610),#234,.T.);
#4983=ADVANCED_FACE('',(#4611),#92,.F.);
#4984=ADVANCED_FACE('',(#4612),#93,.T.);
#4985=ADVANCED_FACE('',(#4613),#235,.T.);
#4986=ADVANCED_FACE('',(#4614),#236,.T.);
#4987=ADVANCED_FACE('',(#4615),#94,.F.);
#4988=ADVANCED_FACE('',(#4616),#95,.T.);
#4989=ADVANCED_FACE('',(#4617),#237,.T.);
#4990=ADVANCED_FACE('',(#4618),#238,.T.);
#4991=ADVANCED_FACE('',(#4619),#96,.F.);
#4992=ADVANCED_FACE('',(#4620),#97,.F.);
#4993=ADVANCED_FACE('',(#4621),#239,.F.);
#4994=ADVANCED_FACE('',(#4622),#240,.F.);
#4995=ADVANCED_FACE('',(#4623),#98,.F.);
#4996=ADVANCED_FACE('',(#4624),#99,.F.);
#4997=ADVANCED_FACE('',(#4625),#241,.T.);
#4998=ADVANCED_FACE('',(#4626),#242,.T.);
#4999=ADVANCED_FACE('',(#4627),#100,.F.);
#5000=ADVANCED_FACE('',(#4628),#101,.F.);
#5001=ADVANCED_FACE('',(#4629),#243,.F.);
#5002=ADVANCED_FACE('',(#4630),#244,.F.);
#5003=ADVANCED_FACE('',(#4631),#102,.F.);
#5004=ADVANCED_FACE('',(#4632),#103,.F.);
#5005=ADVANCED_FACE('',(#4633),#245,.T.);
#5006=ADVANCED_FACE('',(#4634),#246,.T.);
#5007=ADVANCED_FACE('',(#4635),#104,.F.);
#5008=ADVANCED_FACE('',(#4636),#105,.F.);
#5009=ADVANCED_FACE('',(#4637),#247,.F.);
#5010=ADVANCED_FACE('',(#4638),#248,.F.);
#5011=ADVANCED_FACE('',(#4639),#106,.F.);
#5012=ADVANCED_FACE('',(#4640),#107,.F.);
#5013=ADVANCED_FACE('',(#4641),#249,.T.);
#5014=ADVANCED_FACE('',(#4642,#4643),#108,.F.);
#5015=ADVANCED_FACE('',(#4644,#4645),#109,.F.);
#5016=CLOSED_SHELL('',(#4712,#4713,#4714,#4715,#4716,#4717,#4718,#4719,
#4720,#4721,#4722,#4723,#4724,#4725,#4726,#4727,#4728,#4729,#4730,#4731,
#4732,#4733,#4734,#4735,#4736,#4737,#4738,#4739,#4740,#4741,#4742,#4743,
#4744,#4745,#4746,#4747,#4748,#4749,#4750,#4751,#4752,#4753,#4754,#4755,
#4756,#4757,#4758,#4759,#4760,#4761,#4762,#4763,#4764,#4765,#4766,#4767,
#4768,#4769,#4770,#4771,#4772,#4773,#4774,#4775,#4776,#4777,#4778,#4779,
#4780,#4781,#4782,#4783,#4784,#4785,#4786,#4787,#4788,#4789,#4790,#4791,
#4792,#4793,#4794,#4795,#4796,#4797,#4798,#4799,#4800,#4801,#4802,#4803,
#4804,#4805,#4806,#4807,#4808,#4809,#4810,#4811,#4812,#4813,#4814,#4815,
#4816,#4817,#4818,#4819,#4820,#4821,#4822,#4823,#4824,#4825,#4826,#4827,
#4828,#4829,#4830,#4831,#4832,#4833,#4834,#4835,#4836,#4837,#4838,#4839,
#4840,#4841,#4842,#4843,#4844,#4845,#4846,#4847,#4848,#4849,#4850,#4851,
#4852,#4853,#4854,#4855,#4856,#4857,#4858,#4859,#4860,#4861,#4862,#4863,
#4864,#4865,#4866,#4867,#4868,#4869,#4870,#4871,#4872,#4873,#4874,#4875,
#4876,#4877,#4878,#4879,#4880,#4881,#4882,#4883,#4884,#4885,#4886,#4887,
#4888,#4889,#4890,#4891,#4892,#4893,#4894,#4895,#4896,#4897,#4898,#4899,
#4900,#4901,#4902,#4903,#4904,#4905,#4906,#4907,#4908,#4909,#4910,#4911,
#4912,#4913,#4914,#4915,#4916,#4917,#4918,#4919,#4920,#4921,#4922,#4923,
#4924,#4925,#4926,#4927,#4928,#4929,#4930,#4931,#4932,#4933,#4934,#4935,
#4936,#4937,#4938,#4939,#4940,#4941,#4942,#4943,#4944,#4945,#4946,#4947,
#4948,#4949,#4950,#4951,#4952,#4953,#4954,#4955,#4956,#4957,#4958,#4959,
#4960,#4961,#4962,#4963,#4964,#4965,#4966,#4967,#4968,#4969,#4970,#4971,
#4972,#4973,#4974,#4975,#4976,#4977,#4978,#4979,#4980,#4981,#4982,#4983,
#4984,#4985,#4986,#4987,#4988,#4989,#4990,#4991,#4992,#4993,#4994,#4995,
#4996,#4997,#4998,#4999,#5000,#5001,#5002,#5003,#5004,#5005,#5006,#5007,
#5008,#5009,#5010,#5011,#5012,#5013,#5014,#5015));
#5017=STYLED_ITEM('',(#5018),#5025);
#5018=PRESENTATION_STYLE_ASSIGNMENT((#5019));
#5019=SURFACE_STYLE_USAGE(.BOTH.,#5020);
#5020=SURFACE_SIDE_STYLE('',(#5021));
#5021=SURFACE_STYLE_FILL_AREA(#5022);
#5022=FILL_AREA_STYLE('',(#5023));
#5023=FILL_AREA_STYLE_COLOUR('',#5024);
#5024=COLOUR_RGB('',0.501960784313726,0.501960784313726,0.501960784313726);
#5025=MANIFOLD_SOLID_BREP('Base-Top',#5016);
#5026=SHAPE_DEFINITION_REPRESENTATION(#8520,#5027);
#5027=SHAPE_REPRESENTATION('Base-Top',(#5028),#8515);
#5028=AXIS2_PLACEMENT_3D('',#7099,#5563,#5564);
#5029=AXIS2_PLACEMENT_3D('',#7100,#5565,#5566);
#5030=AXIS2_PLACEMENT_3D('',#7104,#5568,#5569);
#5031=AXIS2_PLACEMENT_3D('',#7108,#5571,#5572);
#5032=AXIS2_PLACEMENT_3D('',#7109,#5573,#5574);
#5033=AXIS2_PLACEMENT_3D('',#7115,#5578,#5579);
#5034=AXIS2_PLACEMENT_3D('',#7119,#5581,#5582);
#5035=AXIS2_PLACEMENT_3D('',#7120,#5583,#5584);
#5036=AXIS2_PLACEMENT_3D('',#7121,#5585,#5586);
#5037=AXIS2_PLACEMENT_3D('',#7130,#5591,#5592);
#5038=AXIS2_PLACEMENT_3D('',#7139,#5597,#5598);
#5039=AXIS2_PLACEMENT_3D('',#7148,#5603,#5604);
#5040=AXIS2_PLACEMENT_3D('',#7157,#5609,#5610);
#5041=AXIS2_PLACEMENT_3D('',#7166,#5615,#5616);
#5042=AXIS2_PLACEMENT_3D('',#7175,#5621,#5622);
#5043=AXIS2_PLACEMENT_3D('',#7184,#5627,#5628);
#5044=AXIS2_PLACEMENT_3D('',#7193,#5633,#5634);
#5045=AXIS2_PLACEMENT_3D('',#7202,#5639,#5640);
#5046=AXIS2_PLACEMENT_3D('',#7211,#5645,#5646);
#5047=AXIS2_PLACEMENT_3D('',#7220,#5651,#5652);
#5048=AXIS2_PLACEMENT_3D('',#7229,#5657,#5658);
#5049=AXIS2_PLACEMENT_3D('',#7238,#5663,#5664);
#5050=AXIS2_PLACEMENT_3D('',#7247,#5669,#5670);
#5051=AXIS2_PLACEMENT_3D('',#7256,#5675,#5676);
#5052=AXIS2_PLACEMENT_3D('',#7265,#5681,#5682);
#5053=AXIS2_PLACEMENT_3D('',#7274,#5687,#5688);
#5054=AXIS2_PLACEMENT_3D('',#7283,#5693,#5694);
#5055=AXIS2_PLACEMENT_3D('',#7292,#5699,#5700);
#5056=AXIS2_PLACEMENT_3D('',#7301,#5705,#5706);
#5057=AXIS2_PLACEMENT_3D('',#7310,#5711,#5712);
#5058=AXIS2_PLACEMENT_3D('',#7319,#5717,#5718);
#5059=AXIS2_PLACEMENT_3D('',#7328,#5723,#5724);
#5060=AXIS2_PLACEMENT_3D('',#7337,#5729,#5730);
#5061=AXIS2_PLACEMENT_3D('',#7346,#5735,#5736);
#5062=AXIS2_PLACEMENT_3D('',#7355,#5741,#5742);
#5063=AXIS2_PLACEMENT_3D('',#7364,#5747,#5748);
#5064=AXIS2_PLACEMENT_3D('',#7373,#5753,#5754);
#5065=AXIS2_PLACEMENT_3D('',#7382,#5759,#5760);
#5066=AXIS2_PLACEMENT_3D('',#7391,#5765,#5766);
#5067=AXIS2_PLACEMENT_3D('',#7400,#5771,#5772);
#5068=AXIS2_PLACEMENT_3D('',#7409,#5777,#5778);
#5069=AXIS2_PLACEMENT_3D('',#7418,#5783,#5784);
#5070=AXIS2_PLACEMENT_3D('',#7427,#5789,#5790);
#5071=AXIS2_PLACEMENT_3D('',#7436,#5795,#5796);
#5072=AXIS2_PLACEMENT_3D('',#7445,#5801,#5802);
#5073=AXIS2_PLACEMENT_3D('',#7454,#5807,#5808);
#5074=AXIS2_PLACEMENT_3D('',#7463,#5813,#5814);
#5075=AXIS2_PLACEMENT_3D('',#7472,#5819,#5820);
#5076=AXIS2_PLACEMENT_3D('',#7476,#5822,#5823);
#5077=AXIS2_PLACEMENT_3D('',#7480,#5825,#5826);
#5078=AXIS2_PLACEMENT_3D('',#7481,#5827,#5828);
#5079=AXIS2_PLACEMENT_3D('',#7487,#5832,#5833);
#5080=AXIS2_PLACEMENT_3D('',#7491,#5835,#5836);
#5081=AXIS2_PLACEMENT_3D('',#7492,#5837,#5838);
#5082=AXIS2_PLACEMENT_3D('',#7493,#5839,#5840);
#5083=AXIS2_PLACEMENT_3D('',#7497,#5842,#5843);
#5084=AXIS2_PLACEMENT_3D('',#7501,#5845,#5846);
#5085=AXIS2_PLACEMENT_3D('',#7502,#5847,#5848);
#5086=AXIS2_PLACEMENT_3D('',#7508,#5852,#5853);
#5087=AXIS2_PLACEMENT_3D('',#7512,#5855,#5856);
#5088=AXIS2_PLACEMENT_3D('',#7513,#5857,#5858);
#5089=AXIS2_PLACEMENT_3D('',#7514,#5859,#5860);
#5090=AXIS2_PLACEMENT_3D('',#7523,#5865,#5866);
#5091=AXIS2_PLACEMENT_3D('',#7524,#5867,#5868);
#5092=AXIS2_PLACEMENT_3D('',#7526,#5869,#5870);
#5093=AXIS2_PLACEMENT_3D('',#7528,#5871,#5872);
#5094=AXIS2_PLACEMENT_3D('',#7529,#5873,#5874);
#5095=AXIS2_PLACEMENT_3D('',#7531,#5875,#5876);
#5096=AXIS2_PLACEMENT_3D('',#7533,#5877,#5878);
#5097=AXIS2_PLACEMENT_3D('',#7534,#5879,#5880);
#5098=AXIS2_PLACEMENT_3D('',#7536,#5881,#5882);
#5099=AXIS2_PLACEMENT_3D('',#7538,#5883,#5884);
#5100=AXIS2_PLACEMENT_3D('',#7539,#5885,#5886);
#5101=AXIS2_PLACEMENT_3D('',#7541,#5887,#5888);
#5102=AXIS2_PLACEMENT_3D('',#7543,#5889,#5890);
#5103=AXIS2_PLACEMENT_3D('',#7544,#5891,#5892);
#5104=AXIS2_PLACEMENT_3D('',#7546,#5893,#5894);
#5105=AXIS2_PLACEMENT_3D('',#7548,#5895,#5896);
#5106=AXIS2_PLACEMENT_3D('',#7549,#5897,#5898);
#5107=AXIS2_PLACEMENT_3D('',#7551,#5899,#5900);
#5108=AXIS2_PLACEMENT_3D('',#7553,#5901,#5902);
#5109=AXIS2_PLACEMENT_3D('',#7554,#5903,#5904);
#5110=AXIS2_PLACEMENT_3D('',#7556,#5905,#5906);
#5111=AXIS2_PLACEMENT_3D('',#7558,#5907,#5908);
#5112=AXIS2_PLACEMENT_3D('',#7559,#5909,#5910);
#5113=AXIS2_PLACEMENT_3D('',#7561,#5911,#5912);
#5114=AXIS2_PLACEMENT_3D('',#7563,#5913,#5914);
#5115=AXIS2_PLACEMENT_3D('',#7564,#5915,#5916);
#5116=AXIS2_PLACEMENT_3D('',#7566,#5917,#5918);
#5117=AXIS2_PLACEMENT_3D('',#7568,#5919,#5920);
#5118=AXIS2_PLACEMENT_3D('',#7569,#5921,#5922);
#5119=AXIS2_PLACEMENT_3D('',#7571,#5923,#5924);
#5120=AXIS2_PLACEMENT_3D('',#7573,#5925,#5926);
#5121=AXIS2_PLACEMENT_3D('',#7574,#5927,#5928);
#5122=AXIS2_PLACEMENT_3D('',#7576,#5929,#5930);
#5123=AXIS2_PLACEMENT_3D('',#7578,#5931,#5932);
#5124=AXIS2_PLACEMENT_3D('',#7579,#5933,#5934);
#5125=AXIS2_PLACEMENT_3D('',#7581,#5935,#5936);
#5126=AXIS2_PLACEMENT_3D('',#7583,#5937,#5938);
#5127=AXIS2_PLACEMENT_3D('',#7584,#5939,#5940);
#5128=AXIS2_PLACEMENT_3D('',#7586,#5941,#5942);
#5129=AXIS2_PLACEMENT_3D('',#7588,#5943,#5944);
#5130=AXIS2_PLACEMENT_3D('',#7589,#5945,#5946);
#5131=AXIS2_PLACEMENT_3D('',#7591,#5947,#5948);
#5132=AXIS2_PLACEMENT_3D('',#7593,#5949,#5950);
#5133=AXIS2_PLACEMENT_3D('',#7594,#5951,#5952);
#5134=AXIS2_PLACEMENT_3D('',#7596,#5953,#5954);
#5135=AXIS2_PLACEMENT_3D('',#7598,#5955,#5956);
#5136=AXIS2_PLACEMENT_3D('',#7599,#5957,#5958);
#5137=AXIS2_PLACEMENT_3D('',#7601,#5959,#5960);
#5138=AXIS2_PLACEMENT_3D('',#7603,#5961,#5962);
#5139=AXIS2_PLACEMENT_3D('',#7604,#5963,#5964);
#5140=AXIS2_PLACEMENT_3D('',#7606,#5965,#5966);
#5141=AXIS2_PLACEMENT_3D('',#7608,#5967,#5968);
#5142=AXIS2_PLACEMENT_3D('',#7609,#5969,#5970);
#5143=AXIS2_PLACEMENT_3D('',#7611,#5971,#5972);
#5144=AXIS2_PLACEMENT_3D('',#7613,#5973,#5974);
#5145=AXIS2_PLACEMENT_3D('',#7616,#5977,#5978);
#5146=AXIS2_PLACEMENT_3D('',#7619,#5981,#5982);
#5147=AXIS2_PLACEMENT_3D('',#7622,#5985,#5986);
#5148=AXIS2_PLACEMENT_3D('',#7623,#5987,#5988);
#5149=AXIS2_PLACEMENT_3D('',#7628,#5990,#5991);
#5150=AXIS2_PLACEMENT_3D('',#7632,#5993,#5994);
#5151=AXIS2_PLACEMENT_3D('',#7636,#5996,#5997);
#5152=AXIS2_PLACEMENT_3D('',#7640,#5999,#6000);
#5153=AXIS2_PLACEMENT_3D('',#7644,#6002,#6003);
#5154=AXIS2_PLACEMENT_3D('',#7648,#6005,#6006);
#5155=AXIS2_PLACEMENT_3D('',#7652,#6008,#6009);
#5156=AXIS2_PLACEMENT_3D('',#7656,#6011,#6012);
#5157=AXIS2_PLACEMENT_3D('',#7660,#6014,#6015);
#5158=AXIS2_PLACEMENT_3D('',#7664,#6017,#6018);
#5159=AXIS2_PLACEMENT_3D('',#7668,#6020,#6021);
#5160=AXIS2_PLACEMENT_3D('',#7672,#6023,#6024);
#5161=AXIS2_PLACEMENT_3D('',#7676,#6026,#6027);
#5162=AXIS2_PLACEMENT_3D('',#7680,#6029,#6030);
#5163=AXIS2_PLACEMENT_3D('',#7682,#6031,#6032);
#5164=AXIS2_PLACEMENT_3D('',#7686,#6034,#6035);
#5165=AXIS2_PLACEMENT_3D('',#7690,#6037,#6038);
#5166=AXIS2_PLACEMENT_3D('',#7694,#6040,#6041);
#5167=AXIS2_PLACEMENT_3D('',#7698,#6043,#6044);
#5168=AXIS2_PLACEMENT_3D('',#7702,#6046,#6047);
#5169=AXIS2_PLACEMENT_3D('',#7706,#6049,#6050);
#5170=AXIS2_PLACEMENT_3D('',#7710,#6052,#6053);
#5171=AXIS2_PLACEMENT_3D('',#7714,#6055,#6056);
#5172=AXIS2_PLACEMENT_3D('',#7718,#6058,#6059);
#5173=AXIS2_PLACEMENT_3D('',#7722,#6061,#6062);
#5174=AXIS2_PLACEMENT_3D('',#7726,#6064,#6065);
#5175=AXIS2_PLACEMENT_3D('',#7730,#6067,#6068);
#5176=AXIS2_PLACEMENT_3D('',#7734,#6070,#6071);
#5177=AXIS2_PLACEMENT_3D('',#7738,#6073,#6074);
#5178=AXIS2_PLACEMENT_3D('',#7742,#6076,#6077);
#5179=AXIS2_PLACEMENT_3D('',#7744,#6078,#6079);
#5180=AXIS2_PLACEMENT_3D('',#7748,#6081,#6082);
#5181=AXIS2_PLACEMENT_3D('',#7752,#6084,#6085);
#5182=AXIS2_PLACEMENT_3D('',#7756,#6087,#6088);
#5183=AXIS2_PLACEMENT_3D('',#7760,#6090,#6091);
#5184=AXIS2_PLACEMENT_3D('',#7764,#6093,#6094);
#5185=AXIS2_PLACEMENT_3D('',#7768,#6096,#6097);
#5186=AXIS2_PLACEMENT_3D('',#7772,#6099,#6100);
#5187=AXIS2_PLACEMENT_3D('',#7776,#6102,#6103);
#5188=AXIS2_PLACEMENT_3D('',#7780,#6105,#6106);
#5189=AXIS2_PLACEMENT_3D('',#7784,#6108,#6109);
#5190=AXIS2_PLACEMENT_3D('',#7787,#6111,#6112);
#5191=AXIS2_PLACEMENT_3D('',#7792,#6114,#6115);
#5192=AXIS2_PLACEMENT_3D('',#7795,#6117,#6118);
#5193=AXIS2_PLACEMENT_3D('',#7800,#6120,#6121);
#5194=AXIS2_PLACEMENT_3D('',#7803,#6123,#6124);
#5195=AXIS2_PLACEMENT_3D('',#7808,#6126,#6127);
#5196=AXIS2_PLACEMENT_3D('',#7811,#6129,#6130);
#5197=AXIS2_PLACEMENT_3D('',#7812,#6131,#6132);
#5198=AXIS2_PLACEMENT_3D('',#7814,#6133,#6134);
#5199=AXIS2_PLACEMENT_3D('',#7816,#6135,#6136);
#5200=AXIS2_PLACEMENT_3D('',#7821,#6138,#6139);
#5201=AXIS2_PLACEMENT_3D('',#7825,#6141,#6142);
#5202=AXIS2_PLACEMENT_3D('',#7829,#6144,#6145);
#5203=AXIS2_PLACEMENT_3D('',#7833,#6147,#6148);
#5204=AXIS2_PLACEMENT_3D('',#7837,#6150,#6151);
#5205=AXIS2_PLACEMENT_3D('',#7841,#6153,#6154);
#5206=AXIS2_PLACEMENT_3D('',#7845,#6156,#6157);
#5207=AXIS2_PLACEMENT_3D('',#7849,#6159,#6160);
#5208=AXIS2_PLACEMENT_3D('',#7853,#6162,#6163);
#5209=AXIS2_PLACEMENT_3D('',#7857,#6165,#6166);
#5210=AXIS2_PLACEMENT_3D('',#7861,#6168,#6169);
#5211=AXIS2_PLACEMENT_3D('',#7865,#6171,#6172);
#5212=AXIS2_PLACEMENT_3D('',#7867,#6173,#6174);
#5213=AXIS2_PLACEMENT_3D('',#7871,#6176,#6177);
#5214=AXIS2_PLACEMENT_3D('',#7875,#6179,#6180);
#5215=AXIS2_PLACEMENT_3D('',#7879,#6182,#6183);
#5216=AXIS2_PLACEMENT_3D('',#7883,#6185,#6186);
#5217=AXIS2_PLACEMENT_3D('',#7887,#6188,#6189);
#5218=AXIS2_PLACEMENT_3D('',#7891,#6191,#6192);
#5219=AXIS2_PLACEMENT_3D('',#7895,#6194,#6195);
#5220=AXIS2_PLACEMENT_3D('',#7899,#6197,#6198);
#5221=AXIS2_PLACEMENT_3D('',#7903,#6200,#6201);
#5222=AXIS2_PLACEMENT_3D('',#7907,#6203,#6204);
#5223=AXIS2_PLACEMENT_3D('',#7911,#6206,#6207);
#5224=AXIS2_PLACEMENT_3D('',#7915,#6209,#6210);
#5225=AXIS2_PLACEMENT_3D('',#7919,#6212,#6213);
#5226=AXIS2_PLACEMENT_3D('',#7923,#6215,#6216);
#5227=AXIS2_PLACEMENT_3D('',#7927,#6218,#6219);
#5228=AXIS2_PLACEMENT_3D('',#7929,#6220,#6221);
#5229=AXIS2_PLACEMENT_3D('',#7933,#6223,#6224);
#5230=AXIS2_PLACEMENT_3D('',#7937,#6226,#6227);
#5231=AXIS2_PLACEMENT_3D('',#7941,#6229,#6230);
#5232=AXIS2_PLACEMENT_3D('',#7945,#6232,#6233);
#5233=AXIS2_PLACEMENT_3D('',#7949,#6235,#6236);
#5234=AXIS2_PLACEMENT_3D('',#7953,#6238,#6239);
#5235=AXIS2_PLACEMENT_3D('',#7957,#6241,#6242);
#5236=AXIS2_PLACEMENT_3D('',#7961,#6244,#6245);
#5237=AXIS2_PLACEMENT_3D('',#7965,#6247,#6248);
#5238=AXIS2_PLACEMENT_3D('',#7969,#6250,#6251);
#5239=AXIS2_PLACEMENT_3D('',#7973,#6253,#6254);
#5240=AXIS2_PLACEMENT_3D('',#7977,#6256,#6257);
#5241=AXIS2_PLACEMENT_3D('',#7980,#6259,#6260);
#5242=AXIS2_PLACEMENT_3D('',#7985,#6262,#6263);
#5243=AXIS2_PLACEMENT_3D('',#7988,#6265,#6266);
#5244=AXIS2_PLACEMENT_3D('',#7993,#6268,#6269);
#5245=AXIS2_PLACEMENT_3D('',#7996,#6271,#6272);
#5246=AXIS2_PLACEMENT_3D('',#8001,#6274,#6275);
#5247=AXIS2_PLACEMENT_3D('',#8004,#6277,#6278);
#5248=AXIS2_PLACEMENT_3D('',#8005,#6279,#6280);
#5249=AXIS2_PLACEMENT_3D('',#8006,#6281,#6282);
#5250=AXIS2_PLACEMENT_3D('',#8007,#6283,#6284);
#5251=AXIS2_PLACEMENT_3D('',#8008,#6285,#6286);
#5252=AXIS2_PLACEMENT_3D('',#8009,#6287,#6288);
#5253=AXIS2_PLACEMENT_3D('',#8010,#6289,#6290);
#5254=AXIS2_PLACEMENT_3D('',#8011,#6291,#6292);
#5255=AXIS2_PLACEMENT_3D('',#8012,#6293,#6294);
#5256=AXIS2_PLACEMENT_3D('',#8013,#6295,#6296);
#5257=AXIS2_PLACEMENT_3D('',#8014,#6297,#6298);
#5258=AXIS2_PLACEMENT_3D('',#8015,#6299,#6300);
#5259=AXIS2_PLACEMENT_3D('',#8016,#6301,#6302);
#5260=AXIS2_PLACEMENT_3D('',#8020,#6304,#6305);
#5261=AXIS2_PLACEMENT_3D('',#8021,#6306,#6307);
#5262=AXIS2_PLACEMENT_3D('',#8022,#6308,#6309);
#5263=AXIS2_PLACEMENT_3D('',#8023,#6310,#6311);
#5264=AXIS2_PLACEMENT_3D('',#8027,#6313,#6314);
#5265=AXIS2_PLACEMENT_3D('',#8028,#6315,#6316);
#5266=AXIS2_PLACEMENT_3D('',#8029,#6317,#6318);
#5267=AXIS2_PLACEMENT_3D('',#8030,#6319,#6320);
#5268=AXIS2_PLACEMENT_3D('',#8031,#6321,#6322);
#5269=AXIS2_PLACEMENT_3D('',#8032,#6323,#6324);
#5270=AXIS2_PLACEMENT_3D('',#8033,#6325,#6326);
#5271=AXIS2_PLACEMENT_3D('',#8034,#6327,#6328);
#5272=AXIS2_PLACEMENT_3D('',#8035,#6329,#6330);
#5273=AXIS2_PLACEMENT_3D('',#8036,#6331,#6332);
#5274=AXIS2_PLACEMENT_3D('',#8037,#6333,#6334);
#5275=AXIS2_PLACEMENT_3D('',#8038,#6335,#6336);
#5276=AXIS2_PLACEMENT_3D('',#8039,#6337,#6338);
#5277=AXIS2_PLACEMENT_3D('',#8040,#6339,#6340);
#5278=AXIS2_PLACEMENT_3D('',#8041,#6341,#6342);
#5279=AXIS2_PLACEMENT_3D('',#8042,#6343,#6344);
#5280=AXIS2_PLACEMENT_3D('',#8043,#6345,#6346);
#5281=AXIS2_PLACEMENT_3D('',#8044,#6347,#6348);
#5282=AXIS2_PLACEMENT_3D('',#8045,#6349,#6350);
#5283=AXIS2_PLACEMENT_3D('',#8046,#6351,#6352);
#5284=AXIS2_PLACEMENT_3D('',#8047,#6353,#6354);
#5285=AXIS2_PLACEMENT_3D('',#8048,#6355,#6356);
#5286=AXIS2_PLACEMENT_3D('',#8049,#6357,#6358);
#5287=AXIS2_PLACEMENT_3D('',#8050,#6359,#6360);
#5288=AXIS2_PLACEMENT_3D('',#8051,#6361,#6362);
#5289=AXIS2_PLACEMENT_3D('',#8052,#6363,#6364);
#5290=AXIS2_PLACEMENT_3D('',#8053,#6365,#6366);
#5291=AXIS2_PLACEMENT_3D('',#8054,#6367,#6368);
#5292=AXIS2_PLACEMENT_3D('',#8055,#6369,#6370);
#5293=AXIS2_PLACEMENT_3D('',#8056,#6371,#6372);
#5294=AXIS2_PLACEMENT_3D('',#8057,#6373,#6374);
#5295=AXIS2_PLACEMENT_3D('',#8058,#6375,#6376);
#5296=AXIS2_PLACEMENT_3D('',#8059,#6377,#6378);
#5297=AXIS2_PLACEMENT_3D('',#8060,#6379,#6380);
#5298=AXIS2_PLACEMENT_3D('',#8061,#6381,#6382);
#5299=AXIS2_PLACEMENT_3D('',#8062,#6383,#6384);
#5300=AXIS2_PLACEMENT_3D('',#8063,#6385,#6386);
#5301=AXIS2_PLACEMENT_3D('',#8064,#6387,#6388);
#5302=AXIS2_PLACEMENT_3D('',#8065,#6389,#6390);
#5303=AXIS2_PLACEMENT_3D('',#8066,#6391,#6392);
#5304=AXIS2_PLACEMENT_3D('',#8067,#6393,#6394);
#5305=AXIS2_PLACEMENT_3D('',#8068,#6395,#6396);
#5306=AXIS2_PLACEMENT_3D('',#8069,#6397,#6398);
#5307=AXIS2_PLACEMENT_3D('',#8070,#6399,#6400);
#5308=AXIS2_PLACEMENT_3D('',#8071,#6401,#6402);
#5309=AXIS2_PLACEMENT_3D('',#8072,#6403,#6404);
#5310=AXIS2_PLACEMENT_3D('',#8073,#6405,#6406);
#5311=AXIS2_PLACEMENT_3D('',#8074,#6407,#6408);
#5312=AXIS2_PLACEMENT_3D('',#8075,#6409,#6410);
#5313=AXIS2_PLACEMENT_3D('',#8076,#6411,#6412);
#5314=AXIS2_PLACEMENT_3D('',#8077,#6413,#6414);
#5315=AXIS2_PLACEMENT_3D('',#8078,#6415,#6416);
#5316=AXIS2_PLACEMENT_3D('',#8079,#6417,#6418);
#5317=AXIS2_PLACEMENT_3D('',#8080,#6419,#6420);
#5318=AXIS2_PLACEMENT_3D('',#8081,#6421,#6422);
#5319=AXIS2_PLACEMENT_3D('',#8082,#6423,#6424);
#5320=AXIS2_PLACEMENT_3D('',#8083,#6425,#6426);
#5321=AXIS2_PLACEMENT_3D('',#8084,#6427,#6428);
#5322=AXIS2_PLACEMENT_3D('',#8085,#6429,#6430);
#5323=AXIS2_PLACEMENT_3D('',#8086,#6431,#6432);
#5324=AXIS2_PLACEMENT_3D('',#8087,#6433,#6434);
#5325=AXIS2_PLACEMENT_3D('',#8088,#6435,#6436);
#5326=AXIS2_PLACEMENT_3D('',#8089,#6437,#6438);
#5327=AXIS2_PLACEMENT_3D('',#8090,#6439,#6440);
#5328=AXIS2_PLACEMENT_3D('',#8091,#6441,#6442);
#5329=AXIS2_PLACEMENT_3D('',#8092,#6443,#6444);
#5330=AXIS2_PLACEMENT_3D('',#8093,#6445,#6446);
#5331=AXIS2_PLACEMENT_3D('',#8094,#6447,#6448);
#5332=AXIS2_PLACEMENT_3D('',#8095,#6449,#6450);
#5333=AXIS2_PLACEMENT_3D('',#8096,#6451,#6452);
#5334=AXIS2_PLACEMENT_3D('',#8097,#6453,#6454);
#5335=AXIS2_PLACEMENT_3D('',#8098,#6455,#6456);
#5336=AXIS2_PLACEMENT_3D('',#8099,#6457,#6458);
#5337=AXIS2_PLACEMENT_3D('',#8100,#6459,#6460);
#5338=AXIS2_PLACEMENT_3D('',#8101,#6461,#6462);
#5339=AXIS2_PLACEMENT_3D('',#8102,#6463,#6464);
#5340=AXIS2_PLACEMENT_3D('',#8103,#6465,#6466);
#5341=AXIS2_PLACEMENT_3D('',#8104,#6467,#6468);
#5342=AXIS2_PLACEMENT_3D('',#8105,#6469,#6470);
#5343=AXIS2_PLACEMENT_3D('',#8106,#6471,#6472);
#5344=AXIS2_PLACEMENT_3D('',#8107,#6473,#6474);
#5345=AXIS2_PLACEMENT_3D('',#8108,#6475,#6476);
#5346=AXIS2_PLACEMENT_3D('',#8109,#6477,#6478);
#5347=AXIS2_PLACEMENT_3D('',#8110,#6479,#6480);
#5348=AXIS2_PLACEMENT_3D('',#8111,#6481,#6482);
#5349=AXIS2_PLACEMENT_3D('',#8112,#6483,#6484);
#5350=AXIS2_PLACEMENT_3D('',#8113,#6485,#6486);
#5351=AXIS2_PLACEMENT_3D('',#8114,#6487,#6488);
#5352=AXIS2_PLACEMENT_3D('',#8115,#6489,#6490);
#5353=AXIS2_PLACEMENT_3D('',#8116,#6491,#6492);
#5354=AXIS2_PLACEMENT_3D('',#8117,#6493,#6494);
#5355=AXIS2_PLACEMENT_3D('',#8118,#6495,#6496);
#5356=AXIS2_PLACEMENT_3D('',#8119,#6497,#6498);
#5357=AXIS2_PLACEMENT_3D('',#8120,#6499,#6500);
#5358=AXIS2_PLACEMENT_3D('',#8121,#6501,#6502);
#5359=AXIS2_PLACEMENT_3D('',#8122,#6503,#6504);
#5360=AXIS2_PLACEMENT_3D('',#8123,#6505,#6506);
#5361=AXIS2_PLACEMENT_3D('',#8124,#6507,#6508);
#5362=AXIS2_PLACEMENT_3D('',#8125,#6509,#6510);
#5363=AXIS2_PLACEMENT_3D('',#8126,#6511,#6512);
#5364=AXIS2_PLACEMENT_3D('',#8127,#6513,#6514);
#5365=AXIS2_PLACEMENT_3D('',#8128,#6515,#6516);
#5366=AXIS2_PLACEMENT_3D('',#8129,#6517,#6518);
#5367=AXIS2_PLACEMENT_3D('',#8130,#6519,#6520);
#5368=AXIS2_PLACEMENT_3D('',#8131,#6521,#6522);
#5369=AXIS2_PLACEMENT_3D('',#8132,#6523,#6524);
#5370=AXIS2_PLACEMENT_3D('',#8133,#6525,#6526);
#5371=AXIS2_PLACEMENT_3D('',#8134,#6527,#6528);
#5372=AXIS2_PLACEMENT_3D('',#8135,#6529,#6530);
#5373=AXIS2_PLACEMENT_3D('',#8136,#6531,#6532);
#5374=AXIS2_PLACEMENT_3D('',#8139,#6535,#6536);
#5375=AXIS2_PLACEMENT_3D('',#8141,#6538,#6539);
#5376=AXIS2_PLACEMENT_3D('',#8143,#6541,#6542);
#5377=AXIS2_PLACEMENT_3D('',#8145,#6544,#6545);
#5378=AXIS2_PLACEMENT_3D('',#8147,#6547,#6548);
#5379=AXIS2_PLACEMENT_3D('',#8149,#6550,#6551);
#5380=AXIS2_PLACEMENT_3D('',#8151,#6553,#6554);
#5381=AXIS2_PLACEMENT_3D('',#8153,#6556,#6557);
#5382=AXIS2_PLACEMENT_3D('',#8155,#6559,#6560);
#5383=AXIS2_PLACEMENT_3D('',#8157,#6562,#6563);
#5384=AXIS2_PLACEMENT_3D('',#8159,#6565,#6566);
#5385=AXIS2_PLACEMENT_3D('',#8161,#6568,#6569);
#5386=AXIS2_PLACEMENT_3D('',#8163,#6571,#6572);
#5387=AXIS2_PLACEMENT_3D('',#8165,#6574,#6575);
#5388=AXIS2_PLACEMENT_3D('',#8167,#6577,#6578);
#5389=AXIS2_PLACEMENT_3D('',#8169,#6580,#6581);
#5390=AXIS2_PLACEMENT_3D('',#8171,#6583,#6584);
#5391=AXIS2_PLACEMENT_3D('',#8173,#6586,#6587);
#5392=AXIS2_PLACEMENT_3D('',#8175,#6589,#6590);
#5393=AXIS2_PLACEMENT_3D('',#8177,#6592,#6593);
#5394=AXIS2_PLACEMENT_3D('',#8179,#6595,#6596);
#5395=AXIS2_PLACEMENT_3D('',#8181,#6598,#6599);
#5396=AXIS2_PLACEMENT_3D('',#8183,#6601,#6602);
#5397=AXIS2_PLACEMENT_3D('',#8185,#6604,#6605);
#5398=AXIS2_PLACEMENT_3D('',#8187,#6607,#6608);
#5399=AXIS2_PLACEMENT_3D('',#8189,#6610,#6611);
#5400=AXIS2_PLACEMENT_3D('',#8191,#6613,#6614);
#5401=AXIS2_PLACEMENT_3D('',#8193,#6616,#6617);
#5402=AXIS2_PLACEMENT_3D('',#8195,#6619,#6620);
#5403=AXIS2_PLACEMENT_3D('',#8197,#6622,#6623);
#5404=AXIS2_PLACEMENT_3D('',#8199,#6625,#6626);
#5405=AXIS2_PLACEMENT_3D('',#8201,#6628,#6629);
#5406=AXIS2_PLACEMENT_3D('',#8203,#6631,#6632);
#5407=AXIS2_PLACEMENT_3D('',#8205,#6634,#6635);
#5408=AXIS2_PLACEMENT_3D('',#8207,#6637,#6638);
#5409=AXIS2_PLACEMENT_3D('',#8209,#6640,#6641);
#5410=AXIS2_PLACEMENT_3D('',#8211,#6643,#6644);
#5411=AXIS2_PLACEMENT_3D('',#8213,#6646,#6647);
#5412=AXIS2_PLACEMENT_3D('',#8215,#6649,#6650);
#5413=AXIS2_PLACEMENT_3D('',#8217,#6652,#6653);
#5414=AXIS2_PLACEMENT_3D('',#8219,#6655,#6656);
#5415=AXIS2_PLACEMENT_3D('',#8221,#6658,#6659);
#5416=AXIS2_PLACEMENT_3D('',#8223,#6661,#6662);
#5417=AXIS2_PLACEMENT_3D('',#8225,#6664,#6665);
#5418=AXIS2_PLACEMENT_3D('',#8227,#6667,#6668);
#5419=AXIS2_PLACEMENT_3D('',#8229,#6670,#6671);
#5420=AXIS2_PLACEMENT_3D('',#8231,#6673,#6674);
#5421=AXIS2_PLACEMENT_3D('',#8233,#6676,#6677);
#5422=AXIS2_PLACEMENT_3D('',#8235,#6679,#6680);
#5423=AXIS2_PLACEMENT_3D('',#8237,#6682,#6683);
#5424=AXIS2_PLACEMENT_3D('',#8239,#6685,#6686);
#5425=AXIS2_PLACEMENT_3D('',#8241,#6688,#6689);
#5426=AXIS2_PLACEMENT_3D('',#8243,#6691,#6692);
#5427=AXIS2_PLACEMENT_3D('',#8245,#6694,#6695);
#5428=AXIS2_PLACEMENT_3D('',#8247,#6697,#6698);
#5429=AXIS2_PLACEMENT_3D('',#8249,#6700,#6701);
#5430=AXIS2_PLACEMENT_3D('',#8251,#6703,#6704);
#5431=AXIS2_PLACEMENT_3D('',#8253,#6706,#6707);
#5432=AXIS2_PLACEMENT_3D('',#8255,#6709,#6710);
#5433=AXIS2_PLACEMENT_3D('',#8257,#6712,#6713);
#5434=AXIS2_PLACEMENT_3D('',#8259,#6715,#6716);
#5435=AXIS2_PLACEMENT_3D('',#8261,#6718,#6719);
#5436=AXIS2_PLACEMENT_3D('',#8263,#6721,#6722);
#5437=AXIS2_PLACEMENT_3D('',#8265,#6724,#6725);
#5438=AXIS2_PLACEMENT_3D('',#8267,#6727,#6728);
#5439=AXIS2_PLACEMENT_3D('',#8269,#6730,#6731);
#5440=AXIS2_PLACEMENT_3D('',#8271,#6733,#6734);
#5441=AXIS2_PLACEMENT_3D('',#8273,#6736,#6737);
#5442=AXIS2_PLACEMENT_3D('',#8275,#6739,#6740);
#5443=AXIS2_PLACEMENT_3D('',#8277,#6742,#6743);
#5444=AXIS2_PLACEMENT_3D('',#8279,#6745,#6746);
#5445=AXIS2_PLACEMENT_3D('',#8281,#6748,#6749);
#5446=AXIS2_PLACEMENT_3D('',#8283,#6751,#6752);
#5447=AXIS2_PLACEMENT_3D('',#8285,#6754,#6755);
#5448=AXIS2_PLACEMENT_3D('',#8287,#6757,#6758);
#5449=AXIS2_PLACEMENT_3D('',#8289,#6760,#6761);
#5450=AXIS2_PLACEMENT_3D('',#8291,#6763,#6764);
#5451=AXIS2_PLACEMENT_3D('',#8293,#6766,#6767);
#5452=AXIS2_PLACEMENT_3D('',#8295,#6769,#6770);
#5453=AXIS2_PLACEMENT_3D('',#8297,#6772,#6773);
#5454=AXIS2_PLACEMENT_3D('',#8299,#6775,#6776);
#5455=AXIS2_PLACEMENT_3D('',#8300,#6777,#6778);
#5456=AXIS2_PLACEMENT_3D('',#8303,#6781,#6782);
#5457=AXIS2_PLACEMENT_3D('',#8305,#6784,#6785);
#5458=AXIS2_PLACEMENT_3D('',#8307,#6787,#6788);
#5459=AXIS2_PLACEMENT_3D('',#8309,#6790,#6791);
#5460=AXIS2_PLACEMENT_3D('',#8311,#6793,#6794);
#5461=AXIS2_PLACEMENT_3D('',#8313,#6796,#6797);
#5462=AXIS2_PLACEMENT_3D('',#8315,#6799,#6800);
#5463=AXIS2_PLACEMENT_3D('',#8317,#6802,#6803);
#5464=AXIS2_PLACEMENT_3D('',#8319,#6805,#6806);
#5465=AXIS2_PLACEMENT_3D('',#8321,#6808,#6809);
#5466=AXIS2_PLACEMENT_3D('',#8323,#6811,#6812);
#5467=AXIS2_PLACEMENT_3D('',#8325,#6814,#6815);
#5468=AXIS2_PLACEMENT_3D('',#8327,#6817,#6818);
#5469=AXIS2_PLACEMENT_3D('',#8329,#6820,#6821);
#5470=AXIS2_PLACEMENT_3D('',#8331,#6823,#6824);
#5471=AXIS2_PLACEMENT_3D('',#8333,#6826,#6827);
#5472=AXIS2_PLACEMENT_3D('',#8335,#6829,#6830);
#5473=AXIS2_PLACEMENT_3D('',#8337,#6832,#6833);
#5474=AXIS2_PLACEMENT_3D('',#8339,#6835,#6836);
#5475=AXIS2_PLACEMENT_3D('',#8341,#6838,#6839);
#5476=AXIS2_PLACEMENT_3D('',#8343,#6841,#6842);
#5477=AXIS2_PLACEMENT_3D('',#8345,#6844,#6845);
#5478=AXIS2_PLACEMENT_3D('',#8347,#6847,#6848);
#5479=AXIS2_PLACEMENT_3D('',#8349,#6850,#6851);
#5480=AXIS2_PLACEMENT_3D('',#8351,#6853,#6854);
#5481=AXIS2_PLACEMENT_3D('',#8353,#6856,#6857);
#5482=AXIS2_PLACEMENT_3D('',#8355,#6859,#6860);
#5483=AXIS2_PLACEMENT_3D('',#8357,#6862,#6863);
#5484=AXIS2_PLACEMENT_3D('',#8359,#6865,#6866);
#5485=AXIS2_PLACEMENT_3D('',#8361,#6868,#6869);
#5486=AXIS2_PLACEMENT_3D('',#8363,#6871,#6872);
#5487=AXIS2_PLACEMENT_3D('',#8365,#6874,#6875);
#5488=AXIS2_PLACEMENT_3D('',#8367,#6877,#6878);
#5489=AXIS2_PLACEMENT_3D('',#8369,#6880,#6881);
#5490=AXIS2_PLACEMENT_3D('',#8371,#6883,#6884);
#5491=AXIS2_PLACEMENT_3D('',#8373,#6886,#6887);
#5492=AXIS2_PLACEMENT_3D('',#8375,#6889,#6890);
#5493=AXIS2_PLACEMENT_3D('',#8377,#6892,#6893);
#5494=AXIS2_PLACEMENT_3D('',#8379,#6895,#6896);
#5495=AXIS2_PLACEMENT_3D('',#8381,#6898,#6899);
#5496=AXIS2_PLACEMENT_3D('',#8383,#6901,#6902);
#5497=AXIS2_PLACEMENT_3D('',#8385,#6904,#6905);
#5498=AXIS2_PLACEMENT_3D('',#8387,#6907,#6908);
#5499=AXIS2_PLACEMENT_3D('',#8389,#6910,#6911);
#5500=AXIS2_PLACEMENT_3D('',#8391,#6913,#6914);
#5501=AXIS2_PLACEMENT_3D('',#8393,#6916,#6917);
#5502=AXIS2_PLACEMENT_3D('',#8395,#6919,#6920);
#5503=AXIS2_PLACEMENT_3D('',#8397,#6922,#6923);
#5504=AXIS2_PLACEMENT_3D('',#8399,#6925,#6926);
#5505=AXIS2_PLACEMENT_3D('',#8401,#6928,#6929);
#5506=AXIS2_PLACEMENT_3D('',#8403,#6931,#6932);
#5507=AXIS2_PLACEMENT_3D('',#8405,#6934,#6935);
#5508=AXIS2_PLACEMENT_3D('',#8407,#6937,#6938);
#5509=AXIS2_PLACEMENT_3D('',#8409,#6940,#6941);
#5510=AXIS2_PLACEMENT_3D('',#8411,#6943,#6944);
#5511=AXIS2_PLACEMENT_3D('',#8413,#6946,#6947);
#5512=AXIS2_PLACEMENT_3D('',#8415,#6949,#6950);
#5513=AXIS2_PLACEMENT_3D('',#8417,#6952,#6953);
#5514=AXIS2_PLACEMENT_3D('',#8419,#6955,#6956);
#5515=AXIS2_PLACEMENT_3D('',#8421,#6958,#6959);
#5516=AXIS2_PLACEMENT_3D('',#8423,#6961,#6962);
#5517=AXIS2_PLACEMENT_3D('',#8425,#6964,#6965);
#5518=AXIS2_PLACEMENT_3D('',#8427,#6967,#6968);
#5519=AXIS2_PLACEMENT_3D('',#8429,#6970,#6971);
#5520=AXIS2_PLACEMENT_3D('',#8431,#6973,#6974);
#5521=AXIS2_PLACEMENT_3D('',#8433,#6976,#6977);
#5522=AXIS2_PLACEMENT_3D('',#8435,#6979,#6980);
#5523=AXIS2_PLACEMENT_3D('',#8437,#6982,#6983);
#5524=AXIS2_PLACEMENT_3D('',#8439,#6985,#6986);
#5525=AXIS2_PLACEMENT_3D('',#8441,#6988,#6989);
#5526=AXIS2_PLACEMENT_3D('',#8443,#6991,#6992);
#5527=AXIS2_PLACEMENT_3D('',#8445,#6994,#6995);
#5528=AXIS2_PLACEMENT_3D('',#8447,#6997,#6998);
#5529=AXIS2_PLACEMENT_3D('',#8449,#7000,#7001);
#5530=AXIS2_PLACEMENT_3D('',#8451,#7003,#7004);
#5531=AXIS2_PLACEMENT_3D('',#8453,#7006,#7007);
#5532=AXIS2_PLACEMENT_3D('',#8455,#7009,#7010);
#5533=AXIS2_PLACEMENT_3D('',#8457,#7012,#7013);
#5534=AXIS2_PLACEMENT_3D('',#8459,#7015,#7016);
#5535=AXIS2_PLACEMENT_3D('',#8461,#7018,#7019);
#5536=AXIS2_PLACEMENT_3D('',#8463,#7021,#7022);
#5537=AXIS2_PLACEMENT_3D('',#8464,#7023,#7024);
#5538=AXIS2_PLACEMENT_3D('',#8467,#7027,#7028);
#5539=AXIS2_PLACEMENT_3D('',#8469,#7030,#7031);
#5540=AXIS2_PLACEMENT_3D('',#8471,#7033,#7034);
#5541=AXIS2_PLACEMENT_3D('',#8472,#7035,#7036);
#5542=AXIS2_PLACEMENT_3D('',#8475,#7039,#7040);
#5543=AXIS2_PLACEMENT_3D('',#8477,#7042,#7043);
#5544=AXIS2_PLACEMENT_3D('',#8479,#7045,#7046);
#5545=AXIS2_PLACEMENT_3D('',#8480,#7047,#7048);
#5546=AXIS2_PLACEMENT_3D('',#8483,#7051,#7052);
#5547=AXIS2_PLACEMENT_3D('',#8485,#7054,#7055);
#5548=AXIS2_PLACEMENT_3D('',#8487,#7057,#7058);
#5549=AXIS2_PLACEMENT_3D('',#8488,#7059,#7060);
#5550=AXIS2_PLACEMENT_3D('',#8491,#7063,#7064);
#5551=AXIS2_PLACEMENT_3D('',#8493,#7066,#7067);
#5552=AXIS2_PLACEMENT_3D('',#8495,#7069,#7070);
#5553=AXIS2_PLACEMENT_3D('',#8496,#7071,#7072);
#5554=AXIS2_PLACEMENT_3D('',#8499,#7075,#7076);
#5555=AXIS2_PLACEMENT_3D('',#8501,#7078,#7079);
#5556=AXIS2_PLACEMENT_3D('',#8503,#7081,#7082);
#5557=AXIS2_PLACEMENT_3D('',#8504,#7083,#7084);
#5558=AXIS2_PLACEMENT_3D('',#8507,#7087,#7088);
#5559=AXIS2_PLACEMENT_3D('',#8509,#7090,#7091);
#5560=AXIS2_PLACEMENT_3D('',#8511,#7093,#7094);
#5561=AXIS2_PLACEMENT_3D('',#8512,#7095,#7096);
#5562=AXIS2_PLACEMENT_3D('',#8513,#7097,#7098);
#5563=DIRECTION('',(0.,0.,1.));
#5564=DIRECTION('',(1.,0.,0.));
#5565=DIRECTION('',(0.,0.,-1.));
#5566=DIRECTION('',(-1.,0.,0.));
#5567=DIRECTION('',(0.,0.,-1.));
#5568=DIRECTION('',(0.,0.,1.));
#5569=DIRECTION('',(1.,0.,0.));
#5570=DIRECTION('',(0.,0.,-1.));
#5571=DIRECTION('',(0.,0.,1.));
#5572=DIRECTION('',(1.,0.,0.));
#5573=DIRECTION('',(0.,1.,0.));
#5574=DIRECTION('',(0.,0.,1.));
#5575=DIRECTION('',(0.,0.,-1.));
#5576=DIRECTION('',(-1.,0.,0.));
#5577=DIRECTION('',(1.,0.,0.));
#5578=DIRECTION('',(0.,0.,-1.));
#5579=DIRECTION('',(-1.,0.,0.));
#5580=DIRECTION('',(0.,0.,-1.));
#5581=DIRECTION('',(0.,0.,1.));
#5582=DIRECTION('',(1.,0.,0.));
#5583=DIRECTION('',(0.,0.,1.));
#5584=DIRECTION('',(1.,0.,0.));
#5585=DIRECTION('',(-0.707106781186547,0.707106781186548,0.));
#5586=DIRECTION('',(-0.707106781186548,-0.707106781186547,0.));
#5587=DIRECTION('',(0.,0.,-1.));
#5588=DIRECTION('',(-0.707106781186548,-0.707106781186547,0.));
#5589=DIRECTION('',(0.,0.,-1.));
#5590=DIRECTION('',(0.707106781186548,0.707106781186547,0.));
#5591=DIRECTION('',(0.,1.,0.));
#5592=DIRECTION('',(0.,0.,1.));
#5593=DIRECTION('',(0.,0.,-1.));
#5594=DIRECTION('',(-1.,0.,0.));
#5595=DIRECTION('',(0.,0.,-1.));
#5596=DIRECTION('',(1.,0.,0.));
#5597=DIRECTION('',(-0.707106781186547,-0.707106781186548,0.));
#5598=DIRECTION('',(0.707106781186548,-0.707106781186547,0.));
#5599=DIRECTION('',(0.,0.,-1.));
#5600=DIRECTION('',(-0.707106781186548,0.707106781186547,0.));
#5601=DIRECTION('',(0.,0.,-1.));
#5602=DIRECTION('',(0.707106781186548,-0.707106781186547,0.));
#5603=DIRECTION('',(-1.,-2.76964100338465E-16,0.));
#5604=DIRECTION('',(2.76964100338465E-16,-1.,0.));
#5605=DIRECTION('',(0.,0.,-1.));
#5606=DIRECTION('',(-2.76964100338465E-16,1.,0.));
#5607=DIRECTION('',(0.,0.,-1.));
#5608=DIRECTION('',(2.76964100338465E-16,-1.,0.));
#5609=DIRECTION('',(-0.707106781186547,-0.707106781186548,0.));
#5610=DIRECTION('',(0.707106781186548,-0.707106781186547,0.));
#5611=DIRECTION('',(0.,0.,-1.));
#5612=DIRECTION('',(-0.707106781186548,0.707106781186547,0.));
#5613=DIRECTION('',(0.,0.,-1.));
#5614=DIRECTION('',(0.707106781186548,-0.707106781186547,0.));
#5615=DIRECTION('',(0.,-1.,0.));
#5616=DIRECTION('',(0.,0.,-1.));
#5617=DIRECTION('',(0.,0.,-1.));
#5618=DIRECTION('',(-1.,0.,0.));
#5619=DIRECTION('',(0.,0.,-1.));
#5620=DIRECTION('',(1.,0.,0.));
#5621=DIRECTION('',(0.707106781186547,-0.707106781186548,0.));
#5622=DIRECTION('',(0.707106781186548,0.707106781186547,0.));
#5623=DIRECTION('',(0.,0.,-1.));
#5624=DIRECTION('',(-0.707106781186548,-0.707106781186547,0.));
#5625=DIRECTION('',(0.,0.,-1.));
#5626=DIRECTION('',(0.707106781186548,0.707106781186547,0.));
#5627=DIRECTION('',(1.,0.,0.));
#5628=DIRECTION('',(0.,0.,-1.));
#5629=DIRECTION('',(0.,0.,-1.));
#5630=DIRECTION('',(0.,-1.,0.));
#5631=DIRECTION('',(0.,0.,-1.));
#5632=DIRECTION('',(0.,1.,0.));
#5633=DIRECTION('',(-0.707106781186547,0.707106781186548,0.));
#5634=DIRECTION('',(-0.707106781186548,-0.707106781186547,0.));
#5635=DIRECTION('',(0.,0.,-1.));
#5636=DIRECTION('',(-0.707106781186548,-0.707106781186547,0.));
#5637=DIRECTION('',(0.,0.,-1.));
#5638=DIRECTION('',(0.707106781186548,0.707106781186547,0.));
#5639=DIRECTION('',(0.819152044288992,-0.573576436351046,0.));
#5640=DIRECTION('',(0.573576436351046,0.819152044288992,0.));
#5641=DIRECTION('',(0.,0.,-1.));
#5642=DIRECTION('',(-0.573576436351046,-0.819152044288992,0.));
#5643=DIRECTION('',(0.,0.,-1.));
#5644=DIRECTION('',(0.573576436351046,0.819152044288992,0.));
#5645=DIRECTION('',(-0.614022894036235,-0.789288214532161,0.));
#5646=DIRECTION('',(0.789288214532161,-0.614022894036235,0.));
#5647=DIRECTION('',(0.,0.,-1.));
#5648=DIRECTION('',(0.789288214532161,-0.614022894036235,0.));
#5649=DIRECTION('',(0.,0.,-1.));
#5650=DIRECTION('',(-0.789288214532161,0.614022894036235,0.));
#5651=DIRECTION('',(1.,0.,0.));
#5652=DIRECTION('',(0.,0.,-1.));
#5653=DIRECTION('',(0.,0.,-1.));
#5654=DIRECTION('',(0.,-1.,0.));
#5655=DIRECTION('',(0.,0.,-1.));
#5656=DIRECTION('',(0.,1.,0.));
#5657=DIRECTION('',(-0.614022894036235,0.789288214532161,0.));
#5658=DIRECTION('',(-0.789288214532161,-0.614022894036235,0.));
#5659=DIRECTION('',(0.,0.,-1.));
#5660=DIRECTION('',(-0.789288214532161,-0.614022894036235,0.));
#5661=DIRECTION('',(0.,0.,-1.));
#5662=DIRECTION('',(0.789288214532161,0.614022894036235,0.));
#5663=DIRECTION('',(-0.819152044288992,-0.573576436351046,0.));
#5664=DIRECTION('',(0.573576436351046,-0.819152044288992,0.));
#5665=DIRECTION('',(0.,0.,-1.));
#5666=DIRECTION('',(0.573576436351046,-0.819152044288992,0.));
#5667=DIRECTION('',(0.,0.,-1.));
#5668=DIRECTION('',(-0.573576436351046,0.819152044288992,0.));
#5669=DIRECTION('',(0.292012828504159,0.956414401809697,0.));
#5670=DIRECTION('',(-0.956414401809697,0.292012828504159,0.));
#5671=DIRECTION('',(0.,0.,-1.));
#5672=DIRECTION('',(0.956414401809697,-0.292012828504159,0.));
#5673=DIRECTION('',(0.,0.,-1.));
#5674=DIRECTION('',(-0.956414401809697,0.292012828504159,0.));
#5675=DIRECTION('',(1.,1.83334271611846E-16,0.));
#5676=DIRECTION('',(-1.83334271611846E-16,1.,0.));
#5677=DIRECTION('',(0.,0.,-1.));
#5678=DIRECTION('',(1.83334271611846E-16,-1.,0.));
#5679=DIRECTION('',(0.,0.,-1.));
#5680=DIRECTION('',(-1.83334271611846E-16,1.,0.));
#5681=DIRECTION('',(0.707106781186548,-0.707106781186547,0.));
#5682=DIRECTION('',(0.707106781186547,0.707106781186548,0.));
#5683=DIRECTION('',(0.,0.,-1.));
#5684=DIRECTION('',(-0.707106781186547,-0.707106781186548,0.));
#5685=DIRECTION('',(0.,0.,-1.));
#5686=DIRECTION('',(0.707106781186547,0.707106781186548,0.));
#5687=DIRECTION('',(1.,0.,0.));
#5688=DIRECTION('',(0.,0.,-1.));
#5689=DIRECTION('',(0.,0.,-1.));
#5690=DIRECTION('',(0.,-1.,0.));
#5691=DIRECTION('',(0.,0.,-1.));
#5692=DIRECTION('',(0.,1.,0.));
#5693=DIRECTION('',(0.974239236446869,0.225516984210549,0.));
#5694=DIRECTION('',(-0.225516984210549,0.974239236446869,0.));
#5695=DIRECTION('',(0.,0.,-1.));
#5696=DIRECTION('',(0.225516984210549,-0.974239236446869,0.));
#5697=DIRECTION('',(0.,0.,-1.));
#5698=DIRECTION('',(-0.225516984210549,0.974239236446869,0.));
#5699=DIRECTION('',(0.,1.,0.));
#5700=DIRECTION('',(0.,0.,1.));
#5701=DIRECTION('',(0.,0.,-1.));
#5702=DIRECTION('',(1.,0.,0.));
#5703=DIRECTION('',(0.,0.,-1.));
#5704=DIRECTION('',(-1.,0.,0.));
#5705=DIRECTION('',(-0.974239236446869,0.22551698421055,0.));
#5706=DIRECTION('',(-0.22551698421055,-0.974239236446869,0.));
#5707=DIRECTION('',(0.,0.,-1.));
#5708=DIRECTION('',(0.22551698421055,0.974239236446869,0.));
#5709=DIRECTION('',(0.,0.,-1.));
#5710=DIRECTION('',(-0.22551698421055,-0.974239236446869,0.));
#5711=DIRECTION('',(0.,1.,0.));
#5712=DIRECTION('',(0.,0.,1.));
#5713=DIRECTION('',(0.,0.,-1.));
#5714=DIRECTION('',(1.,0.,0.));
#5715=DIRECTION('',(0.,0.,-1.));
#5716=DIRECTION('',(-1.,0.,0.));
#5717=DIRECTION('',(0.974239236446869,0.225516984210549,0.));
#5718=DIRECTION('',(-0.225516984210549,0.974239236446869,0.));
#5719=DIRECTION('',(0.,0.,-1.));
#5720=DIRECTION('',(0.225516984210549,-0.974239236446869,0.));
#5721=DIRECTION('',(0.,0.,-1.));
#5722=DIRECTION('',(-0.225516984210549,0.974239236446869,0.));
#5723=DIRECTION('',(0.,1.,0.));
#5724=DIRECTION('',(0.,0.,1.));
#5725=DIRECTION('',(0.,0.,-1.));
#5726=DIRECTION('',(1.,0.,0.));
#5727=DIRECTION('',(0.,0.,-1.));
#5728=DIRECTION('',(-1.,0.,0.));
#5729=DIRECTION('',(-0.974239236446869,0.22551698421055,0.));
#5730=DIRECTION('',(-0.22551698421055,-0.974239236446869,0.));
#5731=DIRECTION('',(0.,0.,-1.));
#5732=DIRECTION('',(0.22551698421055,0.974239236446869,0.));
#5733=DIRECTION('',(0.,0.,-1.));
#5734=DIRECTION('',(-0.22551698421055,-0.974239236446869,0.));
#5735=DIRECTION('',(-1.,0.,0.));
#5736=DIRECTION('',(0.,0.,1.));
#5737=DIRECTION('',(0.,0.,-1.));
#5738=DIRECTION('',(0.,1.,0.));
#5739=DIRECTION('',(0.,0.,-1.));
#5740=DIRECTION('',(0.,-1.,0.));
#5741=DIRECTION('',(-0.707106781186548,-0.707106781186548,0.));
#5742=DIRECTION('',(0.707106781186548,-0.707106781186548,0.));
#5743=DIRECTION('',(0.,0.,-1.));
#5744=DIRECTION('',(-0.707106781186548,0.707106781186548,0.));
#5745=DIRECTION('',(0.,0.,-1.));
#5746=DIRECTION('',(0.707106781186548,-0.707106781186548,0.));
#5747=DIRECTION('',(-1.,0.,0.));
#5748=DIRECTION('',(0.,0.,1.));
#5749=DIRECTION('',(0.,0.,-1.));
#5750=DIRECTION('',(0.,1.,0.));
#5751=DIRECTION('',(0.,0.,-1.));
#5752=DIRECTION('',(0.,-1.,0.));
#5753=DIRECTION('',(-0.292012828504159,0.956414401809697,0.));
#5754=DIRECTION('',(-0.956414401809697,-0.292012828504159,0.));
#5755=DIRECTION('',(0.,0.,-1.));
#5756=DIRECTION('',(0.956414401809697,0.292012828504159,0.));
#5757=DIRECTION('',(0.,0.,-1.));
#5758=DIRECTION('',(-0.956414401809697,-0.292012828504159,0.));
#5759=DIRECTION('',(-0.819152044288992,0.573576436351046,0.));
#5760=DIRECTION('',(-0.573576436351046,-0.819152044288992,0.));
#5761=DIRECTION('',(0.,0.,-1.));
#5762=DIRECTION('',(0.573576436351046,0.819152044288992,0.));
#5763=DIRECTION('',(0.,0.,-1.));
#5764=DIRECTION('',(-0.573576436351046,-0.819152044288992,0.));
#5765=DIRECTION('',(0.614022894036235,0.789288214532161,0.));
#5766=DIRECTION('',(-0.789288214532161,0.614022894036235,0.));
#5767=DIRECTION('',(0.,0.,-1.));
#5768=DIRECTION('',(-0.789288214532161,0.614022894036235,0.));
#5769=DIRECTION('',(0.,0.,-1.));
#5770=DIRECTION('',(0.789288214532161,-0.614022894036235,0.));
#5771=DIRECTION('',(-1.,0.,0.));
#5772=DIRECTION('',(0.,0.,1.));
#5773=DIRECTION('',(0.,0.,-1.));
#5774=DIRECTION('',(0.,1.,0.));
#5775=DIRECTION('',(0.,0.,-1.));
#5776=DIRECTION('',(0.,-1.,0.));
#5777=DIRECTION('',(-0.614022894036235,0.789288214532161,0.));
#5778=DIRECTION('',(-0.789288214532161,-0.614022894036235,0.));
#5779=DIRECTION('',(0.,0.,-1.));
#5780=DIRECTION('',(0.789288214532161,0.614022894036235,0.));
#5781=DIRECTION('',(0.,0.,-1.));
#5782=DIRECTION('',(-0.789288214532161,-0.614022894036235,0.));
#5783=DIRECTION('',(0.819152044288992,0.573576436351046,0.));
#5784=DIRECTION('',(-0.573576436351046,0.819152044288992,0.));
#5785=DIRECTION('',(0.,0.,1.));
#5786=DIRECTION('',(-0.573576436351046,0.819152044288992,0.));
#5787=DIRECTION('',(0.,0.,-1.));
#5788=DIRECTION('',(0.573576436351046,-0.819152044288992,0.));
#5789=DIRECTION('',(-0.707106781186547,-0.707106781186548,0.));
#5790=DIRECTION('',(0.707106781186548,-0.707106781186547,0.));
#5791=DIRECTION('',(0.,0.,-1.));
#5792=DIRECTION('',(-0.707106781186548,0.707106781186547,0.));
#5793=DIRECTION('',(0.,0.,-1.));
#5794=DIRECTION('',(0.707106781186548,-0.707106781186547,0.));
#5795=DIRECTION('',(1.,0.,0.));
#5796=DIRECTION('',(0.,0.,-1.));
#5797=DIRECTION('',(0.,0.,-1.));
#5798=DIRECTION('',(0.,1.,0.));
#5799=DIRECTION('',(0.,0.,-1.));
#5800=DIRECTION('',(0.,-1.,0.));
#5801=DIRECTION('',(0.707106781186547,0.707106781186549,0.));
#5802=DIRECTION('',(-0.707106781186549,0.707106781186547,0.));
#5803=DIRECTION('',(0.,0.,-1.));
#5804=DIRECTION('',(-0.707106781186549,0.707106781186547,0.));
#5805=DIRECTION('',(0.,0.,-1.));
#5806=DIRECTION('',(0.707106781186549,-0.707106781186547,0.));
#5807=DIRECTION('',(0.,1.,0.));
#5808=DIRECTION('',(0.,0.,1.));
#5809=DIRECTION('',(0.,0.,-1.));
#5810=DIRECTION('',(-1.,0.,0.));
#5811=DIRECTION('',(0.,0.,-1.));
#5812=DIRECTION('',(1.,0.,0.));
#5813=DIRECTION('',(-0.707106781186547,0.707106781186548,0.));
#5814=DIRECTION('',(-0.707106781186548,-0.707106781186547,0.));
#5815=DIRECTION('',(0.,0.,-1.));
#5816=DIRECTION('',(-0.707106781186548,-0.707106781186547,0.));
#5817=DIRECTION('',(0.,0.,-1.));
#5818=DIRECTION('',(0.707106781186548,0.707106781186547,0.));
#5819=DIRECTION('',(0.,0.,-1.));
#5820=DIRECTION('',(-1.,0.,0.));
#5821=DIRECTION('',(0.,0.,-1.));
#5822=DIRECTION('',(0.,0.,1.));
#5823=DIRECTION('',(1.,0.,0.));
#5824=DIRECTION('',(0.,0.,-1.));
#5825=DIRECTION('',(0.,0.,1.));
#5826=DIRECTION('',(1.,0.,0.));
#5827=DIRECTION('',(1.,-1.16424394360859E-16,0.));
#5828=DIRECTION('',(1.16424394360859E-16,1.,0.));
#5829=DIRECTION('',(0.,0.,-1.));
#5830=DIRECTION('',(1.16424394360859E-16,1.,0.));
#5831=DIRECTION('',(-1.16424394360859E-16,-1.,0.));
#5832=DIRECTION('',(0.,0.,-1.));
#5833=DIRECTION('',(-1.,0.,0.));
#5834=DIRECTION('',(0.,0.,-1.));
#5835=DIRECTION('',(0.,0.,1.));
#5836=DIRECTION('',(1.,0.,0.));
#5837=DIRECTION('',(0.,0.,1.));
#5838=DIRECTION('',(1.,0.,0.));
#5839=DIRECTION('',(0.,0.,-1.));
#5840=DIRECTION('',(-1.,0.,0.));
#5841=DIRECTION('',(0.,0.,-1.));
#5842=DIRECTION('',(0.,0.,1.));
#5843=DIRECTION('',(1.,0.,0.));
#5844=DIRECTION('',(0.,0.,-1.));
#5845=DIRECTION('',(0.,0.,1.));
#5846=DIRECTION('',(1.,0.,0.));
#5847=DIRECTION('',(1.,-1.16424394360859E-16,0.));
#5848=DIRECTION('',(1.16424394360859E-16,1.,0.));
#5849=DIRECTION('',(0.,0.,-1.));
#5850=DIRECTION('',(1.16424394360859E-16,1.,0.));
#5851=DIRECTION('',(-1.16424394360859E-16,-1.,0.));
#5852=DIRECTION('',(0.,0.,-1.));
#5853=DIRECTION('',(-1.,0.,0.));
#5854=DIRECTION('',(0.,0.,-1.));
#5855=DIRECTION('',(0.,0.,1.));
#5856=DIRECTION('',(1.,0.,0.));
#5857=DIRECTION('',(0.,0.,1.));
#5858=DIRECTION('',(1.,0.,0.));
#5859=DIRECTION('',(-1.,0.,0.));
#5860=DIRECTION('',(0.,0.,1.));
#5861=DIRECTION('',(0.,0.,-1.));
#5862=DIRECTION('',(0.,-1.,0.));
#5863=DIRECTION('',(0.,0.,-1.));
#5864=DIRECTION('',(0.,1.,0.));
#5865=DIRECTION('',(0.,0.,-1.));
#5866=DIRECTION('',(-1.,0.,0.));
#5867=DIRECTION('',(0.,0.,1.));
#5868=DIRECTION('',(1.,0.,0.));
#5869=DIRECTION('',(0.,0.,1.));
#5870=DIRECTION('',(1.,0.,0.));
#5871=DIRECTION('',(0.,0.,-1.));
#5872=DIRECTION('',(-1.,0.,0.));
#5873=DIRECTION('',(0.,0.,1.));
#5874=DIRECTION('',(1.,0.,0.));
#5875=DIRECTION('',(0.,0.,1.));
#5876=DIRECTION('',(1.,0.,0.));
#5877=DIRECTION('',(0.,0.,-1.));
#5878=DIRECTION('',(-1.,0.,0.));
#5879=DIRECTION('',(0.,0.,1.));
#5880=DIRECTION('',(1.,0.,0.));
#5881=DIRECTION('',(0.,0.,1.));
#5882=DIRECTION('',(1.,0.,0.));
#5883=DIRECTION('',(0.,0.,-1.));
#5884=DIRECTION('',(-1.,0.,0.));
#5885=DIRECTION('',(0.,0.,1.));
#5886=DIRECTION('',(1.,0.,0.));
#5887=DIRECTION('',(0.,0.,1.));
#5888=DIRECTION('',(1.,0.,0.));
#5889=DIRECTION('',(0.,0.,-1.));
#5890=DIRECTION('',(-1.,0.,0.));
#5891=DIRECTION('',(0.,0.,1.));
#5892=DIRECTION('',(1.,0.,0.));
#5893=DIRECTION('',(0.,0.,1.));
#5894=DIRECTION('',(1.,0.,0.));
#5895=DIRECTION('',(0.,0.,-1.));
#5896=DIRECTION('',(-1.,0.,0.));
#5897=DIRECTION('',(0.,0.,1.));
#5898=DIRECTION('',(1.,0.,0.));
#5899=DIRECTION('',(0.,0.,1.));
#5900=DIRECTION('',(1.,0.,0.));
#5901=DIRECTION('',(0.,0.,-1.));
#5902=DIRECTION('',(-1.,0.,0.));
#5903=DIRECTION('',(0.,0.,1.));
#5904=DIRECTION('',(1.,0.,0.));
#5905=DIRECTION('',(0.,0.,1.));
#5906=DIRECTION('',(1.,0.,0.));
#5907=DIRECTION('',(0.,0.,-1.));
#5908=DIRECTION('',(-1.,0.,0.));
#5909=DIRECTION('',(0.,0.,1.));
#5910=DIRECTION('',(1.,0.,0.));
#5911=DIRECTION('',(0.,0.,1.));
#5912=DIRECTION('',(1.,0.,0.));
#5913=DIRECTION('',(0.,0.,-1.));
#5914=DIRECTION('',(-1.,0.,0.));
#5915=DIRECTION('',(0.,0.,1.));
#5916=DIRECTION('',(1.,0.,0.));
#5917=DIRECTION('',(0.,0.,1.));
#5918=DIRECTION('',(1.,0.,0.));
#5919=DIRECTION('',(0.,0.,-1.));
#5920=DIRECTION('',(-1.,0.,0.));
#5921=DIRECTION('',(0.,0.,1.));
#5922=DIRECTION('',(1.,0.,0.));
#5923=DIRECTION('',(0.,0.,1.));
#5924=DIRECTION('',(1.,0.,0.));
#5925=DIRECTION('',(0.,0.,-1.));
#5926=DIRECTION('',(-1.,0.,0.));
#5927=DIRECTION('',(0.,0.,1.));
#5928=DIRECTION('',(1.,0.,0.));
#5929=DIRECTION('',(0.,0.,1.));
#5930=DIRECTION('',(1.,0.,0.));
#5931=DIRECTION('',(0.,0.,-1.));
#5932=DIRECTION('',(-1.,0.,0.));
#5933=DIRECTION('',(0.,0.,1.));
#5934=DIRECTION('',(1.,0.,0.));
#5935=DIRECTION('',(0.,0.,1.));
#5936=DIRECTION('',(1.,0.,0.));
#5937=DIRECTION('',(0.,0.,-1.));
#5938=DIRECTION('',(-1.,0.,0.));
#5939=DIRECTION('',(0.,0.,1.));
#5940=DIRECTION('',(1.,0.,0.));
#5941=DIRECTION('',(0.,0.,1.));
#5942=DIRECTION('',(1.,0.,0.));
#5943=DIRECTION('',(0.,0.,-1.));
#5944=DIRECTION('',(-1.,0.,0.));
#5945=DIRECTION('',(0.,0.,1.));
#5946=DIRECTION('',(1.,0.,0.));
#5947=DIRECTION('',(0.,0.,1.));
#5948=DIRECTION('',(1.,0.,0.));
#5949=DIRECTION('',(0.,0.,-1.));
#5950=DIRECTION('',(-1.,0.,0.));
#5951=DIRECTION('',(0.,0.,1.));
#5952=DIRECTION('',(1.,0.,0.));
#5953=DIRECTION('',(0.,0.,1.));
#5954=DIRECTION('',(1.,0.,0.));
#5955=DIRECTION('',(0.,0.,-1.));
#5956=DIRECTION('',(-1.,0.,0.));
#5957=DIRECTION('',(0.,0.,1.));
#5958=DIRECTION('',(1.,0.,0.));
#5959=DIRECTION('',(0.,0.,1.));
#5960=DIRECTION('',(1.,0.,0.));
#5961=DIRECTION('',(0.,0.,-1.));
#5962=DIRECTION('',(-1.,0.,0.));
#5963=DIRECTION('',(0.,0.,1.));
#5964=DIRECTION('',(1.,0.,0.));
#5965=DIRECTION('',(0.,0.,1.));
#5966=DIRECTION('',(1.,0.,0.));
#5967=DIRECTION('',(0.,0.,-1.));
#5968=DIRECTION('',(-1.,0.,0.));
#5969=DIRECTION('',(0.,0.,1.));
#5970=DIRECTION('',(1.,0.,0.));
#5971=DIRECTION('',(0.,0.,1.));
#5972=DIRECTION('',(1.,0.,0.));
#5973=DIRECTION('',(1.,-1.16424394360859E-16,0.));
#5974=DIRECTION('',(1.16424394360859E-16,1.,0.));
#5975=DIRECTION('',(-1.16424394360859E-16,-1.,0.));
#5976=DIRECTION('',(1.16424394360859E-16,1.,0.));
#5977=DIRECTION('',(1.,-1.16424394360859E-16,0.));
#5978=DIRECTION('',(1.16424394360859E-16,1.,0.));
#5979=DIRECTION('',(-1.16424394360859E-16,-1.,0.));
#5980=DIRECTION('',(1.16424394360859E-16,1.,0.));
#5981=DIRECTION('',(0.,1.,0.));
#5982=DIRECTION('',(0.,0.,1.));
#5983=DIRECTION('',(1.,0.,0.));
#5984=DIRECTION('',(-1.,0.,0.));
#5985=DIRECTION('',(0.,0.,1.));
#5986=DIRECTION('',(1.,0.,0.));
#5987=DIRECTION('',(0.,0.,1.));
#5988=DIRECTION('',(1.,0.,0.));
#5989=DIRECTION('',(-0.22551698421055,-0.974239236446869,0.));
#5990=DIRECTION('',(0.,0.,1.));
#5991=DIRECTION('',(1.,0.,0.));
#5992=DIRECTION('',(-1.,0.,0.));
#5993=DIRECTION('',(0.,0.,1.));
#5994=DIRECTION('',(1.,0.,0.));
#5995=DIRECTION('',(-0.225516984210549,0.974239236446869,0.));
#5996=DIRECTION('',(0.,0.,1.));
#5997=DIRECTION('',(1.,0.,0.));
#5998=DIRECTION('',(-1.,0.,0.));
#5999=DIRECTION('',(0.,0.,1.));
#6000=DIRECTION('',(1.,0.,0.));
#6001=DIRECTION('',(-0.22551698421055,-0.974239236446869,0.));
#6002=DIRECTION('',(0.,0.,1.));
#6003=DIRECTION('',(1.,0.,0.));
#6004=DIRECTION('',(0.,-1.,0.));
#6005=DIRECTION('',(0.,0.,1.));
#6006=DIRECTION('',(1.,0.,0.));
#6007=DIRECTION('',(0.707106781186548,-0.707106781186548,0.));
#6008=DIRECTION('',(0.,0.,1.));
#6009=DIRECTION('',(1.,0.,0.));
#6010=DIRECTION('',(0.,-1.,0.));
#6011=DIRECTION('',(0.,0.,1.));
#6012=DIRECTION('',(1.,0.,0.));
#6013=DIRECTION('',(-0.956414401809697,-0.292012828504159,0.));
#6014=DIRECTION('',(0.,0.,1.));
#6015=DIRECTION('',(1.,0.,0.));
#6016=DIRECTION('',(-0.573576436351046,-0.819152044288992,0.));
#6017=DIRECTION('',(0.,0.,1.));
#6018=DIRECTION('',(1.,0.,0.));
#6019=DIRECTION('',(0.789288214532161,-0.614022894036235,0.));
#6020=DIRECTION('',(0.,0.,1.));
#6021=DIRECTION('',(1.,0.,0.));
#6022=DIRECTION('',(0.,-1.,0.));
#6023=DIRECTION('',(0.,0.,1.));
#6024=DIRECTION('',(1.,0.,0.));
#6025=DIRECTION('',(-0.789288214532161,-0.614022894036235,0.));
#6026=DIRECTION('',(0.,0.,1.));
#6027=DIRECTION('',(1.,0.,0.));
#6028=DIRECTION('',(0.573576436351046,-0.819152044288992,0.));
#6029=DIRECTION('',(0.,0.,1.));
#6030=DIRECTION('',(1.,0.,0.));
#6031=DIRECTION('',(0.,0.,1.));
#6032=DIRECTION('',(1.,0.,0.));
#6033=DIRECTION('',(0.707106781186548,-0.707106781186547,0.));
#6034=DIRECTION('',(0.,0.,1.));
#6035=DIRECTION('',(1.,0.,0.));
#6036=DIRECTION('',(0.,-1.,0.));
#6037=DIRECTION('',(0.,0.,1.));
#6038=DIRECTION('',(1.,0.,0.));
#6039=DIRECTION('',(0.707106781186549,-0.707106781186547,0.));
#6040=DIRECTION('',(0.,0.,1.));
#6041=DIRECTION('',(1.,0.,0.));
#6042=DIRECTION('',(1.,0.,0.));
#6043=DIRECTION('',(0.,0.,1.));
#6044=DIRECTION('',(1.,0.,0.));
#6045=DIRECTION('',(0.707106781186548,0.707106781186547,0.));
#6046=DIRECTION('',(0.,0.,1.));
#6047=DIRECTION('',(1.,0.,0.));
#6048=DIRECTION('',(0.,1.,0.));
#6049=DIRECTION('',(0.,0.,1.));
#6050=DIRECTION('',(1.,0.,0.));
#6051=DIRECTION('',(0.707106781186548,0.707106781186547,0.));
#6052=DIRECTION('',(0.,0.,1.));
#6053=DIRECTION('',(1.,0.,0.));
#6054=DIRECTION('',(1.,0.,0.));
#6055=DIRECTION('',(0.,0.,1.));
#6056=DIRECTION('',(1.,0.,0.));
#6057=DIRECTION('',(0.707106781186548,-0.707106781186547,0.));
#6058=DIRECTION('',(0.,0.,1.));
#6059=DIRECTION('',(1.,0.,0.));
#6060=DIRECTION('',(2.76964100338465E-16,-1.,0.));
#6061=DIRECTION('',(0.,0.,1.));
#6062=DIRECTION('',(1.,0.,0.));
#6063=DIRECTION('',(0.707106781186548,-0.707106781186547,0.));
#6064=DIRECTION('',(0.,0.,1.));
#6065=DIRECTION('',(1.,0.,0.));
#6066=DIRECTION('',(1.,0.,0.));
#6067=DIRECTION('',(0.,0.,1.));
#6068=DIRECTION('',(1.,0.,0.));
#6069=DIRECTION('',(0.707106781186548,0.707106781186547,0.));
#6070=DIRECTION('',(0.,0.,1.));
#6071=DIRECTION('',(1.,0.,0.));
#6072=DIRECTION('',(0.,1.,0.));
#6073=DIRECTION('',(0.,0.,1.));
#6074=DIRECTION('',(1.,0.,0.));
#6075=DIRECTION('',(0.707106781186548,0.707106781186547,0.));
#6076=DIRECTION('',(0.,0.,1.));
#6077=DIRECTION('',(1.,0.,0.));
#6078=DIRECTION('',(0.,0.,1.));
#6079=DIRECTION('',(1.,0.,0.));
#6080=DIRECTION('',(0.573576436351046,0.819152044288992,0.));
#6081=DIRECTION('',(0.,0.,1.));
#6082=DIRECTION('',(1.,0.,0.));
#6083=DIRECTION('',(-0.789288214532161,0.614022894036235,0.));
#6084=DIRECTION('',(0.,0.,1.));
#6085=DIRECTION('',(1.,0.,0.));
#6086=DIRECTION('',(0.,1.,0.));
#6087=DIRECTION('',(0.,0.,1.));
#6088=DIRECTION('',(1.,0.,0.));
#6089=DIRECTION('',(0.789288214532161,0.614022894036235,0.));
#6090=DIRECTION('',(0.,0.,1.));
#6091=DIRECTION('',(1.,0.,0.));
#6092=DIRECTION('',(-0.573576436351046,0.819152044288992,0.));
#6093=DIRECTION('',(0.,0.,1.));
#6094=DIRECTION('',(1.,0.,0.));
#6095=DIRECTION('',(-0.956414401809697,0.29201282850416,0.));
#6096=DIRECTION('',(0.,0.,1.));
#6097=DIRECTION('',(1.,0.,0.));
#6098=DIRECTION('',(-1.83334271611846E-16,1.,0.));
#6099=DIRECTION('',(0.,0.,1.));
#6100=DIRECTION('',(1.,0.,0.));
#6101=DIRECTION('',(0.707106781186547,0.707106781186548,0.));
#6102=DIRECTION('',(0.,0.,1.));
#6103=DIRECTION('',(1.,0.,0.));
#6104=DIRECTION('',(0.,1.,0.));
#6105=DIRECTION('',(0.,0.,1.));
#6106=DIRECTION('',(1.,0.,0.));
#6107=DIRECTION('',(-0.225516984210549,0.974239236446869,0.));
#6108=DIRECTION('',(0.,0.,1.));
#6109=DIRECTION('',(1.,0.,0.));
#6110=DIRECTION('',(-1.,0.,0.));
#6111=DIRECTION('',(0.,0.,1.));
#6112=DIRECTION('',(1.,0.,0.));
#6113=DIRECTION('',(1.16424394360859E-16,1.,0.));
#6114=DIRECTION('',(0.,0.,1.));
#6115=DIRECTION('',(1.,0.,0.));
#6116=DIRECTION('',(-1.16424394360859E-16,-1.,0.));
#6117=DIRECTION('',(0.,0.,1.));
#6118=DIRECTION('',(1.,0.,0.));
#6119=DIRECTION('',(1.16424394360859E-16,1.,0.));
#6120=DIRECTION('',(0.,0.,1.));
#6121=DIRECTION('',(1.,0.,0.));
#6122=DIRECTION('',(-1.16424394360859E-16,-1.,0.));
#6123=DIRECTION('',(0.,0.,1.));
#6124=DIRECTION('',(1.,0.,0.));
#6125=DIRECTION('',(-1.,0.,0.));
#6126=DIRECTION('',(0.,0.,1.));
#6127=DIRECTION('',(1.,0.,0.));
#6128=DIRECTION('',(1.,0.,0.));
#6129=DIRECTION('',(0.,0.,1.));
#6130=DIRECTION('',(1.,0.,0.));
#6131=DIRECTION('',(0.,0.,1.));
#6132=DIRECTION('',(1.,0.,0.));
#6133=DIRECTION('',(0.,0.,1.));
#6134=DIRECTION('',(1.,0.,0.));
#6135=DIRECTION('',(0.,0.,1.));
#6136=DIRECTION('',(1.,0.,0.));
#6137=DIRECTION('',(0.22551698421055,0.974239236446869,0.));
#6138=DIRECTION('',(0.,0.,1.));
#6139=DIRECTION('',(1.,0.,0.));
#6140=DIRECTION('',(1.,0.,0.));
#6141=DIRECTION('',(0.,0.,1.));
#6142=DIRECTION('',(1.,0.,0.));
#6143=DIRECTION('',(0.225516984210549,-0.974239236446869,0.));
#6144=DIRECTION('',(0.,0.,1.));
#6145=DIRECTION('',(1.,0.,0.));
#6146=DIRECTION('',(0.,-1.,0.));
#6147=DIRECTION('',(0.,0.,1.));
#6148=DIRECTION('',(1.,0.,0.));
#6149=DIRECTION('',(-0.707106781186547,-0.707106781186548,0.));
#6150=DIRECTION('',(0.,0.,1.));
#6151=DIRECTION('',(1.,0.,0.));
#6152=DIRECTION('',(1.83334271611846E-16,-1.,0.));
#6153=DIRECTION('',(0.,0.,1.));
#6154=DIRECTION('',(1.,0.,0.));
#6155=DIRECTION('',(0.956414401809697,-0.29201282850416,0.));
#6156=DIRECTION('',(0.,0.,1.));
#6157=DIRECTION('',(1.,0.,0.));
#6158=DIRECTION('',(0.573576436351046,-0.819152044288992,0.));
#6159=DIRECTION('',(0.,0.,1.));
#6160=DIRECTION('',(1.,0.,0.));
#6161=DIRECTION('',(-0.789288214532161,-0.614022894036235,0.));
#6162=DIRECTION('',(0.,0.,1.));
#6163=DIRECTION('',(1.,0.,0.));
#6164=DIRECTION('',(0.,-1.,0.));
#6165=DIRECTION('',(0.,0.,1.));
#6166=DIRECTION('',(1.,0.,0.));
#6167=DIRECTION('',(0.789288214532161,-0.614022894036235,0.));
#6168=DIRECTION('',(0.,0.,1.));
#6169=DIRECTION('',(1.,0.,0.));
#6170=DIRECTION('',(-0.573576436351046,-0.819152044288992,0.));
#6171=DIRECTION('',(0.,0.,1.));
#6172=DIRECTION('',(1.,0.,0.));
#6173=DIRECTION('',(0.,0.,1.));
#6174=DIRECTION('',(1.,0.,0.));
#6175=DIRECTION('',(-0.707106781186548,-0.707106781186547,0.));
#6176=DIRECTION('',(0.,0.,1.));
#6177=DIRECTION('',(1.,0.,0.));
#6178=DIRECTION('',(0.,-1.,0.));
#6179=DIRECTION('',(0.,0.,1.));
#6180=DIRECTION('',(1.,0.,0.));
#6181=DIRECTION('',(-0.707106781186548,-0.707106781186547,0.));
#6182=DIRECTION('',(0.,0.,1.));
#6183=DIRECTION('',(1.,0.,0.));
#6184=DIRECTION('',(-1.,0.,0.));
#6185=DIRECTION('',(0.,0.,1.));
#6186=DIRECTION('',(1.,0.,0.));
#6187=DIRECTION('',(-0.707106781186548,0.707106781186547,0.));
#6188=DIRECTION('',(0.,0.,1.));
#6189=DIRECTION('',(1.,0.,0.));
#6190=DIRECTION('',(-2.76964100338465E-16,1.,0.));
#6191=DIRECTION('',(0.,0.,1.));
#6192=DIRECTION('',(1.,0.,0.));
#6193=DIRECTION('',(-0.707106781186548,0.707106781186547,0.));
#6194=DIRECTION('',(0.,0.,1.));
#6195=DIRECTION('',(1.,0.,0.));
#6196=DIRECTION('',(-1.,0.,0.));
#6197=DIRECTION('',(0.,0.,1.));
#6198=DIRECTION('',(1.,0.,0.));
#6199=DIRECTION('',(-0.707106781186548,-0.707106781186547,0.));
#6200=DIRECTION('',(0.,0.,1.));
#6201=DIRECTION('',(1.,0.,0.));
#6202=DIRECTION('',(0.,-1.,0.));
#6203=DIRECTION('',(0.,0.,1.));
#6204=DIRECTION('',(1.,0.,0.));
#6205=DIRECTION('',(-0.707106781186548,-0.707106781186547,0.));
#6206=DIRECTION('',(0.,0.,1.));
#6207=DIRECTION('',(1.,0.,0.));
#6208=DIRECTION('',(-1.,0.,0.));
#6209=DIRECTION('',(0.,0.,1.));
#6210=DIRECTION('',(1.,0.,0.));
#6211=DIRECTION('',(-0.707106781186549,0.707106781186547,0.));
#6212=DIRECTION('',(0.,0.,1.));
#6213=DIRECTION('',(1.,0.,0.));
#6214=DIRECTION('',(0.,1.,0.));
#6215=DIRECTION('',(0.,0.,1.));
#6216=DIRECTION('',(1.,0.,0.));
#6217=DIRECTION('',(-0.707106781186548,0.707106781186547,0.));
#6218=DIRECTION('',(0.,0.,1.));
#6219=DIRECTION('',(1.,0.,0.));
#6220=DIRECTION('',(0.,0.,1.));
#6221=DIRECTION('',(1.,0.,0.));
#6222=DIRECTION('',(-0.573576436351046,0.819152044288992,0.));
#6223=DIRECTION('',(0.,0.,1.));
#6224=DIRECTION('',(1.,0.,0.));
#6225=DIRECTION('',(0.789288214532161,0.614022894036235,0.));
#6226=DIRECTION('',(0.,0.,1.));
#6227=DIRECTION('',(1.,0.,0.));
#6228=DIRECTION('',(0.,1.,0.));
#6229=DIRECTION('',(0.,0.,1.));
#6230=DIRECTION('',(1.,0.,0.));
#6231=DIRECTION('',(-0.789288214532161,0.614022894036235,0.));
#6232=DIRECTION('',(0.,0.,1.));
#6233=DIRECTION('',(1.,0.,0.));
#6234=DIRECTION('',(0.573576436351046,0.819152044288992,0.));
#6235=DIRECTION('',(0.,0.,1.));
#6236=DIRECTION('',(1.,0.,0.));
#6237=DIRECTION('',(0.956414401809697,0.292012828504159,0.));
#6238=DIRECTION('',(0.,0.,1.));
#6239=DIRECTION('',(1.,0.,0.));
#6240=DIRECTION('',(0.,1.,0.));
#6241=DIRECTION('',(0.,0.,1.));
#6242=DIRECTION('',(1.,0.,0.));
#6243=DIRECTION('',(-0.707106781186548,0.707106781186548,0.));
#6244=DIRECTION('',(0.,0.,1.));
#6245=DIRECTION('',(1.,0.,0.));
#6246=DIRECTION('',(0.,1.,0.));
#6247=DIRECTION('',(0.,0.,1.));
#6248=DIRECTION('',(1.,0.,0.));
#6249=DIRECTION('',(0.22551698421055,0.974239236446869,0.));
#6250=DIRECTION('',(0.,0.,1.));
#6251=DIRECTION('',(1.,0.,0.));
#6252=DIRECTION('',(1.,0.,0.));
#6253=DIRECTION('',(0.,0.,1.));
#6254=DIRECTION('',(1.,0.,0.));
#6255=DIRECTION('',(0.225516984210549,-0.974239236446869,0.));
#6256=DIRECTION('',(0.,0.,1.));
#6257=DIRECTION('',(1.,0.,0.));
#6258=DIRECTION('',(1.,0.,0.));
#6259=DIRECTION('',(0.,0.,1.));
#6260=DIRECTION('',(1.,0.,0.));
#6261=DIRECTION('',(-1.16424394360859E-16,-1.,0.));
#6262=DIRECTION('',(0.,0.,1.));
#6263=DIRECTION('',(1.,0.,0.));
#6264=DIRECTION('',(1.16424394360859E-16,1.,0.));
#6265=DIRECTION('',(0.,0.,1.));
#6266=DIRECTION('',(1.,0.,0.));
#6267=DIRECTION('',(-1.16424394360859E-16,-1.,0.));
#6268=DIRECTION('',(0.,0.,1.));
#6269=DIRECTION('',(1.,0.,0.));
#6270=DIRECTION('',(1.16424394360859E-16,1.,0.));
#6271=DIRECTION('',(0.,0.,1.));
#6272=DIRECTION('',(1.,0.,0.));
#6273=DIRECTION('',(1.,0.,0.));
#6274=DIRECTION('',(0.,0.,1.));
#6275=DIRECTION('',(1.,0.,0.));
#6276=DIRECTION('',(-1.,0.,0.));
#6277=DIRECTION('',(0.,0.,1.));
#6278=DIRECTION('',(1.,0.,0.));
#6279=DIRECTION('',(0.,0.,1.));
#6280=DIRECTION('',(1.,0.,0.));
#6281=DIRECTION('',(0.,0.,1.));
#6282=DIRECTION('',(1.,0.,0.));
#6283=DIRECTION('',(0.,0.,1.));
#6284=DIRECTION('',(1.,0.,0.));
#6285=DIRECTION('',(0.,0.,1.));
#6286=DIRECTION('',(1.,0.,0.));
#6287=DIRECTION('',(0.,0.,1.));
#6288=DIRECTION('',(1.,0.,0.));
#6289=DIRECTION('',(0.,0.,-1.));
#6290=DIRECTION('',(-1.,0.,0.));
#6291=DIRECTION('',(0.,0.,1.));
#6292=DIRECTION('',(1.,0.,0.));
#6293=DIRECTION('',(0.,0.,1.));
#6294=DIRECTION('',(1.,0.,0.));
#6295=DIRECTION('',(0.,0.,-1.));
#6296=DIRECTION('',(-1.,0.,0.));
#6297=DIRECTION('',(0.,0.,1.));
#6298=DIRECTION('',(1.,0.,0.));
#6299=DIRECTION('',(0.,0.,1.));
#6300=DIRECTION('',(1.,0.,0.));
#6301=DIRECTION('',(0.,0.,1.));
#6302=DIRECTION('',(1.,0.,0.));
#6303=DIRECTION('',(0.,0.,1.));
#6304=DIRECTION('',(0.,0.,1.));
#6305=DIRECTION('',(1.,0.,0.));
#6306=DIRECTION('',(0.,0.,1.));
#6307=DIRECTION('',(1.,0.,0.));
#6308=DIRECTION('',(0.,0.,1.));
#6309=DIRECTION('',(1.,0.,0.));
#6310=DIRECTION('',(0.,0.,1.));
#6311=DIRECTION('',(1.,0.,0.));
#6312=DIRECTION('',(0.,0.,1.));
#6313=DIRECTION('',(0.,0.,1.));
#6314=DIRECTION('',(1.,0.,0.));
#6315=DIRECTION('',(0.,0.,1.));
#6316=DIRECTION('',(1.,0.,0.));
#6317=DIRECTION('',(0.,0.,1.));
#6318=DIRECTION('',(1.,0.,0.));
#6319=DIRECTION('',(0.,0.,1.));
#6320=DIRECTION('',(1.,0.,0.));
#6321=DIRECTION('',(0.,0.,-1.));
#6322=DIRECTION('',(-1.,0.,0.));
#6323=DIRECTION('',(0.,0.,1.));
#6324=DIRECTION('',(1.,0.,0.));
#6325=DIRECTION('',(0.,0.,1.));
#6326=DIRECTION('',(1.,0.,0.));
#6327=DIRECTION('',(0.,0.,-1.));
#6328=DIRECTION('',(-1.,0.,0.));
#6329=DIRECTION('',(0.,0.,1.));
#6330=DIRECTION('',(1.,0.,0.));
#6331=DIRECTION('',(0.,0.,1.));
#6332=DIRECTION('',(1.,0.,0.));
#6333=DIRECTION('',(0.,0.,-1.));
#6334=DIRECTION('',(-1.,0.,0.));
#6335=DIRECTION('',(0.,0.,1.));
#6336=DIRECTION('',(1.,0.,0.));
#6337=DIRECTION('',(0.,0.,1.));
#6338=DIRECTION('',(1.,0.,0.));
#6339=DIRECTION('',(0.,0.,1.));
#6340=DIRECTION('',(1.,0.,0.));
#6341=DIRECTION('',(0.,0.,1.));
#6342=DIRECTION('',(1.,0.,0.));
#6343=DIRECTION('',(0.,0.,1.));
#6344=DIRECTION('',(1.,0.,0.));
#6345=DIRECTION('',(0.,0.,1.));
#6346=DIRECTION('',(1.,0.,0.));
#6347=DIRECTION('',(0.,0.,1.));
#6348=DIRECTION('',(1.,0.,0.));
#6349=DIRECTION('',(0.,0.,1.));
#6350=DIRECTION('',(1.,0.,0.));
#6351=DIRECTION('',(0.,0.,1.));
#6352=DIRECTION('',(1.,0.,0.));
#6353=DIRECTION('',(0.,0.,1.));
#6354=DIRECTION('',(1.,0.,0.));
#6355=DIRECTION('',(0.,0.,1.));
#6356=DIRECTION('',(1.,0.,0.));
#6357=DIRECTION('',(0.,0.,-1.));
#6358=DIRECTION('',(-1.,0.,0.));
#6359=DIRECTION('',(0.,0.,1.));
#6360=DIRECTION('',(1.,0.,0.));
#6361=DIRECTION('',(0.,0.,1.));
#6362=DIRECTION('',(1.,0.,0.));
#6363=DIRECTION('',(0.,0.,1.));
#6364=DIRECTION('',(1.,0.,0.));
#6365=DIRECTION('',(0.,0.,1.));
#6366=DIRECTION('',(1.,0.,0.));
#6367=DIRECTION('',(0.,0.,1.));
#6368=DIRECTION('',(1.,0.,0.));
#6369=DIRECTION('',(0.,0.,1.));
#6370=DIRECTION('',(1.,0.,0.));
#6371=DIRECTION('',(0.,0.,1.));
#6372=DIRECTION('',(1.,0.,0.));
#6373=DIRECTION('',(0.,0.,1.));
#6374=DIRECTION('',(1.,0.,0.));
#6375=DIRECTION('',(0.,0.,1.));
#6376=DIRECTION('',(1.,0.,0.));
#6377=DIRECTION('',(0.,0.,1.));
#6378=DIRECTION('',(1.,0.,0.));
#6379=DIRECTION('',(0.,0.,1.));
#6380=DIRECTION('',(1.,0.,0.));
#6381=DIRECTION('',(0.,0.,1.));
#6382=DIRECTION('',(1.,0.,0.));
#6383=DIRECTION('',(0.,0.,1.));
#6384=DIRECTION('',(1.,0.,0.));
#6385=DIRECTION('',(0.,0.,1.));
#6386=DIRECTION('',(1.,0.,0.));
#6387=DIRECTION('',(0.,0.,-1.));
#6388=DIRECTION('',(-1.,0.,0.));
#6389=DIRECTION('',(0.,0.,1.));
#6390=DIRECTION('',(1.,0.,0.));
#6391=DIRECTION('',(0.,0.,1.));
#6392=DIRECTION('',(1.,0.,0.));
#6393=DIRECTION('',(0.,0.,1.));
#6394=DIRECTION('',(1.,0.,0.));
#6395=DIRECTION('',(0.,0.,1.));
#6396=DIRECTION('',(1.,0.,0.));
#6397=DIRECTION('',(0.,0.,1.));
#6398=DIRECTION('',(1.,0.,0.));
#6399=DIRECTION('',(0.,0.,-1.));
#6400=DIRECTION('',(-1.,0.,0.));
#6401=DIRECTION('',(0.,0.,1.));
#6402=DIRECTION('',(1.,0.,0.));
#6403=DIRECTION('',(0.,0.,1.));
#6404=DIRECTION('',(1.,0.,0.));
#6405=DIRECTION('',(0.,0.,-1.));
#6406=DIRECTION('',(-1.,0.,0.));
#6407=DIRECTION('',(0.,0.,1.));
#6408=DIRECTION('',(1.,0.,0.));
#6409=DIRECTION('',(0.,0.,1.));
#6410=DIRECTION('',(1.,0.,0.));
#6411=DIRECTION('',(0.,0.,1.));
#6412=DIRECTION('',(1.,0.,0.));
#6413=DIRECTION('',(0.,0.,1.));
#6414=DIRECTION('',(1.,0.,0.));
#6415=DIRECTION('',(0.,0.,1.));
#6416=DIRECTION('',(1.,0.,0.));
#6417=DIRECTION('',(0.,0.,1.));
#6418=DIRECTION('',(1.,0.,0.));
#6419=DIRECTION('',(0.,0.,1.));
#6420=DIRECTION('',(1.,0.,0.));
#6421=DIRECTION('',(0.,0.,1.));
#6422=DIRECTION('',(1.,0.,0.));
#6423=DIRECTION('',(0.,0.,1.));
#6424=DIRECTION('',(1.,0.,0.));
#6425=DIRECTION('',(0.,0.,1.));
#6426=DIRECTION('',(1.,0.,0.));
#6427=DIRECTION('',(0.,0.,1.));
#6428=DIRECTION('',(1.,0.,0.));
#6429=DIRECTION('',(0.,0.,1.));
#6430=DIRECTION('',(1.,0.,0.));
#6431=DIRECTION('',(0.,0.,1.));
#6432=DIRECTION('',(1.,0.,0.));
#6433=DIRECTION('',(0.,0.,1.));
#6434=DIRECTION('',(1.,0.,0.));
#6435=DIRECTION('',(0.,0.,1.));
#6436=DIRECTION('',(1.,0.,0.));
#6437=DIRECTION('',(0.,0.,1.));
#6438=DIRECTION('',(1.,0.,0.));
#6439=DIRECTION('',(0.,0.,1.));
#6440=DIRECTION('',(1.,0.,0.));
#6441=DIRECTION('',(0.,0.,-1.));
#6442=DIRECTION('',(-1.,0.,0.));
#6443=DIRECTION('',(0.,0.,1.));
#6444=DIRECTION('',(1.,0.,0.));
#6445=DIRECTION('',(0.,0.,1.));
#6446=DIRECTION('',(1.,0.,0.));
#6447=DIRECTION('',(0.,0.,-1.));
#6448=DIRECTION('',(-1.,0.,0.));
#6449=DIRECTION('',(0.,0.,1.));
#6450=DIRECTION('',(1.,0.,0.));
#6451=DIRECTION('',(0.,0.,1.));
#6452=DIRECTION('',(1.,0.,0.));
#6453=DIRECTION('',(0.,0.,-1.));
#6454=DIRECTION('',(-1.,0.,0.));
#6455=DIRECTION('',(0.,0.,1.));
#6456=DIRECTION('',(1.,0.,0.));
#6457=DIRECTION('',(0.,0.,1.));
#6458=DIRECTION('',(1.,0.,0.));
#6459=DIRECTION('',(0.,0.,-1.));
#6460=DIRECTION('',(-1.,0.,0.));
#6461=DIRECTION('',(0.,0.,1.));
#6462=DIRECTION('',(1.,0.,0.));
#6463=DIRECTION('',(0.,0.,1.));
#6464=DIRECTION('',(1.,0.,0.));
#6465=DIRECTION('',(0.,0.,-1.));
#6466=DIRECTION('',(-1.,0.,0.));
#6467=DIRECTION('',(0.,0.,1.));
#6468=DIRECTION('',(1.,0.,0.));
#6469=DIRECTION('',(0.,0.,1.));
#6470=DIRECTION('',(1.,0.,0.));
#6471=DIRECTION('',(0.,0.,-1.));
#6472=DIRECTION('',(-1.,0.,0.));
#6473=DIRECTION('',(0.,0.,1.));
#6474=DIRECTION('',(1.,0.,0.));
#6475=DIRECTION('',(0.,0.,1.));
#6476=DIRECTION('',(1.,0.,0.));
#6477=DIRECTION('',(0.,0.,-1.));
#6478=DIRECTION('',(-1.,0.,0.));
#6479=DIRECTION('',(0.,0.,1.));
#6480=DIRECTION('',(1.,0.,0.));
#6481=DIRECTION('',(0.,0.,1.));
#6482=DIRECTION('',(1.,0.,0.));
#6483=DIRECTION('',(0.,0.,-1.));
#6484=DIRECTION('',(-1.,0.,0.));
#6485=DIRECTION('',(0.,0.,1.));
#6486=DIRECTION('',(1.,0.,0.));
#6487=DIRECTION('',(0.,0.,1.));
#6488=DIRECTION('',(1.,0.,0.));
#6489=DIRECTION('',(0.,0.,-1.));
#6490=DIRECTION('',(-1.,0.,0.));
#6491=DIRECTION('',(0.,0.,1.));
#6492=DIRECTION('',(1.,0.,0.));
#6493=DIRECTION('',(0.,0.,1.));
#6494=DIRECTION('',(1.,0.,0.));
#6495=DIRECTION('',(0.,0.,-1.));
#6496=DIRECTION('',(-1.,0.,0.));
#6497=DIRECTION('',(0.,0.,1.));
#6498=DIRECTION('',(1.,0.,0.));
#6499=DIRECTION('',(0.,0.,1.));
#6500=DIRECTION('',(1.,0.,0.));
#6501=DIRECTION('',(0.,0.,-1.));
#6502=DIRECTION('',(-1.,0.,0.));
#6503=DIRECTION('',(0.,0.,1.));
#6504=DIRECTION('',(1.,0.,0.));
#6505=DIRECTION('',(0.,0.,1.));
#6506=DIRECTION('',(1.,0.,0.));
#6507=DIRECTION('',(0.,0.,-1.));
#6508=DIRECTION('',(-1.,0.,0.));
#6509=DIRECTION('',(0.,0.,1.));
#6510=DIRECTION('',(1.,0.,0.));
#6511=DIRECTION('',(0.,0.,1.));
#6512=DIRECTION('',(1.,0.,0.));
#6513=DIRECTION('',(0.,0.,-1.));
#6514=DIRECTION('',(-1.,0.,0.));
#6515=DIRECTION('',(0.,0.,1.));
#6516=DIRECTION('',(1.,0.,0.));
#6517=DIRECTION('',(0.,0.,1.));
#6518=DIRECTION('',(1.,0.,0.));
#6519=DIRECTION('',(0.,0.,-1.));
#6520=DIRECTION('',(-1.,0.,0.));
#6521=DIRECTION('',(0.,0.,1.));
#6522=DIRECTION('',(1.,0.,0.));
#6523=DIRECTION('',(0.,0.,1.));
#6524=DIRECTION('',(1.,0.,0.));
#6525=DIRECTION('',(0.,0.,-1.));
#6526=DIRECTION('',(-1.,0.,0.));
#6527=DIRECTION('',(0.,0.,1.));
#6528=DIRECTION('',(1.,0.,0.));
#6529=DIRECTION('',(0.,0.,1.));
#6530=DIRECTION('',(1.,0.,0.));
#6531=DIRECTION('',(0.5,-0.5,0.707106781186548));
#6532=DIRECTION('',(-0.707106781186548,-0.707106781186547,0.));
#6533=DIRECTION('',(0.5,-0.5,-0.707106781186548));
#6534=DIRECTION('',(-0.5,0.5,0.707106781186548));
#6535=DIRECTION('',(0.,0.,1.));
#6536=DIRECTION('',(1.,0.,0.));
#6537=DIRECTION('',(-0.707106781186547,0.,0.707106781186548));
#6538=DIRECTION('',(0.,0.,1.));
#6539=DIRECTION('',(1.,0.,0.));
#6540=DIRECTION('',(0.,-0.707106781186548,-0.707106781186548));
#6541=DIRECTION('',(0.707106781186548,0.,0.707106781186548));
#6542=DIRECTION('',(0.,-1.,0.));
#6543=DIRECTION('',(-0.707106781186548,0.,0.707106781186548));
#6544=DIRECTION('',(0.,-0.707106781186548,0.707106781186548));
#6545=DIRECTION('',(-1.,0.,0.));
#6546=DIRECTION('',(0.,-0.707106781186548,-0.707106781186548));
#6547=DIRECTION('',(0.,0.,-1.));
#6548=DIRECTION('',(-1.,0.,0.));
#6549=DIRECTION('',(-0.5,0.5,0.707106781186547));
#6550=DIRECTION('',(0.,0.,1.));
#6551=DIRECTION('',(1.,0.,0.));
#6552=DIRECTION('',(-0.5,-0.5,-0.707106781186548));
#6553=DIRECTION('',(0.5,-0.5,0.707106781186547));
#6554=DIRECTION('',(-0.707106781186548,-0.707106781186547,0.));
#6555=DIRECTION('',(-0.5,0.5,0.707106781186548));
#6556=DIRECTION('',(0.5,0.5,-0.707106781186549));
#6557=DIRECTION('',(-0.707106781186548,0.707106781186547,0.));
#6558=DIRECTION('',(-0.5,-0.5,-0.707106781186546));
#6559=DIRECTION('',(0.,0.,-1.));
#6560=DIRECTION('',(-1.,0.,0.));
#6561=DIRECTION('',(0.,0.707106781186548,0.707106781186548));
#6562=DIRECTION('',(0.,0.,1.));
#6563=DIRECTION('',(1.,0.,0.));
#6564=DIRECTION('',(-0.707106781186548,0.,-0.707106781186548));
#6565=DIRECTION('',(0.,-0.707106781186548,0.707106781186548));
#6566=DIRECTION('',(-1.,0.,0.));
#6567=DIRECTION('',(0.,0.707106781186548,0.707106781186548));
#6568=DIRECTION('',(0.707106781186548,1.9584319349456E-16,-0.707106781186547));
#6569=DIRECTION('',(-2.76964100338465E-16,1.,0.));
#6570=DIRECTION('',(-0.707106781186547,0.,-0.707106781186548));
#6571=DIRECTION('',(0.,0.,-1.));
#6572=DIRECTION('',(-1.,0.,0.));
#6573=DIRECTION('',(0.5,0.5,0.707106781186547));
#6574=DIRECTION('',(0.,0.,-1.));
#6575=DIRECTION('',(-1.,0.,0.));
#6576=DIRECTION('',(-0.5,-0.5,-0.707106781186547));
#6577=DIRECTION('',(-0.5,-0.5,0.70710678118655));
#6578=DIRECTION('',(-0.707106781186549,0.707106781186547,0.));
#6579=DIRECTION('',(0.5,0.5,0.707106781186544));
#6580=DIRECTION('',(0.5,0.5,-0.70710678118655));
#6581=DIRECTION('',(-0.707106781186548,0.707106781186547,0.));
#6582=DIRECTION('',(-0.5,-0.500000000000006,-0.707106781186545));
#6583=DIRECTION('',(0.,0.,-1.));
#6584=DIRECTION('',(-1.,0.,0.));
#6585=DIRECTION('',(0.70710678118655,0.,0.707106781186545));
#6586=DIRECTION('',(0.,0.,-1.));
#6587=DIRECTION('',(-1.,0.,0.));
#6588=DIRECTION('',(0.,-0.707106781186548,-0.707106781186548));
#6589=DIRECTION('',(-0.707106781186548,0.,0.707106781186548));
#6590=DIRECTION('',(0.,1.,0.));
#6591=DIRECTION('',(0.707106781186548,0.,0.707106781186548));
#6592=DIRECTION('',(0.,0.707106781186548,-0.707106781186548));
#6593=DIRECTION('',(-1.,0.,0.));
#6594=DIRECTION('',(0.,-0.707106781186548,-0.707106781186548));
#6595=DIRECTION('',(0.,0.,1.));
#6596=DIRECTION('',(1.,0.,0.));
#6597=DIRECTION('',(0.5,0.5,0.707106781186549));
#6598=DIRECTION('',(0.,0.,-1.));
#6599=DIRECTION('',(-1.,0.,0.));
#6600=DIRECTION('',(0.5,-0.5,-0.707106781186547));
#6601=DIRECTION('',(0.5,0.5,-0.707106781186548));
#6602=DIRECTION('',(-0.707106781186548,0.707106781186547,0.));
#6603=DIRECTION('',(0.5,0.5,0.707106781186547));
#6604=DIRECTION('',(-0.5,0.5,-0.707106781186546));
#6605=DIRECTION('',(-0.707106781186548,-0.707106781186547,0.));
#6606=DIRECTION('',(0.5,-0.5,-0.707106781186549));
#6607=DIRECTION('',(0.,0.,1.));
#6608=DIRECTION('',(1.,0.,0.));
#6609=DIRECTION('',(-0.202332223244325,0.677540900194968,0.707106781186549));
#6610=DIRECTION('',(0.,0.,-1.));
#6611=DIRECTION('',(-1.,0.,0.));
#6612=DIRECTION('',(0.70710678118655,0.,-0.707106781186545));
#6613=DIRECTION('',(0.,0.,-1.));
#6614=DIRECTION('',(-1.,0.,0.));
#6615=DIRECTION('',(0.579227965339572,0.405579787672641,0.707106781186544));
#6616=DIRECTION('',(-0.707106781186548,0.,-0.707106781186548));
#6617=DIRECTION('',(0.,-1.,0.));
#6618=DIRECTION('',(0.707106781186548,0.,-0.707106781186548));
#6619=DIRECTION('',(-0.579227965339569,-0.405579787672639,0.707106781186548));
#6620=DIRECTION('',(-0.573576436351046,0.819152044288992,0.));
#6621=DIRECTION('',(0.579227965339569,0.40557978767264,0.707106781186547));
#6622=DIRECTION('',(0.,0.,1.));
#6623=DIRECTION('',(1.,0.,0.));
#6624=DIRECTION('',(0.5,-0.5,-0.707106781186547));
#6625=DIRECTION('',(0.,0.,-1.));
#6626=DIRECTION('',(-1.,0.,0.));
#6627=DIRECTION('',(0.434179752176813,-0.558111048806311,0.707106781186548));
#6628=DIRECTION('',(0.5,-0.5,0.707106781186549));
#6629=DIRECTION('',(-0.707106781186548,-0.707106781186547,0.));
#6630=DIRECTION('',(0.5,-0.5,-0.707106781186547));
#6631=DIRECTION('',(0.43417975217681,-0.558111048806314,-0.707106781186548));
#6632=DIRECTION('',(0.789288214532161,0.614022894036235,0.));
#6633=DIRECTION('',(0.434179752176809,-0.558111048806315,0.707106781186548));
#6634=DIRECTION('',(0.,0.,1.));
#6635=DIRECTION('',(1.,0.,0.));
#6636=DIRECTION('',(-0.20233222324433,-0.677540900194967,-0.707106781186548));
#6637=DIRECTION('',(0.,0.,1.));
#6638=DIRECTION('',(1.,0.,0.));
#6639=DIRECTION('',(0.707106781186548,0.,0.707106781186548));
#6640=DIRECTION('',(0.,0.,-1.));
#6641=DIRECTION('',(-1.,0.,0.));
#6642=DIRECTION('',(0.57922796533957,-0.405579787672638,-0.707106781186548));
#6643=DIRECTION('',(0.707106781186548,0.,-0.707106781186548));
#6644=DIRECTION('',(0.,1.,0.));
#6645=DIRECTION('',(0.707106781186548,0.,0.707106781186548));
#6646=DIRECTION('',(-0.579227965339569,0.405579787672639,-0.707106781186548));
#6647=DIRECTION('',(-0.573576436351046,-0.819152044288992,0.));
#6648=DIRECTION('',(0.579227965339569,-0.40557978767264,-0.707106781186547));
#6649=DIRECTION('',(0.,0.,1.));
#6650=DIRECTION('',(1.,0.,0.));
#6651=DIRECTION('',(0.434179752176809,0.558111048806314,0.707106781186548));
#6652=DIRECTION('',(0.,0.,-1.));
#6653=DIRECTION('',(-1.,0.,0.));
#6654=DIRECTION('',(0.434179752176809,0.558111048806314,-0.707106781186548));
#6655=DIRECTION('',(-0.434179752176809,-0.558111048806313,0.707106781186549));
#6656=DIRECTION('',(-0.789288214532161,0.614022894036235,0.));
#6657=DIRECTION('',(0.434179752176811,0.558111048806317,0.707106781186544));
#6658=DIRECTION('',(0.43417975217681,0.558111048806314,0.707106781186548));
#6659=DIRECTION('',(0.789288214532161,-0.614022894036235,0.));
#6660=DIRECTION('',(0.434179752176809,0.558111048806316,-0.707106781186547));
#6661=DIRECTION('',(0.,0.,-1.));
#6662=DIRECTION('',(-1.,0.,0.));
#6663=DIRECTION('',(0.579227965339569,-0.40557978767264,0.707106781186547));
#6664=DIRECTION('',(0.,0.,1.));
#6665=DIRECTION('',(1.,0.,0.));
#6666=DIRECTION('',(0.707106781186548,0.,-0.707106781186548));
#6667=DIRECTION('',(0.57922796533957,-0.405579787672639,-0.707106781186547));
#6668=DIRECTION('',(0.573576436351046,0.819152044288992,0.));
#6669=DIRECTION('',(0.57922796533957,-0.405579787672638,0.707106781186548));
#6670=DIRECTION('',(-0.707106781186548,0.,-0.707106781186548));
#6671=DIRECTION('',(0.,-1.,0.));
#6672=DIRECTION('',(0.707106781186548,0.,-0.707106781186548));
#6673=DIRECTION('',(0.,0.,-1.));
#6674=DIRECTION('',(-1.,0.,0.));
#6675=DIRECTION('',(0.206484251228752,-0.676287109144113,0.707106781186548));
#6676=DIRECTION('',(0.,0.,1.));
#6677=DIRECTION('',(1.,0.,0.));
#6678=DIRECTION('',(0.434179752176809,-0.558111048806313,-0.707106781186549));
#6679=DIRECTION('',(0.206484251228756,-0.676287109144114,-0.707106781186546));
#6680=DIRECTION('',(0.956414401809697,0.292012828504159,0.));
#6681=DIRECTION('',(0.206484251228758,-0.67628710914411,0.707106781186549));
#6682=DIRECTION('',(0.434179752176812,-0.558111048806316,0.707106781186545));
#6683=DIRECTION('',(-0.789288214532161,-0.614022894036235,0.));
#6684=DIRECTION('',(0.434179752176809,-0.558111048806312,-0.70710678118655));
#6685=DIRECTION('',(0.,0.,1.));
#6686=DIRECTION('',(1.,0.,0.));
#6687=DIRECTION('',(0.707106781186549,0.,0.707106781186546));
#6688=DIRECTION('',(0.,0.,-1.));
#6689=DIRECTION('',(-1.,0.,0.));
#6690=DIRECTION('',(0.579227965339569,0.40557978767264,-0.707106781186547));
#6691=DIRECTION('',(0.707106781186548,0.,-0.707106781186548));
#6692=DIRECTION('',(0.,1.,0.));
#6693=DIRECTION('',(0.707106781186548,0.,0.707106781186548));
#6694=DIRECTION('',(0.579227965339568,0.405579787672639,0.707106781186549));
#6695=DIRECTION('',(0.573576436351046,-0.819152044288992,0.));
#6696=DIRECTION('',(0.579227965339573,0.405579787672637,-0.707106781186546));
#6697=DIRECTION('',(0.,0.,1.));
#6698=DIRECTION('',(1.,0.,0.));
#6699=DIRECTION('',(0.5,0.5,0.707106781186547));
#6700=DIRECTION('',(0.,0.,-1.));
#6701=DIRECTION('',(-1.,0.,0.));
#6702=DIRECTION('',(0.206484251228757,0.676287109144112,-0.707106781186547));
#6703=DIRECTION('',(0.5,0.5,-0.707106781186545));
#6704=DIRECTION('',(-0.707106781186548,0.707106781186548,0.));
#6705=DIRECTION('',(0.5,0.5,0.707106781186549));
#6706=DIRECTION('',(-0.206484251228755,-0.676287109144112,-0.707106781186548));
#6707=DIRECTION('',(0.956414401809697,-0.292012828504159,0.));
#6708=DIRECTION('',(0.206484251228757,0.676287109144112,-0.707106781186547));
#6709=DIRECTION('',(0.,0.,-1.));
#6710=DIRECTION('',(-1.,0.,0.));
#6711=DIRECTION('',(0.70710678118655,0.,0.707106781186545));
#6712=DIRECTION('',(0.,0.,1.));
#6713=DIRECTION('',(1.,0.,0.));
#6714=DIRECTION('',(0.707106781186548,0.,-0.707106781186548));
#6715=DIRECTION('',(0.707106781186548,0.,-0.707106781186548));
#6716=DIRECTION('',(0.,1.,0.));
#6717=DIRECTION('',(0.707106781186548,0.,0.707106781186548));
#6718=DIRECTION('',(-0.707106781186547,-1.29636906680633E-16,-0.707106781186548));
#6719=DIRECTION('',(1.83334271611846E-16,-1.,0.));
#6720=DIRECTION('',(0.707106781186548,0.,-0.707106781186548));
#6721=DIRECTION('',(0.,0.,-1.));
#6722=DIRECTION('',(-1.,0.,0.));
#6723=DIRECTION('',(0.688891170589585,-0.159464588808023,0.707106781186547));
#6724=DIRECTION('',(0.,0.,1.));
#6725=DIRECTION('',(1.,0.,0.));
#6726=DIRECTION('',(0.5,-0.5,-0.707106781186548));
#6727=DIRECTION('',(0.688891170589583,-0.159464588808019,-0.70710678118655));
#6728=DIRECTION('',(0.22551698421055,0.974239236446869,0.));
#6729=DIRECTION('',(0.688891170589587,-0.159464588808023,0.707106781186546));
#6730=DIRECTION('',(-0.5,0.5,-0.707106781186543));
#6731=DIRECTION('',(-0.707106781186547,-0.707106781186548,0.));
#6732=DIRECTION('',(0.5,-0.499999999999992,-0.707106781186553));
#6733=DIRECTION('',(0.,0.,-1.));
#6734=DIRECTION('',(-1.,0.,0.));
#6735=DIRECTION('',(0.,-0.707106781186548,0.707106781186548));
#6736=DIRECTION('',(0.,0.,-1.));
#6737=DIRECTION('',(-1.,0.,0.));
#6738=DIRECTION('',(0.70710678118655,0.,-0.707106781186545));
#6739=DIRECTION('',(0.,-0.707106781186548,-0.707106781186548));
#6740=DIRECTION('',(1.,0.,0.));
#6741=DIRECTION('',(0.,-0.707106781186548,0.707106781186548));
#6742=DIRECTION('',(-0.707106781186548,0.,-0.707106781186548));
#6743=DIRECTION('',(0.,-1.,0.));
#6744=DIRECTION('',(0.707106781186548,0.,-0.707106781186548));
#6745=DIRECTION('',(0.,0.,-1.));
#6746=DIRECTION('',(-1.,0.,0.));
#6747=DIRECTION('',(-0.688891170589583,-0.159464588808023,0.707106781186549));
#6748=DIRECTION('',(0.,0.,-1.));
#6749=DIRECTION('',(-1.,0.,0.));
#6750=DIRECTION('',(0.688891170589585,0.159464588808023,-0.707106781186547));
#6751=DIRECTION('',(-0.688891170589583,-0.159464588808019,-0.70710678118655));
#6752=DIRECTION('',(0.225516984210549,-0.974239236446869,0.));
#6753=DIRECTION('',(-0.688891170589587,-0.159464588808023,0.707106781186545));
#6754=DIRECTION('',(-0.688891170589587,-0.15946458880802,-0.707106781186546));
#6755=DIRECTION('',(0.225516984210549,-0.974239236446869,0.));
#6756=DIRECTION('',(0.688891170589584,0.159464588808023,-0.707106781186548));
#6757=DIRECTION('',(0.,0.,1.));
#6758=DIRECTION('',(1.,0.,0.));
#6759=DIRECTION('',(0.,-0.707106781186548,0.707106781186548));
#6760=DIRECTION('',(0.,0.,-1.));
#6761=DIRECTION('',(-1.,0.,0.));
#6762=DIRECTION('',(0.,0.707106781186548,-0.707106781186548));
#6763=DIRECTION('',(0.,-0.707106781186548,-0.707106781186548));
#6764=DIRECTION('',(1.,0.,0.));
#6765=DIRECTION('',(0.,-0.707106781186548,0.707106781186548));
#6766=DIRECTION('',(0.,-0.707106781186548,-0.707106781186548));
#6767=DIRECTION('',(1.,0.,0.));
#6768=DIRECTION('',(0.,0.707106781186548,-0.707106781186548));
#6769=DIRECTION('',(0.,0.,1.));
#6770=DIRECTION('',(1.,0.,0.));
#6771=DIRECTION('',(0.688891170589587,-0.159464588808023,0.707106781186546));
#6772=DIRECTION('',(0.,0.,-1.));
#6773=DIRECTION('',(-1.,0.,0.));
#6774=DIRECTION('',(-0.688891170589583,0.159464588808023,-0.707106781186549));
#6775=DIRECTION('',(0.688891170589584,-0.15946458880802,-0.707106781186549));
#6776=DIRECTION('',(0.22551698421055,0.974239236446869,0.));
#6777=DIRECTION('',(-0.5,0.5,0.707106781186548));
#6778=DIRECTION('',(0.707106781186548,0.707106781186547,0.));
#6779=DIRECTION('',(-0.5,0.5,-0.707106781186548));
#6780=DIRECTION('',(0.5,-0.5,0.707106781186548));
#6781=DIRECTION('',(0.,0.,-1.));
#6782=DIRECTION('',(-1.,0.,0.));
#6783=DIRECTION('',(0.707106781186547,0.,0.707106781186548));
#6784=DIRECTION('',(0.,0.,-1.));
#6785=DIRECTION('',(-1.,0.,0.));
#6786=DIRECTION('',(0.,0.707106781186548,-0.707106781186548));
#6787=DIRECTION('',(-0.707106781186548,0.,0.707106781186548));
#6788=DIRECTION('',(0.,1.,0.));
#6789=DIRECTION('',(0.707106781186548,0.,0.707106781186548));
#6790=DIRECTION('',(0.,0.707106781186548,0.707106781186548));
#6791=DIRECTION('',(1.,0.,0.));
#6792=DIRECTION('',(0.,0.707106781186548,-0.707106781186548));
#6793=DIRECTION('',(0.,0.,1.));
#6794=DIRECTION('',(1.,0.,0.));
#6795=DIRECTION('',(0.5,-0.5,0.707106781186547));
#6796=DIRECTION('',(0.,0.,-1.));
#6797=DIRECTION('',(-1.,0.,0.));
#6798=DIRECTION('',(0.5,0.5,-0.707106781186548));
#6799=DIRECTION('',(-0.5,0.5,0.707106781186547));
#6800=DIRECTION('',(0.707106781186548,0.707106781186547,0.));
#6801=DIRECTION('',(0.5,-0.5,0.70710678118655));
#6802=DIRECTION('',(-0.5,-0.5,-0.707106781186549));
#6803=DIRECTION('',(0.707106781186548,-0.707106781186547,0.));
#6804=DIRECTION('',(0.5,0.5,-0.707106781186546));
#6805=DIRECTION('',(0.,0.,1.));
#6806=DIRECTION('',(1.,0.,0.));
#6807=DIRECTION('',(0.,-0.707106781186548,0.707106781186548));
#6808=DIRECTION('',(0.,0.,-1.));
#6809=DIRECTION('',(-1.,0.,0.));
#6810=DIRECTION('',(0.707106781186548,0.,-0.707106781186548));
#6811=DIRECTION('',(0.,0.707106781186548,0.707106781186548));
#6812=DIRECTION('',(1.,0.,0.));
#6813=DIRECTION('',(0.,-0.707106781186548,0.707106781186548));
#6814=DIRECTION('',(-0.707106781186548,-1.9584319349456E-16,-0.707106781186547));
#6815=DIRECTION('',(2.76964100338465E-16,-1.,0.));
#6816=DIRECTION('',(0.707106781186548,0.,-0.707106781186548));
#6817=DIRECTION('',(0.,0.,1.));
#6818=DIRECTION('',(1.,0.,0.));
#6819=DIRECTION('',(-0.5,-0.5,0.707106781186548));
#6820=DIRECTION('',(0.,0.,1.));
#6821=DIRECTION('',(1.,0.,0.));
#6822=DIRECTION('',(0.5,0.5,-0.707106781186547));
#6823=DIRECTION('',(0.5,0.5,0.70710678118655));
#6824=DIRECTION('',(0.707106781186549,-0.707106781186547,0.));
#6825=DIRECTION('',(-0.5,-0.5,0.707106781186546));
#6826=DIRECTION('',(-0.5,-0.5,-0.70710678118655));
#6827=DIRECTION('',(0.707106781186548,-0.707106781186547,0.));
#6828=DIRECTION('',(0.5,0.5,-0.707106781186547));
#6829=DIRECTION('',(0.,0.,1.));
#6830=DIRECTION('',(1.,0.,0.));
#6831=DIRECTION('',(-0.707106781186548,0.,0.707106781186548));
#6832=DIRECTION('',(0.,0.,1.));
#6833=DIRECTION('',(1.,0.,0.));
#6834=DIRECTION('',(0.,0.707106781186548,-0.707106781186548));
#6835=DIRECTION('',(0.707106781186548,0.,0.707106781186548));
#6836=DIRECTION('',(0.,-1.,0.));
#6837=DIRECTION('',(-0.707106781186548,0.,0.707106781186548));
#6838=DIRECTION('',(0.,-0.707106781186548,-0.707106781186548));
#6839=DIRECTION('',(1.,0.,0.));
#6840=DIRECTION('',(0.,0.707106781186548,-0.707106781186548));
#6841=DIRECTION('',(0.,0.,-1.));
#6842=DIRECTION('',(-1.,0.,0.));
#6843=DIRECTION('',(-0.5,-0.5,0.707106781186551));
#6844=DIRECTION('',(0.,0.,1.));
#6845=DIRECTION('',(1.,0.,0.));
#6846=DIRECTION('',(-0.5,0.5,-0.707106781186547));
#6847=DIRECTION('',(-0.5,-0.5,-0.707106781186551));
#6848=DIRECTION('',(0.707106781186548,-0.707106781186547,0.));
#6849=DIRECTION('',(-0.5,-0.5,0.707106781186544));
#6850=DIRECTION('',(0.5,-0.5,-0.707106781186546));
#6851=DIRECTION('',(0.707106781186548,0.707106781186547,0.));
#6852=DIRECTION('',(-0.5,0.5,-0.707106781186548));
#6853=DIRECTION('',(0.,0.,-1.));
#6854=DIRECTION('',(-1.,0.,0.));
#6855=DIRECTION('',(0.202332223244325,-0.677540900194968,0.707106781186549));
#6856=DIRECTION('',(0.,0.,1.));
#6857=DIRECTION('',(1.,0.,0.));
#6858=DIRECTION('',(-0.70710678118655,0.,-0.707106781186545));
#6859=DIRECTION('',(0.,0.,1.));
#6860=DIRECTION('',(1.,0.,0.));
#6861=DIRECTION('',(-0.57922796533957,-0.405579787672638,0.707106781186548));
#6862=DIRECTION('',(0.707106781186548,0.,-0.707106781186548));
#6863=DIRECTION('',(0.,1.,0.));
#6864=DIRECTION('',(-0.707106781186548,0.,-0.707106781186548));
#6865=DIRECTION('',(0.579227965339569,0.405579787672639,0.707106781186548));
#6866=DIRECTION('',(0.573576436351046,-0.819152044288992,0.));
#6867=DIRECTION('',(-0.579227965339569,-0.40557978767264,0.707106781186547));
#6868=DIRECTION('',(0.,0.,-1.));
#6869=DIRECTION('',(-1.,0.,0.));
#6870=DIRECTION('',(-0.5,0.5,-0.707106781186549));
#6871=DIRECTION('',(0.,0.,1.));
#6872=DIRECTION('',(1.,0.,0.));
#6873=DIRECTION('',(-0.434179752176809,0.558111048806314,0.707106781186548));
#6874=DIRECTION('',(-0.5,0.5,0.707106781186548));
#6875=DIRECTION('',(0.707106781186548,0.707106781186547,0.));
#6876=DIRECTION('',(-0.5,0.5,-0.707106781186547));
#6877=DIRECTION('',(-0.43417975217681,0.558111048806314,-0.707106781186548));
#6878=DIRECTION('',(-0.789288214532161,-0.614022894036235,0.));
#6879=DIRECTION('',(-0.434179752176809,0.558111048806314,0.707106781186548));
#6880=DIRECTION('',(0.,0.,-1.));
#6881=DIRECTION('',(-1.,0.,0.));
#6882=DIRECTION('',(0.202332223244325,0.677540900194968,-0.707106781186549));
#6883=DIRECTION('',(0.,0.,-1.));
#6884=DIRECTION('',(-1.,0.,0.));
#6885=DIRECTION('',(-0.707106781186548,0.,0.707106781186548));
#6886=DIRECTION('',(0.,0.,1.));
#6887=DIRECTION('',(1.,0.,0.));
#6888=DIRECTION('',(-0.57922796533957,0.405579787672638,-0.707106781186548));
#6889=DIRECTION('',(-0.707106781186548,0.,-0.707106781186548));
#6890=DIRECTION('',(0.,-1.,0.));
#6891=DIRECTION('',(-0.707106781186548,0.,0.707106781186548));
#6892=DIRECTION('',(0.579227965339569,-0.405579787672639,-0.707106781186548));
#6893=DIRECTION('',(0.573576436351046,0.819152044288992,0.));
#6894=DIRECTION('',(-0.579227965339569,0.40557978767264,-0.707106781186547));
#6895=DIRECTION('',(0.,0.,-1.));
#6896=DIRECTION('',(-1.,0.,0.));
#6897=DIRECTION('',(-0.434179752176809,-0.558111048806313,0.707106781186549));
#6898=DIRECTION('',(0.,0.,1.));
#6899=DIRECTION('',(1.,0.,0.));
#6900=DIRECTION('',(-0.434179752176809,-0.558111048806314,-0.707106781186548));
#6901=DIRECTION('',(0.434179752176809,0.558111048806313,0.707106781186549));
#6902=DIRECTION('',(0.789288214532161,-0.614022894036235,0.));
#6903=DIRECTION('',(-0.434179752176813,-0.558111048806313,0.707106781186547));
#6904=DIRECTION('',(-0.43417975217681,-0.558111048806314,0.707106781186548));
#6905=DIRECTION('',(-0.789288214532161,0.614022894036235,0.));
#6906=DIRECTION('',(-0.434179752176809,-0.558111048806314,-0.707106781186548));
#6907=DIRECTION('',(0.,0.,1.));
#6908=DIRECTION('',(1.,0.,0.));
#6909=DIRECTION('',(-0.579227965339569,0.40557978767264,0.707106781186547));
#6910=DIRECTION('',(0.,0.,-1.));
#6911=DIRECTION('',(-1.,0.,0.));
#6912=DIRECTION('',(-0.707106781186548,0.,-0.707106781186548));
#6913=DIRECTION('',(-0.57922796533957,0.405579787672639,-0.707106781186547));
#6914=DIRECTION('',(-0.573576436351046,-0.819152044288992,0.));
#6915=DIRECTION('',(-0.57922796533957,0.405579787672638,0.707106781186548));
#6916=DIRECTION('',(0.707106781186548,0.,-0.707106781186548));
#6917=DIRECTION('',(0.,1.,0.));
#6918=DIRECTION('',(-0.707106781186548,0.,-0.707106781186548));
#6919=DIRECTION('',(0.,0.,1.));
#6920=DIRECTION('',(1.,0.,0.));
#6921=DIRECTION('',(-0.206484251228757,0.676287109144112,0.707106781186547));
#6922=DIRECTION('',(0.,0.,-1.));
#6923=DIRECTION('',(-1.,0.,0.));
#6924=DIRECTION('',(-0.434179752176809,0.558111048806314,-0.707106781186548));
#6925=DIRECTION('',(-0.206484251228756,0.676287109144114,-0.707106781186546));
#6926=DIRECTION('',(-0.956414401809697,-0.292012828504159,0.));
#6927=DIRECTION('',(-0.206484251228753,0.67628710914411,0.70710678118655));
#6928=DIRECTION('',(-0.434179752176812,0.558111048806316,0.707106781186545));
#6929=DIRECTION('',(0.789288214532161,0.614022894036235,0.));
#6930=DIRECTION('',(-0.434179752176809,0.558111048806314,-0.707106781186548));
#6931=DIRECTION('',(0.,0.,-1.));
#6932=DIRECTION('',(-1.,0.,0.));
#6933=DIRECTION('',(-0.707106781186549,0.,0.707106781186546));
#6934=DIRECTION('',(0.,0.,1.));
#6935=DIRECTION('',(1.,0.,0.));
#6936=DIRECTION('',(-0.57922796533957,-0.405579787672638,-0.707106781186548));
#6937=DIRECTION('',(-0.707106781186548,0.,-0.707106781186548));
#6938=DIRECTION('',(0.,-1.,0.));
#6939=DIRECTION('',(-0.707106781186548,0.,0.707106781186548));
#6940=DIRECTION('',(-0.579227965339568,-0.405579787672639,0.707106781186549));
#6941=DIRECTION('',(-0.573576436351046,0.819152044288992,0.));
#6942=DIRECTION('',(-0.57922796533957,-0.405579787672638,-0.707106781186548));
#6943=DIRECTION('',(0.,0.,-1.));
#6944=DIRECTION('',(-1.,0.,0.));
#6945=DIRECTION('',(-0.5,-0.5,0.707106781186548));
#6946=DIRECTION('',(0.,0.,1.));
#6947=DIRECTION('',(1.,0.,0.));
#6948=DIRECTION('',(-0.206484251228757,-0.676287109144112,-0.707106781186547));
#6949=DIRECTION('',(-0.5,-0.5,-0.707106781186545));
#6950=DIRECTION('',(0.707106781186548,-0.707106781186548,0.));
#6951=DIRECTION('',(-0.5,-0.5,0.707106781186547));
#6952=DIRECTION('',(0.206484251228755,0.676287109144112,-0.707106781186548));
#6953=DIRECTION('',(-0.956414401809697,0.292012828504159,0.));
#6954=DIRECTION('',(-0.206484251228757,-0.676287109144112,-0.707106781186547));
#6955=DIRECTION('',(0.,0.,1.));
#6956=DIRECTION('',(1.,0.,0.));
#6957=DIRECTION('',(-0.707106781186548,0.,0.707106781186548));
#6958=DIRECTION('',(0.,0.,-1.));
#6959=DIRECTION('',(-1.,0.,0.));
#6960=DIRECTION('',(-0.707106781186546,0.,-0.707106781186549));
#6961=DIRECTION('',(-0.707106781186548,0.,-0.707106781186548));
#6962=DIRECTION('',(0.,-1.,0.));
#6963=DIRECTION('',(-0.707106781186548,0.,0.707106781186548));
#6964=DIRECTION('',(0.707106781186547,1.29636906680633E-16,-0.707106781186548));
#6965=DIRECTION('',(-1.83334271611846E-16,1.,0.));
#6966=DIRECTION('',(-0.707106781186548,0.,-0.707106781186548));
#6967=DIRECTION('',(0.,0.,1.));
#6968=DIRECTION('',(1.,0.,0.));
#6969=DIRECTION('',(-0.688891170589585,0.159464588808023,0.707106781186547));
#6970=DIRECTION('',(0.,0.,-1.));
#6971=DIRECTION('',(-1.,0.,0.));
#6972=DIRECTION('',(-0.5,0.5,-0.707106781186547));
#6973=DIRECTION('',(-0.688891170589585,0.15946458880802,-0.707106781186548));
#6974=DIRECTION('',(-0.22551698421055,-0.974239236446869,0.));
#6975=DIRECTION('',(-0.688891170589585,0.159464588808023,0.707106781186547));
#6976=DIRECTION('',(0.5,-0.5,-0.707106781186543));
#6977=DIRECTION('',(0.707106781186547,0.707106781186548,0.));
#6978=DIRECTION('',(-0.5,0.5,-0.70710678118655));
#6979=DIRECTION('',(0.,0.,1.));
#6980=DIRECTION('',(1.,0.,0.));
#6981=DIRECTION('',(0.,0.707106781186548,0.707106781186548));
#6982=DIRECTION('',(0.,0.,1.));
#6983=DIRECTION('',(1.,0.,0.));
#6984=DIRECTION('',(-0.707106781186548,0.,-0.707106781186548));
#6985=DIRECTION('',(0.,0.707106781186548,-0.707106781186548));
#6986=DIRECTION('',(-1.,0.,0.));
#6987=DIRECTION('',(0.,0.707106781186548,0.707106781186548));
#6988=DIRECTION('',(0.707106781186548,0.,-0.707106781186548));
#6989=DIRECTION('',(0.,1.,0.));
#6990=DIRECTION('',(-0.707106781186548,0.,-0.707106781186548));
#6991=DIRECTION('',(0.,0.,1.));
#6992=DIRECTION('',(1.,0.,0.));
#6993=DIRECTION('',(0.688891170589584,0.159464588808023,0.707106781186548));
#6994=DIRECTION('',(0.,0.,1.));
#6995=DIRECTION('',(1.,0.,0.));
#6996=DIRECTION('',(-0.688891170589586,-0.159464588808014,-0.707106781186548));
#6997=DIRECTION('',(0.688891170589583,0.159464588808019,-0.70710678118655));
#6998=DIRECTION('',(-0.225516984210549,0.974239236446869,0.));
#6999=DIRECTION('',(0.68889117058959,0.159464588808014,0.707106781186545));
#7000=DIRECTION('',(0.688891170589587,0.15946458880802,-0.707106781186546));
#7001=DIRECTION('',(-0.225516984210549,0.974239236446869,0.));
#7002=DIRECTION('',(-0.688891170589582,-0.159464588808023,-0.70710678118655));
#7003=DIRECTION('',(0.,0.,-1.));
#7004=DIRECTION('',(-1.,0.,0.));
#7005=DIRECTION('',(0.,0.707106781186548,0.707106781186548));
#7006=DIRECTION('',(0.,0.,1.));
#7007=DIRECTION('',(1.,0.,0.));
#7008=DIRECTION('',(0.,-0.707106781186548,-0.707106781186548));
#7009=DIRECTION('',(0.,0.707106781186548,-0.707106781186548));
#7010=DIRECTION('',(-1.,0.,0.));
#7011=DIRECTION('',(0.,0.707106781186548,0.707106781186548));
#7012=DIRECTION('',(0.,0.707106781186548,-0.707106781186548));
#7013=DIRECTION('',(-1.,0.,0.));
#7014=DIRECTION('',(0.,-0.707106781186548,-0.707106781186548));
#7015=DIRECTION('',(0.,0.,-1.));
#7016=DIRECTION('',(-1.,0.,0.));
#7017=DIRECTION('',(-0.688891170589587,0.159464588808023,0.707106781186546));
#7018=DIRECTION('',(0.,0.,1.));
#7019=DIRECTION('',(1.,0.,0.));
#7020=DIRECTION('',(0.688891170589583,-0.159464588808023,-0.707106781186549));
#7021=DIRECTION('',(-0.688891170589584,0.15946458880802,-0.707106781186549));
#7022=DIRECTION('',(-0.22551698421055,-0.974239236446869,0.));
#7023=DIRECTION('',(-0.707106781186547,8.23244787481006E-17,0.707106781186548));
#7024=DIRECTION('',(1.16424394360859E-16,1.,0.));
#7025=DIRECTION('',(-0.707106781186549,0.,-0.707106781186546));
#7026=DIRECTION('',(0.707106781186549,0.,0.707106781186546));
#7027=DIRECTION('',(0.,0.,1.));
#7028=DIRECTION('',(1.,0.,0.));
#7029=DIRECTION('',(-0.707106781186548,0.,0.707106781186548));
#7030=DIRECTION('',(0.,0.,1.));
#7031=DIRECTION('',(1.,0.,0.));
#7032=DIRECTION('',(0.707106781186548,0.,-0.707106781186548));
#7033=DIRECTION('',(-0.707106781186548,8.23244787481006E-17,-0.707106781186548));
#7034=DIRECTION('',(-1.16424394360859E-16,-1.,0.));
#7035=DIRECTION('',(0.707106781186547,-8.23244787481006E-17,0.707106781186548));
#7036=DIRECTION('',(-1.16424394360859E-16,-1.,0.));
#7037=DIRECTION('',(0.707106781186549,0.,-0.707106781186546));
#7038=DIRECTION('',(-0.707106781186549,0.,0.707106781186546));
#7039=DIRECTION('',(0.,0.,-1.));
#7040=DIRECTION('',(-1.,0.,0.));
#7041=DIRECTION('',(0.707106781186548,0.,0.707106781186548));
#7042=DIRECTION('',(0.,0.,-1.));
#7043=DIRECTION('',(-1.,0.,0.));
#7044=DIRECTION('',(-0.707106781186548,0.,-0.707106781186548));
#7045=DIRECTION('',(0.707106781186548,-8.23244787481006E-17,-0.707106781186548));
#7046=DIRECTION('',(1.16424394360859E-16,1.,0.));
#7047=DIRECTION('',(-0.707106781186548,8.23244787481007E-17,0.707106781186547));
#7048=DIRECTION('',(1.16424394360859E-16,1.,0.));
#7049=DIRECTION('',(-0.707106781186547,0.,-0.707106781186548));
#7050=DIRECTION('',(0.707106781186547,0.,0.707106781186548));
#7051=DIRECTION('',(0.,0.,1.));
#7052=DIRECTION('',(1.,0.,0.));
#7053=DIRECTION('',(-0.707106781186548,0.,0.707106781186548));
#7054=DIRECTION('',(0.,0.,1.));
#7055=DIRECTION('',(1.,0.,0.));
#7056=DIRECTION('',(0.707106781186546,0.,-0.707106781186549));
#7057=DIRECTION('',(-0.707106781186548,8.23244787481006E-17,-0.707106781186548));
#7058=DIRECTION('',(-1.16424394360859E-16,-1.,0.));
#7059=DIRECTION('',(0.707106781186547,-8.23244787481006E-17,0.707106781186548));
#7060=DIRECTION('',(-1.16424394360859E-16,-1.,0.));
#7061=DIRECTION('',(0.707106781186548,0.,-0.707106781186548));
#7062=DIRECTION('',(-0.707106781186548,0.,0.707106781186548));
#7063=DIRECTION('',(0.,0.,-1.));
#7064=DIRECTION('',(-1.,0.,0.));
#7065=DIRECTION('',(0.707106781186548,0.,0.707106781186548));
#7066=DIRECTION('',(0.,0.,-1.));
#7067=DIRECTION('',(-1.,0.,0.));
#7068=DIRECTION('',(-0.707106781186548,0.,-0.707106781186548));
#7069=DIRECTION('',(0.707106781186548,-8.23244787481006E-17,-0.707106781186548));
#7070=DIRECTION('',(1.16424394360859E-16,1.,0.));
#7071=DIRECTION('',(0.,-0.707106781186548,0.707106781186548));
#7072=DIRECTION('',(-1.,0.,0.));
#7073=DIRECTION('',(-4.59988025005012E-15,-0.707106781186548,-0.707106781186548));
#7074=DIRECTION('',(0.,0.707106781186548,0.707106781186548));
#7075=DIRECTION('',(0.,0.,1.));
#7076=DIRECTION('',(1.,0.,0.));
#7077=DIRECTION('',(0.,-0.707106781186548,0.707106781186548));
#7078=DIRECTION('',(0.,0.,1.));
#7079=DIRECTION('',(1.,0.,0.));
#7080=DIRECTION('',(0.,0.707106781186546,-0.707106781186549));
#7081=DIRECTION('',(0.,-0.707106781186548,-0.707106781186548));
#7082=DIRECTION('',(1.,0.,0.));
#7083=DIRECTION('',(0.,0.707106781186548,0.707106781186548));
#7084=DIRECTION('',(1.,0.,0.));
#7085=DIRECTION('',(4.59988025005012E-15,0.707106781186548,-0.707106781186548));
#7086=DIRECTION('',(0.,-0.707106781186548,0.707106781186548));
#7087=DIRECTION('',(0.,0.,-1.));
#7088=DIRECTION('',(-1.,0.,0.));
#7089=DIRECTION('',(0.,0.707106781186546,0.707106781186549));
#7090=DIRECTION('',(0.,0.,-1.));
#7091=DIRECTION('',(-1.,0.,0.));
#7092=DIRECTION('',(0.,-0.707106781186548,-0.707106781186548));
#7093=DIRECTION('',(0.,0.707106781186548,-0.707106781186548));
#7094=DIRECTION('',(-1.,0.,0.));
#7095=DIRECTION('',(0.,0.,-1.));
#7096=DIRECTION('',(-1.,0.,0.));
#7097=DIRECTION('',(0.,0.,-1.));
#7098=DIRECTION('',(-1.,0.,0.));
#7099=CARTESIAN_POINT('',(0.,0.,0.));
#7100=CARTESIAN_POINT('',(-0.0015,0.0165,0.0065));
#7101=CARTESIAN_POINT('',(-0.0015,0.018,0.0065));
#7102=CARTESIAN_POINT('',(-0.0015,0.018,0.006));
#7103=CARTESIAN_POINT('',(-0.0015,0.018,0.0045));
#7104=CARTESIAN_POINT('',(-0.0015,0.0165,0.006));
#7105=CARTESIAN_POINT('',(-0.00149999999999998,0.015,0.006));
#7106=CARTESIAN_POINT('',(-0.00149999999999998,0.015,0.0065));
#7107=CARTESIAN_POINT('',(-0.00149999999999998,0.015,0.0045));
#7108=CARTESIAN_POINT('',(-0.0015,0.0165,0.0045));
#7109=CARTESIAN_POINT('',(9.21571846612679E-18,0.018,0.0065));
#7110=CARTESIAN_POINT('',(0.0015,0.018,0.0065));
#7111=CARTESIAN_POINT('',(0.0015,0.018,0.006));
#7112=CARTESIAN_POINT('',(0.0015,0.018,0.0045));
#7113=CARTESIAN_POINT('',(-0.0015,0.018,0.006));
#7114=CARTESIAN_POINT('',(9.21571846612679E-18,0.018,0.0045));
#7115=CARTESIAN_POINT('',(0.0015,0.0165,0.0065));
#7116=CARTESIAN_POINT('',(0.0015,0.015,0.0065));
#7117=CARTESIAN_POINT('',(0.0015,0.015,0.006));
#7118=CARTESIAN_POINT('',(0.0015,0.015,0.0045));
#7119=CARTESIAN_POINT('',(0.0015,0.0165,0.006));
#7120=CARTESIAN_POINT('',(0.0015,0.0165,0.0045));
#7121=CARTESIAN_POINT('',(-0.00463933982822016,-0.0160606601717798,0.0065));
#7122=CARTESIAN_POINT('',(-0.00388621753619446,-0.0153075378797541,0.0065));
#7123=CARTESIAN_POINT('',(-0.00388621753619446,-0.0153075378797541,0.0045));
#7124=CARTESIAN_POINT('',(-0.00388621753619446,-0.0153075378797541,0.006));
#7125=CARTESIAN_POINT('',(-0.00539246212024586,-0.0168137824638055,0.006));
#7126=CARTESIAN_POINT('',(-0.00539246212024586,-0.0168137824638055,0.006));
#7127=CARTESIAN_POINT('',(-0.00539246212024586,-0.0168137824638055,0.004));
#7128=CARTESIAN_POINT('',(-0.00539246212024586,-0.0168137824638055,0.0045));
#7129=CARTESIAN_POINT('',(-0.00463933982822016,-0.0160606601717798,0.0045));
#7130=CARTESIAN_POINT('',(1.30104260698261E-17,-0.015,0.0065));
#7131=CARTESIAN_POINT('',(0.00314375541594861,-0.015,0.0065));
#7132=CARTESIAN_POINT('',(0.00314375541594861,-0.015,0.0045));
#7133=CARTESIAN_POINT('',(0.00314375541594861,-0.015,0.006));
#7134=CARTESIAN_POINT('',(-0.00314375541594858,-0.015,0.006));
#7135=CARTESIAN_POINT('',(-0.00314375541594858,-0.015,0.006));
#7136=CARTESIAN_POINT('',(-0.00314375541594858,-0.015,0.004));
#7137=CARTESIAN_POINT('',(-0.00314375541594858,-0.015,0.0045));
#7138=CARTESIAN_POINT('',(1.30104260698261E-17,-0.015,0.0045));
#7139=CARTESIAN_POINT('',(0.00463933982822018,-0.0160606601717798,0.0065));
#7140=CARTESIAN_POINT('',(0.00539246212024589,-0.0168137824638055,0.0065));
#7141=CARTESIAN_POINT('',(0.00539246212024589,-0.0168137824638055,0.0045));
#7142=CARTESIAN_POINT('',(0.00539246212024589,-0.0168137824638055,0.006));
#7143=CARTESIAN_POINT('',(0.00463933982822018,-0.0160606601717798,0.006));
#7144=CARTESIAN_POINT('',(0.00388621753619449,-0.0153075378797541,0.006));
#7145=CARTESIAN_POINT('',(0.00388621753619449,-0.0153075378797541,0.0065));
#7146=CARTESIAN_POINT('',(0.00388621753619449,-0.0153075378797541,0.0045));
#7147=CARTESIAN_POINT('',(0.00539246212024589,-0.0168137824638055,0.0045));
#7148=CARTESIAN_POINT('',(0.0057,-0.0202529960261786,0.0065));
#7149=CARTESIAN_POINT('',(0.0057,-0.0229704581464245,0.0065));
#7150=CARTESIAN_POINT('',(0.0057,-0.0229704581464245,0.0045));
#7151=CARTESIAN_POINT('',(0.0057,-0.0229704581464245,0.006));
#7152=CARTESIAN_POINT('',(0.0057,-0.0202529960261786,0.006));
#7153=CARTESIAN_POINT('',(0.0057,-0.0175562445840514,0.006));
#7154=CARTESIAN_POINT('',(0.0057,-0.0175562445840514,0.004));
#7155=CARTESIAN_POINT('',(0.0057,-0.0175562445840514,0.0045));
#7156=CARTESIAN_POINT('',(0.0057,-0.0229704581464245,0.0045));
#7157=CARTESIAN_POINT('',(0.00828266414560124,-0.0259673358543988,0.0065));
#7158=CARTESIAN_POINT('',(0.010572435072389,-0.0282571067811865,0.0065));
#7159=CARTESIAN_POINT('',(0.010572435072389,-0.0282571067811865,0.0045));
#7160=CARTESIAN_POINT('',(0.010572435072389,-0.0282571067811865,0.006));
#7161=CARTESIAN_POINT('',(0.00828266414560124,-0.0259673358543988,0.006));
#7162=CARTESIAN_POINT('',(0.00599289321881347,-0.023677564927611,0.006));
#7163=CARTESIAN_POINT('',(0.00599289321881347,-0.023677564927611,0.0065));
#7164=CARTESIAN_POINT('',(0.00599289321881347,-0.023677564927611,0.0045));
#7165=CARTESIAN_POINT('',(0.010572435072389,-0.0282571067811865,0.0045));
#7166=CARTESIAN_POINT('',(0.01275,-0.02855,0.0065));
#7167=CARTESIAN_POINT('',(0.0142204581464245,-0.02855,0.0065));
#7168=CARTESIAN_POINT('',(0.0142204581464245,-0.02855,0.0045));
#7169=CARTESIAN_POINT('',(0.0142204581464245,-0.02855,0.006));
#7170=CARTESIAN_POINT('',(0.01275,-0.02855,0.006));
#7171=CARTESIAN_POINT('',(0.0112795418535756,-0.02855,0.006));
#7172=CARTESIAN_POINT('',(0.0112795418535756,-0.02855,0.0065));
#7173=CARTESIAN_POINT('',(0.0112795418535756,-0.02855,0.0045));
#7174=CARTESIAN_POINT('',(0.0142204581464245,-0.02855,0.0045));
#7175=CARTESIAN_POINT('',(0.0159673358543988,-0.0272173358543987,0.0065));
#7176=CARTESIAN_POINT('',(0.0170071067811866,-0.026177564927611,0.0065));
#7177=CARTESIAN_POINT('',(0.0170071067811866,-0.026177564927611,0.0045));
#7178=CARTESIAN_POINT('',(0.0170071067811866,-0.026177564927611,0.006));
#7179=CARTESIAN_POINT('',(0.0159673358543988,-0.0272173358543987,0.006));
#7180=CARTESIAN_POINT('',(0.0149275649276111,-0.0282571067811865,0.006));
#7181=CARTESIAN_POINT('',(0.0149275649276111,-0.0282571067811865,0.0065));
#7182=CARTESIAN_POINT('',(0.0149275649276111,-0.0282571067811865,0.0045));
#7183=CARTESIAN_POINT('',(0.0170071067811866,-0.026177564927611,0.0045));
#7184=CARTESIAN_POINT('',(0.0173,-0.0235884942966601,0.0065));
#7185=CARTESIAN_POINT('',(0.0173,-0.0217272411250143,0.0065));
#7186=CARTESIAN_POINT('',(0.0173,-0.0217272411250143,0.0045));
#7187=CARTESIAN_POINT('',(0.0173,-0.0217272411250143,0.006));
#7188=CARTESIAN_POINT('',(0.0173,-0.0235884942966601,0.006));
#7189=CARTESIAN_POINT('',(0.0173,-0.0254704581464245,0.006));
#7190=CARTESIAN_POINT('',(0.0173,-0.0254704581464245,0.0065));
#7191=CARTESIAN_POINT('',(0.0173,-0.0254704581464245,0.0045));
#7192=CARTESIAN_POINT('',(0.0173,-0.0217272411250143,0.0045));
#7193=CARTESIAN_POINT('',(0.0180071067811866,-0.020585210103336,0.0065));
#7194=CARTESIAN_POINT('',(0.0181223721537144,-0.0204699447308082,0.0065));
#7195=CARTESIAN_POINT('',(0.0181223721537144,-0.0204699447308082,0.0045));
#7196=CARTESIAN_POINT('',(0.0181223721537144,-0.0204699447308082,0.006));
#7197=CARTESIAN_POINT('',(0.0176075378797541,-0.0209847790047684,0.006));
#7198=CARTESIAN_POINT('',(0.0176075378797541,-0.0209847790047684,0.006));
#7199=CARTESIAN_POINT('',(0.0176075378797541,-0.0209847790047684,0.0065));
#7200=CARTESIAN_POINT('',(0.0176075378797541,-0.0209847790047684,0.0045));
#7201=CARTESIAN_POINT('',(0.0180071067811866,-0.020585210103336,0.0045));
#7202=CARTESIAN_POINT('',(0.0229149122657339,-0.016045194305881,0.0065));
#7203=CARTESIAN_POINT('',(0.025516474652799,-0.0123297781683788,0.0065));
#7204=CARTESIAN_POINT('',(0.025516474652799,-0.0123297781683788,0.0045));
#7205=CARTESIAN_POINT('',(0.025516474652799,-0.0123297781683788,0.006));
#7206=CARTESIAN_POINT('',(0.0229149122657339,-0.016045194305881,0.006));
#7207=CARTESIAN_POINT('',(0.0202705753153945,-0.0198216988506628,0.006));
#7208=CARTESIAN_POINT('',(0.0202705753153945,-0.0198216988506628,0.004));
#7209=CARTESIAN_POINT('',(0.0202705753153945,-0.0198216988506628,0.0045));
#7210=CARTESIAN_POINT('',(0.025516474652799,-0.0123297781683788,0.0045));
#7211=CARTESIAN_POINT('',(0.0220309559697341,-0.0084149505749127,0.0065));
#7212=CARTESIAN_POINT('',(0.0184052759612619,-0.00559437060087755,0.0065));
#7213=CARTESIAN_POINT('',(0.0184052759612619,-0.00559437060087755,0.0045));
#7214=CARTESIAN_POINT('',(0.0184052759612619,-0.00559437060087755,0.006));
#7215=CARTESIAN_POINT('',(0.0253113455025463,-0.0109669135174956,0.006));
#7216=CARTESIAN_POINT('',(0.0253113455025463,-0.0109669135174956,0.006));
#7217=CARTESIAN_POINT('',(0.0253113455025463,-0.0109669135174956,0.004));
#7218=CARTESIAN_POINT('',(0.0253113455025463,-0.0109669135174956,0.0045));
#7219=CARTESIAN_POINT('',(0.0220309559697341,-0.0084149505749127,0.0045));
#7220=CARTESIAN_POINT('',(0.018,-0.00276454407760301,0.0065));
#7221=CARTESIAN_POINT('',(0.018,0.00476561797561875,0.0065));
#7222=CARTESIAN_POINT('',(0.018,0.00476561797561875,0.0045));
#7223=CARTESIAN_POINT('',(0.018,0.00476561797561875,0.006));
#7224=CARTESIAN_POINT('',(0.018,-0.00276454407760301,0.006));
#7225=CARTESIAN_POINT('',(0.018,-0.00476561797561878,0.006));
#7226=CARTESIAN_POINT('',(0.018,-0.00476561797561878,0.0065));
#7227=CARTESIAN_POINT('',(0.018,-0.00476561797561878,0.0045));
#7228=CARTESIAN_POINT('',(0.018,0.00476561797561875,0.0045));
#7229=CARTESIAN_POINT('',(0.0220309559697341,0.0084149505749127,0.0065));
#7230=CARTESIAN_POINT('',(0.0253113455025463,0.0109669135174956,0.0065));
#7231=CARTESIAN_POINT('',(0.0253113455025463,0.0109669135174956,0.0045));
#7232=CARTESIAN_POINT('',(0.0253113455025463,0.0109669135174956,0.006));
#7233=CARTESIAN_POINT('',(0.0184052759612619,0.00559437060087752,0.006));
#7234=CARTESIAN_POINT('',(0.0184052759612619,0.00559437060087752,0.006));
#7235=CARTESIAN_POINT('',(0.0184052759612619,0.00559437060087752,0.0065));
#7236=CARTESIAN_POINT('',(0.0184052759612619,0.00559437060087752,0.0045));
#7237=CARTESIAN_POINT('',(0.0220309559697341,0.0084149505749127,0.0045));
#7238=CARTESIAN_POINT('',(0.0229149122657339,0.016045194305881,0.0065));
#7239=CARTESIAN_POINT('',(0.0199754121119805,0.0202432355912823,0.0065));
#7240=CARTESIAN_POINT('',(0.0199754121119805,0.0202432355912823,0.0045));
#7241=CARTESIAN_POINT('',(0.0199754121119805,0.0202432355912823,0.006));
#7242=CARTESIAN_POINT('',(0.025516474652799,0.0123297781683788,0.006));
#7243=CARTESIAN_POINT('',(0.025516474652799,0.0123297781683788,0.006));
#7244=CARTESIAN_POINT('',(0.025516474652799,0.0123297781683788,0.0065));
#7245=CARTESIAN_POINT('',(0.025516474652799,0.0123297781683788,0.0045));
#7246=CARTESIAN_POINT('',(0.0229149122657339,0.016045194305881,0.0045));
#7247=CARTESIAN_POINT('',(0.0175089562959998,0.0212292810588572,0.0065));
#7248=CARTESIAN_POINT('',(0.0159933865300706,0.0216920154272512,0.0065));
#7249=CARTESIAN_POINT('',(0.0159933865300706,0.0216920154272512,0.0045));
#7250=CARTESIAN_POINT('',(0.0159933865300706,0.0216920154272512,0.006));
#7251=CARTESIAN_POINT('',(0.0175089562959998,0.0212292810588572,0.006));
#7252=CARTESIAN_POINT('',(0.0194219159354063,0.0206452154550139,0.006));
#7253=CARTESIAN_POINT('',(0.0194219159354063,0.0206452154550139,0.004));
#7254=CARTESIAN_POINT('',(0.0194219159354063,0.0206452154550139,0.0045));
#7255=CARTESIAN_POINT('',(0.0159933865300706,0.0216920154272512,0.0045));
#7256=CARTESIAN_POINT('',(0.01525,0.0313810661255396,0.0065));
#7257=CARTESIAN_POINT('',(0.01525,0.0404082215100159,0.0065));
#7258=CARTESIAN_POINT('',(0.01525,0.0404082215100159,0.0045));
#7259=CARTESIAN_POINT('',(0.01525,0.0404082215100159,0.006));
#7260=CARTESIAN_POINT('',(0.01525,0.0313810661255396,0.006));
#7261=CARTESIAN_POINT('',(0.01525,0.0226962505491514,0.006));
#7262=CARTESIAN_POINT('',(0.01525,0.0226962505491514,0.004));
#7263=CARTESIAN_POINT('',(0.01525,0.0226962505491514,0.0045));
#7264=CARTESIAN_POINT('',(0.01525,0.0404082215100159,0.0045));
#7265=CARTESIAN_POINT('',(0.016,0.0415931457505076,0.0065));
#7266=CARTESIAN_POINT('',(0.0164571067811866,0.0420502525316942,0.0065));
#7267=CARTESIAN_POINT('',(0.0164571067811866,0.0420502525316942,0.0045));
#7268=CARTESIAN_POINT('',(0.0164571067811866,0.0420502525316942,0.006));
#7269=CARTESIAN_POINT('',(0.016,0.0415931457505076,0.006));
#7270=CARTESIAN_POINT('',(0.0155575378797542,0.0411506836302618,0.006));
#7271=CARTESIAN_POINT('',(0.0155575378797542,0.0411506836302618,0.004));
#7272=CARTESIAN_POINT('',(0.0155575378797542,0.0411506836302618,0.0045));
#7273=CARTESIAN_POINT('',(0.0164571067811866,0.0420502525316942,0.0045));
#7274=CARTESIAN_POINT('',(0.01675,0.044,0.0065));
#7275=CARTESIAN_POINT('',(0.01675,0.0455426244337501,0.0065));
#7276=CARTESIAN_POINT('',(0.01675,0.0455426244337501,0.0045));
#7277=CARTESIAN_POINT('',(0.01675,0.0455426244337501,0.006));
#7278=CARTESIAN_POINT('',(0.01675,0.044,0.006));
#7279=CARTESIAN_POINT('',(0.01675,0.0427573593128808,0.006));
#7280=CARTESIAN_POINT('',(0.01675,0.0427573593128808,0.0065));
#7281=CARTESIAN_POINT('',(0.01675,0.0427573593128808,0.0045));
#7282=CARTESIAN_POINT('',(0.01675,0.0455426244337501,0.0045));
#7283=CARTESIAN_POINT('',(0.0150899236795555,0.0528284271247462,0.0065));
#7284=CARTESIAN_POINT('',(0.0136091247557801,0.0592255169842106,0.0065));
#7285=CARTESIAN_POINT('',(0.0136091247557801,0.0592255169842106,0.0045));
#7286=CARTESIAN_POINT('',(0.0136091247557801,0.0592255169842106,0.006));
#7287=CARTESIAN_POINT('',(0.0150899236795555,0.0528284271247462,0.006));
#7288=CARTESIAN_POINT('',(0.0167242392364469,0.0457681414179607,0.006));
#7289=CARTESIAN_POINT('',(0.0167242392364469,0.0457681414179607,0.0065));
#7290=CARTESIAN_POINT('',(0.0167242392364469,0.0457681414179607,0.0045));
#7291=CARTESIAN_POINT('',(0.0136091247557801,0.0592255169842106,0.0045));
#7292=CARTESIAN_POINT('',(0.01025,0.06,0.0065));
#7293=CARTESIAN_POINT('',(0.00786511448066685,0.06,0.0065));
#7294=CARTESIAN_POINT('',(0.00786511448066685,0.06,0.0045));
#7295=CARTESIAN_POINT('',(0.00786511448066685,0.06,0.006));
#7296=CARTESIAN_POINT('',(0.01025,0.06,0.006));
#7297=CARTESIAN_POINT('',(0.0126348855193332,0.06,0.006));
#7298=CARTESIAN_POINT('',(0.0126348855193332,0.06,0.0065));
#7299=CARTESIAN_POINT('',(0.0126348855193332,0.06,0.0045));
#7300=CARTESIAN_POINT('',(0.00786511448066685,0.06,0.0045));
#7301=CARTESIAN_POINT('',(0.00602849224477468,0.0555,0.0065));
#7302=CARTESIAN_POINT('',(0.00517507311516285,0.051813207166579,0.0065));
#7303=CARTESIAN_POINT('',(0.00517507311516285,0.051813207166579,0.0045));
#7304=CARTESIAN_POINT('',(0.00517507311516285,0.051813207166579,0.006));
#7305=CARTESIAN_POINT('',(0.00602849224477468,0.0555,0.006));
#7306=CARTESIAN_POINT('',(0.00689087524421998,0.0592255169842106,0.006));
#7307=CARTESIAN_POINT('',(0.00689087524421998,0.0592255169842106,0.0065));
#7308=CARTESIAN_POINT('',(0.00689087524421998,0.0592255169842106,0.0045));
#7309=CARTESIAN_POINT('',(0.00517507311516285,0.051813207166579,0.0045));
#7310=CARTESIAN_POINT('',(5.20417042793042E-18,0.051,0.0065));
#7311=CARTESIAN_POINT('',(-0.00415212191689362,0.051,0.0065));
#7312=CARTESIAN_POINT('',(-0.00415212191689362,0.051,0.0045));
#7313=CARTESIAN_POINT('',(-0.00415212191689362,0.051,0.006));
#7314=CARTESIAN_POINT('',(5.20417042793042E-18,0.051,0.006));
#7315=CARTESIAN_POINT('',(0.00415212191689363,0.051,0.006));
#7316=CARTESIAN_POINT('',(0.00415212191689363,0.051,0.004));
#7317=CARTESIAN_POINT('',(0.00415212191689363,0.051,0.0045));
#7318=CARTESIAN_POINT('',(-0.00415212191689362,0.051,0.0045));
#7319=CARTESIAN_POINT('',(-0.00602849224477467,0.0555,0.0065));
#7320=CARTESIAN_POINT('',(-0.00689087524421997,0.0592255169842106,0.0065));
#7321=CARTESIAN_POINT('',(-0.00689087524421997,0.0592255169842106,0.0045));
#7322=CARTESIAN_POINT('',(-0.00689087524421997,0.0592255169842106,0.006));
#7323=CARTESIAN_POINT('',(-0.00602849224477467,0.0555,0.006));
#7324=CARTESIAN_POINT('',(-0.00517507311516284,0.051813207166579,0.006));
#7325=CARTESIAN_POINT('',(-0.00517507311516284,0.051813207166579,0.004));
#7326=CARTESIAN_POINT('',(-0.00517507311516284,0.051813207166579,0.0045));
#7327=CARTESIAN_POINT('',(-0.00689087524421997,0.0592255169842106,0.0045));
#7328=CARTESIAN_POINT('',(-0.01025,0.06,0.0065));
#7329=CARTESIAN_POINT('',(-0.0126348855193332,0.06,0.0065));
#7330=CARTESIAN_POINT('',(-0.0126348855193332,0.06,0.0045));
#7331=CARTESIAN_POINT('',(-0.0126348855193332,0.06,0.006));
#7332=CARTESIAN_POINT('',(-0.01025,0.06,0.006));
#7333=CARTESIAN_POINT('',(-0.00786511448066683,0.06,0.006));
#7334=CARTESIAN_POINT('',(-0.00786511448066683,0.06,0.0065));
#7335=CARTESIAN_POINT('',(-0.00786511448066683,0.06,0.0045));
#7336=CARTESIAN_POINT('',(-0.0126348855193332,0.06,0.0045));
#7337=CARTESIAN_POINT('',(-0.0150899236795554,0.0528284271247462,0.0065));
#7338=CARTESIAN_POINT('',(-0.0167242392364469,0.0457681414179607,0.0065));
#7339=CARTESIAN_POINT('',(-0.0167242392364469,0.0457681414179607,0.0045));
#7340=CARTESIAN_POINT('',(-0.0167242392364469,0.0457681414179607,0.006));
#7341=CARTESIAN_POINT('',(-0.0150899236795554,0.0528284271247462,0.006));
#7342=CARTESIAN_POINT('',(-0.0136091247557801,0.0592255169842106,0.006));
#7343=CARTESIAN_POINT('',(-0.0136091247557801,0.0592255169842106,0.0065));
#7344=CARTESIAN_POINT('',(-0.0136091247557801,0.0592255169842106,0.0045));
#7345=CARTESIAN_POINT('',(-0.0167242392364469,0.0457681414179607,0.0045));
#7346=CARTESIAN_POINT('',(-0.01675,0.044,0.0065));
#7347=CARTESIAN_POINT('',(-0.01675,0.0427573593128808,0.0065));
#7348=CARTESIAN_POINT('',(-0.01675,0.0427573593128808,0.0045));
#7349=CARTESIAN_POINT('',(-0.01675,0.0427573593128808,0.006));
#7350=CARTESIAN_POINT('',(-0.01675,0.044,0.006));
#7351=CARTESIAN_POINT('',(-0.01675,0.0455426244337501,0.006));
#7352=CARTESIAN_POINT('',(-0.01675,0.0455426244337501,0.0065));
#7353=CARTESIAN_POINT('',(-0.01675,0.0455426244337501,0.0045));
#7354=CARTESIAN_POINT('',(-0.01675,0.0427573593128808,0.0045));
#7355=CARTESIAN_POINT('',(-0.016,0.0415931457505076,0.0065));
#7356=CARTESIAN_POINT('',(-0.0155575378797542,0.0411506836302618,0.0065));
#7357=CARTESIAN_POINT('',(-0.0155575378797542,0.0411506836302618,0.0045));
#7358=CARTESIAN_POINT('',(-0.0155575378797542,0.0411506836302618,0.006));
#7359=CARTESIAN_POINT('',(-0.016,0.0415931457505076,0.006));
#7360=CARTESIAN_POINT('',(-0.0164571067811866,0.0420502525316942,0.006));
#7361=CARTESIAN_POINT('',(-0.0164571067811866,0.0420502525316942,0.0065));
#7362=CARTESIAN_POINT('',(-0.0164571067811866,0.0420502525316942,0.0045));
#7363=CARTESIAN_POINT('',(-0.0155575378797542,0.0411506836302618,0.0045));
#7364=CARTESIAN_POINT('',(-0.01525,0.0313810661255396,0.0065));
#7365=CARTESIAN_POINT('',(-0.01525,0.0226962505491514,0.0065));
#7366=CARTESIAN_POINT('',(-0.01525,0.0226962505491514,0.0045));
#7367=CARTESIAN_POINT('',(-0.01525,0.0226962505491514,0.006));
#7368=CARTESIAN_POINT('',(-0.01525,0.0313810661255396,0.006));
#7369=CARTESIAN_POINT('',(-0.01525,0.0404082215100159,0.006));
#7370=CARTESIAN_POINT('',(-0.01525,0.0404082215100159,0.004));
#7371=CARTESIAN_POINT('',(-0.01525,0.0404082215100159,0.0045));
#7372=CARTESIAN_POINT('',(-0.01525,0.0226962505491514,0.0045));
#7373=CARTESIAN_POINT('',(-0.0175089562959998,0.0212292810588572,0.0065));
#7374=CARTESIAN_POINT('',(-0.0194219159354063,0.0206452154550139,0.0065));
#7375=CARTESIAN_POINT('',(-0.0194219159354063,0.0206452154550139,0.0045));
#7376=CARTESIAN_POINT('',(-0.0194219159354063,0.0206452154550139,0.006));
#7377=CARTESIAN_POINT('',(-0.0175089562959998,0.0212292810588572,0.006));
#7378=CARTESIAN_POINT('',(-0.0159933865300706,0.0216920154272512,0.006));
#7379=CARTESIAN_POINT('',(-0.0159933865300706,0.0216920154272512,0.004));
#7380=CARTESIAN_POINT('',(-0.0159933865300706,0.0216920154272512,0.0045));
#7381=CARTESIAN_POINT('',(-0.0194219159354063,0.0206452154550139,0.0045));
#7382=CARTESIAN_POINT('',(-0.0229149122657339,0.016045194305881,0.0065));
#7383=CARTESIAN_POINT('',(-0.025516474652799,0.0123297781683788,0.0065));
#7384=CARTESIAN_POINT('',(-0.025516474652799,0.0123297781683788,0.0045));
#7385=CARTESIAN_POINT('',(-0.025516474652799,0.0123297781683788,0.006));
#7386=CARTESIAN_POINT('',(-0.0229149122657339,0.016045194305881,0.006));
#7387=CARTESIAN_POINT('',(-0.0199754121119804,0.0202432355912823,0.006));
#7388=CARTESIAN_POINT('',(-0.0199754121119804,0.0202432355912823,0.0065));
#7389=CARTESIAN_POINT('',(-0.0199754121119804,0.0202432355912823,0.0045));
#7390=CARTESIAN_POINT('',(-0.025516474652799,0.0123297781683788,0.0045));
#7391=CARTESIAN_POINT('',(-0.0220309559697341,0.00841495057491271,0.0065));
#7392=CARTESIAN_POINT('',(-0.0184052759612619,0.00559437060087753,0.0065));
#7393=CARTESIAN_POINT('',(-0.0184052759612619,0.00559437060087753,0.0045));
#7394=CARTESIAN_POINT('',(-0.0184052759612619,0.00559437060087753,0.006));
#7395=CARTESIAN_POINT('',(-0.0253113455025463,0.0109669135174956,0.006));
#7396=CARTESIAN_POINT('',(-0.0253113455025463,0.0109669135174956,0.006));
#7397=CARTESIAN_POINT('',(-0.0253113455025463,0.0109669135174956,0.004));
#7398=CARTESIAN_POINT('',(-0.0253113455025463,0.0109669135174956,0.0045));
#7399=CARTESIAN_POINT('',(-0.0220309559697341,0.00841495057491271,0.0045));
#7400=CARTESIAN_POINT('',(-0.018,0.00276454407760302,0.0065));
#7401=CARTESIAN_POINT('',(-0.018,-0.00476561797561876,0.0065));
#7402=CARTESIAN_POINT('',(-0.018,-0.00476561797561876,0.0045));
#7403=CARTESIAN_POINT('',(-0.018,-0.00476561797561876,0.006));
#7404=CARTESIAN_POINT('',(-0.018,0.00276454407760302,0.006));
#7405=CARTESIAN_POINT('',(-0.018,0.00476561797561876,0.006));
#7406=CARTESIAN_POINT('',(-0.018,0.00476561797561876,0.0065));
#7407=CARTESIAN_POINT('',(-0.018,0.00476561797561876,0.0045));
#7408=CARTESIAN_POINT('',(-0.018,-0.00476561797561876,0.0045));
#7409=CARTESIAN_POINT('',(-0.0220309559697341,-0.00841495057491271,0.0065));
#7410=CARTESIAN_POINT('',(-0.0253113455025463,-0.0109669135174956,0.0065));
#7411=CARTESIAN_POINT('',(-0.0253113455025463,-0.0109669135174956,0.0045));
#7412=CARTESIAN_POINT('',(-0.0253113455025463,-0.0109669135174956,0.006));
#7413=CARTESIAN_POINT('',(-0.0220309559697341,-0.00841495057491271,0.006));
#7414=CARTESIAN_POINT('',(-0.0184052759612619,-0.00559437060087753,0.006));
#7415=CARTESIAN_POINT('',(-0.0184052759612619,-0.00559437060087753,0.004));
#7416=CARTESIAN_POINT('',(-0.0184052759612619,-0.00559437060087753,0.0045));
#7417=CARTESIAN_POINT('',(-0.0253113455025463,-0.0109669135174956,0.0045));
#7418=CARTESIAN_POINT('',(-0.0229149122657339,-0.016045194305881,0.0065));
#7419=CARTESIAN_POINT('',(-0.0202705753153945,-0.0198216988506628,0.0065));
#7420=CARTESIAN_POINT('',(-0.0202705753153945,-0.0198216988506628,0.0045));
#7421=CARTESIAN_POINT('',(-0.0202705753153945,-0.0198216988506628,0.006));
#7422=CARTESIAN_POINT('',(-0.025516474652799,-0.0123297781683788,0.006));
#7423=CARTESIAN_POINT('',(-0.025516474652799,-0.0123297781683788,0.006));
#7424=CARTESIAN_POINT('',(-0.025516474652799,-0.0123297781683788,0.004));
#7425=CARTESIAN_POINT('',(-0.025516474652799,-0.0123297781683788,0.0045));
#7426=CARTESIAN_POINT('',(-0.0229149122657339,-0.016045194305881,0.0045));
#7427=CARTESIAN_POINT('',(-0.0180071067811866,-0.020585210103336,0.0065));
#7428=CARTESIAN_POINT('',(-0.0176075378797541,-0.0209847790047684,0.0065));
#7429=CARTESIAN_POINT('',(-0.0176075378797541,-0.0209847790047684,0.0045));
#7430=CARTESIAN_POINT('',(-0.0176075378797541,-0.0209847790047684,0.006));
#7431=CARTESIAN_POINT('',(-0.0180071067811866,-0.020585210103336,0.006));
#7432=CARTESIAN_POINT('',(-0.0181223721537143,-0.0204699447308082,0.006));
#7433=CARTESIAN_POINT('',(-0.0181223721537143,-0.0204699447308082,0.004));
#7434=CARTESIAN_POINT('',(-0.0181223721537143,-0.0204699447308082,0.0045));
#7435=CARTESIAN_POINT('',(-0.0176075378797541,-0.0209847790047684,0.0045));
#7436=CARTESIAN_POINT('',(-0.0173,-0.0235884942966601,0.0065));
#7437=CARTESIAN_POINT('',(-0.0173,-0.0254704581464245,0.0065));
#7438=CARTESIAN_POINT('',(-0.0173,-0.0254704581464245,0.0045));
#7439=CARTESIAN_POINT('',(-0.0173,-0.0254704581464245,0.006));
#7440=CARTESIAN_POINT('',(-0.0173,-0.0217272411250143,0.006));
#7441=CARTESIAN_POINT('',(-0.0173,-0.0217272411250143,0.006));
#7442=CARTESIAN_POINT('',(-0.0173,-0.0217272411250143,0.0065));
#7443=CARTESIAN_POINT('',(-0.0173,-0.0217272411250143,0.0045));
#7444=CARTESIAN_POINT('',(-0.0173,-0.0235884942966601,0.0045));
#7445=CARTESIAN_POINT('',(-0.0159673358543988,-0.0272173358543987,0.0065));
#7446=CARTESIAN_POINT('',(-0.014927564927611,-0.0282571067811865,0.0065));
#7447=CARTESIAN_POINT('',(-0.014927564927611,-0.0282571067811865,0.0045));
#7448=CARTESIAN_POINT('',(-0.014927564927611,-0.0282571067811865,0.006));
#7449=CARTESIAN_POINT('',(-0.0170071067811866,-0.026177564927611,0.006));
#7450=CARTESIAN_POINT('',(-0.0170071067811866,-0.026177564927611,0.006));
#7451=CARTESIAN_POINT('',(-0.0170071067811866,-0.026177564927611,0.0065));
#7452=CARTESIAN_POINT('',(-0.0170071067811866,-0.026177564927611,0.0045));
#7453=CARTESIAN_POINT('',(-0.0159673358543988,-0.0272173358543987,0.0045));
#7454=CARTESIAN_POINT('',(-0.01275,-0.02855,0.0065));
#7455=CARTESIAN_POINT('',(-0.0112795418535755,-0.02855,0.0065));
#7456=CARTESIAN_POINT('',(-0.0112795418535755,-0.02855,0.0045));
#7457=CARTESIAN_POINT('',(-0.0112795418535755,-0.02855,0.006));
#7458=CARTESIAN_POINT('',(-0.0142204581464245,-0.02855,0.006));
#7459=CARTESIAN_POINT('',(-0.0142204581464245,-0.02855,0.006));
#7460=CARTESIAN_POINT('',(-0.0142204581464245,-0.02855,0.0065));
#7461=CARTESIAN_POINT('',(-0.0142204581464245,-0.02855,0.0045));
#7462=CARTESIAN_POINT('',(-0.01275,-0.02855,0.0045));
#7463=CARTESIAN_POINT('',(-0.0082826641456012,-0.0259673358543988,0.0065));
#7464=CARTESIAN_POINT('',(-0.00599289321881343,-0.023677564927611,0.0065));
#7465=CARTESIAN_POINT('',(-0.00599289321881343,-0.023677564927611,0.0045));
#7466=CARTESIAN_POINT('',(-0.00599289321881343,-0.023677564927611,0.006));
#7467=CARTESIAN_POINT('',(-0.010572435072389,-0.0282571067811865,0.006));
#7468=CARTESIAN_POINT('',(-0.010572435072389,-0.0282571067811865,0.006));
#7469=CARTESIAN_POINT('',(-0.010572435072389,-0.0282571067811865,0.0065));
#7470=CARTESIAN_POINT('',(-0.010572435072389,-0.0282571067811865,0.0045));
#7471=CARTESIAN_POINT('',(-0.0082826641456012,-0.0259673358543988,0.0045));
#7472=CARTESIAN_POINT('',(0.00745,0.0387,0.0065));
#7473=CARTESIAN_POINT('',(0.0085,0.0387,0.0065));
#7474=CARTESIAN_POINT('',(0.0085,0.0387,0.006));
#7475=CARTESIAN_POINT('',(0.0085,0.0387,0.0045));
#7476=CARTESIAN_POINT('',(0.00745,0.0387,0.006));
#7477=CARTESIAN_POINT('',(0.0064,0.0387,0.006));
#7478=CARTESIAN_POINT('',(0.0064,0.0387,0.0065));
#7479=CARTESIAN_POINT('',(0.0064,0.0387,0.0045));
#7480=CARTESIAN_POINT('',(0.00745,0.0387,0.0045));
#7481=CARTESIAN_POINT('',(0.0085,0.03125,0.0065));
#7482=CARTESIAN_POINT('',(0.0085,0.0238,0.0065));
#7483=CARTESIAN_POINT('',(0.0085,0.0238,0.006));
#7484=CARTESIAN_POINT('',(0.0085,0.0238,0.0045));
#7485=CARTESIAN_POINT('',(0.0085,0.0387,0.006));
#7486=CARTESIAN_POINT('',(0.0085,0.03125,0.0045));
#7487=CARTESIAN_POINT('',(0.00745,0.0238,0.0065));
#7488=CARTESIAN_POINT('',(0.0064,0.0238,0.0065));
#7489=CARTESIAN_POINT('',(0.0064,0.0238,0.006));
#7490=CARTESIAN_POINT('',(0.0064,0.0238,0.0045));
#7491=CARTESIAN_POINT('',(0.00745,0.0238,0.006));
#7492=CARTESIAN_POINT('',(0.00745,0.0238,0.0045));
#7493=CARTESIAN_POINT('',(-0.00745,0.0387,0.0065));
#7494=CARTESIAN_POINT('',(-0.0064,0.0387,0.0065));
#7495=CARTESIAN_POINT('',(-0.0064,0.0387,0.006));
#7496=CARTESIAN_POINT('',(-0.0064,0.0387,0.0045));
#7497=CARTESIAN_POINT('',(-0.00745,0.0387,0.006));
#7498=CARTESIAN_POINT('',(-0.0085,0.0387,0.006));
#7499=CARTESIAN_POINT('',(-0.0085,0.0387,0.0065));
#7500=CARTESIAN_POINT('',(-0.0085,0.0387,0.0045));
#7501=CARTESIAN_POINT('',(-0.00745,0.0387,0.0045));
#7502=CARTESIAN_POINT('',(-0.0064,0.03125,0.0065));
#7503=CARTESIAN_POINT('',(-0.0064,0.0238,0.0065));
#7504=CARTESIAN_POINT('',(-0.0064,0.0238,0.006));
#7505=CARTESIAN_POINT('',(-0.0064,0.0238,0.0045));
#7506=CARTESIAN_POINT('',(-0.0064,0.0387,0.006));
#7507=CARTESIAN_POINT('',(-0.0064,0.03125,0.0045));
#7508=CARTESIAN_POINT('',(-0.00745,0.0238,0.0065));
#7509=CARTESIAN_POINT('',(-0.0085,0.0238,0.0065));
#7510=CARTESIAN_POINT('',(-0.0085,0.0238,0.006));
#7511=CARTESIAN_POINT('',(-0.0085,0.0238,0.0045));
#7512=CARTESIAN_POINT('',(-0.00745,0.0238,0.006));
#7513=CARTESIAN_POINT('',(-0.00745,0.0238,0.0045));
#7514=CARTESIAN_POINT('',(-0.0057,-0.0202529960261786,0.0065));
#7515=CARTESIAN_POINT('',(-0.0057,-0.0175562445840514,0.0065));
#7516=CARTESIAN_POINT('',(-0.0057,-0.0175562445840514,0.0045));
#7517=CARTESIAN_POINT('',(-0.0057,-0.0175562445840514,0.006));
#7518=CARTESIAN_POINT('',(-0.0057,-0.0229704581464245,0.006));
#7519=CARTESIAN_POINT('',(-0.0057,-0.0229704581464245,0.006));
#7520=CARTESIAN_POINT('',(-0.0057,-0.0229704581464245,0.0065));
#7521=CARTESIAN_POINT('',(-0.0057,-0.0229704581464245,0.0045));
#7522=CARTESIAN_POINT('',(-0.0057,-0.0202529960261786,0.0045));
#7523=CARTESIAN_POINT('',(-0.01025,0.056,0.0065));
#7524=CARTESIAN_POINT('',(-0.01025,0.056,0.0065));
#7525=CARTESIAN_POINT('',(-0.00895,0.056,0.0065));
#7526=CARTESIAN_POINT('',(-0.01025,0.056,0.004));
#7527=CARTESIAN_POINT('',(-0.00895,0.056,0.004));
#7528=CARTESIAN_POINT('',(0.01025,0.056,0.0065));
#7529=CARTESIAN_POINT('',(0.01025,0.056,0.0065));
#7530=CARTESIAN_POINT('',(0.01155,0.056,0.0065));
#7531=CARTESIAN_POINT('',(0.01025,0.056,0.004));
#7532=CARTESIAN_POINT('',(0.01155,0.056,0.004));
#7533=CARTESIAN_POINT('',(-0.01275,0.0105,0.0065));
#7534=CARTESIAN_POINT('',(-0.01275,0.0105,0.0055));
#7535=CARTESIAN_POINT('',(-0.01145,0.0105,0.0055));
#7536=CARTESIAN_POINT('',(-0.01275,0.0105,0.0065));
#7537=CARTESIAN_POINT('',(-0.01145,0.0105,0.0065));
#7538=CARTESIAN_POINT('',(0.01275,0.0105,0.0065));
#7539=CARTESIAN_POINT('',(0.01275,0.0105,0.0055));
#7540=CARTESIAN_POINT('',(0.01405,0.0105,0.0055));
#7541=CARTESIAN_POINT('',(0.01275,0.0105,0.0065));
#7542=CARTESIAN_POINT('',(0.01405,0.0105,0.0065));
#7543=CARTESIAN_POINT('',(0.01275,0.0015,0.0065));
#7544=CARTESIAN_POINT('',(0.01275,0.0015,0.0065));
#7545=CARTESIAN_POINT('',(0.0138,0.0015,0.0065));
#7546=CARTESIAN_POINT('',(0.01275,0.0015,0.004));
#7547=CARTESIAN_POINT('',(0.0138,0.0015,0.004));
#7548=CARTESIAN_POINT('',(0.01025,-0.000999999999999967,0.0065));
#7549=CARTESIAN_POINT('',(0.01025,-0.000999999999999967,0.0065));
#7550=CARTESIAN_POINT('',(0.012,-0.000999999999999967,0.0065));
#7551=CARTESIAN_POINT('',(0.01025,-0.000999999999999967,0.004));
#7552=CARTESIAN_POINT('',(0.012,-0.000999999999999967,0.004));
#7553=CARTESIAN_POINT('',(-0.01025,-0.00099999999999997,0.0065));
#7554=CARTESIAN_POINT('',(-0.01025,-0.00099999999999997,0.0065));
#7555=CARTESIAN_POINT('',(-0.0085,-0.00099999999999997,0.0065));
#7556=CARTESIAN_POINT('',(-0.01025,-0.00099999999999997,0.004));
#7557=CARTESIAN_POINT('',(-0.0085,-0.00099999999999997,0.004));
#7558=CARTESIAN_POINT('',(-0.01275,0.0015,0.0065));
#7559=CARTESIAN_POINT('',(-0.01275,0.0015,0.0065));
#7560=CARTESIAN_POINT('',(-0.0117,0.0015,0.0065));
#7561=CARTESIAN_POINT('',(-0.01275,0.0015,0.004));
#7562=CARTESIAN_POINT('',(-0.0117,0.0015,0.004));
#7563=CARTESIAN_POINT('',(-0.01025,-0.0215,0.0065));
#7564=CARTESIAN_POINT('',(-0.01025,-0.0215,0.0065));
#7565=CARTESIAN_POINT('',(-0.0085,-0.0215,0.0065));
#7566=CARTESIAN_POINT('',(-0.01025,-0.0215,0.004));
#7567=CARTESIAN_POINT('',(-0.0085,-0.0215,0.004));
#7568=CARTESIAN_POINT('',(-0.01275,-0.024,0.0065));
#7569=CARTESIAN_POINT('',(-0.01275,-0.024,0.0065));
#7570=CARTESIAN_POINT('',(-0.0117,-0.024,0.0065));
#7571=CARTESIAN_POINT('',(-0.01275,-0.024,0.004));
#7572=CARTESIAN_POINT('',(-0.0117,-0.024,0.004));
#7573=CARTESIAN_POINT('',(0.01275,-0.024,0.0065));
#7574=CARTESIAN_POINT('',(0.01275,-0.024,0.0065));
#7575=CARTESIAN_POINT('',(0.0138,-0.024,0.0065));
#7576=CARTESIAN_POINT('',(0.01275,-0.024,0.004));
#7577=CARTESIAN_POINT('',(0.0138,-0.024,0.004));
#7578=CARTESIAN_POINT('',(0.01025,-0.0215,0.0065));
#7579=CARTESIAN_POINT('',(0.01025,-0.0215,0.0065));
#7580=CARTESIAN_POINT('',(0.012,-0.0215,0.0065));
#7581=CARTESIAN_POINT('',(0.01025,-0.0215,0.004));
#7582=CARTESIAN_POINT('',(0.012,-0.0215,0.004));
#7583=CARTESIAN_POINT('',(-0.018,0.0126037356877748,0.0065));
#7584=CARTESIAN_POINT('',(-0.018,0.0126037356877748,0.0065));
#7585=CARTESIAN_POINT('',(-0.016,0.0126037356877748,0.0065));
#7586=CARTESIAN_POINT('',(-0.018,0.0126037356877748,0.004));
#7587=CARTESIAN_POINT('',(-0.016,0.0126037356877748,0.004));
#7588=CARTESIAN_POINT('',(-0.018,-0.0126037356877748,0.0065));
#7589=CARTESIAN_POINT('',(-0.018,-0.0126037356877748,0.0065));
#7590=CARTESIAN_POINT('',(-0.016,-0.0126037356877748,0.0065));
#7591=CARTESIAN_POINT('',(-0.018,-0.0126037356877748,0.004));
#7592=CARTESIAN_POINT('',(-0.016,-0.0126037356877748,0.004));
#7593=CARTESIAN_POINT('',(0.018,-0.0126037356877748,0.0065));
#7594=CARTESIAN_POINT('',(0.018,-0.0126037356877748,0.0065));
#7595=CARTESIAN_POINT('',(0.02,-0.0126037356877748,0.0065));
#7596=CARTESIAN_POINT('',(0.018,-0.0126037356877748,0.004));
#7597=CARTESIAN_POINT('',(0.02,-0.0126037356877748,0.004));
#7598=CARTESIAN_POINT('',(0.018,0.0126037356877748,0.0065));
#7599=CARTESIAN_POINT('',(0.018,0.0126037356877748,0.0065));
#7600=CARTESIAN_POINT('',(0.02,0.0126037356877748,0.0065));
#7601=CARTESIAN_POINT('',(0.018,0.0126037356877748,0.004));
#7602=CARTESIAN_POINT('',(0.02,0.0126037356877748,0.004));
#7603=CARTESIAN_POINT('',(-0.0075,0.0485,0.0065));
#7604=CARTESIAN_POINT('',(-0.0075,0.0485,0.0065));
#7605=CARTESIAN_POINT('',(-0.0055,0.0485,0.0065));
#7606=CARTESIAN_POINT('',(-0.0075,0.0485,0.004));
#7607=CARTESIAN_POINT('',(-0.0055,0.0485,0.004));
#7608=CARTESIAN_POINT('',(0.0075,0.0485,0.0065));
#7609=CARTESIAN_POINT('',(0.0075,0.0485,0.0065));
#7610=CARTESIAN_POINT('',(0.0095,0.0485,0.0065));
#7611=CARTESIAN_POINT('',(0.0075,0.0485,0.004));
#7612=CARTESIAN_POINT('',(0.0095,0.0485,0.004));
#7613=CARTESIAN_POINT('',(0.0064,0.03125,0.0065));
#7614=CARTESIAN_POINT('',(0.0064,0.03125,0.006));
#7615=CARTESIAN_POINT('',(0.0064,0.0387,0.0045));
#7616=CARTESIAN_POINT('',(-0.0085,0.03125,0.0065));
#7617=CARTESIAN_POINT('',(-0.0085,0.03125,0.006));
#7618=CARTESIAN_POINT('',(-0.0085,0.0387,0.0045));
#7619=CARTESIAN_POINT('',(9.54097911787244E-18,0.015,0.0065));
#7620=CARTESIAN_POINT('',(9.54097911787244E-18,0.015,0.006));
#7621=CARTESIAN_POINT('',(-0.00149999999999998,0.015,0.0045));
#7622=CARTESIAN_POINT('',(1.04083408558608E-17,0.000250000000000042,0.0065));
#7623=CARTESIAN_POINT('',(0.00786511448066685,0.059,0.0065));
#7624=CARTESIAN_POINT('',(0.00786511448066685,0.0595,0.0065));
#7625=CARTESIAN_POINT('',(0.00737799486244342,0.0591127584921053,0.0065));
#7626=CARTESIAN_POINT('',(-0.00592982372532719,0.00162263611791407,0.0065));
#7627=CARTESIAN_POINT('',(0.00566219273338628,0.0517004486744737,0.0065));
#7628=CARTESIAN_POINT('',(0.00415212191689363,0.05205,0.0065));
#7629=CARTESIAN_POINT('',(0.00415212191689363,0.0505,0.0065));
#7630=CARTESIAN_POINT('',(1.04083408558608E-17,0.0505,0.0065));
#7631=CARTESIAN_POINT('',(-0.00415212191689362,0.0505,0.0065));
#7632=CARTESIAN_POINT('',(-0.00415212191689362,0.05205,0.0065));
#7633=CARTESIAN_POINT('',(-0.00566219273338627,0.0517004486744737,0.0065));
#7634=CARTESIAN_POINT('',(0.00592982372532716,0.00162263611791406,0.0065));
#7635=CARTESIAN_POINT('',(-0.0073779948624434,0.0591127584921053,0.0065));
#7636=CARTESIAN_POINT('',(-0.00786511448066683,0.059,0.0065));
#7637=CARTESIAN_POINT('',(-0.00786511448066683,0.0595,0.0065));
#7638=CARTESIAN_POINT('',(1.04083408558608E-17,0.0595,0.0065));
#7639=CARTESIAN_POINT('',(-0.0126348855193332,0.0595,0.0065));
#7640=CARTESIAN_POINT('',(-0.0126348855193332,0.059,0.0065));
#7641=CARTESIAN_POINT('',(-0.0131220051375566,0.0591127584921053,0.0065));
#7642=CARTESIAN_POINT('',(-0.0253872365668951,0.00612663975522737,0.0065));
#7643=CARTESIAN_POINT('',(-0.0162371196182234,0.0456553829258554,0.0065));
#7644=CARTESIAN_POINT('',(-0.01575,0.0455426244337501,0.0065));
#7645=CARTESIAN_POINT('',(-0.01625,0.0455426244337501,0.0065));
#7646=CARTESIAN_POINT('',(-0.01625,0.000250000000000042,0.0065));
#7647=CARTESIAN_POINT('',(-0.01625,0.0427573593128808,0.0065));
#7648=CARTESIAN_POINT('',(-0.01575,0.0427573593128808,0.0065));
#7649=CARTESIAN_POINT('',(-0.0161035533905933,0.0424038059222875,0.0065));
#7650=CARTESIAN_POINT('',(0.0130251262658471,0.0132751262658471,0.0065));
#7651=CARTESIAN_POINT('',(-0.0152039844891608,0.041504237020855,0.0065));
#7652=CARTESIAN_POINT('',(-0.0163,0.0404082215100159,0.0065));
#7653=CARTESIAN_POINT('',(-0.01475,0.0404082215100159,0.0065));
#7654=CARTESIAN_POINT('',(-0.01475,0.000250000000000042,0.0065));
#7655=CARTESIAN_POINT('',(-0.01475,0.0226962505491514,0.0065));
#7656=CARTESIAN_POINT('',(-0.0163,0.0226962505491514,0.0065));
#7657=CARTESIAN_POINT('',(-0.0158473801158186,0.0212138082263464,0.0065));
#7658=CARTESIAN_POINT('',(-0.00720621268608057,0.0238521329294889,0.0065));
#7659=CARTESIAN_POINT('',(-0.0192759095211542,0.020167008254109,0.0065));
#7660=CARTESIAN_POINT('',(-0.0191153024654769,0.0196409803331137,0.0065));
#7661=CARTESIAN_POINT('',(-0.0195658360898359,0.0199564473731068,0.0065));
#7662=CARTESIAN_POINT('',(-0.0223878746659912,0.0159261586056213,0.0065));
#7663=CARTESIAN_POINT('',(-0.0251068986306545,0.0120429899502033,0.0065));
#7664=CARTESIAN_POINT('',(-0.02469732260851,0.0117562017320278,0.0065));
#7665=CARTESIAN_POINT('',(-0.0250043340555282,0.0113615576247617,0.0065));
#7666=CARTESIAN_POINT('',(-0.0180982645142438,0.00598901470814361,0.0065));
#7667=CARTESIAN_POINT('',(-0.0180982645142438,0.00598901470814361,0.0065));
#7668=CARTESIAN_POINT('',(-0.01905,0.00476561797561876,0.0065));
#7669=CARTESIAN_POINT('',(-0.0175,0.00476561797561876,0.0065));
#7670=CARTESIAN_POINT('',(-0.0175,0.000250000000000042,0.0065));
#7671=CARTESIAN_POINT('',(-0.0175,-0.00476561797561876,0.0065));
#7672=CARTESIAN_POINT('',(-0.01905,-0.00476561797561876,0.0065));
#7673=CARTESIAN_POINT('',(-0.0180982645142438,-0.00598901470814361,0.0065));
#7674=CARTESIAN_POINT('',(-0.00379979961314879,0.00513440590957062,0.0065));
#7675=CARTESIAN_POINT('',(-0.0250043340555282,-0.0113615576247617,0.0065));
#7676=CARTESIAN_POINT('',(-0.02469732260851,-0.0117562017320278,0.0065));
#7677=CARTESIAN_POINT('',(-0.0251068986306545,-0.0120429899502033,0.0065));
#7678=CARTESIAN_POINT('',(-0.01986099929325,-0.0195349106324872,0.0065));
#7679=CARTESIAN_POINT('',(-0.01986099929325,-0.0195349106324872,0.0065));
#7680=CARTESIAN_POINT('',(-0.0194514232711056,-0.0192481224143117,0.0065));
#7681=CARTESIAN_POINT('',(-0.0193083527839969,-0.0197272161793709,0.0065));
#7682=CARTESIAN_POINT('',(-0.0188648342739602,-0.021212406851054,0.0065));
#7683=CARTESIAN_POINT('',(-0.0177688187631211,-0.0201163913402149,0.0065));
#7684=CARTESIAN_POINT('',(-0.019067605051668,-0.018817605051668,0.0065));
#7685=CARTESIAN_POINT('',(-0.0172539844891609,-0.0206312256141752,0.0065));
#7686=CARTESIAN_POINT('',(-0.01835,-0.0217272411250143,0.0065));
#7687=CARTESIAN_POINT('',(-0.0168,-0.0217272411250143,0.0065));
#7688=CARTESIAN_POINT('',(-0.0168,-0.0254704581464245,0.0065));
#7689=CARTESIAN_POINT('',(-0.0168,-0.0254704581464245,0.0065));
#7690=CARTESIAN_POINT('',(-0.0163,-0.0254704581464245,0.0065));
#7691=CARTESIAN_POINT('',(-0.0166535533905933,-0.0258240115370178,0.0065));
#7692=CARTESIAN_POINT('',(-0.0145740115370178,-0.0279035533905933,0.0065));
#7693=CARTESIAN_POINT('',(-0.0145740115370178,-0.0279035533905933,0.0065));
#7694=CARTESIAN_POINT('',(-0.0142204581464245,-0.02755,0.0065));
#7695=CARTESIAN_POINT('',(-0.0142204581464245,-0.02805,0.0065));
#7696=CARTESIAN_POINT('',(-0.0112795418535755,-0.02805,0.0065));
#7697=CARTESIAN_POINT('',(-0.0112795418535755,-0.02805,0.0065));
#7698=CARTESIAN_POINT('',(-0.0112795418535755,-0.02755,0.0065));
#7699=CARTESIAN_POINT('',(-0.0109259884629822,-0.0279035533905933,0.0065));
#7700=CARTESIAN_POINT('',(-0.00634644660940671,-0.0233240115370177,0.0065));
#7701=CARTESIAN_POINT('',(-0.00634644660940671,-0.0233240115370177,0.0065));
#7702=CARTESIAN_POINT('',(-0.0067,-0.0229704581464245,0.0065));
#7703=CARTESIAN_POINT('',(-0.0062,-0.0229704581464245,0.0065));
#7704=CARTESIAN_POINT('',(-0.0062,-0.0175562445840514,0.0065));
#7705=CARTESIAN_POINT('',(-0.0062,-0.0175562445840514,0.0065));
#7706=CARTESIAN_POINT('',(-0.00465,-0.0175562445840514,0.0065));
#7707=CARTESIAN_POINT('',(-0.00574601551083913,-0.0164602290732122,0.0065));
#7708=CARTESIAN_POINT('',(-0.00423977092678774,-0.0149539844891608,0.0065));
#7709=CARTESIAN_POINT('',(-0.00423977092678774,-0.0149539844891608,0.0065));
#7710=CARTESIAN_POINT('',(-0.00314375541594858,-0.01605,0.0065));
#7711=CARTESIAN_POINT('',(-0.00314375541594858,-0.0145,0.0065));
#7712=CARTESIAN_POINT('',(0.00314375541594861,-0.0145,0.0065));
#7713=CARTESIAN_POINT('',(0.00314375541594861,-0.0145,0.0065));
#7714=CARTESIAN_POINT('',(0.00314375541594861,-0.01605,0.0065));
#7715=CARTESIAN_POINT('',(0.00423977092678776,-0.0149539844891608,0.0065));
#7716=CARTESIAN_POINT('',(-0.00548210678118656,-0.00523210678118654,0.0065));
#7717=CARTESIAN_POINT('',(0.00574601551083916,-0.0164602290732122,0.0065));
#7718=CARTESIAN_POINT('',(0.00465,-0.0175562445840514,0.0065));
#7719=CARTESIAN_POINT('',(0.0062,-0.0175562445840514,0.0065));
#7720=CARTESIAN_POINT('',(0.0062,0.000250000000000043,0.0065));
#7721=CARTESIAN_POINT('',(0.0062,-0.0229704581464245,0.0065));
#7722=CARTESIAN_POINT('',(0.0067,-0.0229704581464245,0.0065));
#7723=CARTESIAN_POINT('',(0.00634644660940674,-0.0233240115370177,0.0065));
#7724=CARTESIAN_POINT('',(-0.00861378246380551,-0.00836378246380549,0.0065));
#7725=CARTESIAN_POINT('',(0.0109259884629823,-0.0279035533905933,0.0065));
#7726=CARTESIAN_POINT('',(0.0112795418535756,-0.02755,0.0065));
#7727=CARTESIAN_POINT('',(0.0112795418535756,-0.02805,0.0065));
#7728=CARTESIAN_POINT('',(1.04083408558608E-17,-0.02805,0.0065));
#7729=CARTESIAN_POINT('',(0.0142204581464245,-0.02805,0.0065));
#7730=CARTESIAN_POINT('',(0.0142204581464245,-0.02755,0.0065));
#7731=CARTESIAN_POINT('',(0.0145740115370178,-0.0279035533905933,0.0065));
#7732=CARTESIAN_POINT('',(0.0213637824638056,-0.0211137824638055,0.0065));
#7733=CARTESIAN_POINT('',(0.0166535533905933,-0.0258240115370178,0.0065));
#7734=CARTESIAN_POINT('',(0.0163,-0.0254704581464245,0.0065));
#7735=CARTESIAN_POINT('',(0.0168,-0.0254704581464245,0.0065));
#7736=CARTESIAN_POINT('',(0.0168,0.000250000000000042,0.0065));
#7737=CARTESIAN_POINT('',(0.0168,-0.0217272411250143,0.0065));
#7738=CARTESIAN_POINT('',(0.01835,-0.0217272411250143,0.0065));
#7739=CARTESIAN_POINT('',(0.0172539844891609,-0.0206312256141752,0.0065));
#7740=CARTESIAN_POINT('',(0.0177688187631211,-0.0201163913402149,0.0065));
#7741=CARTESIAN_POINT('',(0.0177688187631211,-0.0201163913402149,0.0065));
#7742=CARTESIAN_POINT('',(0.0188648342739602,-0.021212406851054,0.0065));
#7743=CARTESIAN_POINT('',(0.0193083527839969,-0.0197272161793709,0.0065));
#7744=CARTESIAN_POINT('',(0.0194514232711056,-0.0192481224143117,0.0065));
#7745=CARTESIAN_POINT('',(0.01986099929325,-0.0195349106324873,0.0065));
#7746=CARTESIAN_POINT('',(0.0226227978211877,-0.0155906535697898,0.0065));
#7747=CARTESIAN_POINT('',(0.0251068986306545,-0.0120429899502033,0.0065));
#7748=CARTESIAN_POINT('',(0.02469732260851,-0.0117562017320278,0.0065));
#7749=CARTESIAN_POINT('',(0.0250043340555282,-0.0113615576247617,0.0065));
#7750=CARTESIAN_POINT('',(0.0180982645142438,-0.00598901470814363,0.0065));
#7751=CARTESIAN_POINT('',(0.0180982645142438,-0.00598901470814363,0.0065));
#7752=CARTESIAN_POINT('',(0.01905,-0.00476561797561878,0.0065));
#7753=CARTESIAN_POINT('',(0.0175,-0.00476561797561878,0.0065));
#7754=CARTESIAN_POINT('',(0.0175,0.000250000000000042,0.0065));
#7755=CARTESIAN_POINT('',(0.0175,0.00476561797561875,0.0065));
#7756=CARTESIAN_POINT('',(0.01905,0.00476561797561875,0.0065));
#7757=CARTESIAN_POINT('',(0.0180982645142438,0.0059890147081436,0.0065));
#7758=CARTESIAN_POINT('',(0.0250043340555282,0.0113615576247617,0.0065));
#7759=CARTESIAN_POINT('',(0.0250043340555282,0.0113615576247617,0.0065));
#7760=CARTESIAN_POINT('',(0.02469732260851,0.0117562017320278,0.0065));
#7761=CARTESIAN_POINT('',(0.0251068986306545,0.0120429899502033,0.0065));
#7762=CARTESIAN_POINT('',(0.019565836089836,0.0199564473731068,0.0065));
#7763=CARTESIAN_POINT('',(0.019565836089836,0.0199564473731068,0.0065));
#7764=CARTESIAN_POINT('',(0.019115302465477,0.0196409803331137,0.0065));
#7765=CARTESIAN_POINT('',(0.0192759095211542,0.020167008254109,0.0065));
#7766=CARTESIAN_POINT('',(0.00720621268608059,0.0238521329294889,0.0065));
#7767=CARTESIAN_POINT('',(0.0158473801158186,0.0212138082263464,0.0065));
#7768=CARTESIAN_POINT('',(0.0163,0.0226962505491514,0.0065));
#7769=CARTESIAN_POINT('',(0.01475,0.0226962505491514,0.0065));
#7770=CARTESIAN_POINT('',(0.01475,0.000250000000000045,0.0065));
#7771=CARTESIAN_POINT('',(0.01475,0.0404082215100159,0.0065));
#7772=CARTESIAN_POINT('',(0.0163,0.0404082215100159,0.0065));
#7773=CARTESIAN_POINT('',(0.0152039844891608,0.041504237020855,0.0065));
#7774=CARTESIAN_POINT('',(-0.0130251262658471,0.0132751262658471,0.0065));
#7775=CARTESIAN_POINT('',(0.0161035533905933,0.0424038059222875,0.0065));
#7776=CARTESIAN_POINT('',(0.01575,0.0427573593128808,0.0065));
#7777=CARTESIAN_POINT('',(0.01625,0.0427573593128808,0.0065));
#7778=CARTESIAN_POINT('',(0.01625,0.000250000000000042,0.0065));
#7779=CARTESIAN_POINT('',(0.01625,0.0455426244337501,0.0065));
#7780=CARTESIAN_POINT('',(0.01575,0.0455426244337501,0.0065));
#7781=CARTESIAN_POINT('',(0.0162371196182234,0.0456553829258554,0.0065));
#7782=CARTESIAN_POINT('',(0.0253872365668951,0.00612663975522734,0.0065));
#7783=CARTESIAN_POINT('',(0.0131220051375567,0.0591127584921053,0.0065));
#7784=CARTESIAN_POINT('',(0.0126348855193332,0.059,0.0065));
#7785=CARTESIAN_POINT('',(0.0126348855193332,0.0595,0.0065));
#7786=CARTESIAN_POINT('',(1.04083408558608E-17,0.0595,0.0065));
#7787=CARTESIAN_POINT('',(0.00745,0.0238,0.0065));
#7788=CARTESIAN_POINT('',(0.009,0.0238,0.0065));
#7789=CARTESIAN_POINT('',(0.0059,0.0238,0.0065));
#7790=CARTESIAN_POINT('',(0.0059,0.000250000000000041,0.0065));
#7791=CARTESIAN_POINT('',(0.0059,0.0387,0.0065));
#7792=CARTESIAN_POINT('',(0.00745,0.0387,0.0065));
#7793=CARTESIAN_POINT('',(0.009,0.0387,0.0065));
#7794=CARTESIAN_POINT('',(0.009,0.0238,0.0065));
#7795=CARTESIAN_POINT('',(-0.00745,0.0238,0.0065));
#7796=CARTESIAN_POINT('',(-0.0059,0.0238,0.0065));
#7797=CARTESIAN_POINT('',(-0.009,0.0238,0.0065));
#7798=CARTESIAN_POINT('',(-0.009,0.000250000000000043,0.0065));
#7799=CARTESIAN_POINT('',(-0.009,0.0387,0.0065));
#7800=CARTESIAN_POINT('',(-0.00745,0.0387,0.0065));
#7801=CARTESIAN_POINT('',(-0.0059,0.0387,0.0065));
#7802=CARTESIAN_POINT('',(-0.0059,0.0238,0.0065));
#7803=CARTESIAN_POINT('',(0.0015,0.0165,0.0065));
#7804=CARTESIAN_POINT('',(0.00150000000000002,0.0185,0.0065));
#7805=CARTESIAN_POINT('',(0.0015,0.0145,0.0065));
#7806=CARTESIAN_POINT('',(1.04083408558608E-17,0.0145,0.0065));
#7807=CARTESIAN_POINT('',(-0.00149999999999998,0.0145,0.0065));
#7808=CARTESIAN_POINT('',(-0.0015,0.0165,0.0065));
#7809=CARTESIAN_POINT('',(-0.0015,0.0185,0.0065));
#7810=CARTESIAN_POINT('',(0.0015,0.0185,0.0065));
#7811=CARTESIAN_POINT('',(1.04083408558608E-17,0.000250000000000042,0.004));
#7812=CARTESIAN_POINT('',(0.01275,0.0105,0.004));
#7813=CARTESIAN_POINT('',(0.01555,0.0105,0.004));
#7814=CARTESIAN_POINT('',(-0.01275,0.0105,0.004));
#7815=CARTESIAN_POINT('',(-0.00995,0.0105,0.004));
#7816=CARTESIAN_POINT('',(0.00415212191689363,0.05205,0.004));
#7817=CARTESIAN_POINT('',(0.00415212191689363,0.0505,0.004));
#7818=CARTESIAN_POINT('',(0.00566219273338628,0.0517004486744737,0.004));
#7819=CARTESIAN_POINT('',(0.00737799486244342,0.0591127584921053,0.004));
#7820=CARTESIAN_POINT('',(0.00737799486244342,0.0591127584921053,0.004));
#7821=CARTESIAN_POINT('',(0.00786511448066685,0.059,0.004));
#7822=CARTESIAN_POINT('',(0.00786511448066685,0.0595,0.004));
#7823=CARTESIAN_POINT('',(0.0126348855193332,0.0595,0.004));
#7824=CARTESIAN_POINT('',(0.0126348855193332,0.0595,0.004));
#7825=CARTESIAN_POINT('',(0.0126348855193332,0.059,0.004));
#7826=CARTESIAN_POINT('',(0.0131220051375567,0.0591127584921053,0.004));
#7827=CARTESIAN_POINT('',(0.0162371196182234,0.0456553829258554,0.004));
#7828=CARTESIAN_POINT('',(0.0162371196182234,0.0456553829258554,0.004));
#7829=CARTESIAN_POINT('',(0.01575,0.0455426244337501,0.004));
#7830=CARTESIAN_POINT('',(0.01625,0.0455426244337501,0.004));
#7831=CARTESIAN_POINT('',(0.01625,0.0427573593128808,0.004));
#7832=CARTESIAN_POINT('',(0.01625,0.0427573593128808,0.004));
#7833=CARTESIAN_POINT('',(0.01575,0.0427573593128808,0.004));
#7834=CARTESIAN_POINT('',(0.0161035533905933,0.0424038059222875,0.004));
#7835=CARTESIAN_POINT('',(0.0152039844891608,0.041504237020855,0.004));
#7836=CARTESIAN_POINT('',(0.0152039844891608,0.041504237020855,0.004));
#7837=CARTESIAN_POINT('',(0.0163,0.0404082215100159,0.004));
#7838=CARTESIAN_POINT('',(0.01475,0.0404082215100159,0.004));
#7839=CARTESIAN_POINT('',(0.01475,0.0226962505491514,0.004));
#7840=CARTESIAN_POINT('',(0.01475,0.0226962505491514,0.004));
#7841=CARTESIAN_POINT('',(0.0163,0.0226962505491514,0.004));
#7842=CARTESIAN_POINT('',(0.0158473801158186,0.0212138082263464,0.004));
#7843=CARTESIAN_POINT('',(0.0192759095211542,0.020167008254109,0.004));
#7844=CARTESIAN_POINT('',(0.0192759095211542,0.020167008254109,0.004));
#7845=CARTESIAN_POINT('',(0.019115302465477,0.0196409803331137,0.004));
#7846=CARTESIAN_POINT('',(0.019565836089836,0.0199564473731068,0.004));
#7847=CARTESIAN_POINT('',(0.0223878746659912,0.0159261586056213,0.004));
#7848=CARTESIAN_POINT('',(0.0251068986306545,0.0120429899502033,0.004));
#7849=CARTESIAN_POINT('',(0.02469732260851,0.0117562017320278,0.004));
#7850=CARTESIAN_POINT('',(0.0250043340555282,0.0113615576247617,0.004));
#7851=CARTESIAN_POINT('',(0.00404212013000672,-0.00494589385237028,0.004));
#7852=CARTESIAN_POINT('',(0.0180982645142438,0.0059890147081436,0.004));
#7853=CARTESIAN_POINT('',(0.01905,0.00476561797561875,0.004));
#7854=CARTESIAN_POINT('',(0.0175,0.00476561797561875,0.004));
#7855=CARTESIAN_POINT('',(0.0175,-0.00476561797561878,0.004));
#7856=CARTESIAN_POINT('',(0.0175,-0.00476561797561878,0.004));
#7857=CARTESIAN_POINT('',(0.01905,-0.00476561797561878,0.004));
#7858=CARTESIAN_POINT('',(0.0180982645142438,-0.00598901470814363,0.004));
#7859=CARTESIAN_POINT('',(0.0037997996131488,0.00513440590957061,0.004));
#7860=CARTESIAN_POINT('',(0.0250043340555282,-0.0113615576247617,0.004));
#7861=CARTESIAN_POINT('',(0.02469732260851,-0.0117562017320278,0.004));
#7862=CARTESIAN_POINT('',(0.0251068986306545,-0.0120429899502033,0.004));
#7863=CARTESIAN_POINT('',(0.01986099929325,-0.0195349106324873,0.004));
#7864=CARTESIAN_POINT('',(0.01986099929325,-0.0195349106324873,0.004));
#7865=CARTESIAN_POINT('',(0.0194514232711056,-0.0192481224143117,0.004));
#7866=CARTESIAN_POINT('',(0.0193083527839969,-0.0197272161793709,0.004));
#7867=CARTESIAN_POINT('',(0.0188648342739602,-0.021212406851054,0.004));
#7868=CARTESIAN_POINT('',(0.0177688187631211,-0.0201163913402149,0.004));
#7869=CARTESIAN_POINT('',(0.019067605051668,-0.018817605051668,0.004));
#7870=CARTESIAN_POINT('',(0.0172539844891609,-0.0206312256141752,0.004));
#7871=CARTESIAN_POINT('',(0.01835,-0.0217272411250143,0.004));
#7872=CARTESIAN_POINT('',(0.0168,-0.0217272411250143,0.004));
#7873=CARTESIAN_POINT('',(0.0168,-0.0254704581464245,0.004));
#7874=CARTESIAN_POINT('',(0.0168,-0.0254704581464245,0.004));
#7875=CARTESIAN_POINT('',(0.0163,-0.0254704581464245,0.004));
#7876=CARTESIAN_POINT('',(0.0166535533905933,-0.0258240115370178,0.004));
#7877=CARTESIAN_POINT('',(0.0145740115370178,-0.0279035533905933,0.004));
#7878=CARTESIAN_POINT('',(0.0145740115370178,-0.0279035533905933,0.004));
#7879=CARTESIAN_POINT('',(0.0142204581464245,-0.02755,0.004));
#7880=CARTESIAN_POINT('',(0.0142204581464245,-0.02805,0.004));
#7881=CARTESIAN_POINT('',(0.0112795418535756,-0.02805,0.004));
#7882=CARTESIAN_POINT('',(0.0112795418535756,-0.02805,0.004));
#7883=CARTESIAN_POINT('',(0.0112795418535756,-0.02755,0.004));
#7884=CARTESIAN_POINT('',(0.0109259884629823,-0.0279035533905933,0.004));
#7885=CARTESIAN_POINT('',(0.00634644660940674,-0.0233240115370177,0.004));
#7886=CARTESIAN_POINT('',(0.00634644660940674,-0.0233240115370177,0.004));
#7887=CARTESIAN_POINT('',(0.0067,-0.0229704581464245,0.004));
#7888=CARTESIAN_POINT('',(0.0062,-0.0229704581464245,0.004));
#7889=CARTESIAN_POINT('',(0.0062,-0.0175562445840514,0.004));
#7890=CARTESIAN_POINT('',(0.0062,-0.0175562445840514,0.004));
#7891=CARTESIAN_POINT('',(0.00465,-0.0175562445840514,0.004));
#7892=CARTESIAN_POINT('',(0.00574601551083916,-0.0164602290732122,0.004));
#7893=CARTESIAN_POINT('',(0.00423977092678776,-0.0149539844891608,0.004));
#7894=CARTESIAN_POINT('',(0.00423977092678776,-0.0149539844891608,0.004));
#7895=CARTESIAN_POINT('',(0.00314375541594861,-0.01605,0.004));
#7896=CARTESIAN_POINT('',(0.00314375541594861,-0.0145,0.004));
#7897=CARTESIAN_POINT('',(1.04083408558608E-17,-0.0145,0.004));
#7898=CARTESIAN_POINT('',(-0.00314375541594858,-0.0145,0.004));
#7899=CARTESIAN_POINT('',(-0.00314375541594858,-0.01605,0.004));
#7900=CARTESIAN_POINT('',(-0.00423977092678774,-0.0149539844891608,0.004));
#7901=CARTESIAN_POINT('',(0.00548210678118659,-0.00523210678118654,0.004));
#7902=CARTESIAN_POINT('',(-0.00574601551083913,-0.0164602290732122,0.004));
#7903=CARTESIAN_POINT('',(-0.00465,-0.0175562445840514,0.004));
#7904=CARTESIAN_POINT('',(-0.0062,-0.0175562445840514,0.004));
#7905=CARTESIAN_POINT('',(-0.0062,0.000250000000000042,0.004));
#7906=CARTESIAN_POINT('',(-0.0062,-0.0229704581464245,0.004));
#7907=CARTESIAN_POINT('',(-0.0067,-0.0229704581464245,0.004));
#7908=CARTESIAN_POINT('',(-0.00634644660940671,-0.0233240115370177,0.004));
#7909=CARTESIAN_POINT('',(0.00861378246380553,-0.00836378246380549,0.004));
#7910=CARTESIAN_POINT('',(-0.0109259884629822,-0.0279035533905933,0.004));
#7911=CARTESIAN_POINT('',(-0.0112795418535755,-0.02755,0.004));
#7912=CARTESIAN_POINT('',(-0.0112795418535755,-0.02805,0.004));
#7913=CARTESIAN_POINT('',(1.04083408558608E-17,-0.02805,0.004));
#7914=CARTESIAN_POINT('',(-0.0142204581464245,-0.02805,0.004));
#7915=CARTESIAN_POINT('',(-0.0142204581464245,-0.02755,0.004));
#7916=CARTESIAN_POINT('',(-0.0145740115370178,-0.0279035533905933,0.004));
#7917=CARTESIAN_POINT('',(-0.0213637824638055,-0.0211137824638055,0.004));
#7918=CARTESIAN_POINT('',(-0.0166535533905933,-0.0258240115370178,0.004));
#7919=CARTESIAN_POINT('',(-0.0163,-0.0254704581464245,0.004));
#7920=CARTESIAN_POINT('',(-0.0168,-0.0254704581464245,0.004));
#7921=CARTESIAN_POINT('',(-0.0168,0.000250000000000042,0.004));
#7922=CARTESIAN_POINT('',(-0.0168,-0.0217272411250143,0.004));
#7923=CARTESIAN_POINT('',(-0.01835,-0.0217272411250143,0.004));
#7924=CARTESIAN_POINT('',(-0.0172539844891609,-0.0206312256141752,0.004));
#7925=CARTESIAN_POINT('',(-0.0177688187631211,-0.0201163913402149,0.004));
#7926=CARTESIAN_POINT('',(-0.0177688187631211,-0.0201163913402149,0.004));
#7927=CARTESIAN_POINT('',(-0.0188648342739602,-0.021212406851054,0.004));
#7928=CARTESIAN_POINT('',(-0.0193083527839969,-0.0197272161793709,0.004));
#7929=CARTESIAN_POINT('',(-0.0194514232711056,-0.0192481224143117,0.004));
#7930=CARTESIAN_POINT('',(-0.01986099929325,-0.0195349106324872,0.004));
#7931=CARTESIAN_POINT('',(-0.0226227978211877,-0.0155906535697898,0.004));
#7932=CARTESIAN_POINT('',(-0.0251068986306545,-0.0120429899502033,0.004));
#7933=CARTESIAN_POINT('',(-0.02469732260851,-0.0117562017320278,0.004));
#7934=CARTESIAN_POINT('',(-0.0250043340555282,-0.0113615576247617,0.004));
#7935=CARTESIAN_POINT('',(-0.0180982645142438,-0.00598901470814361,0.004));
#7936=CARTESIAN_POINT('',(-0.0180982645142438,-0.00598901470814361,0.004));
#7937=CARTESIAN_POINT('',(-0.01905,-0.00476561797561876,0.004));
#7938=CARTESIAN_POINT('',(-0.0175,-0.00476561797561876,0.004));
#7939=CARTESIAN_POINT('',(-0.0175,0.00476561797561876,0.004));
#7940=CARTESIAN_POINT('',(-0.0175,0.00476561797561876,0.004));
#7941=CARTESIAN_POINT('',(-0.01905,0.00476561797561876,0.004));
#7942=CARTESIAN_POINT('',(-0.0180982645142438,0.00598901470814361,0.004));
#7943=CARTESIAN_POINT('',(-0.00404212013000669,-0.00494589385237026,0.004));
#7944=CARTESIAN_POINT('',(-0.0250043340555282,0.0113615576247617,0.004));
#7945=CARTESIAN_POINT('',(-0.02469732260851,0.0117562017320278,0.004));
#7946=CARTESIAN_POINT('',(-0.0251068986306545,0.0120429899502033,0.004));
#7947=CARTESIAN_POINT('',(-0.0195658360898359,0.0199564473731068,0.004));
#7948=CARTESIAN_POINT('',(-0.0195658360898359,0.0199564473731068,0.004));
#7949=CARTESIAN_POINT('',(-0.0191153024654769,0.0196409803331137,0.004));
#7950=CARTESIAN_POINT('',(-0.0192759095211542,0.020167008254109,0.004));
#7951=CARTESIAN_POINT('',(-0.0158473801158186,0.0212138082263464,0.004));
#7952=CARTESIAN_POINT('',(-0.0158473801158186,0.0212138082263464,0.004));
#7953=CARTESIAN_POINT('',(-0.0163,0.0226962505491514,0.004));
#7954=CARTESIAN_POINT('',(-0.01475,0.0226962505491514,0.004));
#7955=CARTESIAN_POINT('',(-0.01475,0.0404082215100159,0.004));
#7956=CARTESIAN_POINT('',(-0.01475,0.0404082215100159,0.004));
#7957=CARTESIAN_POINT('',(-0.0163,0.0404082215100159,0.004));
#7958=CARTESIAN_POINT('',(-0.0152039844891608,0.041504237020855,0.004));
#7959=CARTESIAN_POINT('',(-0.0161035533905933,0.0424038059222875,0.004));
#7960=CARTESIAN_POINT('',(-0.0161035533905933,0.0424038059222875,0.004));
#7961=CARTESIAN_POINT('',(-0.01575,0.0427573593128808,0.004));
#7962=CARTESIAN_POINT('',(-0.01625,0.0427573593128808,0.004));
#7963=CARTESIAN_POINT('',(-0.01625,0.0455426244337501,0.004));
#7964=CARTESIAN_POINT('',(-0.01625,0.0455426244337501,0.004));
#7965=CARTESIAN_POINT('',(-0.01575,0.0455426244337501,0.004));
#7966=CARTESIAN_POINT('',(-0.0162371196182234,0.0456553829258554,0.004));
#7967=CARTESIAN_POINT('',(-0.0131220051375566,0.0591127584921053,0.004));
#7968=CARTESIAN_POINT('',(-0.0131220051375566,0.0591127584921053,0.004));
#7969=CARTESIAN_POINT('',(-0.0126348855193332,0.059,0.004));
#7970=CARTESIAN_POINT('',(-0.0126348855193332,0.0595,0.004));
#7971=CARTESIAN_POINT('',(-0.00786511448066683,0.0595,0.004));
#7972=CARTESIAN_POINT('',(-0.00786511448066683,0.0595,0.004));
#7973=CARTESIAN_POINT('',(-0.00786511448066683,0.059,0.004));
#7974=CARTESIAN_POINT('',(-0.0073779948624434,0.0591127584921053,0.004));
#7975=CARTESIAN_POINT('',(-0.00566219273338627,0.0517004486744737,0.004));
#7976=CARTESIAN_POINT('',(-0.00566219273338627,0.0517004486744737,0.004));
#7977=CARTESIAN_POINT('',(-0.00415212191689362,0.05205,0.004));
#7978=CARTESIAN_POINT('',(-0.00415212191689362,0.0505,0.004));
#7979=CARTESIAN_POINT('',(0.00415212191689363,0.0505,0.004));
#7980=CARTESIAN_POINT('',(0.00745,0.0387,0.004));
#7981=CARTESIAN_POINT('',(0.009,0.0387,0.004));
#7982=CARTESIAN_POINT('',(0.0059,0.0387,0.004));
#7983=CARTESIAN_POINT('',(0.0059,0.0238,0.004));
#7984=CARTESIAN_POINT('',(0.0059,0.0238,0.004));
#7985=CARTESIAN_POINT('',(0.00745,0.0238,0.004));
#7986=CARTESIAN_POINT('',(0.009,0.0238,0.004));
#7987=CARTESIAN_POINT('',(0.009,0.000250000000000041,0.004));
#7988=CARTESIAN_POINT('',(-0.00745,0.0387,0.004));
#7989=CARTESIAN_POINT('',(-0.0059,0.0387,0.004));
#7990=CARTESIAN_POINT('',(-0.009,0.0387,0.004));
#7991=CARTESIAN_POINT('',(-0.009,0.0238,0.004));
#7992=CARTESIAN_POINT('',(-0.009,0.0238,0.004));
#7993=CARTESIAN_POINT('',(-0.00745,0.0238,0.004));
#7994=CARTESIAN_POINT('',(-0.0059,0.0238,0.004));
#7995=CARTESIAN_POINT('',(-0.0059,0.000250000000000043,0.004));
#7996=CARTESIAN_POINT('',(-0.0015,0.0165,0.004));
#7997=CARTESIAN_POINT('',(-0.0015,0.0185,0.004));
#7998=CARTESIAN_POINT('',(-0.00149999999999998,0.0145,0.004));
#7999=CARTESIAN_POINT('',(0.0015,0.0145,0.004));
#8000=CARTESIAN_POINT('',(0.0015,0.0145,0.004));
#8001=CARTESIAN_POINT('',(0.0015,0.0165,0.004));
#8002=CARTESIAN_POINT('',(0.00150000000000002,0.0185,0.004));
#8003=CARTESIAN_POINT('',(1.04083408558608E-17,0.0185,0.004));
#8004=CARTESIAN_POINT('',(0.00415212191689363,0.05205,0.0065));
#8005=CARTESIAN_POINT('',(0.00415212191689363,0.05205,0.006));
#8006=CARTESIAN_POINT('',(0.00415212191689363,0.05205,0.0045));
#8007=CARTESIAN_POINT('',(-0.00415212191689362,0.05205,0.0065));
#8008=CARTESIAN_POINT('',(-0.00415212191689362,0.05205,0.006));
#8009=CARTESIAN_POINT('',(-0.00415212191689362,0.05205,0.0045));
#8010=CARTESIAN_POINT('',(-0.01835,-0.0217272411250143,0.0065));
#8011=CARTESIAN_POINT('',(-0.01835,-0.0217272411250143,0.006));
#8012=CARTESIAN_POINT('',(-0.01835,-0.0217272411250143,0.0045));
#8013=CARTESIAN_POINT('',(0.01835,-0.0217272411250143,0.0065));
#8014=CARTESIAN_POINT('',(0.01835,-0.0217272411250143,0.006));
#8015=CARTESIAN_POINT('',(0.01835,-0.0217272411250143,0.0045));
#8016=CARTESIAN_POINT('',(0.0188648342739602,-0.021212406851054,0.0065));
#8017=CARTESIAN_POINT('',(0.0191652822968883,-0.0202063099444299,0.0065));
#8018=CARTESIAN_POINT('',(0.0191652822968883,-0.0202063099444299,0.0045));
#8019=CARTESIAN_POINT('',(0.0191652822968883,-0.0202063099444299,0.006));
#8020=CARTESIAN_POINT('',(0.0188648342739602,-0.021212406851054,0.006));
#8021=CARTESIAN_POINT('',(0.0188648342739602,-0.021212406851054,0.0045));
#8022=CARTESIAN_POINT('',(-0.0188648342739602,-0.021212406851054,0.0065));
#8023=CARTESIAN_POINT('',(-0.0188648342739602,-0.021212406851054,0.006));
#8024=CARTESIAN_POINT('',(-0.0191652822968883,-0.0202063099444299,0.006));
#8025=CARTESIAN_POINT('',(-0.0191652822968883,-0.0202063099444299,0.0065));
#8026=CARTESIAN_POINT('',(-0.0191652822968883,-0.0202063099444299,0.0045));
#8027=CARTESIAN_POINT('',(-0.0188648342739602,-0.021212406851054,0.0045));
#8028=CARTESIAN_POINT('',(-0.01905,-0.00476561797561876,0.0065));
#8029=CARTESIAN_POINT('',(-0.01905,-0.00476561797561876,0.006));
#8030=CARTESIAN_POINT('',(-0.01905,-0.00476561797561876,0.0045));
#8031=CARTESIAN_POINT('',(-0.01905,0.00476561797561876,0.0065));
#8032=CARTESIAN_POINT('',(-0.01905,0.00476561797561876,0.006));
#8033=CARTESIAN_POINT('',(-0.01905,0.00476561797561876,0.0045));
#8034=CARTESIAN_POINT('',(0.01905,-0.00476561797561878,0.0065));
#8035=CARTESIAN_POINT('',(0.01905,-0.00476561797561878,0.006));
#8036=CARTESIAN_POINT('',(0.01905,-0.00476561797561878,0.0045));
#8037=CARTESIAN_POINT('',(0.01905,0.00476561797561875,0.0065));
#8038=CARTESIAN_POINT('',(0.01905,0.00476561797561875,0.006));
#8039=CARTESIAN_POINT('',(0.01905,0.00476561797561875,0.0045));
#8040=CARTESIAN_POINT('',(-0.0163,0.0404082215100159,0.0065));
#8041=CARTESIAN_POINT('',(-0.0163,0.0404082215100159,0.006));
#8042=CARTESIAN_POINT('',(-0.0163,0.0404082215100159,0.0045));
#8043=CARTESIAN_POINT('',(0.0163,0.0404082215100159,0.0065));
#8044=CARTESIAN_POINT('',(0.0163,0.0404082215100159,0.006));
#8045=CARTESIAN_POINT('',(0.0163,0.0404082215100159,0.0045));
#8046=CARTESIAN_POINT('',(-0.0163,0.0226962505491514,0.0065));
#8047=CARTESIAN_POINT('',(-0.0163,0.0226962505491514,0.006));
#8048=CARTESIAN_POINT('',(-0.0163,0.0226962505491514,0.0045));
#8049=CARTESIAN_POINT('',(-0.0191153024654769,0.0196409803331137,0.0065));
#8050=CARTESIAN_POINT('',(-0.0191153024654769,0.0196409803331137,0.006));
#8051=CARTESIAN_POINT('',(-0.0191153024654769,0.0196409803331137,0.0045));
#8052=CARTESIAN_POINT('',(0.019115302465477,0.0196409803331137,0.0065));
#8053=CARTESIAN_POINT('',(0.019115302465477,0.0196409803331137,0.006));
#8054=CARTESIAN_POINT('',(0.019115302465477,0.0196409803331137,0.0045));
#8055=CARTESIAN_POINT('',(0.0163,0.0226962505491514,0.0065));
#8056=CARTESIAN_POINT('',(0.0163,0.0226962505491514,0.006));
#8057=CARTESIAN_POINT('',(0.0163,0.0226962505491514,0.0045));
#8058=CARTESIAN_POINT('',(-0.00465,-0.0175562445840514,0.0065));
#8059=CARTESIAN_POINT('',(-0.00465,-0.0175562445840514,0.006));
#8060=CARTESIAN_POINT('',(-0.00465,-0.0175562445840514,0.0045));
#8061=CARTESIAN_POINT('',(0.00465,-0.0175562445840514,0.0065));
#8062=CARTESIAN_POINT('',(0.00465,-0.0175562445840514,0.006));
#8063=CARTESIAN_POINT('',(0.00465,-0.0175562445840514,0.0045));
#8064=CARTESIAN_POINT('',(0.00314375541594861,-0.01605,0.0065));
#8065=CARTESIAN_POINT('',(0.00314375541594861,-0.01605,0.006));
#8066=CARTESIAN_POINT('',(0.00314375541594861,-0.01605,0.0045));
#8067=CARTESIAN_POINT('',(-0.00314375541594858,-0.01605,0.0065));
#8068=CARTESIAN_POINT('',(-0.00314375541594858,-0.01605,0.006));
#8069=CARTESIAN_POINT('',(-0.00314375541594858,-0.01605,0.0045));
#8070=CARTESIAN_POINT('',(0.00786511448066685,0.059,0.0065));
#8071=CARTESIAN_POINT('',(0.00786511448066685,0.059,0.006));
#8072=CARTESIAN_POINT('',(0.00786511448066685,0.059,0.0045));
#8073=CARTESIAN_POINT('',(0.02469732260851,0.0117562017320278,0.0065));
#8074=CARTESIAN_POINT('',(0.02469732260851,0.0117562017320278,0.006));
#8075=CARTESIAN_POINT('',(0.02469732260851,0.0117562017320278,0.0045));
#8076=CARTESIAN_POINT('',(0.02469732260851,-0.0117562017320278,0.0065));
#8077=CARTESIAN_POINT('',(0.02469732260851,-0.0117562017320278,0.006));
#8078=CARTESIAN_POINT('',(0.02469732260851,-0.0117562017320278,0.0045));
#8079=CARTESIAN_POINT('',(0.0194514232711056,-0.0192481224143117,0.0065));
#8080=CARTESIAN_POINT('',(0.0194514232711056,-0.0192481224143117,0.006));
#8081=CARTESIAN_POINT('',(0.0194514232711056,-0.0192481224143117,0.0045));
#8082=CARTESIAN_POINT('',(-0.0194514232711056,-0.0192481224143117,0.0065));
#8083=CARTESIAN_POINT('',(-0.0194514232711056,-0.0192481224143117,0.006));
#8084=CARTESIAN_POINT('',(-0.0194514232711056,-0.0192481224143117,0.0045));
#8085=CARTESIAN_POINT('',(-0.02469732260851,-0.0117562017320278,0.0065));
#8086=CARTESIAN_POINT('',(-0.02469732260851,-0.0117562017320278,0.006));
#8087=CARTESIAN_POINT('',(-0.02469732260851,-0.0117562017320278,0.0045));
#8088=CARTESIAN_POINT('',(-0.02469732260851,0.0117562017320278,0.0065));
#8089=CARTESIAN_POINT('',(-0.02469732260851,0.0117562017320278,0.006));
#8090=CARTESIAN_POINT('',(-0.02469732260851,0.0117562017320278,0.0045));
#8091=CARTESIAN_POINT('',(-0.0067,-0.0229704581464245,0.0065));
#8092=CARTESIAN_POINT('',(-0.0067,-0.0229704581464245,0.006));
#8093=CARTESIAN_POINT('',(-0.0067,-0.0229704581464245,0.0045));
#8094=CARTESIAN_POINT('',(-0.0112795418535755,-0.02755,0.0065));
#8095=CARTESIAN_POINT('',(-0.0112795418535755,-0.02755,0.006));
#8096=CARTESIAN_POINT('',(-0.0112795418535755,-0.02755,0.0045));
#8097=CARTESIAN_POINT('',(-0.0142204581464245,-0.02755,0.0065));
#8098=CARTESIAN_POINT('',(-0.0142204581464245,-0.02755,0.006));
#8099=CARTESIAN_POINT('',(-0.0142204581464245,-0.02755,0.0045));
#8100=CARTESIAN_POINT('',(-0.0163,-0.0254704581464245,0.0065));
#8101=CARTESIAN_POINT('',(-0.0163,-0.0254704581464245,0.006));
#8102=CARTESIAN_POINT('',(-0.0163,-0.0254704581464245,0.0045));
#8103=CARTESIAN_POINT('',(-0.01575,0.0427573593128808,0.0065));
#8104=CARTESIAN_POINT('',(-0.01575,0.0427573593128808,0.006));
#8105=CARTESIAN_POINT('',(-0.01575,0.0427573593128808,0.0045));
#8106=CARTESIAN_POINT('',(-0.01575,0.0455426244337501,0.0065));
#8107=CARTESIAN_POINT('',(-0.01575,0.0455426244337501,0.006));
#8108=CARTESIAN_POINT('',(-0.01575,0.0455426244337501,0.0045));
#8109=CARTESIAN_POINT('',(0.0126348855193332,0.059,0.0065));
#8110=CARTESIAN_POINT('',(0.0126348855193332,0.059,0.006));
#8111=CARTESIAN_POINT('',(0.0126348855193332,0.059,0.0045));
#8112=CARTESIAN_POINT('',(-0.00786511448066683,0.059,0.0065));
#8113=CARTESIAN_POINT('',(-0.00786511448066683,0.059,0.006));
#8114=CARTESIAN_POINT('',(-0.00786511448066683,0.059,0.0045));
#8115=CARTESIAN_POINT('',(-0.0126348855193332,0.059,0.0065));
#8116=CARTESIAN_POINT('',(-0.0126348855193332,0.059,0.006));
#8117=CARTESIAN_POINT('',(-0.0126348855193332,0.059,0.0045));
#8118=CARTESIAN_POINT('',(0.01575,0.0455426244337501,0.0065));
#8119=CARTESIAN_POINT('',(0.01575,0.0455426244337501,0.006));
#8120=CARTESIAN_POINT('',(0.01575,0.0455426244337501,0.0045));
#8121=CARTESIAN_POINT('',(0.01575,0.0427573593128808,0.0065));
#8122=CARTESIAN_POINT('',(0.01575,0.0427573593128808,0.006));
#8123=CARTESIAN_POINT('',(0.01575,0.0427573593128808,0.0045));
#8124=CARTESIAN_POINT('',(0.0163,-0.0254704581464245,0.0065));
#8125=CARTESIAN_POINT('',(0.0163,-0.0254704581464245,0.006));
#8126=CARTESIAN_POINT('',(0.0163,-0.0254704581464245,0.0045));
#8127=CARTESIAN_POINT('',(0.0142204581464245,-0.02755,0.0065));
#8128=CARTESIAN_POINT('',(0.0142204581464245,-0.02755,0.006));
#8129=CARTESIAN_POINT('',(0.0142204581464245,-0.02755,0.0045));
#8130=CARTESIAN_POINT('',(0.0112795418535756,-0.02755,0.0065));
#8131=CARTESIAN_POINT('',(0.0112795418535756,-0.02755,0.006));
#8132=CARTESIAN_POINT('',(0.0112795418535756,-0.02755,0.0045));
#8133=CARTESIAN_POINT('',(0.0067,-0.0229704581464245,0.0065));
#8134=CARTESIAN_POINT('',(0.0067,-0.0229704581464245,0.006));
#8135=CARTESIAN_POINT('',(0.0067,-0.0229704581464245,0.0045));
#8136=CARTESIAN_POINT('',(0.00548210678118659,-0.00523210678118654,0.0065));
#8137=CARTESIAN_POINT('',(-0.00423977092678774,-0.0149539844891608,0.0065));
#8138=CARTESIAN_POINT('',(-0.00539246212024586,-0.0168137824638055,0.006));
#8139=CARTESIAN_POINT('',(-0.00465,-0.0175562445840514,0.0065));
#8140=CARTESIAN_POINT('',(-0.0057,-0.0175562445840514,0.006));
#8141=CARTESIAN_POINT('',(-0.00314375541594858,-0.01605,0.0065));
#8142=CARTESIAN_POINT('',(-0.00314375541594858,-0.0145,0.0065));
#8143=CARTESIAN_POINT('',(-0.0062,0.000250000000000042,0.0065));
#8144=CARTESIAN_POINT('',(-0.0057,-0.0229704581464245,0.006));
#8145=CARTESIAN_POINT('',(1.04083408558608E-17,-0.0145,0.0065));
#8146=CARTESIAN_POINT('',(0.00314375541594861,-0.0145,0.0065));
#8147=CARTESIAN_POINT('',(-0.0067,-0.0229704581464245,0.0065));
#8148=CARTESIAN_POINT('',(-0.00599289321881343,-0.023677564927611,0.006));
#8149=CARTESIAN_POINT('',(0.00314375541594861,-0.01605,0.0065));
#8150=CARTESIAN_POINT('',(0.00423977092678776,-0.0149539844891608,0.0065));
#8151=CARTESIAN_POINT('',(0.00861378246380553,-0.00836378246380549,0.0065));
#8152=CARTESIAN_POINT('',(-0.010572435072389,-0.0282571067811865,0.006));
#8153=CARTESIAN_POINT('',(0.00463933982822018,-0.0160606601717798,0.006));
#8154=CARTESIAN_POINT('',(0.00574601551083916,-0.0164602290732122,0.0065));
#8155=CARTESIAN_POINT('',(-0.0112795418535755,-0.02755,0.0065));
#8156=CARTESIAN_POINT('',(-0.0112795418535755,-0.02855,0.006));
#8157=CARTESIAN_POINT('',(0.00465,-0.0175562445840514,0.0065));
#8158=CARTESIAN_POINT('',(0.0062,-0.0175562445840514,0.0065));
#8159=CARTESIAN_POINT('',(1.04083408558608E-17,-0.02805,0.0065));
#8160=CARTESIAN_POINT('',(-0.0142204581464245,-0.02855,0.006));
#8161=CARTESIAN_POINT('',(0.0057,-0.0202529960261786,0.006));
#8162=CARTESIAN_POINT('',(0.0062,-0.0229704581464245,0.0065));
#8163=CARTESIAN_POINT('',(-0.0142204581464245,-0.02755,0.0065));
#8164=CARTESIAN_POINT('',(-0.014927564927611,-0.0282571067811865,0.006));
#8165=CARTESIAN_POINT('',(0.0067,-0.0229704581464245,0.0065));
#8166=CARTESIAN_POINT('',(0.00634644660940674,-0.0233240115370177,0.0065));
#8167=CARTESIAN_POINT('',(-0.0213637824638055,-0.0211137824638055,0.0065));
#8168=CARTESIAN_POINT('',(-0.0170071067811866,-0.026177564927611,0.006));
#8169=CARTESIAN_POINT('',(0.00828266414560124,-0.0259673358543988,0.006));
#8170=CARTESIAN_POINT('',(0.0109259884629823,-0.0279035533905933,0.0065));
#8171=CARTESIAN_POINT('',(-0.0163,-0.0254704581464245,0.0065));
#8172=CARTESIAN_POINT('',(-0.0173,-0.0254704581464245,0.006));
#8173=CARTESIAN_POINT('',(0.0112795418535756,-0.02755,0.0065));
#8174=CARTESIAN_POINT('',(0.0112795418535756,-0.02805,0.0065));
#8175=CARTESIAN_POINT('',(-0.0168,0.000250000000000042,0.0065));
#8176=CARTESIAN_POINT('',(-0.0173,-0.0217272411250143,0.006));
#8177=CARTESIAN_POINT('',(0.01275,-0.02855,0.006));
#8178=CARTESIAN_POINT('',(0.0142204581464245,-0.02805,0.0065));
#8179=CARTESIAN_POINT('',(-0.01835,-0.0217272411250143,0.0065));
#8180=CARTESIAN_POINT('',(-0.0176075378797541,-0.0209847790047684,0.006));
#8181=CARTESIAN_POINT('',(0.0142204581464245,-0.02755,0.0065));
#8182=CARTESIAN_POINT('',(0.0145740115370178,-0.0279035533905933,0.0065));
#8183=CARTESIAN_POINT('',(-0.0180071067811866,-0.020585210103336,0.006));
#8184=CARTESIAN_POINT('',(-0.0181223721537143,-0.0204699447308082,0.006));
#8185=CARTESIAN_POINT('',(0.0159673358543988,-0.0272173358543987,0.006));
#8186=CARTESIAN_POINT('',(0.0166535533905933,-0.0258240115370178,0.0065));
#8187=CARTESIAN_POINT('',(-0.0188648342739602,-0.021212406851054,0.0065));
#8188=CARTESIAN_POINT('',(-0.0191652822968883,-0.0202063099444299,0.006));
#8189=CARTESIAN_POINT('',(0.0163,-0.0254704581464245,0.0065));
#8190=CARTESIAN_POINT('',(0.0168,-0.0254704581464245,0.0065));
#8191=CARTESIAN_POINT('',(-0.0194514232711056,-0.0192481224143117,0.0065));
#8192=CARTESIAN_POINT('',(-0.0202705753153945,-0.0198216988506628,0.006));
#8193=CARTESIAN_POINT('',(0.0173,-0.0235884942966601,0.006));
#8194=CARTESIAN_POINT('',(0.0168,-0.0217272411250143,0.0065));
#8195=CARTESIAN_POINT('',(-0.0226227978211877,-0.0155906535697898,0.0065));
#8196=CARTESIAN_POINT('',(-0.025516474652799,-0.0123297781683788,0.006));
#8197=CARTESIAN_POINT('',(0.01835,-0.0217272411250143,0.0065));
#8198=CARTESIAN_POINT('',(0.0172539844891609,-0.0206312256141752,0.0065));
#8199=CARTESIAN_POINT('',(-0.02469732260851,-0.0117562017320278,0.0065));
#8200=CARTESIAN_POINT('',(-0.0253113455025463,-0.0109669135174956,0.006));
#8201=CARTESIAN_POINT('',(0.019067605051668,-0.018817605051668,0.0065));
#8202=CARTESIAN_POINT('',(0.0177688187631211,-0.0201163913402149,0.0065));
#8203=CARTESIAN_POINT('',(-0.0220309559697341,-0.00841495057491271,0.006));
#8204=CARTESIAN_POINT('',(-0.0184052759612619,-0.00559437060087753,0.006));
#8205=CARTESIAN_POINT('',(0.0188648342739602,-0.021212406851054,0.0065));
#8206=CARTESIAN_POINT('',(0.0193083527839969,-0.0197272161793709,0.0065));
#8207=CARTESIAN_POINT('',(-0.01905,-0.00476561797561876,0.0065));
#8208=CARTESIAN_POINT('',(-0.018,-0.00476561797561876,0.006));
#8209=CARTESIAN_POINT('',(0.0194514232711056,-0.0192481224143117,0.0065));
#8210=CARTESIAN_POINT('',(0.01986099929325,-0.0195349106324873,0.0065));
#8211=CARTESIAN_POINT('',(-0.018,0.00276454407760302,0.006));
#8212=CARTESIAN_POINT('',(-0.018,0.00476561797561876,0.006));
#8213=CARTESIAN_POINT('',(0.0229149122657339,-0.016045194305881,0.006));
#8214=CARTESIAN_POINT('',(0.0251068986306545,-0.0120429899502033,0.0065));
#8215=CARTESIAN_POINT('',(-0.01905,0.00476561797561876,0.0065));
#8216=CARTESIAN_POINT('',(-0.0184052759612619,0.00559437060087753,0.006));
#8217=CARTESIAN_POINT('',(0.02469732260851,-0.0117562017320278,0.0065));
#8218=CARTESIAN_POINT('',(0.0250043340555282,-0.0113615576247617,0.0065));
#8219=CARTESIAN_POINT('',(-0.00404212013000669,-0.00494589385237027,0.0065));
#8220=CARTESIAN_POINT('',(-0.0253113455025463,0.0109669135174956,0.006));
#8221=CARTESIAN_POINT('',(0.0037997996131488,0.0051344059095706,0.0065));
#8222=CARTESIAN_POINT('',(0.0180982645142438,-0.00598901470814363,0.0065));
#8223=CARTESIAN_POINT('',(-0.02469732260851,0.0117562017320278,0.0065));
#8224=CARTESIAN_POINT('',(-0.025516474652799,0.0123297781683788,0.006));
#8225=CARTESIAN_POINT('',(0.01905,-0.00476561797561878,0.0065));
#8226=CARTESIAN_POINT('',(0.0175,-0.00476561797561878,0.0065));
#8227=CARTESIAN_POINT('',(-0.0229149122657339,0.016045194305881,0.006));
#8228=CARTESIAN_POINT('',(-0.0199754121119804,0.0202432355912823,0.006));
#8229=CARTESIAN_POINT('',(0.018,-0.00276454407760301,0.006));
#8230=CARTESIAN_POINT('',(0.0175,0.00476561797561875,0.0065));
#8231=CARTESIAN_POINT('',(-0.0191153024654769,0.0196409803331137,0.0065));
#8232=CARTESIAN_POINT('',(-0.0194219159354063,0.0206452154550139,0.006));
#8233=CARTESIAN_POINT('',(0.01905,0.00476561797561875,0.0065));
#8234=CARTESIAN_POINT('',(0.0180982645142438,0.0059890147081436,0.0065));
#8235=CARTESIAN_POINT('',(-0.0175089562959998,0.0212292810588572,0.006));
#8236=CARTESIAN_POINT('',(-0.0159933865300706,0.0216920154272512,0.006));
#8237=CARTESIAN_POINT('',(0.00404212013000672,-0.00494589385237028,0.0065));
#8238=CARTESIAN_POINT('',(0.0250043340555282,0.0113615576247617,0.0065));
#8239=CARTESIAN_POINT('',(-0.0163,0.0226962505491514,0.0065));
#8240=CARTESIAN_POINT('',(-0.01525,0.0226962505491514,0.006));
#8241=CARTESIAN_POINT('',(0.02469732260851,0.0117562017320278,0.0065));
#8242=CARTESIAN_POINT('',(0.0251068986306545,0.0120429899502033,0.0065));
#8243=CARTESIAN_POINT('',(-0.01525,0.0313810661255396,0.006));
#8244=CARTESIAN_POINT('',(-0.01525,0.0404082215100159,0.006));
#8245=CARTESIAN_POINT('',(0.0223878746659912,0.0159261586056213,0.0065));
#8246=CARTESIAN_POINT('',(0.019565836089836,0.0199564473731068,0.0065));
#8247=CARTESIAN_POINT('',(-0.0163,0.0404082215100159,0.0065));
#8248=CARTESIAN_POINT('',(-0.0155575378797542,0.0411506836302618,0.006));
#8249=CARTESIAN_POINT('',(0.019115302465477,0.0196409803331137,0.0065));
#8250=CARTESIAN_POINT('',(0.0192759095211542,0.020167008254109,0.0065));
#8251=CARTESIAN_POINT('',(-0.016,0.0415931457505076,0.006));
#8252=CARTESIAN_POINT('',(-0.0164571067811866,0.0420502525316942,0.006));
#8253=CARTESIAN_POINT('',(0.0175089562959998,0.0212292810588572,0.006));
#8254=CARTESIAN_POINT('',(0.0158473801158186,0.0212138082263464,0.0065));
#8255=CARTESIAN_POINT('',(-0.01575,0.0427573593128808,0.0065));
#8256=CARTESIAN_POINT('',(-0.01675,0.0427573593128808,0.006));
#8257=CARTESIAN_POINT('',(0.0163,0.0226962505491514,0.0065));
#8258=CARTESIAN_POINT('',(0.01475,0.0226962505491514,0.0065));
#8259=CARTESIAN_POINT('',(-0.01675,0.044,0.006));
#8260=CARTESIAN_POINT('',(-0.01675,0.0455426244337501,0.006));
#8261=CARTESIAN_POINT('',(0.01525,0.0313810661255396,0.006));
#8262=CARTESIAN_POINT('',(0.01475,0.0404082215100159,0.0065));
#8263=CARTESIAN_POINT('',(-0.01575,0.0455426244337501,0.0065));
#8264=CARTESIAN_POINT('',(-0.0167242392364469,0.0457681414179607,0.006));
#8265=CARTESIAN_POINT('',(0.0163,0.0404082215100159,0.0065));
#8266=CARTESIAN_POINT('',(0.0152039844891608,0.041504237020855,0.0065));
#8267=CARTESIAN_POINT('',(-0.0150899236795554,0.0528284271247462,0.006));
#8268=CARTESIAN_POINT('',(-0.0136091247557801,0.0592255169842106,0.006));
#8269=CARTESIAN_POINT('',(0.016,0.0415931457505076,0.006));
#8270=CARTESIAN_POINT('',(0.0161035533905933,0.0424038059222875,0.0065));
#8271=CARTESIAN_POINT('',(-0.0126348855193332,0.059,0.0065));
#8272=CARTESIAN_POINT('',(-0.0126348855193332,0.06,0.006));
#8273=CARTESIAN_POINT('',(0.01575,0.0427573593128808,0.0065));
#8274=CARTESIAN_POINT('',(0.01625,0.0427573593128808,0.0065));
#8275=CARTESIAN_POINT('',(-0.01025,0.06,0.006));
#8276=CARTESIAN_POINT('',(-0.00786511448066683,0.06,0.006));
#8277=CARTESIAN_POINT('',(0.01675,0.044,0.006));
#8278=CARTESIAN_POINT('',(0.01625,0.0455426244337501,0.0065));
#8279=CARTESIAN_POINT('',(-0.00786511448066683,0.059,0.0065));
#8280=CARTESIAN_POINT('',(-0.00689087524421997,0.0592255169842106,0.006));
#8281=CARTESIAN_POINT('',(0.01575,0.0455426244337501,0.0065));
#8282=CARTESIAN_POINT('',(0.0162371196182234,0.0456553829258554,0.0065));
#8283=CARTESIAN_POINT('',(-0.00602849224477467,0.0555,0.006));
#8284=CARTESIAN_POINT('',(-0.00517507311516284,0.051813207166579,0.006));
#8285=CARTESIAN_POINT('',(0.0150899236795555,0.0528284271247462,0.006));
#8286=CARTESIAN_POINT('',(0.0131220051375567,0.0591127584921053,0.0065));
#8287=CARTESIAN_POINT('',(-0.00415212191689362,0.05205,0.0065));
#8288=CARTESIAN_POINT('',(-0.00415212191689362,0.051,0.006));
#8289=CARTESIAN_POINT('',(0.0126348855193332,0.059,0.0065));
#8290=CARTESIAN_POINT('',(0.0126348855193332,0.0595,0.0065));
#8291=CARTESIAN_POINT('',(5.20417042793042E-18,0.051,0.006));
#8292=CARTESIAN_POINT('',(0.00415212191689363,0.051,0.006));
#8293=CARTESIAN_POINT('',(0.01025,0.06,0.006));
#8294=CARTESIAN_POINT('',(0.00786511448066685,0.0595,0.0065));
#8295=CARTESIAN_POINT('',(0.00415212191689363,0.05205,0.0065));
#8296=CARTESIAN_POINT('',(0.00517507311516285,0.051813207166579,0.006));
#8297=CARTESIAN_POINT('',(0.00786511448066685,0.059,0.0065));
#8298=CARTESIAN_POINT('',(0.00737799486244342,0.0591127584921053,0.0065));
#8299=CARTESIAN_POINT('',(0.00602849224477468,0.0555,0.006));
#8300=CARTESIAN_POINT('',(-0.00463933982822016,-0.0160606601717798,0.0045));
#8301=CARTESIAN_POINT('',(-0.00388621753619446,-0.0153075378797541,0.0045));
#8302=CARTESIAN_POINT('',(-0.00574601551083913,-0.0164602290732122,0.004));
#8303=CARTESIAN_POINT('',(-0.00465,-0.0175562445840514,0.004));
#8304=CARTESIAN_POINT('',(-0.0062,-0.0175562445840514,0.004));
#8305=CARTESIAN_POINT('',(-0.00314375541594858,-0.01605,0.004));
#8306=CARTESIAN_POINT('',(-0.00314375541594858,-0.015,0.0045));
#8307=CARTESIAN_POINT('',(-0.0057,-0.0202529960261786,0.0045));
#8308=CARTESIAN_POINT('',(-0.0062,-0.0229704581464245,0.004));
#8309=CARTESIAN_POINT('',(1.30104260698261E-17,-0.015,0.0045));
#8310=CARTESIAN_POINT('',(0.00314375541594861,-0.015,0.0045));
#8311=CARTESIAN_POINT('',(-0.0067,-0.0229704581464245,0.004));
#8312=CARTESIAN_POINT('',(-0.00634644660940671,-0.0233240115370177,0.004));
#8313=CARTESIAN_POINT('',(0.00314375541594861,-0.01605,0.004));
#8314=CARTESIAN_POINT('',(0.00388621753619449,-0.0153075378797541,0.0045));
#8315=CARTESIAN_POINT('',(-0.0082826641456012,-0.0259673358543988,0.0045));
#8316=CARTESIAN_POINT('',(-0.0109259884629822,-0.0279035533905933,0.004));
#8317=CARTESIAN_POINT('',(-0.00548210678118656,-0.00523210678118654,0.004));
#8318=CARTESIAN_POINT('',(0.00539246212024589,-0.0168137824638055,0.0045));
#8319=CARTESIAN_POINT('',(-0.0112795418535755,-0.02755,0.004));
#8320=CARTESIAN_POINT('',(-0.0112795418535755,-0.02805,0.004));
#8321=CARTESIAN_POINT('',(0.00465,-0.0175562445840514,0.004));
#8322=CARTESIAN_POINT('',(0.0057,-0.0175562445840514,0.0045));
#8323=CARTESIAN_POINT('',(-0.01275,-0.02855,0.0045));
#8324=CARTESIAN_POINT('',(-0.0142204581464245,-0.02805,0.004));
#8325=CARTESIAN_POINT('',(0.0062,0.000250000000000043,0.004));
#8326=CARTESIAN_POINT('',(0.0057,-0.0229704581464245,0.0045));
#8327=CARTESIAN_POINT('',(-0.0142204581464245,-0.02755,0.004));
#8328=CARTESIAN_POINT('',(-0.0145740115370178,-0.0279035533905933,0.004));
#8329=CARTESIAN_POINT('',(0.0067,-0.0229704581464245,0.004));
#8330=CARTESIAN_POINT('',(0.00599289321881346,-0.023677564927611,0.0045));
#8331=CARTESIAN_POINT('',(-0.0159673358543988,-0.0272173358543987,0.0045));
#8332=CARTESIAN_POINT('',(-0.0166535533905933,-0.0258240115370178,0.004));
#8333=CARTESIAN_POINT('',(-0.00861378246380551,-0.00836378246380549,0.004));
#8334=CARTESIAN_POINT('',(0.010572435072389,-0.0282571067811865,0.0045));
#8335=CARTESIAN_POINT('',(-0.0163,-0.0254704581464245,0.004));
#8336=CARTESIAN_POINT('',(-0.0168,-0.0254704581464245,0.004));
#8337=CARTESIAN_POINT('',(0.0112795418535756,-0.02755,0.004));
#8338=CARTESIAN_POINT('',(0.0112795418535756,-0.02855,0.0045));
#8339=CARTESIAN_POINT('',(-0.0173,-0.0235884942966601,0.0045));
#8340=CARTESIAN_POINT('',(-0.0168,-0.0217272411250143,0.004));
#8341=CARTESIAN_POINT('',(1.04083408558608E-17,-0.02805,0.004));
#8342=CARTESIAN_POINT('',(0.0142204581464245,-0.02855,0.0045));
#8343=CARTESIAN_POINT('',(-0.01835,-0.0217272411250143,0.004));
#8344=CARTESIAN_POINT('',(-0.0172539844891609,-0.0206312256141752,0.004));
#8345=CARTESIAN_POINT('',(0.0142204581464245,-0.02755,0.004));
#8346=CARTESIAN_POINT('',(0.0149275649276111,-0.0282571067811865,0.0045));
#8347=CARTESIAN_POINT('',(-0.019067605051668,-0.018817605051668,0.004));
#8348=CARTESIAN_POINT('',(-0.0177688187631211,-0.0201163913402149,0.004));
#8349=CARTESIAN_POINT('',(0.0213637824638056,-0.0211137824638055,0.004));
#8350=CARTESIAN_POINT('',(0.0170071067811866,-0.026177564927611,0.0045));
#8351=CARTESIAN_POINT('',(-0.0188648342739602,-0.021212406851054,0.004));
#8352=CARTESIAN_POINT('',(-0.0193083527839969,-0.0197272161793709,0.004));
#8353=CARTESIAN_POINT('',(0.0163,-0.0254704581464245,0.004));
#8354=CARTESIAN_POINT('',(0.0173,-0.0254704581464245,0.0045));
#8355=CARTESIAN_POINT('',(-0.0194514232711056,-0.0192481224143117,0.004));
#8356=CARTESIAN_POINT('',(-0.01986099929325,-0.0195349106324872,0.004));
#8357=CARTESIAN_POINT('',(0.0168,0.000250000000000042,0.004));
#8358=CARTESIAN_POINT('',(0.0173,-0.0217272411250143,0.0045));
#8359=CARTESIAN_POINT('',(-0.0229149122657339,-0.016045194305881,0.0045));
#8360=CARTESIAN_POINT('',(-0.0251068986306545,-0.0120429899502033,0.004));
#8361=CARTESIAN_POINT('',(0.01835,-0.0217272411250143,0.004));
#8362=CARTESIAN_POINT('',(0.0176075378797541,-0.0209847790047684,0.0045));
#8363=CARTESIAN_POINT('',(-0.02469732260851,-0.0117562017320278,0.004));
#8364=CARTESIAN_POINT('',(-0.0250043340555282,-0.0113615576247617,0.004));
#8365=CARTESIAN_POINT('',(0.0180071067811866,-0.020585210103336,0.0045));
#8366=CARTESIAN_POINT('',(0.0181223721537144,-0.0204699447308082,0.0045));
#8367=CARTESIAN_POINT('',(-0.00379979961314879,0.00513440590957062,0.004));
#8368=CARTESIAN_POINT('',(-0.0180982645142438,-0.00598901470814361,0.004));
#8369=CARTESIAN_POINT('',(0.0188648342739602,-0.021212406851054,0.004));
#8370=CARTESIAN_POINT('',(0.0191652822968883,-0.0202063099444299,0.0045));
#8371=CARTESIAN_POINT('',(-0.01905,-0.00476561797561876,0.004));
#8372=CARTESIAN_POINT('',(-0.0175,-0.00476561797561876,0.004));
#8373=CARTESIAN_POINT('',(0.0194514232711056,-0.0192481224143117,0.004));
#8374=CARTESIAN_POINT('',(0.0202705753153945,-0.0198216988506628,0.0045));
#8375=CARTESIAN_POINT('',(-0.0175,0.000250000000000042,0.004));
#8376=CARTESIAN_POINT('',(-0.0175,0.00476561797561876,0.004));
#8377=CARTESIAN_POINT('',(0.0226227978211877,-0.0155906535697898,0.004));
#8378=CARTESIAN_POINT('',(0.025516474652799,-0.0123297781683788,0.0045));
#8379=CARTESIAN_POINT('',(-0.01905,0.00476561797561876,0.004));
#8380=CARTESIAN_POINT('',(-0.0180982645142438,0.00598901470814361,0.004));
#8381=CARTESIAN_POINT('',(0.02469732260851,-0.0117562017320278,0.004));
#8382=CARTESIAN_POINT('',(0.0253113455025463,-0.0109669135174956,0.0045));
#8383=CARTESIAN_POINT('',(-0.0220309559697341,0.00841495057491271,0.0045));
#8384=CARTESIAN_POINT('',(-0.0250043340555282,0.0113615576247617,0.004));
#8385=CARTESIAN_POINT('',(0.0220309559697341,-0.0084149505749127,0.0045));
#8386=CARTESIAN_POINT('',(0.0184052759612619,-0.00559437060087755,0.0045));
#8387=CARTESIAN_POINT('',(-0.02469732260851,0.0117562017320278,0.004));
#8388=CARTESIAN_POINT('',(-0.0251068986306545,0.0120429899502033,0.004));
#8389=CARTESIAN_POINT('',(0.01905,-0.00476561797561878,0.004));
#8390=CARTESIAN_POINT('',(0.018,-0.00476561797561878,0.0045));
#8391=CARTESIAN_POINT('',(-0.0223878746659912,0.0159261586056213,0.004));
#8392=CARTESIAN_POINT('',(-0.0195658360898359,0.0199564473731068,0.004));
#8393=CARTESIAN_POINT('',(0.0175,0.000250000000000042,0.004));
#8394=CARTESIAN_POINT('',(0.018,0.00476561797561875,0.0045));
#8395=CARTESIAN_POINT('',(-0.0191153024654769,0.0196409803331137,0.004));
#8396=CARTESIAN_POINT('',(-0.0192759095211542,0.020167008254109,0.004));
#8397=CARTESIAN_POINT('',(0.01905,0.00476561797561875,0.004));
#8398=CARTESIAN_POINT('',(0.0184052759612619,0.00559437060087752,0.0045));
#8399=CARTESIAN_POINT('',(-0.00720621268608057,0.0238521329294889,0.004));
#8400=CARTESIAN_POINT('',(-0.0158473801158186,0.0212138082263464,0.004));
#8401=CARTESIAN_POINT('',(0.0220309559697341,0.0084149505749127,0.0045));
#8402=CARTESIAN_POINT('',(0.0253113455025463,0.0109669135174956,0.0045));
#8403=CARTESIAN_POINT('',(-0.0163,0.0226962505491514,0.004));
#8404=CARTESIAN_POINT('',(-0.01475,0.0226962505491514,0.004));
#8405=CARTESIAN_POINT('',(0.02469732260851,0.0117562017320278,0.004));
#8406=CARTESIAN_POINT('',(0.025516474652799,0.0123297781683788,0.0045));
#8407=CARTESIAN_POINT('',(-0.01475,0.000250000000000042,0.004));
#8408=CARTESIAN_POINT('',(-0.01475,0.0404082215100159,0.004));
#8409=CARTESIAN_POINT('',(0.0229149122657339,0.016045194305881,0.0045));
#8410=CARTESIAN_POINT('',(0.0199754121119805,0.0202432355912823,0.0045));
#8411=CARTESIAN_POINT('',(-0.0163,0.0404082215100159,0.004));
#8412=CARTESIAN_POINT('',(-0.0152039844891608,0.041504237020855,0.004));
#8413=CARTESIAN_POINT('',(0.019115302465477,0.0196409803331137,0.004));
#8414=CARTESIAN_POINT('',(0.0194219159354063,0.0206452154550139,0.0045));
#8415=CARTESIAN_POINT('',(0.0130251262658471,0.0132751262658471,0.004));
#8416=CARTESIAN_POINT('',(-0.0161035533905933,0.0424038059222875,0.004));
#8417=CARTESIAN_POINT('',(0.00720621268608059,0.0238521329294889,0.004));
#8418=CARTESIAN_POINT('',(0.0159933865300706,0.0216920154272512,0.0045));
#8419=CARTESIAN_POINT('',(-0.01575,0.0427573593128808,0.004));
#8420=CARTESIAN_POINT('',(-0.01625,0.0427573593128808,0.004));
#8421=CARTESIAN_POINT('',(0.0163,0.0226962505491514,0.004));
#8422=CARTESIAN_POINT('',(0.01525,0.0226962505491514,0.0045));
#8423=CARTESIAN_POINT('',(-0.01625,0.000250000000000042,0.004));
#8424=CARTESIAN_POINT('',(-0.01625,0.0455426244337501,0.004));
#8425=CARTESIAN_POINT('',(0.01475,0.000250000000000045,0.004));
#8426=CARTESIAN_POINT('',(0.01525,0.0404082215100159,0.0045));
#8427=CARTESIAN_POINT('',(-0.01575,0.0455426244337501,0.004));
#8428=CARTESIAN_POINT('',(-0.0162371196182234,0.0456553829258554,0.004));
#8429=CARTESIAN_POINT('',(0.0163,0.0404082215100159,0.004));
#8430=CARTESIAN_POINT('',(0.0155575378797542,0.0411506836302618,0.0045));
#8431=CARTESIAN_POINT('',(-0.0253872365668951,0.00612663975522737,0.004));
#8432=CARTESIAN_POINT('',(-0.0131220051375566,0.0591127584921053,0.004));
#8433=CARTESIAN_POINT('',(-0.0130251262658471,0.0132751262658471,0.004));
#8434=CARTESIAN_POINT('',(0.0164571067811866,0.0420502525316942,0.0045));
#8435=CARTESIAN_POINT('',(-0.0126348855193332,0.059,0.004));
#8436=CARTESIAN_POINT('',(-0.0126348855193332,0.0595,0.004));
#8437=CARTESIAN_POINT('',(0.01575,0.0427573593128808,0.004));
#8438=CARTESIAN_POINT('',(0.01675,0.0427573593128808,0.0045));
#8439=CARTESIAN_POINT('',(1.04083408558608E-17,0.0595,0.004));
#8440=CARTESIAN_POINT('',(-0.00786511448066683,0.0595,0.004));
#8441=CARTESIAN_POINT('',(0.01625,0.000250000000000042,0.004));
#8442=CARTESIAN_POINT('',(0.01675,0.0455426244337501,0.0045));
#8443=CARTESIAN_POINT('',(-0.00786511448066683,0.059,0.004));
#8444=CARTESIAN_POINT('',(-0.0073779948624434,0.0591127584921053,0.004));
#8445=CARTESIAN_POINT('',(0.01575,0.0455426244337501,0.004));
#8446=CARTESIAN_POINT('',(0.0167242392364469,0.0457681414179607,0.0045));
#8447=CARTESIAN_POINT('',(0.00592982372532716,0.00162263611791406,0.004));
#8448=CARTESIAN_POINT('',(-0.00566219273338627,0.0517004486744737,0.004));
#8449=CARTESIAN_POINT('',(0.0253872365668951,0.00612663975522734,0.004));
#8450=CARTESIAN_POINT('',(0.0136091247557801,0.0592255169842106,0.0045));
#8451=CARTESIAN_POINT('',(-0.00415212191689362,0.05205,0.004));
#8452=CARTESIAN_POINT('',(-0.00415212191689362,0.0505,0.004));
#8453=CARTESIAN_POINT('',(0.0126348855193332,0.059,0.004));
#8454=CARTESIAN_POINT('',(0.0126348855193332,0.06,0.0045));
#8455=CARTESIAN_POINT('',(1.04083408558608E-17,0.0505,0.004));
#8456=CARTESIAN_POINT('',(0.00415212191689363,0.0505,0.004));
#8457=CARTESIAN_POINT('',(1.04083408558608E-17,0.0595,0.004));
#8458=CARTESIAN_POINT('',(0.00786511448066685,0.06,0.0045));
#8459=CARTESIAN_POINT('',(0.00415212191689363,0.05205,0.004));
#8460=CARTESIAN_POINT('',(0.00566219273338628,0.0517004486744737,0.004));
#8461=CARTESIAN_POINT('',(0.00786511448066685,0.059,0.004));
#8462=CARTESIAN_POINT('',(0.00689087524421998,0.0592255169842106,0.0045));
#8463=CARTESIAN_POINT('',(-0.00592982372532719,0.00162263611791407,0.004));
#8464=CARTESIAN_POINT('',(0.009,0.000250000000000041,0.0065));
#8465=CARTESIAN_POINT('',(0.009,0.0238,0.0065));
#8466=CARTESIAN_POINT('',(0.0085,0.0387,0.006));
#8467=CARTESIAN_POINT('',(0.00745,0.0387,0.0065));
#8468=CARTESIAN_POINT('',(0.0064,0.0387,0.006));
#8469=CARTESIAN_POINT('',(0.00745,0.0238,0.0065));
#8470=CARTESIAN_POINT('',(0.0059,0.0238,0.0065));
#8471=CARTESIAN_POINT('',(0.0064,0.03125,0.006));
#8472=CARTESIAN_POINT('',(0.0085,0.03125,0.0045));
#8473=CARTESIAN_POINT('',(0.0085,0.0238,0.0045));
#8474=CARTESIAN_POINT('',(0.009,0.0387,0.004));
#8475=CARTESIAN_POINT('',(0.00745,0.0387,0.0045));
#8476=CARTESIAN_POINT('',(0.0059,0.0387,0.004));
#8477=CARTESIAN_POINT('',(0.00745,0.0238,0.0045));
#8478=CARTESIAN_POINT('',(0.0064,0.0238,0.0045));
#8479=CARTESIAN_POINT('',(0.0059,0.000250000000000041,0.004));
#8480=CARTESIAN_POINT('',(-0.0059,0.000250000000000043,0.0065));
#8481=CARTESIAN_POINT('',(-0.0059,0.0238,0.0065));
#8482=CARTESIAN_POINT('',(-0.0064,0.0387,0.006));
#8483=CARTESIAN_POINT('',(-0.00745,0.0387,0.0065));
#8484=CARTESIAN_POINT('',(-0.0085,0.0387,0.006));
#8485=CARTESIAN_POINT('',(-0.00745,0.0238,0.0065));
#8486=CARTESIAN_POINT('',(-0.009,0.0238,0.0065));
#8487=CARTESIAN_POINT('',(-0.0085,0.03125,0.006));
#8488=CARTESIAN_POINT('',(-0.0064,0.03125,0.0045));
#8489=CARTESIAN_POINT('',(-0.0064,0.0238,0.0045));
#8490=CARTESIAN_POINT('',(-0.0059,0.0387,0.004));
#8491=CARTESIAN_POINT('',(-0.00745,0.0387,0.0045));
#8492=CARTESIAN_POINT('',(-0.009,0.0387,0.004));
#8493=CARTESIAN_POINT('',(-0.00745,0.0238,0.0045));
#8494=CARTESIAN_POINT('',(-0.0085,0.0238,0.0045));
#8495=CARTESIAN_POINT('',(-0.009,0.000250000000000043,0.004));
#8496=CARTESIAN_POINT('',(1.04083408558608E-17,0.0185,0.0065));
#8497=CARTESIAN_POINT('',(0.00150000000000002,0.0185,0.0065));
#8498=CARTESIAN_POINT('',(-0.0015,0.018,0.006));
#8499=CARTESIAN_POINT('',(-0.0015,0.0165,0.0065));
#8500=CARTESIAN_POINT('',(-0.00149999999999998,0.015,0.006));
#8501=CARTESIAN_POINT('',(0.0015,0.0165,0.0065));
#8502=CARTESIAN_POINT('',(0.0015,0.0145,0.0065));
#8503=CARTESIAN_POINT('',(9.54097911787244E-18,0.015,0.006));
#8504=CARTESIAN_POINT('',(9.21571846612679E-18,0.018,0.0045));
#8505=CARTESIAN_POINT('',(0.0015,0.018,0.0045));
#8506=CARTESIAN_POINT('',(-0.0015,0.0185,0.004));
#8507=CARTESIAN_POINT('',(-0.0015,0.0165,0.0045));
#8508=CARTESIAN_POINT('',(-0.00149999999999998,0.0145,0.004));
#8509=CARTESIAN_POINT('',(0.0015,0.0165,0.0045));
#8510=CARTESIAN_POINT('',(0.0015,0.015,0.0045));
#8511=CARTESIAN_POINT('',(1.04083408558608E-17,0.0145,0.004));
#8512=CARTESIAN_POINT('',(0.01275,0.0105,0.004));
#8513=CARTESIAN_POINT('',(-0.01275,0.0105,0.004));
#8514=MECHANICAL_DESIGN_GEOMETRIC_PRESENTATION_REPRESENTATION('',(#5017),
#8515);
#8515=(
GEOMETRIC_REPRESENTATION_CONTEXT(3)
GLOBAL_UNCERTAINTY_ASSIGNED_CONTEXT((#8516))
GLOBAL_UNIT_ASSIGNED_CONTEXT((#8519,#8518,#8517))
REPRESENTATION_CONTEXT('Base-Top','TOP_LEVEL_ASSEMBLY_PART')
);
#8516=UNCERTAINTY_MEASURE_WITH_UNIT(LENGTH_MEASURE(1.E-8),#8519,
'DISTANCE_ACCURACY_VALUE','Maximum Tolerance applied to model');
#8517=(
NAMED_UNIT(*)
SI_UNIT($,.STERADIAN.)
SOLID_ANGLE_UNIT()
);
#8518=(
NAMED_UNIT(*)
PLANE_ANGLE_UNIT()
SI_UNIT($,.RADIAN.)
);
#8519=(
LENGTH_UNIT()
NAMED_UNIT(*)
SI_UNIT($,.METRE.)
);
#8520=PRODUCT_DEFINITION_SHAPE('','',#8521);
#8521=PRODUCT_DEFINITION('','',#8523,#8522);
#8522=PRODUCT_DEFINITION_CONTEXT('',#8529,'design');
#8523=PRODUCT_DEFINITION_FORMATION_WITH_SPECIFIED_SOURCE('','',#8525,
 .NOT_KNOWN.);
#8524=PRODUCT_RELATED_PRODUCT_CATEGORY('','',(#8525));
#8525=PRODUCT('Base-Top','Base-Top','Base-Top',(#8527));
#8526=PRODUCT_CATEGORY('','');
#8527=PRODUCT_CONTEXT('',#8529,'mechanical');
#8528=APPLICATION_PROTOCOL_DEFINITION('international standard',
'ap242_managed_model_based_3d_engineering',2020,#8529);
#8529=APPLICATION_CONTEXT('managed model based 3d engineering');
ENDSEC;
END-ISO-10303-21;
